"Time (s)","Gyroscope x (rad/s)","Gyroscope y (rad/s)","Gyroscope z (rad/s)","Absolute (rad/s)"
5.344333331E-3,3.322223201E-2,1.150735468E-1,7.724158466E-3,1.200220833E-1
1.536133334E-2,5.045288429E-2,2.440251410E-1,8.309520781E-3,2.493247102E-1
2.537733334E-2,1.262339950E-1,2.573579848E-1,-8.597699925E-4,2.866511696E-1
3.539433333E-2,1.432012618E-1,2.343014181E-1,-2.758604009E-3,2.746112994E-1
4.541133334E-2,1.053438485E-1,2.408082336E-1,-2.592087258E-3,2.628548092E-1
5.542833333E-2,7.887948304E-2,1.933991760E-1,-3.040030599E-3,2.088886208E-1
6.544433333E-2,6.096743420E-2,1.568487287E-1,-9.026614949E-3,1.685230889E-1
7.546133334E-2,4.137082770E-2,1.545669287E-1,-1.464055851E-2,1.606761550E-1
8.547833333E-2,4.024227709E-2,1.595842093E-1,-2.255458012E-2,1.661182405E-1
9.549533334E-2,6.732609123E-2,2.095195502E-1,-3.280375525E-2,2.225024288E-1
1.055113333E-1,9.861692041E-2,2.958216071E-1,-4.572856799E-2,3.151615810E-1
1.155283333E-1,1.313572824E-1,3.579659462E-1,-6.031071022E-2,3.860462874E-1
1.255453333E-1,1.712010801E-1,3.802739680E-1,-6.912927330E-2,4.227256285E-1
1.355623333E-1,1.971416026E-1,4.165576696E-1,-8.345948160E-2,4.683487896E-1
1.455783333E-1,2.128845602E-1,4.429583848E-1,-9.364257753E-2,5.003008084E-1
1.555953333E-1,2.200298160E-1,4.690336585E-1,-1.028941348E-1,5.281977809E-1
1.656123333E-1,2.179103494E-1,5.091935396E-1,-1.153899282E-1,5.657542017E-1
1.756293333E-1,2.231565118E-1,5.353577733E-1,-1.225173473E-1,5.928045838E-1
1.856453333E-1,2.444875687E-1,5.424675941E-1,-1.296618134E-1,6.089806629E-1
1.956623333E-1,2.729772627E-1,5.435730815E-1,-1.320733130E-1,6.224400701E-1
2.056793333E-1,3.032211661E-1,5.416698456E-1,-1.332673132E-1,6.349090281E-1
2.156963333E-1,3.146874011E-1,5.664860010E-1,-1.336888969E-1,6.616700620E-1
2.257123333E-1,3.217733502E-1,5.982759595E-1,-1.336901486E-1,6.923476500E-1
2.357293333E-1,3.248756826E-1,6.200966239E-1,-1.331990510E-1,7.126050935E-1
2.457463333E-1,3.269583583E-1,6.278210282E-1,-1.286502630E-1,7.194525014E-1
2.557633333E-1,3.281831443E-1,6.200576425E-1,-1.212338731E-1,7.119503551E-1
2.657793333E-1,3.294121325E-1,5.928065777E-1,-1.112842858E-1,6.872526347E-1
2.757963333E-1,3.236725032E-1,5.598182678E-1,-1.019123569E-1,6.546346392E-1
2.858133333E-1,3.032600284E-1,5.316260457E-1,-9.050901979E-2,6.186960319E-1
2.958303333E-1,2.846612930E-1,4.928203225E-1,-8.142337948E-2,5.749205934E-1
3.058463333E-1,2.562591136E-1,4.537133873E-1,-7.090410590E-2,5.258820812E-1
3.158633333E-1,2.285363972E-1,4.055381417E-1,-5.547267944E-2,4.687934379E-1
3.258803333E-1,1.993962377E-1,3.573953509E-1,-4.369456321E-2,4.115817189E-1
3.358973333E-1,1.665964723E-1,2.999168634E-1,-3.113696165E-2,3.444909577E-1
3.459133333E-1,1.286245137E-1,2.476411462E-1,-2.199563198E-2,2.799182214E-1
3.559303333E-1,9.799017757E-2,1.937017441E-1,-6.521335337E-3,2.171749718E-1
3.659473333E-1,6.563908607E-2,1.320088506E-1,8.779764175E-3,1.476885592E-1
3.759643333E-1,3.505294397E-2,7.131861150E-2,1.934638806E-2,8.178836078E-2
3.859803333E-1,6.776288152E-3,1.478056610E-2,3.195428848E-2,3.585330902E-2
3.959973333E-1,-3.515305370E-2,-3.627223149E-2,4.184447229E-2,6.559246773E-2
4.060143333E-1,-7.228350639E-2,-8.760682493E-2,4.925553128E-2,1.237980954E-1
4.160313333E-1,-1.051423848E-1,-1.275617033E-1,5.843251944E-2,1.753318812E-1
4.260473333E-1,-1.297524273E-1,-1.737399399E-1,7.251591980E-2,2.286478029E-1
4.360643333E-1,-1.481042802E-1,-2.236406505E-1,8.758302033E-2,2.821715858E-1
4.460813333E-1,-1.673410684E-1,-2.686049938E-1,1.009766683E-1,3.321866394E-1
4.560983333E-1,-1.892538220E-1,-3.110416532E-1,1.113965511E-1,3.807533463E-1
4.661143333E-1,-2.160898447E-1,-3.442189991E-1,1.173894480E-1,4.230387959E-1
4.761313333E-1,-2.401203364E-1,-3.796654046E-1,1.235256344E-1,4.658993215E-1
4.861483333E-1,-2.612718046E-1,-4.191000164E-1,1.301303208E-1,5.107266196E-1
4.961653333E-1,-2.756164074E-1,-4.561954439E-1,1.379190087E-1,5.505454931E-1
5.061813333E-1,-2.826590240E-1,-4.920523167E-1,1.429156810E-1,5.851807397E-1
5.161983333E-1,-2.904035151E-1,-5.223992467E-1,1.488215029E-1,6.159407555E-1
5.262153333E-1,-2.948787212E-1,-5.390072465E-1,1.525450647E-1,6.330499734E-1
5.362313333E-1,-2.953322530E-1,-5.461812615E-1,1.549613476E-1,6.399594748E-1
5.462483333E-1,-2.937754095E-1,-5.524600148E-1,1.534133554E-1,6.442450751E-1
5.562653333E-1,-2.885460556E-1,-5.518272519E-1,1.477845013E-1,6.400096882E-1
5.662823333E-1,-2.870939076E-1,-5.610309839E-1,1.444087774E-1,6.465543842E-1
5.762983333E-1,-2.786956429E-1,-5.660046935E-1,1.427301913E-1,6.468419297E-1
5.863153333E-1,-2.757198513E-1,-5.652426481E-1,1.348540783E-1,6.432000545E-1
5.963323333E-1,-2.609683275E-1,-5.578531623E-1,1.299272329E-1,6.294328435E-1
6.063493333E-1,-2.484974712E-1,-5.434292555E-1,1.213677973E-1,6.097511715E-1
6.163653333E-1,-2.255740464E-1,-5.249349475E-1,1.116334051E-1,5.821532158E-1
6.263823333E-1,-2.087293863E-1,-4.952259958E-1,1.016835198E-1,5.469518094E-1
6.363993333E-1,-1.913362741E-1,-4.555819035E-1,8.779832721E-2,5.018694918E-1
6.464163333E-1,-1.723115444E-1,-4.204211533E-1,8.009286970E-2,4.613676216E-1
6.564323333E-1,-1.547780931E-1,-3.858242929E-1,6.650036573E-2,4.209975555E-1
6.664493333E-1,-1.381623149E-1,-3.604796827E-1,5.564685166E-2,3.900397403E-1
6.764663333E-1,-1.236661971E-1,-3.409589827E-1,4.490605742E-2,3.654625975E-1
6.864833333E-1,-1.154551357E-1,-3.401592374E-1,3.655597940E-2,3.610741403E-1
6.964993333E-1,-1.190469414E-1,-3.332022727E-1,3.255884349E-2,3.553252131E-1
7.065163333E-1,-1.218549833E-1,-3.290099204E-1,2.862136066E-2,3.520161174E-1
7.165333333E-1,-1.288625598E-1,-3.247400522E-1,2.112909034E-2,3.500115702E-1
7.265503333E-1,-1.266858876E-1,-3.135170341E-1,1.834107563E-2,3.386423479E-1
7.365663333E-1,-1.152039245E-1,-3.002310693E-1,1.435432397E-2,3.218954579E-1
7.465833333E-1,-1.045920476E-1,-2.705193758E-1,1.026998460E-2,2.902166461E-1
7.566003333E-1,-8.701305836E-2,-2.307408005E-1,8.915234357E-3,2.467631876E-1
7.666163333E-1,-6.490477175E-2,-1.859677285E-1,6.047773175E-3,1.970614143E-1
7.766333333E-1,-4.729754850E-2,-1.364545077E-1,1.390171004E-3,1.444258403E-1
7.866503333E-1,-3.245021775E-2,-9.630655497E-2,4.278937820E-3,1.017166578E-1
7.966673333E-1,-1.851522550E-2,-6.628154218E-2,3.053617198E-3,6.888672577E-2
8.066833333E-1,-1.325262152E-2,-4.393365979E-2,3.973450046E-3,4.606068546E-2
8.167003333E-1,-1.034391671E-2,-3.219763935E-2,8.700560778E-3,3.491968428E-2
8.267173333E-1,-6.115688477E-3,-1.479896903E-2,1.225745119E-2,2.016571942E-2
8.367343333E-1,1.968070865E-3,6.135873497E-3,1.424390264E-2,1.563364989E-2
8.467503333E-1,1.602457277E-2,3.960171714E-2,8.901363239E-3,4.363848303E-2
8.567673333E-1,2.968339436E-2,7.080250978E-2,9.370878339E-3,7.734282548E-2
8.667843333E-1,3.374653682E-2,9.173906595E-2,7.835117169E-3,9.806260260E-2
8.768003333E-1,3.735591844E-2,1.091798395E-1,2.621979686E-3,1.154234672E-1
8.868173333E-1,4.161540046E-2,1.322083920E-1,-5.181256682E-3,1.387002015E-1
8.968343333E-1,5.058918893E-2,1.593289673E-1,-1.607784629E-2,1.679389264E-1
9.068513333E-1,6.253175437E-2,1.802594513E-1,-2.788646519E-2,1.928246484E-1
9.168673333E-1,6.752651930E-2,2.002209127E-1,-4.319218546E-2,2.156706043E-1
9.268843333E-1,7.473239303E-2,2.195619643E-1,-5.589773878E-2,2.385727225E-1
9.369013333E-1,7.940065116E-2,2.358157784E-1,-7.202903926E-2,2.590400109E-1
9.469183333E-1,8.027004451E-2,2.501427233E-1,-9.278810024E-2,2.786113666E-1
9.569343333E-1,8.445147425E-2,2.658132911E-1,-1.074788943E-1,2.988987620E-1
9.669513333E-1,9.526064992E-2,2.796495557E-1,-1.245252341E-1,3.206009971E-1
9.769683333E-1,1.064310074E-1,2.990996838E-1,-1.444360912E-1,3.487835498E-1
9.869843333E-1,1.215165481E-1,3.151398301E-1,-1.605405211E-1,3.739687726E-1
9.970013333E-1,1.346144974E-1,3.332453370E-1,-1.743029356E-1,3.994434014E-1
1.007018333E0,1.472787410E-1,3.531936705E-1,-1.887070239E-1,4.266698223E-1
1.017035333E0,1.626110971E-1,3.744017482E-1,-1.979271472E-1,4.536454491E-1
1.027051333E0,1.757609248E-1,3.952476382E-1,-2.094359696E-1,4.805996500E-1
1.037068333E0,1.944078505E-1,4.167734385E-1,-2.126882225E-1,5.066860876E-1
1.047085333E0,2.141676694E-1,4.345661402E-1,-2.179366350E-1,5.312361976E-1
1.057101833E0,2.356780320E-1,4.586629272E-1,-2.160663009E-1,5.591068430E-1
1.067117833E0,2.533648908E-1,4.800284803E-1,-2.137515992E-1,5.833616854E-1
1.077134833E0,2.730070353E-1,5.050267577E-1,-2.094990611E-1,6.111257840E-1
1.087151833E0,2.942299843E-1,5.280336142E-1,-2.004329264E-1,6.368391785E-1
1.097168833E0,3.114523888E-1,5.525152087E-1,-1.862771511E-1,6.610407123E-1
1.107184833E0,3.240174949E-1,5.747395158E-1,-1.757813096E-1,6.827971271E-1
1.117201833E0,3.366182446E-1,5.898119211E-1,-1.544853449E-1,6.964593791E-1
1.127218833E0,3.402926028E-1,5.966169834E-1,-1.355423033E-1,7.000875634E-1
1.137234833E0,3.319793046E-1,5.921769142E-1,-1.140633821E-1,6.883997469E-1
1.147251833E0,3.202128708E-1,5.727981925E-1,-8.976372331E-2,6.623379636E-1
1.157268833E0,3.085445166E-1,5.470380187E-1,-6.917110085E-2,6.318504204E-1
1.167285833E0,2.852053046E-1,5.184508562E-1,-4.612601548E-2,5.935157668E-1
1.177301833E0,2.544061244E-1,4.776049256E-1,-2.213332988E-2,5.415891666E-1
1.187318833E0,2.272939533E-1,4.384637177E-1,-2.470559441E-3,4.938816423E-1
1.197335833E0,1.949368119E-1,3.952142596E-1,1.912900805E-2,4.410902295E-1
1.207351833E0,1.631599516E-1,3.475211859E-1,4.006001353E-2,3.860012294E-1
1.217368833E0,1.303285062E-1,3.005536795E-1,6.195811927E-2,3.334019231E-1
1.227385833E0,9.331399947E-2,2.518261075E-1,7.547836006E-2,2.789639291E-1
1.237402833E0,6.237366050E-2,2.033795118E-1,9.592983872E-2,2.333585938E-1
1.247418833E0,2.766012214E-2,1.538722515E-1,1.091776192E-1,1.906869284E-1
1.257435833E0,-4.023237154E-3,1.079841331E-1,1.213368177E-1,1.624788687E-1
1.267452833E0,-3.302889317E-2,5.334895104E-2,1.310074031E-1,1.452582460E-1
1.277468833E0,-6.534554809E-2,5.242410116E-3,1.413532645E-1,1.558148545E-1
1.287485833E0,-9.212505072E-2,-4.494374990E-2,1.476750076E-1,1.797633820E-1
1.297502833E0,-1.173744798E-1,-9.656193852E-2,1.539952159E-1,2.163689049E-1
1.307519833E0,-1.423145980E-1,-1.406139731E-1,1.555960178E-1,2.534479335E-1
1.317535833E0,-1.587204635E-1,-1.857537478E-1,1.596530825E-1,2.918659746E-1
1.327552833E0,-1.742916703E-1,-2.273658514E-1,1.598878354E-1,3.280806862E-1
1.337569833E0,-1.917777210E-1,-2.661715746E-1,1.577511877E-1,3.640212063E-1
1.347585833E0,-2.070512623E-1,-3.037003279E-1,1.549466550E-1,3.988891829E-1
1.357602833E0,-2.199532092E-1,-3.474675119E-1,1.497199386E-1,4.376404301E-1
1.367619833E0,-2.296182513E-1,-3.839008510E-1,1.423958838E-1,4.694475396E-1
1.377636833E0,-2.423524261E-1,-4.215414226E-1,1.358455718E-1,5.048622473E-1
1.387652833E0,-2.490311861E-1,-4.557799697E-1,1.266978234E-1,5.346066319E-1
1.397669833E0,-2.556366026E-1,-4.835586250E-1,1.159964353E-1,5.591370041E-1
1.407686833E0,-2.570259273E-1,-5.056503415E-1,1.069983765E-1,5.772289388E-1
1.417703833E0,-2.583415210E-1,-5.234146714E-1,9.359761328E-2,5.911546100E-1
1.427719833E0,-2.578296959E-1,-5.368102789E-1,8.183645457E-2,6.011144924E-1
1.437736833E0,-2.570872009E-1,-5.464756489E-1,7.053826004E-2,6.080338065E-1
1.447753833E0,-2.528918982E-1,-5.513710976E-1,5.530706793E-2,6.091167960E-1
1.457769833E0,-2.489200383E-1,-5.498941541E-1,4.591169953E-2,6.053533268E-1
1.467786833E0,-2.371427566E-1,-5.441064835E-1,3.303813934E-2,5.944577958E-1
1.477803833E0,-2.288872302E-1,-5.321605802E-1,2.125551552E-2,5.796861600E-1
1.487819833E0,-2.139860988E-1,-5.163350105E-1,8.934181184E-3,5.589916933E-1
1.497836833E0,-2.091213018E-1,-4.942358434E-1,-9.426837787E-4,5.366578765E-1
1.507853833E0,-1.958205998E-1,-4.721915722E-1,-1.151085366E-2,5.113150574E-1
1.517870833E0,-1.840970963E-1,-4.494593441E-1,-1.729204506E-2,4.860087013E-1
1.527886833E0,-1.750270426E-1,-4.281523228E-1,-2.277841046E-2,4.631066110E-1
1.537903833E0,-1.654463112E-1,-4.136798978E-1,-2.371371165E-2,4.461679951E-1
1.547920833E0,-1.620712131E-1,-3.942366540E-1,-2.530197613E-2,4.270009456E-1
1.557936833E0,-1.556721628E-1,-3.852136135E-1,-2.726872079E-2,4.163735503E-1
1.567953833E0,-1.528166682E-1,-3.693358302E-1,-1.816502027E-2,4.001148054E-1
1.577970833E0,-1.473262906E-1,-3.598448634E-1,-1.569706760E-2,3.891526173E-1
1.587987833E0,-1.427448988E-1,-3.451522589E-1,-1.132267807E-2,3.736768537E-1
1.598003833E0,-1.355511695E-1,-3.232909143E-1,4.594125785E-4,3.505586198E-1
1.608020833E0,-1.277829409E-1,-2.977956533E-1,7.458153181E-3,3.241394070E-1
1.618037833E0,-1.102478877E-1,-2.727859318E-1,1.774035208E-2,2.947566478E-1
1.628053833E0,-9.357130527E-2,-2.369080335E-1,2.775889263E-2,2.562256069E-1
1.638070833E0,-7.698594034E-2,-1.969811320E-1,3.911354393E-2,2.150773598E-1
1.648087833E0,-5.862030014E-2,-1.653883904E-1,4.847967252E-2,1.820437802E-1
1.658104833E0,-4.223200306E-2,-1.364267766E-1,6.146684289E-2,1.554798387E-1
1.668120833E0,-2.976207063E-2,-1.033235118E-1,7.386843860E-2,1.304533447E-1
1.678137833E0,-1.733522676E-2,-7.996811718E-2,8.588063717E-2,1.186207979E-1
1.688154833E0,-5.314811599E-3,-5.738731474E-2,9.595420212E-2,1.119319437E-1
1.698170833E0,1.555078663E-3,-3.674967960E-2,1.054017618E-1,1.116355168E-1
1.708187833E0,1.219097245E-2,-1.451382134E-2,1.140081510E-1,1.155730475E-1
1.718204833E0,2.498266846E-2,1.628403924E-2,1.214812472E-1,1.250879574E-1
1.728220833E0,3.901107982E-2,4.508318752E-2,1.241372600E-1,1.377113556E-1
1.738237833E0,4.301647469E-2,7.314225286E-2,1.203459874E-1,1.472527179E-1
1.748254833E0,4.786505178E-2,9.487371147E-2,1.165537611E-1,1.577240106E-1
1.758271833E0,5.455544591E-2,1.129499078E-1,1.082558781E-1,1.656904146E-1
1.768287833E0,5.869389325E-2,1.366911829E-1,9.669972956E-2,1.774268589E-1
1.778304833E0,6.448866427E-2,1.556968242E-1,7.664053142E-2,1.851325469E-1
1.788321833E0,6.695443392E-2,1.753818393E-1,5.728845671E-2,1.962744330E-1
1.798337833E0,7.022133470E-2,1.952234656E-1,3.611898795E-2,2.105892178E-1
1.808354833E0,7.067337632E-2,2.131716609E-1,1.192406379E-2,2.248979022E-1
1.818371833E0,7.249817252E-2,2.279045284E-1,-1.658161171E-2,2.397319522E-1
1.828388833E0,7.453165203E-2,2.436116934E-1,-4.640757293E-2,2.589503565E-1
1.838404833E0,7.823744416E-2,2.588329911E-1,-7.564881444E-2,2.807816912E-1
1.848421833E0,8.495579660E-2,2.739482820E-1,-1.096094474E-1,3.070494741E-1
1.858438833E0,9.148453921E-2,2.888516188E-1,-1.390328556E-1,3.333688851E-1
1.868454833E0,1.024321020E-1,3.027558923E-1,-1.693072319E-1,3.616882699E-1
1.878471833E0,1.117387861E-1,3.164684772E-1,-1.980241090E-1,3.896811532E-1
1.888488833E0,1.248989031E-1,3.310583532E-1,-2.271330953E-1,4.204626168E-1
1.898504833E0,1.399769187E-1,3.474487960E-1,-2.504594326E-1,4.506041844E-1
1.908521833E0,1.607612371E-1,3.649857938E-1,-2.724552453E-1,4.830017244E-1
1.918538833E0,1.782821715E-1,3.852263689E-1,-2.878826559E-1,5.128940549E-1
1.928555833E0,1.991693527E-1,4.051504433E-1,-3.029282093E-1,5.436734431E-1
1.938571833E0,2.220285833E-1,4.206020832E-1,-3.107160926E-1,5.681085234E-1
1.948588833E0,2.448185980E-1,4.429119229E-1,-3.170490861E-1,5.971827529E-1
1.958605833E0,2.688597441E-1,4.651455879E-1,-3.169843853E-1,6.237989103E-1
1.968621833E0,2.892452478E-1,4.880501330E-1,-3.092767000E-1,6.461484527E-1
1.978638833E0,3.095473051E-1,5.109764338E-1,-2.989753187E-1,6.680588979E-1
1.988655833E0,3.298148513E-1,5.368056297E-1,-2.802167833E-1,6.895357611E-1
1.998671833E0,3.414787054E-1,5.493110418E-1,-2.634202242E-1,6.983842362E-1
2.008688833E0,3.488590121E-1,5.521429181E-1,-2.353152335E-1,6.942173085E-1
2.018705833E0,3.450080752E-1,5.526183248E-1,-2.105022818E-1,6.846377111E-1
2.028722833E0,3.367952406E-1,5.354163647E-1,-1.790713519E-1,6.573950614E-1
2.038738833E0,3.162638545E-1,5.148322582E-1,-1.501590163E-1,6.225936154E-1
2.048755833E0,2.982550263E-1,4.844316244E-1,-1.154114082E-1,5.804738173E-1
2.058773000E0,2.713515162E-1,4.488949478E-1,-8.200418204E-2,5.309077183E-1
2.068789000E0,2.437544018E-1,4.118133187E-1,-4.551237822E-2,4.807055174E-1
2.078806000E0,2.040719688E-1,3.761346638E-1,-1.302607171E-2,4.281265377E-1
2.088823000E0,1.714948416E-1,3.357983530E-1,2.136865258E-2,3.776607391E-1
2.098839000E0,1.322768629E-1,2.941174805E-1,5.472980440E-2,3.271048949E-1
2.108856000E0,9.618089348E-2,2.500771284E-1,8.476189524E-2,2.810229765E-1
2.118873000E0,6.119893491E-2,2.097781599E-1,1.149094105E-1,2.468934155E-1
2.128890000E0,2.523569018E-2,1.683145612E-1,1.424662620E-1,2.219533000E-1
2.138906000E0,-1.107065193E-2,1.254826784E-1,1.694187820E-1,2.111188897E-1
2.148923000E0,-4.400617629E-2,8.082802594E-2,1.883671284E-1,2.096470567E-1
2.158940000E0,-7.908746600E-2,3.305624053E-2,2.073538601E-1,2.243728273E-1
2.168956000E0,-1.107487455E-1,-1.226309966E-2,2.242808044E-1,2.504347170E-1
2.178973000E0,-1.396520287E-1,-6.556813419E-2,2.393111438E-1,2.847309131E-1
2.188990000E0,-1.649714261E-1,-1.103114188E-1,2.482738197E-1,3.178428387E-1
2.199006000E0,-1.854676455E-1,-1.516790986E-1,2.536677718E-1,3.489299857E-1
2.209023000E0,-2.050383389E-1,-1.907833666E-1,2.570540309E-1,3.801523223E-1
2.219040000E0,-2.140163928E-1,-2.265149951E-1,2.570633590E-1,4.039723134E-1
2.229057000E0,-2.274962664E-1,-2.596752048E-1,2.542940974E-1,4.287787905E-1
2.239073000E0,-2.333701253E-1,-2.969650328E-1,2.474148870E-1,4.515129814E-1
2.249090000E0,-2.425016314E-1,-3.336599767E-1,2.413354665E-1,4.778899755E-1
2.259107000E0,-2.471821457E-1,-3.719969690E-1,2.259258926E-1,5.005229935E-1
2.269123000E0,-2.539207041E-1,-4.065948427E-1,2.124924660E-1,5.243549734E-1
2.279140000E0,-2.538280487E-1,-4.384587705E-1,1.931904256E-1,5.422151900E-1
2.289157000E0,-2.564073801E-1,-4.656835198E-1,1.709356755E-1,5.584128315E-1
2.299173000E0,-2.517910600E-1,-4.864298105E-1,1.488788426E-1,5.676069135E-1
2.309190000E0,-2.466744334E-1,-5.041213632E-1,1.271118671E-1,5.754511722E-1
2.319207000E0,-2.389699072E-1,-5.135249496E-1,1.016853228E-1,5.754601595E-1
2.329223000E0,-2.314272821E-1,-5.221908689E-1,7.452358305E-2,5.760170612E-1
2.339240000E0,-2.252612710E-1,-5.221399665E-1,5.219031498E-2,5.710486965E-1
2.349257000E0,-2.142151892E-1,-5.196530819E-1,2.173978835E-2,5.624945255E-1
2.359274000E0,-2.023468167E-1,-5.101461411E-1,-8.954820223E-4,5.488115536E-1
2.369290000E0,-1.956755966E-1,-4.976580143E-1,-2.699792199E-2,5.354263031E-1
2.379307000E0,-1.874363124E-1,-4.828782678E-1,-4.905049503E-2,5.202977453E-1
2.389324000E0,-1.753973365E-1,-4.624474347E-1,-7.027444988E-2,4.995601603E-1
2.399340000E0,-1.667063683E-1,-4.451286197E-1,-8.811443299E-2,4.834197499E-1
2.409357000E0,-1.608434319E-1,-4.304006100E-1,-1.025913805E-1,4.707868796E-1
2.419374000E0,-1.577573568E-1,-4.161135256E-1,-1.117635742E-1,4.588343343E-1
2.429390000E0,-1.592151076E-1,-4.034956098E-1,-1.197104976E-1,4.499875118E-1
2.439407000E0,-1.572542191E-1,-3.914493322E-1,-1.243760809E-1,4.398077746E-1
2.449424000E0,-1.575816274E-1,-3.856632113E-1,-1.234531999E-1,4.345213164E-1
2.459440000E0,-1.560551077E-1,-3.704123795E-1,-1.200480759E-1,4.194878640E-1
2.469457000E0,-1.539675891E-1,-3.534933627E-1,-1.145377308E-1,4.022219135E-1
2.479474000E0,-1.454438716E-1,-3.362081051E-1,-1.028674990E-1,3.804885439E-1
2.489491000E0,-1.392455846E-1,-3.016998470E-1,-9.010115266E-2,3.442823670E-1
2.499507000E0,-1.250019372E-1,-2.744067013E-1,-7.599678636E-2,3.109662901E-1
2.509524000E0,-1.079372019E-1,-2.444768399E-1,-5.505555868E-2,2.728561514E-1
2.519541000E0,-9.407438338E-2,-2.005810291E-1,-3.700651601E-2,2.246157186E-1
2.529557000E0,-7.522413135E-2,-1.724878252E-1,-1.481066272E-2,1.887593057E-1
2.539574000E0,-5.970002711E-2,-1.440492719E-1,8.007034659E-3,1.561358338E-1
2.549591000E0,-4.378755391E-2,-1.133342087E-1,2.931744233E-2,1.249860199E-1
2.559607000E0,-3.059638850E-2,-9.027762711E-2,5.308828503E-2,1.091079967E-1
2.569624000E0,-1.824188232E-2,-6.932172924E-2,7.712266594E-2,1.052909019E-1
2.579641000E0,-6.305327173E-3,-4.389466345E-2,9.807695448E-2,1.076363676E-1
2.589657000E0,1.071102079E-2,-1.577359065E-2,1.180176884E-1,1.195479272E-1
2.599674000E0,2.530967072E-2,1.768476702E-2,1.398406923E-1,1.432087624E-1
2.609691000E0,4.062724113E-2,4.765141755E-2,1.501908004E-1,1.627221769E-1
2.619707000E0,5.331826583E-2,6.895297766E-2,1.652091742E-1,1.867924565E-1
2.629724000E0,6.047122926E-2,9.240862727E-2,1.688035280E-1,2.017194959E-1
2.639741000E0,6.306461245E-2,1.119948477E-1,1.720003933E-1,2.147187149E-1
2.649757000E0,7.296856493E-2,1.342936158E-1,1.702852547E-1,2.288148918E-1
2.659774000E0,7.602374256E-2,1.579597890E-1,1.597724259E-1,2.371879686E-1
2.669791000E0,8.195792884E-2,1.746449172E-1,1.488574594E-1,2.436729210E-1
2.679808000E0,8.369750530E-2,1.960567385E-1,1.293375492E-1,2.493425731E-1
2.689824000E0,8.115679771E-2,2.143521160E-1,1.092019901E-1,2.538864512E-1
2.699841000E0,8.380131423E-2,2.300253510E-1,8.364656568E-2,2.587103986E-1
2.709858000E0,8.444043994E-2,2.432698458E-1,5.617381260E-2,2.635638500E-1
2.719874000E0,8.430488408E-2,2.574943304E-1,2.348217741E-2,2.719596594E-1
2.729891000E0,8.713079989E-2,2.714785337E-1,-9.471931495E-3,2.852754600E-1
2.739908000E0,9.187735617E-2,2.832289040E-1,-4.580596834E-2,3.012610950E-1
2.749924000E0,9.604801238E-2,2.993653715E-1,-8.237186819E-2,3.250076476E-1
2.759941000E0,1.026899368E-1,3.101756871E-1,-1.201208457E-1,3.481137710E-1
2.769958000E0,1.155471280E-1,3.246583641E-1,-1.561678946E-1,3.783419134E-1
2.779974000E0,1.283081919E-1,3.403803408E-1,-1.876030564E-1,4.092880102E-1
2.789991000E0,1.435726732E-1,3.545967937E-1,-2.194202542E-1,4.410184197E-1
2.800008000E0,1.589225978E-1,3.699896038E-1,-2.487730831E-1,4.733252009E-1
2.810024000E0,1.789872348E-1,3.845076561E-1,-2.767799795E-1,5.064481463E-1
2.820041000E0,2.003252804E-1,4.031977355E-1,-2.958828211E-1,5.387441654E-1
2.830058000E0,2.175706178E-1,4.213441908E-1,-3.162937164E-1,5.700084350E-1
2.840074000E0,2.441710681E-1,4.400869906E-1,-3.268052042E-1,6.000814205E-1
2.850091000E0,2.688744962E-1,4.617114365E-1,-3.325200677E-1,6.293175198E-1
2.860108000E0,2.889547050E-1,4.809208214E-1,-3.342732191E-1,6.530836417E-1
2.870125000E0,3.121623993E-1,4.988699555E-1,-3.300826848E-1,6.747378564E-1
2.880141000E0,3.272734284E-1,5.129569769E-1,-3.232884109E-1,6.890197049E-1
2.890158000E0,3.386853933E-1,5.167717934E-1,-3.103854358E-1,6.914477571E-1
2.900175000E0,3.411903679E-1,5.129232407E-1,-2.912383676E-1,6.814109661E-1
2.910191000E0,3.358073533E-1,4.947718680E-1,-2.666703463E-1,6.547357127E-1
2.920208000E0,3.263840377E-1,4.725163877E-1,-2.395191491E-1,6.222280125E-1
2.930225000E0,3.064888716E-1,4.471326172E-1,-2.131329775E-1,5.824849113E-1
2.940241000E0,2.826463878E-1,4.145128727E-1,-1.777230501E-1,5.322549997E-1
2.950258000E0,2.582429349E-1,3.776501417E-1,-1.460143924E-1,4.802387383E-1
2.960275000E0,2.281670570E-1,3.430103958E-1,-1.091767550E-1,4.261876363E-1
2.970291000E0,1.983541250E-1,3.069573939E-1,-7.205355912E-2,3.725035784E-1
2.980308000E0,1.650893688E-1,2.683934867E-1,-3.402068838E-2,3.169337007E-1
2.990325000E0,1.274701506E-1,2.335673273E-1,4.955946468E-3,2.661332318E-1
3.000341000E0,9.344214201E-2,1.952055544E-1,4.161275923E-2,2.203820866E-1
3.010358000E0,5.711726844E-2,1.595065743E-1,7.599300891E-2,1.856870135E-1
3.020375000E0,1.728969254E-2,1.222353727E-1,1.093538925E-1,1.649202644E-1
3.030391000E0,-1.967541128E-2,8.041770756E-2,1.429383755E-1,1.651832579E-1
3.040408000E0,-5.463206023E-2,3.640018404E-2,1.733490229E-1,1.853632087E-1
3.050425208E0,-8.985589445E-2,-1.014616899E-2,2.008512467E-1,2.202685856E-1
3.060441208E0,-1.261409223E-1,-5.308990553E-2,2.231216729E-1,2.617505516E-1
3.070458208E0,-1.543353349E-1,-9.657907486E-2,2.435108870E-1,3.040468145E-1
3.080475208E0,-1.830311567E-1,-1.390389055E-1,2.654369473E-1,3.511253260E-1
3.090491208E0,-2.033952326E-1,-1.734969467E-1,2.776917219E-1,3.854653079E-1
3.100508208E0,-2.186447531E-1,-2.043509930E-1,2.879108191E-1,4.152800214E-1
3.110525208E0,-2.309813052E-1,-2.308294177E-1,2.979747057E-1,4.420673124E-1
3.120542208E0,-2.416608483E-1,-2.614070177E-1,3.014906049E-1,4.665084987E-1
3.130558208E0,-2.523025572E-1,-2.969495654E-1,3.058185279E-1,4.953388707E-1
3.140575208E0,-2.587511241E-1,-3.321416378E-1,2.981579304E-1,5.159150737E-1
3.150592208E0,-2.667183280E-1,-3.647221029E-1,2.906307280E-1,5.372402618E-1
3.160608208E0,-2.659542859E-1,-3.997125626E-1,2.777303755E-1,5.546494175E-1
3.170625208E0,-2.652044296E-1,-4.240437746E-1,2.644152939E-1,5.657401877E-1
3.180642208E0,-2.587587833E-1,-4.455948770E-1,2.447710186E-1,5.704592483E-1
3.190658208E0,-2.540357709E-1,-4.620787501E-1,2.192699462E-1,5.710781501E-1
3.200675208E0,-2.466353774E-1,-4.735939801E-1,1.944604665E-1,5.682738252E-1
3.210692208E0,-2.348137051E-1,-4.807788730E-1,1.702456176E-1,5.614885316E-1
3.220708208E0,-2.224105597E-1,-4.846111536E-1,1.406048983E-1,5.514382691E-1
3.230725208E0,-2.132921964E-1,-4.841142297E-1,1.083754450E-1,5.400049866E-1
3.240742208E0,-1.989183277E-1,-4.758358002E-1,7.734935731E-2,5.215085166E-1
3.250758208E0,-1.854285896E-1,-4.636253417E-1,4.424869642E-2,5.012885061E-1
3.260775208E0,-1.700360477E-1,-4.528957307E-1,1.671107858E-2,4.840517127E-1
3.270792208E0,-1.596494913E-1,-4.361856580E-1,-1.659266837E-2,4.647808139E-1
3.280808208E0,-1.545221061E-1,-4.255575240E-1,-4.563097656E-2,4.550367826E-1
3.290825208E0,-1.449047625E-1,-4.112894237E-1,-7.057708502E-2,4.417437098E-1
3.300842208E0,-1.435444206E-1,-4.011401236E-1,-9.809365869E-2,4.371964837E-1
3.310858208E0,-1.407752484E-1,-3.928361535E-1,-1.155383140E-1,4.329977091E-1
3.320875208E0,-1.465585679E-1,-3.829603493E-1,-1.302107275E-1,4.302242166E-1
3.330892208E0,-1.445851922E-1,-3.740096986E-1,-1.437077522E-1,4.259578037E-1
3.340908208E0,-1.439167261E-1,-3.668215573E-1,-1.504250318E-1,4.217792896E-1
3.350925208E0,-1.451076567E-1,-3.458006084E-1,-1.552834809E-1,4.058906900E-1
3.360942208E0,-1.374081820E-1,-3.325268626E-1,-1.574036479E-1,3.927225881E-1
3.370958208E0,-1.334655434E-1,-3.076187670E-1,-1.539056897E-1,3.689570685E-1
3.380975208E0,-1.257815212E-1,-2.766414285E-1,-1.477705538E-1,3.379165690E-1
3.390992208E0,-1.137260795E-1,-2.490949035E-1,-1.372740865E-1,3.063104094E-1
3.401008208E0,-1.015093625E-1,-2.112721652E-1,-1.251654923E-1,2.657187967E-1
3.411025208E0,-9.150980413E-2,-1.797014028E-1,-1.066208929E-1,2.281110546E-1
3.421042208E0,-7.355477661E-2,-1.566813141E-1,-8.684239537E-2,1.936515969E-1
3.431058208E0,-6.253493577E-2,-1.281450838E-1,-6.254207343E-2,1.557025743E-1
3.441075208E0,-5.134939030E-2,-1.042525396E-1,-4.170655832E-2,1.234697894E-1
3.451092208E0,-3.659318760E-2,-8.086075634E-2,-1.505113766E-2,9.002255295E-2
3.461108208E0,-2.448139898E-2,-5.626779795E-2,1.064437255E-2,6.227926340E-2
3.471125208E0,-7.713094819E-3,-2.733748220E-2,3.448915109E-2,4.468032349E-2
3.481142208E0,8.654161356E-3,1.948234625E-3,5.949303880E-2,6.015074225E-2
3.491158208E0,2.491826192E-2,3.520682454E-2,8.234794438E-2,9.296033678E-2
3.501175208E0,3.801595047E-2,5.971349776E-2,1.007740870E-1,1.231516582E-1
3.511192208E0,4.864804447E-2,7.942540944E-2,1.200799420E-1,1.519678268E-1
3.521208208E0,5.689984933E-2,1.035611033E-1,1.336484849E-1,1.783939811E-1
3.531225208E0,6.411020458E-2,1.276381165E-1,1.390002817E-1,1.993055078E-1
3.541242208E0,7.444114238E-2,1.472640187E-1,1.429710537E-1,2.183320798E-1
3.551258208E0,8.247758448E-2,1.707312763E-1,1.419799477E-1,2.368755500E-1
3.561275208E0,8.558150381E-2,1.889789999E-1,1.380597800E-1,2.491942195E-1
3.571292208E0,8.939387649E-2,2.077612728E-1,1.280739605E-1,2.599210476E-1
3.581308208E0,9.277795255E-2,2.238579541E-1,1.145741194E-1,2.680435803E-1
3.591325208E0,9.587060660E-2,2.412734777E-1,9.875089675E-2,2.777693357E-1
3.601342208E0,9.575608373E-2,2.528582513E-1,7.890901715E-2,2.816614205E-1
3.611358208E0,9.509348124E-2,2.672677338E-1,5.397434905E-2,2.887698774E-1
3.621375208E0,9.981259704E-2,2.834898233E-1,2.929589897E-2,3.019723235E-1
3.631392208E0,1.040322408E-1,2.965757847E-1,-9.084106423E-4,3.142940158E-1
3.641408208E0,1.115234494E-1,3.099999726E-1,-3.094114549E-2,3.309000110E-1
3.651425208E0,1.170378551E-1,3.247657418E-1,-6.046650931E-2,3.504666109E-1
3.661442208E0,1.270095408E-1,3.368493021E-1,-9.382420033E-2,3.720239996E-1
3.671458208E0,1.379488856E-1,3.541773558E-1,-1.228597462E-1,3.994571461E-1
3.681475208E0,1.509333998E-1,3.677240610E-1,-1.535974145E-1,4.261385244E-1
3.691492208E0,1.648657769E-1,3.845286071E-1,-1.783041507E-1,4.547915393E-1
3.701508208E0,1.828839332E-1,4.016993344E-1,-2.042633146E-1,4.863459571E-1
3.711525208E0,2.013935596E-1,4.129402339E-1,-2.279489487E-1,5.128739864E-1
3.721542208E0,2.205520719E-1,4.324185848E-1,-2.448965162E-1,5.436941719E-1
3.731558208E0,2.407844812E-1,4.491358697E-1,-2.608945072E-1,5.725086373E-1
3.741575208E0,2.605986595E-1,4.647675753E-1,-2.731815279E-1,5.987893682E-1
3.751592208E0,2.793557942E-1,4.823639393E-1,-2.777447104E-1,6.227814656E-1
3.761608208E0,2.972253561E-1,4.936648011E-1,-2.812699378E-1,6.412180800E-1
3.771625208E0,3.092876375E-1,4.935680330E-1,-2.804926932E-1,6.464861923E-1
3.781642208E0,3.154592514E-1,4.870214760E-1,-2.712544799E-1,6.405337230E-1
3.791658208E0,3.109808862E-1,4.717716873E-1,-2.611123621E-1,6.224606832E-1
3.801675208E0,3.018805981E-1,4.489395916E-1,-2.489576787E-1,5.955321807E-1
3.811692208E0,2.882311046E-1,4.181763530E-1,-2.295666635E-1,5.573593857E-1
3.821708208E0,2.712475657E-1,3.861617148E-1,-2.115213424E-1,5.171434909E-1
3.831725208E0,2.506225705E-1,3.463386893E-1,-1.877355874E-1,4.669119953E-1
3.841742208E0,2.280533761E-1,3.114454150E-1,-1.613005251E-1,4.183592335E-1
3.851758208E0,2.025272846E-1,2.752219439E-1,-1.360080093E-1,3.677806384E-1
3.861775208E0,1.757539958E-1,2.451841384E-1,-1.049225256E-1,3.193954682E-1
3.871792208E0,1.458756775E-1,2.073479891E-1,-7.328865677E-2,2.639017413E-1
3.881808208E0,1.151252091E-1,1.776031256E-1,-4.230464250E-2,2.158387518E-1
3.891825208E0,8.408339322E-2,1.412482411E-1,-9.127540514E-3,1.646341235E-1
3.901842208E0,5.453748256E-2,1.066215634E-1,2.264157310E-2,1.218816460E-1
3.911858208E0,1.921995357E-2,7.300061733E-2,5.203611404E-2,9.168562542E-2
3.921875208E0,-1.549887843E-2,3.429849446E-2,8.418793231E-2,9.221827315E-2
3.931892208E0,-5.112982914E-2,-1.018873788E-2,1.111998633E-1,1.228148175E-1
3.941908208E0,-8.633682132E-2,-5.237108096E-2,1.407428384E-1,1.732204474E-1
3.951925208E0,-1.183892116E-1,-9.893755615E-2,1.644144058E-1,2.254700474E-1
3.961942208E0,-1.457907557E-1,-1.361765414E-1,1.883303970E-1,2.743489263E-1
3.971958208E0,-1.725268364E-1,-1.745720953E-1,2.106398940E-1,3.234348322E-1
3.981975208E0,-1.935048103E-1,-2.038479596E-1,2.319377214E-1,3.644080252E-1
3.991991208E0,-2.095048279E-1,-2.309581935E-1,2.473589629E-1,3.980206233E-1
4.002008208E0,-2.262071073E-1,-2.543359399E-1,2.608207166E-1,4.288168279E-1
4.012025208E0,-2.363639027E-1,-2.837738097E-1,2.705087066E-1,4.577886301E-1
4.022041208E0,-2.484216243E-1,-3.146435618E-1,2.788055241E-1,4.883097323E-1
4.032058208E0,-2.560233176E-1,-3.434613645E-1,2.809109688E-1,5.122739701E-1
4.042075208E0,-2.630564570E-1,-3.696831167E-1,2.790361047E-1,5.326588534E-1
4.052091083E0,-2.641275823E-1,-3.929135501E-1,2.781876624E-1,5.491200352E-1
4.062108083E0,-2.656586170E-1,-4.126712680E-1,2.681611180E-1,5.592695785E-1
4.072125083E0,-2.615208626E-1,-4.286990166E-1,2.568738163E-1,5.640568817E-1
4.082141083E0,-2.523446977E-1,-4.394406378E-1,2.417049706E-1,5.614331781E-1
4.092158083E0,-2.404126972E-1,-4.463503957E-1,2.249445170E-1,5.546413043E-1
4.102175083E0,-2.313145399E-1,-4.521811306E-1,2.066757679E-1,5.483512235E-1
4.112191083E0,-2.194233984E-1,-4.513429403E-1,1.813804060E-1,5.336252704E-1
4.122208083E0,-2.054444700E-1,-4.436698258E-1,1.576569676E-1,5.137178837E-1
4.132225083E0,-1.914258450E-1,-4.357836246E-1,1.304845065E-1,4.935356401E-1
4.142241083E0,-1.725120842E-1,-4.259310067E-1,1.022267640E-1,4.707737811E-1
4.152258083E0,-1.611880213E-1,-4.122797549E-1,7.095175982E-2,4.483194472E-1
4.162275083E0,-1.542555541E-1,-3.973727226E-1,4.365915433E-2,4.284926819E-1
4.172291083E0,-1.431971937E-1,-3.899846077E-1,1.768586598E-2,4.158199375E-1
4.182308083E0,-1.370042711E-1,-3.777718842E-1,-8.647737093E-3,4.019409785E-1
4.192325083E0,-1.318767071E-1,-3.688907921E-1,-3.698762879E-2,3.934970992E-1
4.202341083E0,-1.313526034E-1,-3.639706075E-1,-5.741061270E-2,3.911829342E-1
4.212358083E0,-1.313327849E-1,-3.542102873E-1,-7.456333935E-2,3.850622282E-1
4.222375083E0,-1.288882792E-1,-3.459454477E-1,-9.568274021E-2,3.813733447E-1
4.232391083E0,-1.281913817E-1,-3.321934342E-1,-1.066383421E-1,3.716950956E-1
4.242408083E0,-1.267135888E-1,-3.145617247E-1,-1.201855764E-1,3.597915855E-1
4.252425083E0,-1.176501885E-1,-2.937040925E-1,-1.270621866E-1,3.409522842E-1
4.262441083E0,-1.182334200E-1,-2.660660744E-1,-1.325874478E-1,3.199214417E-1
4.272458083E0,-1.060640141E-1,-2.413876355E-1,-1.301942021E-1,2.940545798E-1
4.282475083E0,-9.336207062E-2,-2.125679702E-1,-1.317731887E-1,2.669565347E-1
4.292491083E0,-8.836552501E-2,-1.835746169E-1,-1.265731603E-1,2.398517686E-1
4.302508083E0,-7.400789112E-2,-1.574732512E-1,-1.153380722E-1,2.087531166E-1
4.312524083E0,-6.867684424E-2,-1.329214424E-1,-1.077832505E-1,1.843958998E-1
4.322541083E0,-5.597037077E-2,-1.092901528E-1,-9.150361270E-2,1.531337031E-1
4.332558083E0,-4.771064967E-2,-8.915734291E-2,-7.657311857E-2,1.268415562E-1
4.342574083E0,-3.597063571E-2,-6.358380616E-2,-5.808199197E-2,9.332901387E-2
4.352591083E0,-2.226327732E-2,-3.608998656E-2,-3.995835781E-2,5.826500670E-2
4.362608083E0,-1.035921369E-2,-1.071005873E-2,-2.256871574E-2,2.704377186E-2
4.372624083E0,6.621950306E-3,2.199597657E-2,-3.496594727E-3,2.323573510E-2
4.382641083E0,1.845570654E-2,4.630717635E-2,1.352579799E-2,5.165186247E-2
4.392658083E0,2.931539156E-2,6.780729443E-2,3.144536167E-2,8.028718534E-2
4.402674083E0,3.707370907E-2,8.948968351E-2,4.451429099E-2,1.066038717E-1
4.412691083E0,4.778762534E-2,1.109854653E-1,5.528947711E-2,1.328847506E-1
4.422708083E0,6.198440492E-2,1.350567043E-1,6.210237369E-2,1.610561537E-1
4.432724083E0,6.916879863E-2,1.548372656E-1,6.654050201E-2,1.821717320E-1
4.442741083E0,7.467195392E-2,1.752567887E-1,6.826436520E-2,2.023632038E-1
4.452758083E0,8.204443753E-2,1.959303916E-1,6.462504715E-2,2.220279369E-1
4.462774083E0,8.449028432E-2,2.134606540E-1,6.119702384E-2,2.375902664E-1
4.472791083E0,9.048389643E-2,2.250570953E-1,5.408949405E-2,2.485230473E-1
4.482808083E0,9.792530537E-2,2.415556610E-1,4.364457726E-2,2.642789282E-1
4.492824083E0,1.018564478E-1,2.588934600E-1,2.689085715E-2,2.795061319E-1
4.502841083E0,1.040823162E-1,2.739011645E-1,1.472766884E-2,2.933800959E-1
4.512858083E0,1.104358733E-1,2.883131206E-1,-4.086038563E-3,3.087672802E-1
4.522874083E0,1.194091216E-1,3.062090278E-1,-2.155158110E-2,3.293736141E-1
4.532891083E0,1.235820726E-1,3.195235133E-1,-4.216425493E-2,3.451747798E-1
4.542907083E0,1.339276582E-1,3.334310651E-1,-6.164847687E-2,3.645729385E-1
4.552924083E0,1.419027448E-1,3.489209414E-1,-8.030854166E-2,3.851385129E-1
4.562941083E0,1.533910930E-1,3.651068211E-1,-9.984628856E-2,4.084129032E-1
4.572957083E0,1.662639529E-1,3.801709414E-1,-1.208782941E-1,4.321865438E-1
4.582974083E0,1.801462024E-1,3.963712156E-1,-1.348899901E-1,4.558048971E-1
4.592991083E0,1.946051717E-1,4.109898508E-1,-1.529187858E-1,4.797582572E-1
4.603007083E0,2.107790858E-1,4.267179668E-1,-1.684223711E-1,5.048585359E-1
4.613024083E0,2.279705703E-1,4.425233901E-1,-1.799062788E-1,5.293050168E-1
4.623041083E0,2.404546589E-1,4.596208930E-1,-1.870970726E-1,5.514300707E-1
4.633057083E0,2.553591728E-1,4.713014960E-1,-1.948660612E-1,5.703561949E-1
4.643074083E0,2.684116066E-1,4.827381670E-1,-1.987811774E-1,5.870220481E-1
4.653091083E0,2.803860605E-1,4.864000082E-1,-1.946761310E-1,5.942222706E-1
4.663107083E0,2.800856531E-1,4.761627913E-1,-1.936558634E-1,5.853901009E-1
4.673124083E0,2.773779333E-1,4.596447647E-1,-1.908764541E-1,5.697768408E-1
4.683141083E0,2.680462301E-1,4.327939749E-1,-1.814105213E-1,5.404342544E-1
4.693157083E0,2.565997243E-1,4.038132727E-1,-1.704513431E-1,5.078998308E-1
4.703174083E0,2.391062081E-1,3.668664396E-1,-1.589422375E-1,4.658598481E-1
4.713191083E0,2.217980772E-1,3.319984972E-1,-1.441803575E-1,4.245060244E-1
4.723207083E0,1.983028650E-1,2.957898974E-1,-1.307774782E-1,3.793658373E-1
4.733224083E0,1.775602847E-1,2.628785074E-1,-1.089017019E-1,3.353987851E-1
4.743240083E0,1.575274616E-1,2.315701395E-1,-9.160073847E-2,2.946698593E-1
4.753257083E0,1.328160465E-1,2.017211765E-1,-7.085216045E-2,2.516973657E-1
4.763274083E0,1.107048839E-1,1.654995233E-1,-4.668397084E-2,2.045117519E-1
4.773290083E0,8.661621809E-2,1.383253336E-1,-2.787871286E-2,1.655701959E-1
4.783307083E0,5.676244572E-2,1.047460660E-1,-3.140877467E-3,1.191787678E-1
4.793324083E0,3.196370602E-2,6.485612690E-2,1.842945442E-2,7.461662341E-2
4.803340083E0,1.937628957E-3,2.648609877E-2,3.946442902E-2,4.756794080E-2
4.813357083E0,-2.882865071E-2,-1.400795206E-2,6.085685641E-2,6.878132591E-2
4.823374083E0,-5.867603049E-2,-5.718125403E-2,8.156852424E-2,1.156114030E-1
4.833390083E0,-8.732864261E-2,-1.000701860E-1,9.768712521E-2,1.648730068E-1
4.843407083E0,-1.165011749E-1,-1.404639482E-1,1.188965440E-1,2.178050336E-1
4.853424083E0,-1.368139237E-1,-1.718510389E-1,1.369683892E-1,2.588651559E-1
4.863440083E0,-1.616646796E-1,-2.028323859E-1,1.536634713E-1,3.014778729E-1
4.873457083E0,-1.771656126E-1,-2.286989391E-1,1.692703366E-1,3.351765294E-1
4.883473083E0,-1.930106282E-1,-2.546314597E-1,1.833020002E-1,3.683611084E-1
4.893490083E0,-2.063605189E-1,-2.803453505E-1,1.926419735E-1,3.978556387E-1
4.903507083E0,-2.177561820E-1,-3.068754971E-1,2.042411119E-1,4.281410483E-1
4.913523083E0,-2.275406718E-1,-3.352034688E-1,2.113630623E-1,4.569578393E-1
4.923540083E0,-2.317151725E-1,-3.555889130E-1,2.159173340E-1,4.761887140E-1
4.933557083E0,-2.396150529E-1,-3.804501891E-1,2.194289118E-1,5.003066733E-1
4.943573083E0,-2.435251027E-1,-3.980824351E-1,2.187716365E-1,5.153980304E-1
4.953590083E0,-2.437700927E-1,-4.128150940E-1,2.136369646E-1,5.248627559E-1
4.963607083E0,-2.415306419E-1,-4.258022606E-1,2.061726451E-1,5.311796078E-1
4.973623083E0,-2.349491566E-1,-4.340814054E-1,1.998165101E-1,5.324982727E-1
4.983640083E0,-2.279503644E-1,-4.366817176E-1,1.854341179E-1,5.263440920E-1
4.993657083E0,-2.186954468E-1,-4.370003343E-1,1.753264517E-1,5.191689082E-1
5.003673083E0,-2.066808641E-1,-4.295767844E-1,1.605011672E-1,5.030047892E-1
5.013690083E0,-1.961902976E-1,-4.218904078E-1,1.417770088E-1,4.863978508E-1
5.023706083E0,-1.831538528E-1,-4.100473225E-1,1.235127896E-1,4.657676993E-1
5.033723083E0,-1.679676026E-1,-3.972049356E-1,1.050015762E-1,4.438583190E-1
5.043740083E0,-1.582987309E-1,-3.835727572E-1,8.686864376E-2,4.239489469E-1
5.053757083E0,-1.467658281E-1,-3.702783585E-1,6.575988978E-2,4.036962152E-1
5.063774083E0,-1.399377584E-1,-3.567082286E-1,4.784453660E-2,3.861507947E-1
5.073791083E0,-1.348996758E-1,-3.502242565E-1,2.825849503E-2,3.763688283E-1
5.083807083E0,-1.300649792E-1,-3.405559063E-1,1.336130500E-2,3.647927475E-1
5.093824083E0,-1.229056865E-1,-3.329440355E-1,-2.298139036E-3,3.549124117E-1
5.103841083E0,-1.188030839E-1,-3.257146180E-1,-1.488849986E-2,3.470242823E-1
5.113857083E0,-1.216232479E-1,-3.076719642E-1,-3.005391732E-2,3.322009782E-1
5.123874083E0,-1.140564084E-1,-2.942477763E-1,-4.071348533E-2,3.181952326E-1
5.133891083E0,-1.030289754E-1,-2.772432864E-1,-5.026748776E-2,3.000093831E-1
5.143907083E0,-9.916926175E-2,-2.503695786E-1,-5.685961246E-2,2.752316913E-1
5.153924083E0,-9.296646714E-2,-2.251455933E-1,-6.283672154E-2,2.515586527E-1
5.163940083E0,-7.900884002E-2,-2.036171407E-1,-6.635209173E-2,2.282650583E-1
5.173957083E0,-7.316875458E-2,-1.763922274E-1,-6.727474183E-2,2.024691962E-1
5.183974083E0,-6.395262480E-2,-1.501473039E-1,-6.425551325E-2,1.753936204E-1
5.193990083E0,-5.668634921E-2,-1.306422204E-1,-6.307850778E-2,1.557550323E-1
5.204007083E0,-4.898501933E-2,-1.078420952E-1,-5.565468594E-2,1.308697585E-1
5.214024083E0,-4.017473012E-2,-8.567141742E-2,-4.978551716E-2,1.069214591E-1
5.224040083E0,-3.331096470E-2,-6.249791756E-2,-4.321469739E-2,8.296457159E-2
5.234057083E0,-2.212671563E-2,-3.546155989E-2,-3.200265765E-2,5.264298502E-2
5.244074083E0,-8.934215643E-3,-1.046513114E-2,-2.725157887E-2,3.052847408E-2
5.254090083E0,4.109599628E-3,1.569621079E-2,-1.932713389E-2,2.523485579E-2
5.264107083E0,1.102183480E-2,3.839992732E-2,-1.022311673E-2,4.123769363E-2
5.274124083E0,2.099074796E-2,5.867933482E-2,-2.398577519E-3,6.236689032E-2
5.284140083E0,2.686674707E-2,7.845437527E-2,5.726194009E-3,8.312460763E-2
5.294157083E0,3.854892403E-2,1.032486558E-1,7.422437426E-3,1.104599341E-1
5.304173083E0,4.780260846E-2,1.227789521E-1,7.950808853E-3,1.319961205E-1
5.314190083E0,5.423379689E-2,1.424032897E-1,2.147990279E-3,1.523962450E-1
5.324207083E0,6.396498531E-2,1.622065604E-1,2.170893364E-3,1.743766049E-1
5.334223083E0,6.854041666E-2,1.783596575E-1,-4.223908298E-3,1.911224674E-1
5.344240083E0,7.324250042E-2,1.983767748E-1,-1.089006662E-2,2.117460795E-1
5.354257083E0,7.865471393E-2,2.138963938E-1,-2.017222904E-2,2.287906251E-1
5.364273083E0,8.494830132E-2,2.288015634E-1,-2.992765419E-2,2.458902881E-1
5.374290083E0,9.115297347E-2,2.428713292E-1,-4.290238768E-2,2.629371826E-1
5.384307083E0,9.843485057E-2,2.591248453E-1,-5.600620434E-2,2.827928573E-1
5.394323083E0,1.070487052E-1,2.740070522E-1,-7.036737353E-2,3.024745563E-1
5.404340083E0,1.144064888E-1,2.878903747E-1,-8.300007880E-2,3.207159578E-1
5.414356083E0,1.226034537E-1,3.027823865E-1,-9.603216499E-2,3.404863539E-1
5.424373083E0,1.324451715E-1,3.194772005E-1,-1.095016301E-1,3.627644030E-1
5.434390083E0,1.475040168E-1,3.353179395E-1,-1.236842945E-1,3.866437123E-1
5.444406083E0,1.567161530E-1,3.518646955E-1,-1.345651746E-1,4.080153218E-1
5.454423083E0,1.683175117E-1,3.673971593E-1,-1.457455009E-1,4.295965648E-1
5.464440083E0,1.863718927E-1,3.829369545E-1,-1.532753259E-1,4.526240372E-1
5.474456083E0,1.955787688E-1,3.995656669E-1,-1.588710994E-1,4.723809937E-1
5.484473083E0,2.126546949E-1,4.152594209E-1,-1.616034955E-1,4.937388942E-1
5.494490083E0,2.275128663E-1,4.292489886E-1,-1.663426161E-1,5.135042984E-1
5.504506083E0,2.434042245E-1,4.454857409E-1,-1.646248698E-1,5.336707877E-1
5.514523083E0,2.501158118E-1,4.605087936E-1,-1.633408666E-1,5.489139340E-1
5.524539083E0,2.623261511E-1,4.690165520E-1,-1.599828750E-1,5.607013964E-1
5.534556083E0,2.666474283E-1,4.691003561E-1,-1.498637944E-1,5.600135284E-1
5.544573083E0,2.646316886E-1,4.572391808E-1,-1.437382549E-1,5.475018584E-1
5.554589083E0,2.573800981E-1,4.409727752E-1,-1.311167032E-1,5.271556632E-1
5.564606083E0,2.475919127E-1,4.154197276E-1,-1.174988970E-1,4.976758946E-1
5.574623083E0,2.266829759E-1,3.851564229E-1,-1.050815284E-1,4.590999556E-1
5.584639083E0,2.117421180E-1,3.529529274E-1,-9.009192884E-2,4.213395888E-1
5.594656083E0,1.897134334E-1,3.198697865E-1,-7.655359805E-2,3.796950362E-1
5.604673083E0,1.703482568E-1,2.887392938E-1,-6.212032214E-2,3.409513790E-1
5.614689083E0,1.519528776E-1,2.577151060E-1,-4.616158083E-2,3.027171030E-1
5.624706083E0,1.331631988E-1,2.299806774E-1,-2.414442971E-2,2.668454665E-1
5.634722083E0,1.126550511E-1,2.051523030E-1,-6.595339160E-3,2.341412532E-1
5.644739083E0,9.017051011E-2,1.755483299E-1,8.881088346E-3,1.975520457E-1
5.654756083E0,6.637023389E-2,1.434619427E-1,2.641872689E-2,1.602631775E-1
5.664772083E0,4.164863750E-2,1.083100736E-1,4.491597787E-2,1.244312104E-1
5.674789083E0,1.623997279E-2,7.206565887E-2,5.981246382E-2,9.505117954E-2
5.684806083E0,-9.355935268E-3,3.091929108E-2,7.211840153E-2,7.902278105E-2
5.694822083E0,-3.753631189E-2,-1.316937804E-2,8.519210666E-2,9.402181803E-2
5.704839083E0,-6.553626060E-2,-5.463852733E-2,9.952337295E-2,1.310926081E-1
5.714856083E0,-8.868137747E-2,-9.435813874E-2,1.110610589E-1,1.705942668E-1
5.724872083E0,-1.088273898E-1,-1.306855232E-1,1.206060946E-1,2.084896563E-1
5.734889083E0,-1.274499595E-1,-1.625109315E-1,1.315044761E-1,2.448401974E-1
5.744906083E0,-1.406674832E-1,-1.878770143E-1,1.366225481E-1,2.715710478E-1
5.754922083E0,-1.549179554E-1,-2.157196552E-1,1.455869228E-1,3.028697651E-1
5.764939083E0,-1.708860099E-1,-2.409757376E-1,1.503507793E-1,3.314765321E-1
5.774955083E0,-1.827714294E-1,-2.716045082E-1,1.552518010E-1,3.623224061E-1
5.784972083E0,-1.904069781E-1,-2.949961126E-1,1.558291763E-1,3.841357259E-1
5.794989083E0,-2.000400126E-1,-3.225373924E-1,1.556888372E-1,4.102260232E-1
5.805005083E0,-2.082111239E-1,-3.472989500E-1,1.565405279E-1,4.341351974E-1
5.815022083E0,-2.139653265E-1,-3.699128926E-1,1.544159800E-1,4.543798014E-1
5.825039083E0,-2.168844193E-1,-3.907335103E-1,1.487655491E-1,4.710018216E-1
5.835055083E0,-2.188489139E-1,-4.085226953E-1,1.430711001E-1,4.850309056E-1
5.845072083E0,-2.174645960E-1,-4.201567173E-1,1.334855855E-1,4.915698517E-1
5.855088083E0,-2.188370526E-1,-4.276505113E-1,1.280016750E-1,4.971509270E-1
5.865105083E0,-2.132737041E-1,-4.282867312E-1,1.165751144E-1,4.924479204E-1
5.875122083E0,-2.084712237E-1,-4.287175536E-1,1.071611643E-1,4.886128396E-1
5.885138083E0,-1.972931325E-1,-4.218569994E-1,9.663581848E-2,4.756326203E-1
5.895155083E0,-1.866265088E-1,-4.149415493E-1,8.452831209E-2,4.627644959E-1
5.905172083E0,-1.768122315E-1,-4.027743638E-1,7.588955015E-2,4.463731367E-1
5.915188083E0,-1.675354242E-1,-3.922210932E-1,6.326141208E-2,4.311699324E-1
5.925205083E0,-1.587336808E-1,-3.807199895E-1,5.044228584E-2,4.155580779E-1
5.935222083E0,-1.543066651E-1,-3.647272885E-1,3.843336925E-2,3.978864985E-1
5.945238083E0,-1.442889273E-1,-3.540155292E-1,2.749336883E-2,3.832781950E-1
5.955255083E0,-1.368778944E-1,-3.418675363E-1,1.845967770E-2,3.687136152E-1
5.965271083E0,-1.356573701E-1,-3.311818540E-1,1.131202001E-2,3.580674577E-1
5.975288083E0,-1.293412894E-1,-3.231480122E-1,3.663080977E-3,3.480908288E-1
5.985305083E0,-1.248240396E-1,-3.132237196E-1,-5.800195504E-3,3.372295682E-1
5.995321083E0,-1.204079315E-1,-2.974177897E-1,-7.912918925E-3,3.209642128E-1
6.005338083E0,-1.115563810E-1,-2.766320705E-1,-9.670072235E-3,2.984353178E-1
6.015355083E0,-1.004345268E-1,-2.587990165E-1,-1.134272851E-2,2.778357115E-1
6.025371083E0,-9.550102055E-2,-2.345810384E-1,-1.346580125E-2,2.536336655E-1
6.035388083E0,-8.441200852E-2,-2.113973200E-1,-1.000281610E-2,2.278470330E-1
6.045405083E0,-7.286480814E-2,-1.879790872E-1,-8.246727288E-3,2.017756824E-1
6.055420750E0,-6.363613158E-2,-1.622251123E-1,-7.590962574E-3,1.744252477E-1
6.065437750E0,-5.582907423E-2,-1.404404640E-1,-2.865449060E-3,1.511576007E-1
6.075453750E0,-4.618802294E-2,-1.196690947E-1,6.307828706E-3,1.284282461E-1
6.085470750E0,-3.606188670E-2,-9.555843472E-2,1.128767338E-2,1.027583850E-1
6.095487750E0,-2.778965607E-2,-7.365042716E-2,1.535985619E-2,8.020333901E-2
6.105503750E0,-2.014585212E-2,-5.064284801E-2,2.270751819E-2,5.904392259E-2
6.115520750E0,-7.657756563E-3,-2.896311879E-2,2.910709381E-2,4.176992214E-2
6.125537750E0,8.949851617E-4,-3.982666880E-3,3.162271529E-2,3.188508674E-2
6.135553750E0,1.217496675E-2,2.136121131E-2,3.817820176E-2,4.541042010E-2
6.145570750E0,2.001691051E-2,4.119616747E-2,4.199823737E-2,6.214219873E-2
6.155586750E0,2.259083465E-2,6.072126701E-2,4.134007543E-2,7.685323620E-2
6.165603750E0,3.188339993E-2,7.899560779E-2,3.833736107E-2,9.341632885E-2
6.175620750E0,3.862734884E-2,1.010930613E-1,3.462927416E-2,1.136268707E-1
6.185636750E0,4.613160342E-2,1.214710400E-1,2.374147065E-2,1.320870766E-1
6.195653750E0,5.337685719E-2,1.395892799E-1,1.824522018E-2,1.505561158E-1
6.205670750E0,5.905311555E-2,1.544017941E-1,5.144064780E-3,1.653893765E-1
6.215686750E0,6.247220188E-2,1.743554175E-1,-1.152952947E-2,1.855680944E-1
6.225703750E0,6.304238737E-2,1.900707334E-1,-2.546638437E-2,2.018657055E-1
6.235720750E0,7.121325284E-2,2.041328847E-1,-4.379203171E-2,2.205885402E-1
6.245736750E0,7.615341246E-2,2.164119184E-1,-6.223655492E-2,2.377116939E-1
6.255753750E0,8.104296029E-2,2.333124727E-1,-8.046864718E-2,2.597650371E-1
6.265769750E0,9.106469899E-2,2.461278588E-1,-9.838080406E-2,2.802685942E-1
6.275786750E0,9.791841358E-2,2.606249154E-1,-1.185611561E-1,3.026055352E-1
6.285803750E0,1.073928773E-1,2.772169411E-1,-1.380605549E-1,3.277852641E-1
6.295819750E0,1.196905524E-1,2.899729609E-1,-1.534791887E-1,3.492363208E-1
6.305836750E0,1.286414266E-1,3.032674491E-1,-1.717705876E-1,3.715170213E-1
6.315853750E0,1.413555145E-1,3.203788698E-1,-1.842307001E-1,3.956828939E-1
6.325869750E0,1.514896452E-1,3.349969387E-1,-1.956716329E-1,4.164846329E-1
6.335886750E0,1.687955558E-1,3.477260470E-1,-2.058588564E-1,4.379306021E-1
6.345903750E0,1.859931797E-1,3.642237782E-1,-2.116842568E-1,4.605026038E-1
6.355919750E0,1.966790408E-1,3.817964196E-1,-2.151554823E-1,4.803571928E-1
6.365936750E0,2.125464231E-1,3.971008062E-1,-2.185864300E-1,5.006446441E-1
6.375952750E0,2.282569110E-1,4.082278311E-1,-2.157045007E-1,5.150530178E-1
6.385969750E0,2.433296144E-1,4.255479872E-1,-2.082298100E-1,5.325974507E-1
6.395986750E0,2.518729270E-1,4.359095097E-1,-2.000374943E-1,5.417306259E-1
6.406002750E0,2.597641349E-1,4.433298707E-1,-1.889624745E-1,5.474720055E-1
6.416019750E0,2.645982504E-1,4.431629181E-1,-1.761434823E-1,5.453733881E-1
6.426036750E0,2.591401041E-1,4.311073422E-1,-1.605655849E-1,5.280042056E-1
6.436052750E0,2.517181039E-1,4.152431488E-1,-1.426871717E-1,5.061111592E-1
6.446069750E0,2.365378290E-1,3.892621398E-1,-1.190619990E-1,4.707981708E-1
6.456086750E0,2.218798101E-1,3.603211939E-1,-9.935957193E-2,4.346657767E-1
6.466102750E0,1.981545091E-1,3.351175785E-1,-8.004180342E-2,3.974615594E-1
6.476119750E0,1.776922643E-1,3.040863276E-1,-5.391234905E-2,3.562998411E-1
6.486135750E0,1.599556208E-1,2.754887640E-1,-3.114871494E-2,3.200782751E-1
6.496152750E0,1.382346302E-1,2.486263216E-1,-9.348304942E-3,2.846247557E-1
6.506169750E0,1.156552806E-1,2.268152982E-1,1.652670093E-2,2.551361505E-1
6.516185750E0,9.520884603E-2,2.011260390E-1,3.870754316E-2,2.258642996E-1
6.526202750E0,7.075329870E-2,1.779123396E-1,6.267786026E-2,2.014630090E-1
6.536219750E0,4.740118980E-2,1.467053741E-1,8.148995042E-2,1.743844936E-1
6.546235750E0,2.385644987E-2,1.164169759E-1,1.012101248E-1,1.560946246E-1
6.556252750E0,-1.914997702E-3,7.821291685E-2,1.198494583E-1,1.431251908E-1
6.566268750E0,-3.147715330E-2,3.588170558E-2,1.325087994E-1,1.408434944E-1
6.576285750E0,-5.939676985E-2,-4.842114635E-3,1.470617503E-1,1.586776000E-1
6.586302750E0,-8.329597861E-2,-5.003569275E-2,1.585951000E-1,1.859951514E-1
6.596318750E0,-1.059841961E-1,-8.622777462E-2,1.633210629E-1,2.129357850E-1
6.606335750E0,-1.222963259E-1,-1.218379661E-1,1.742328405E-1,2.452712051E-1
6.616352750E0,-1.367330849E-1,-1.451404989E-1,1.808666885E-1,2.692108095E-1
6.626368750E0,-1.471122205E-1,-1.687347740E-1,1.812435240E-1,2.880323669E-1
6.636385750E0,-1.567513049E-1,-1.934667677E-1,1.820007414E-1,3.084228131E-1
6.646402750E0,-1.665970087E-1,-2.197897136E-1,1.796494275E-1,3.291443427E-1
6.656418750E0,-1.774233282E-1,-2.501603365E-1,1.793321073E-1,3.552734666E-1
6.666435750E0,-1.812822521E-1,-2.787485719E-1,1.734446585E-1,3.750294266E-1
6.676451750E0,-1.883292496E-1,-3.054819107E-1,1.679564118E-1,3.962277884E-1
6.686468750E0,-1.952643842E-1,-3.347074389E-1,1.572121680E-1,4.181780902E-1
6.696485750E0,-2.012648582E-1,-3.554853201E-1,1.473731697E-1,4.342766481E-1
6.706501750E0,-2.013543397E-1,-3.767378628E-1,1.344688237E-1,4.478357422E-1
6.716518750E0,-2.010243684E-1,-3.913433850E-1,1.195234880E-1,4.559016405E-1
6.726535750E0,-2.003894746E-1,-4.037526548E-1,1.041229591E-1,4.626161891E-1
6.736551750E0,-1.965179145E-1,-4.117120206E-1,9.167324007E-2,4.653279076E-1
6.746568750E0,-1.928621829E-1,-4.090951979E-1,7.460077852E-2,4.583884583E-1
6.756585750E0,-1.840390861E-1,-4.134148359E-1,5.899084359E-2,4.563574601E-1
6.766601750E0,-1.765944809E-1,-4.077574909E-1,4.212983698E-2,4.463481883E-1
6.776618750E0,-1.699062288E-1,-3.986849487E-1,2.696680650E-2,4.342177144E-1
6.786634750E0,-1.624118239E-1,-3.935980499E-1,1.316364110E-2,4.259933178E-1
6.796651750E0,-1.564871371E-1,-3.866802454E-1,-1.020526048E-3,4.171461108E-1
6.806668750E0,-1.517025083E-1,-3.802476525E-1,-1.157383434E-2,4.095557129E-1
6.816684750E0,-1.482887417E-1,-3.690510094E-1,-2.384069562E-2,3.984426900E-1
6.826701750E0,-1.415248513E-1,-3.567850292E-1,-3.366136923E-2,3.853023856E-1
6.836718750E0,-1.422140896E-1,-3.455050588E-1,-3.926928341E-2,3.756869302E-1
6.846734750E0,-1.353916079E-1,-3.351248503E-1,-4.354179278E-2,3.640541724E-1
6.856751750E0,-1.310724169E-1,-3.222269714E-1,-4.567838833E-2,3.508514140E-1
6.866767750E0,-1.265775263E-1,-3.024527133E-1,-4.668373242E-2,3.311780258E-1
6.876784750E0,-1.165065095E-1,-2.884569168E-1,-4.415955022E-2,3.142152534E-1
6.886801750E0,-1.103836298E-1,-2.682680488E-1,-4.205964878E-2,2.931233627E-1
6.896817750E0,-1.014157608E-1,-2.456578910E-1,-3.635405377E-2,2.682434961E-1
6.906834750E0,-9.303265810E-2,-2.231286168E-1,-2.948256582E-2,2.435378344E-1
6.916851750E0,-8.126892149E-2,-2.006657720E-1,-2.362697758E-2,2.177834330E-1
6.926867750E0,-7.564592361E-2,-1.783034801E-1,-1.157510839E-2,1.940320075E-1
6.936884750E0,-6.561031938E-2,-1.583496183E-1,-3.300812095E-4,1.714042724E-1
6.946901750E0,-5.699978396E-2,-1.395170689E-1,1.286082156E-2,1.512593422E-1
6.956917750E0,-4.642101005E-2,-1.137012765E-1,2.304486372E-2,1.249558170E-1
6.966934750E0,-3.768824041E-2,-9.353182465E-2,3.751754761E-2,1.075926209E-1
6.976950750E0,-2.255601808E-2,-6.868769228E-2,5.003761500E-2,8.792346637E-2
6.986967750E0,-1.080481987E-2,-4.214103520E-2,6.083593518E-2,7.479052072E-2
6.996984750E0,-2.176607028E-3,-1.846331172E-2,6.863116473E-2,7.110462903E-2
7.007000750E0,1.077461150E-2,5.420449190E-3,8.060606569E-2,8.150344378E-2
7.017017750E0,1.969874464E-2,2.433858253E-2,8.780999482E-2,9.322554548E-2
7.027034750E0,2.517074160E-2,4.631339014E-2,9.186971933E-2,1.059176174E-1
7.037050750E0,3.069585562E-2,6.398575753E-2,9.419937432E-2,1.179403868E-1
7.047067750E0,3.909173980E-2,8.659412712E-2,9.477195144E-2,1.341954908E-1
7.057084583E0,4.813953862E-2,1.036126614E-1,8.846496046E-2,1.444958408E-1
7.067100583E0,4.881171882E-2,1.232244447E-1,7.958118618E-2,1.545962899E-1
7.077117583E0,5.774450302E-2,1.390343606E-1,6.647130102E-2,1.645703951E-1
7.087134583E0,5.906489491E-2,1.531837285E-1,5.173576623E-2,1.721351387E-1
7.097150583E0,6.375336647E-2,1.685969085E-1,3.458677605E-2,1.835365205E-1
7.107167583E0,6.811935455E-2,1.839431077E-1,1.523624733E-2,1.967421068E-1
7.117183583E0,6.939678639E-2,1.996583939E-1,-7.322707679E-3,2.115017973E-1
7.127200583E0,7.392948121E-2,2.144495994E-1,-2.996490151E-2,2.288058002E-1
7.137217583E0,7.937956601E-2,2.272485942E-1,-5.570515245E-2,2.470750960E-1
7.147233583E0,8.683349192E-2,2.405675948E-1,-8.154793084E-2,2.684453166E-1
7.157250583E0,9.328536689E-2,2.545801103E-1,-1.064894125E-1,2.912957041E-1
7.167267583E0,1.014357060E-1,2.665171921E-1,-1.286865920E-1,3.128591618E-1
7.177283583E0,1.112901568E-1,2.811265588E-1,-1.548762470E-1,3.397120736E-1
7.187300583E0,1.210964471E-1,2.949771285E-1,-1.762116402E-1,3.643163433E-1
7.197316583E0,1.338000149E-1,3.072352707E-1,-1.946073174E-1,3.875151140E-1
7.207333583E0,1.477030516E-1,3.201130033E-1,-2.141501307E-1,4.124909754E-1
7.217350583E0,1.571388394E-1,3.364274800E-1,-2.305732369E-1,4.370813216E-1
7.227366583E0,1.776403934E-1,3.467554748E-1,-2.391768396E-1,4.571663037E-1
7.237383583E0,1.905945241E-1,3.639311492E-1,-2.507489026E-1,4.812973781E-1
7.247400583E0,2.098065764E-1,3.777497709E-1,-2.552235425E-1,5.018493255E-1
7.257416583E0,2.250467092E-1,3.905940950E-1,-2.533233464E-1,5.170904043E-1
7.267433583E0,2.399561554E-1,4.022528827E-1,-2.547409534E-1,5.331784800E-1
7.277450583E0,2.494642437E-1,4.139049649E-1,-2.445551008E-1,5.416243405E-1
7.287466583E0,2.561101913E-1,4.147869945E-1,-2.352111191E-1,5.412623684E-1
7.297483583E0,2.585264146E-1,4.120799005E-1,-2.231714278E-1,5.352113953E-1
7.307500583E0,2.562374175E-1,4.014746547E-1,-2.046145201E-1,5.183691872E-1
7.317516583E0,2.468402386E-1,3.810887039E-1,-1.877410859E-1,4.913302544E-1
7.327533583E0,2.335004658E-1,3.573689759E-1,-1.633909941E-1,4.570904389E-1
7.337549583E0,2.171318680E-1,3.336071372E-1,-1.398734897E-1,4.219058701E-1
7.347566583E0,1.994122565E-1,3.058825731E-1,-1.139372289E-1,3.825063251E-1
7.357583583E0,1.800654233E-1,2.803072333E-1,-8.848020434E-2,3.447092228E-1
7.367599583E0,1.594578773E-1,2.555177212E-1,-5.943736061E-2,3.069998702E-1
7.377616583E0,1.398595870E-1,2.331226319E-1,-3.069049865E-2,2.735850366E-1
7.387633583E0,1.170975491E-1,2.101158500E-1,-2.635161392E-3,2.405565432E-1
7.397649583E0,9.522957355E-2,1.886214316E-1,2.738838270E-2,2.130653412E-1
7.407666583E0,7.366622984E-2,1.614396125E-1,5.384182930E-2,1.854411079E-1
7.417683583E0,4.811997712E-2,1.372010708E-1,8.148329705E-2,1.666709144E-1
7.427699583E0,1.853492111E-2,1.050114483E-1,1.057100743E-1,1.501518144E-1
7.437716583E0,-1.100187190E-2,7.115264237E-2,1.290531754E-1,1.477784213E-1
7.447732583E0,-3.437536955E-2,3.376398608E-2,1.505408883E-1,1.580640118E-1
7.457749583E0,-6.679954380E-2,-5.503837019E-3,1.685614735E-1,1.813985712E-1
7.467766583E0,-8.891123533E-2,-4.169087112E-2,1.854283512E-1,2.098261421E-1
7.477782583E0,-1.110092103E-1,-8.076020330E-2,1.998653561E-1,2.424694121E-1
7.487799583E0,-1.294191033E-1,-1.050413027E-1,2.077296674E-1,2.663354920E-1
7.497816583E0,-1.411839128E-1,-1.276444942E-1,2.186717093E-1,2.899022776E-1
7.507832583E0,-1.524735838E-1,-1.501758993E-1,2.258342803E-1,3.111303852E-1
7.517849583E0,-1.629257649E-1,-1.753821373E-1,2.258403450E-1,3.291011401E-1
7.527866583E0,-1.722375154E-1,-2.017500997E-1,2.278795391E-1,3.497112363E-1
7.537882583E0,-1.801013947E-1,-2.270531505E-1,2.263502032E-1,3.677282420E-1
7.547899583E0,-1.862785965E-1,-2.578456998E-1,2.199666053E-1,3.867420689E-1
7.557916583E0,-1.928323656E-1,-2.817760706E-1,2.127462476E-1,4.022972049E-1
7.567932583E0,-1.974015534E-1,-3.095378876E-1,2.033311725E-1,4.196720658E-1
7.577949583E0,-1.987597197E-1,-3.313467801E-1,1.854695380E-1,4.285966220E-1
7.587965583E0,-1.998676062E-1,-3.479830325E-1,1.697880477E-1,4.357375724E-1
7.597982583E0,-1.947704703E-1,-3.660679162E-1,1.548063159E-1,4.426129808E-1
7.607999583E0,-1.901618689E-1,-3.764782250E-1,1.357716322E-1,4.430929094E-1
7.618015583E0,-1.855219752E-1,-3.856143653E-1,1.155902818E-1,4.432583392E-1
7.628032583E0,-1.799817979E-1,-3.874359727E-1,9.262105078E-2,4.371255421E-1
7.638049583E0,-1.720042527E-1,-3.909037113E-1,7.163543999E-2,4.330390406E-1
7.648065583E0,-1.648547351E-1,-3.870016336E-1,4.846647009E-2,4.234339935E-1
7.658082583E0,-1.582183242E-1,-3.845050633E-1,2.729170397E-2,4.166797558E-1
7.668099583E0,-1.564073861E-1,-3.773904145E-1,6.947550923E-3,4.085768763E-1
7.678115583E0,-1.478735059E-1,-3.739179075E-1,-1.469416730E-2,4.023643794E-1
7.688132583E0,-1.444364339E-1,-3.691782951E-1,-2.822382562E-2,3.974305994E-1
7.698149583E0,-1.383670270E-1,-3.616174757E-1,-4.589527100E-2,3.898961514E-1
7.708165583E0,-1.332795918E-1,-3.518580794E-1,-6.078261137E-2,3.811326324E-1
7.718182583E0,-1.330383718E-1,-3.397362530E-1,-7.283789665E-2,3.720554921E-1
7.728198583E0,-1.295821220E-1,-3.295262158E-1,-8.285617828E-2,3.636539557E-1
7.738215583E0,-1.275903583E-1,-3.156510293E-1,-8.866010606E-2,3.518174047E-1
7.748232583E0,-1.232496724E-1,-2.967239320E-1,-9.192647040E-2,3.341946282E-1
7.758248583E0,-1.144210845E-1,-2.808787227E-1,-8.966540545E-2,3.162671756E-1
7.768265583E0,-1.089086086E-1,-2.595127225E-1,-8.999031037E-2,2.954762158E-1
7.778282583E0,-1.014080197E-1,-2.406537384E-1,-8.579480648E-2,2.748791681E-1
7.788298583E0,-9.531337768E-2,-2.152967155E-1,-7.749080658E-2,2.478752524E-1
7.798315583E0,-8.786868304E-2,-1.956825107E-1,-7.009378076E-2,2.256672076E-1
7.808332583E0,-7.618059963E-2,-1.786907464E-1,-5.639794841E-2,2.022735653E-1
7.818348583E0,-7.142035663E-2,-1.572257727E-1,-4.497490078E-2,1.784476188E-1
7.828365583E0,-6.065665558E-2,-1.362456530E-1,-2.778632566E-2,1.517042772E-1
7.838382583E0,-5.428542197E-2,-1.170044765E-1,-1.216284279E-2,1.295565101E-1
7.848398583E0,-4.233422130E-2,-9.378064424E-2,3.812661162E-3,1.029637408E-1
7.858415583E0,-2.960641868E-2,-6.731934100E-2,1.862179860E-2,7.586306798E-2
7.868431583E0,-1.517261937E-2,-4.147735611E-2,3.907354549E-2,5.896881723E-2
7.878448583E0,-3.589946544E-3,-1.598257758E-2,5.470336229E-2,5.710331293E-2
7.888465583E0,7.271223236E-3,8.641011082E-3,6.753207743E-2,6.846984184E-2
7.898481583E0,1.622118801E-2,2.587437257E-2,8.253470808E-2,8.800334161E-2
7.908498583E0,2.501973882E-2,4.268211499E-2,9.330239892E-2,1.056081811E-1
7.918515583E0,3.402376920E-2,6.405647844E-2,1.015835851E-1,1.248201669E-1
7.928531583E0,4.131923243E-2,8.554659039E-2,1.063224152E-1,1.425831479E-1
7.938548583E0,4.747457802E-2,1.048964486E-1,1.033145413E-1,1.546964606E-1
7.948565583E0,5.510586500E-2,1.222008765E-1,1.025049388E-1,1.687512165E-1
7.958581583E0,5.698238686E-2,1.404787749E-1,9.539692104E-2,1.791140730E-1
7.968598583E0,6.367011368E-2,1.566031426E-1,8.333865553E-2,1.884774765E-1
7.978615583E0,6.416815519E-2,1.696600169E-1,7.229416072E-2,1.952652533E-1
7.988631583E0,6.976824999E-2,1.850594878E-1,5.736288428E-2,2.059250428E-1
7.998648583E0,7.368319482E-2,1.984778494E-1,3.699724376E-2,2.149219996E-1
8.008665583E0,7.799538225E-2,2.128847539E-1,1.357847266E-2,2.271289788E-1
8.018681583E0,8.037938923E-2,2.274486870E-1,-6.652455311E-3,2.413255199E-1
8.028698583E0,8.817286044E-2,2.410571724E-1,-3.393707424E-2,2.589106771E-1
8.038714583E0,9.308302402E-2,2.525756657E-1,-5.545293540E-2,2.748343943E-1
8.048731583E0,1.010091230E-1,2.646416426E-1,-8.269148320E-2,2.950862981E-1
8.058748583E0,1.048348844E-1,2.761027515E-1,-1.090964675E-1,3.148414229E-1
8.068764583E0,1.172097996E-1,2.909642756E-1,-1.298166662E-1,3.394859550E-1
8.078781583E0,1.253011078E-1,3.013347387E-1,-1.545599252E-1,3.610979962E-1
8.088798583E0,1.409160197E-1,3.139019310E-1,-1.756598949E-1,3.863264754E-1
8.098814583E0,1.525447369E-1,3.229303658E-1,-1.935312748E-1,4.062121025E-1
8.108831583E0,1.676381975E-1,3.380334079E-1,-2.133286893E-1,4.334492817E-1
8.118848583E0,1.817803532E-1,3.484203517E-1,-2.261367440E-1,4.534078355E-1
8.128864583E0,1.943179816E-1,3.637391031E-1,-2.375870049E-1,4.759340269E-1
8.138881583E0,2.110754251E-1,3.748596013E-1,-2.436346561E-1,4.943990305E-1
8.148898583E0,2.268605083E-1,3.834919631E-1,-2.454575896E-1,5.087054200E-1
8.158914583E0,2.359789312E-1,3.922089040E-1,-2.453171462E-1,5.193210785E-1
8.168931583E0,2.448342144E-1,3.958611786E-1,-2.405386418E-1,5.239357819E-1
8.178948583E0,2.430734038E-1,3.903385103E-1,-2.342383415E-1,5.160585557E-1
8.188964583E0,2.447008640E-1,3.736085296E-1,-2.200918943E-1,4.978978692E-1
8.198981583E0,2.340467870E-1,3.547005951E-1,-2.099807560E-1,4.740066757E-1
8.208998583E0,2.256120294E-1,3.324506879E-1,-1.902150512E-1,4.445289793E-1
8.219014583E0,2.106812447E-1,3.031719923E-1,-1.725549847E-1,4.075230871E-1
8.229031583E0,1.931136996E-1,2.803550959E-1,-1.529224217E-1,3.731985367E-1
8.239048583E0,1.752688587E-1,2.543059289E-1,-1.257374734E-1,3.334675254E-1
8.249064583E0,1.595759094E-1,2.315534949E-1,-9.970453382E-2,2.983663619E-1
8.259081583E0,1.415169835E-1,2.082623392E-1,-7.132362574E-2,2.617008180E-1
8.269097583E0,1.205469742E-1,1.886902452E-1,-4.630988091E-2,2.286486096E-1
8.279114583E0,9.998740256E-2,1.671701670E-1,-1.804751903E-2,1.956247897E-1
8.289131583E0,7.732336968E-2,1.454363763E-1,1.245552953E-2,1.651840891E-1
8.299148583E0,5.619761720E-2,1.140497103E-1,3.990861028E-2,1.332599181E-1
8.309164583E0,2.710152045E-2,8.664338291E-2,6.652903557E-2,1.125507920E-1
8.319181583E0,9.755287319E-4,5.561472848E-2,9.142515063E-2,1.070163906E-1
8.329197583E0,-2.774533071E-2,2.007857338E-2,1.169235855E-1,1.218362727E-1
8.339214583E0,-5.507759750E-2,-1.592536271E-2,1.389602721E-1,1.503233719E-1
8.349231583E0,-8.072117716E-2,-4.846599326E-2,1.596975178E-1,1.853865101E-1
8.359247583E0,-1.020666435E-1,-8.151214570E-2,1.748225242E-1,2.182309432E-1
8.369264583E0,-1.198898479E-1,-1.048142761E-1,1.948793232E-1,2.516695427E-1
8.379281583E0,-1.350637674E-1,-1.267266423E-1,2.085132748E-1,2.788900301E-1
8.389297583E0,-1.460676789E-1,-1.459983289E-1,2.205576897E-1,3.021538902E-1
8.399314583E0,-1.604425758E-1,-1.641291231E-1,2.267753035E-1,3.226565162E-1
8.409331583E0,-1.667838246E-1,-1.894986629E-1,2.344593257E-1,3.445254168E-1
8.419347583E0,-1.771214455E-1,-2.138173878E-1,2.385796905E-1,3.660739686E-1
8.429364583E0,-1.842099726E-1,-2.399366051E-1,2.361985594E-1,3.837872431E-1
8.439381583E0,-1.929038763E-1,-2.651743889E-1,2.356991917E-1,4.038359456E-1
8.449397583E0,-1.967657208E-1,-2.880336344E-1,2.281757593E-1,4.168264634E-1
8.459414583E0,-1.962917447E-1,-3.080162108E-1,2.187024057E-1,4.257172505E-1
8.469431583E0,-1.978912354E-1,-3.274181187E-1,2.063999325E-1,4.347004689E-1
8.479447583E0,-1.962961107E-1,-3.388160765E-1,1.913805455E-1,4.358382842E-1
8.489464583E0,-1.900475323E-1,-3.479104936E-1,1.752367318E-1,4.334370638E-1
8.499481583E0,-1.853035241E-1,-3.554688692E-1,1.607176960E-1,4.318862012E-1
8.509497583E0,-1.767129600E-1,-3.597019613E-1,1.376949251E-1,4.237603846E-1
8.519514583E0,-1.691179127E-1,-3.634355664E-1,1.200950667E-1,4.184603976E-1
8.529531583E0,-1.620102078E-1,-3.592759967E-1,9.518358856E-2,4.054460072E-1
8.539547583E0,-1.517894268E-1,-3.594529927E-1,7.094738632E-2,3.965854456E-1
8.549564583E0,-1.458939910E-1,-3.527469039E-1,4.970813915E-2,3.849497810E-1
8.559581583E0,-1.410813481E-1,-3.522300422E-1,2.581091784E-2,3.803106006E-1
8.569597583E0,-1.358562261E-1,-3.444719911E-1,4.436920863E-3,3.703208785E-1
8.579614583E0,-1.303611696E-1,-3.377178609E-1,-1.408261061E-2,3.622784952E-1
8.589631583E0,-1.258697510E-1,-3.311899006E-1,-3.317614645E-2,3.558519372E-1
8.599647583E0,-1.211558208E-1,-3.233455122E-1,-5.187471956E-2,3.491733662E-1
8.609664583E0,-1.215094924E-1,-3.110105395E-1,-6.648934633E-2,3.404599031E-1
8.619681583E0,-1.157772169E-1,-3.021862209E-1,-7.739707083E-2,3.327328998E-1
8.629697583E0,-1.096402332E-1,-2.833710015E-1,-8.660468459E-2,3.159437871E-1
8.639714583E0,-1.084779277E-1,-2.720388770E-1,-9.642226994E-2,3.083340162E-1
8.649731583E0,-1.010053605E-1,-2.481479347E-1,-9.875280410E-2,2.855373822E-1
8.659747583E0,-9.568085521E-2,-2.297353446E-1,-9.894674271E-2,2.678126445E-1
8.669764583E0,-8.707778156E-2,-2.103960067E-1,-9.783327579E-2,2.478313328E-1
8.679781583E0,-8.555657417E-2,-1.910001338E-1,-9.589767456E-2,2.302115168E-1
8.689797583E0,-7.667386532E-2,-1.733172834E-1,-8.576541394E-2,2.080227597E-1
8.699814583E0,-7.167743891E-2,-1.542443633E-1,-7.910747081E-2,1.875819042E-1
8.709831583E0,-6.314333528E-2,-1.333707720E-1,-6.681032479E-2,1.619829099E-1
8.719847583E0,-5.329428986E-2,-1.151804775E-1,-5.398424715E-2,1.379170862E-1
8.729864583E0,-4.143736139E-2,-9.158194065E-2,-4.110280424E-2,1.085990207E-1
8.739881583E0,-3.521097451E-2,-6.484455615E-2,-2.683497220E-2,7.851588962E-2
8.749897583E0,-2.128716931E-2,-4.360531643E-2,-1.430080459E-2,5.058735227E-2
8.759914583E0,-8.324637078E-3,-1.855592988E-2,2.865123097E-3,2.053852591E-2
8.769931583E0,1.521069207E-3,7.634129375E-3,2.043719217E-2,2.186944002E-2
8.779947583E0,8.838806301E-3,2.490258217E-2,3.505700827E-2,4.390053444E-2
8.789964583E0,1.739580929E-2,4.466243833E-2,4.800529778E-2,6.783698249E-2
8.799981583E0,2.680579014E-2,6.194454432E-2,5.636803806E-2,8.793766355E-2
8.809997583E0,3.551912308E-2,8.195660263E-2,6.528963149E-2,1.106400868E-1
8.820014583E0,4.811326787E-2,1.015008241E-1,7.110165805E-2,1.329388943E-1
8.830031583E0,5.206140503E-2,1.206391007E-1,6.846380234E-2,1.481603008E-1
8.840047583E0,5.732931942E-2,1.379211843E-1,7.075805962E-2,1.652743384E-1
8.850064583E0,6.049555168E-2,1.511405855E-1,6.904857606E-2,1.768357832E-1
8.860081583E0,7.012341917E-2,1.670216322E-1,5.811631680E-2,1.902393908E-1
8.870097583E0,7.354903966E-2,1.818410605E-1,4.695633799E-2,2.016941501E-1
8.880114583E0,7.704414427E-2,1.938277334E-1,3.601382673E-2,2.116647966E-1
8.890131583E0,8.052489161E-2,2.099297345E-1,2.247351781E-2,2.259641799E-1
8.900147583E0,8.699342608E-2,2.236603349E-1,3.256842960E-3,2.400050179E-1
8.910164583E0,8.845390379E-2,2.375114411E-1,-1.507981960E-2,2.538959998E-1
8.920181583E0,9.844576567E-2,2.483139932E-1,-3.368113935E-2,2.692319208E-1
8.930197583E0,1.030458435E-1,2.621552348E-1,-5.139009655E-2,2.863298012E-1
8.940214583E0,1.095347106E-1,2.746000886E-1,-7.302264869E-2,3.045248245E-1
8.950231583E0,1.179289892E-1,2.856929302E-1,-8.994384110E-2,3.218968646E-1
8.960247583E0,1.259877384E-1,2.971550822E-1,-1.123933867E-1,3.417694054E-1
8.970264583E0,1.388944834E-1,3.091323674E-1,-1.282280087E-1,3.623491691E-1
8.980281583E0,1.480154693E-1,3.215866685E-1,-1.457809508E-1,3.828559130E-1
8.990297583E0,1.626082510E-1,3.317090869E-1,-1.611026525E-1,4.030216201E-1
9.000314583E0,1.736839563E-1,3.447549641E-1,-1.759178042E-1,4.242277405E-1
9.010331583E0,1.845192909E-1,3.546150327E-1,-1.854734868E-1,4.406808419E-1
9.020347583E0,1.985507905E-1,3.635995686E-1,-1.908707619E-1,4.561345311E-1
9.030364583E0,2.105483264E-1,3.753294647E-1,-1.970716715E-1,4.733286897E-1
9.040381583E0,2.180329412E-1,3.787087500E-1,-2.003522068E-1,4.807282887E-1
9.050397583E0,2.259632945E-1,3.777135313E-1,-1.978200674E-1,4.825553867E-1
9.060414708E0,2.258871496E-1,3.716262281E-1,-1.961914450E-1,4.770976219E-1
9.070431708E0,2.231816500E-1,3.552456498E-1,-1.891007721E-1,4.601832490E-1
9.080447708E0,2.155092955E-1,3.333623707E-1,-1.814574599E-1,4.364648169E-1
9.090464708E0,2.034158707E-1,3.094778061E-1,-1.701635271E-1,4.075661356E-1
9.100481708E0,1.934562176E-1,2.844073772E-1,-1.581344306E-1,3.785754384E-1
9.110497708E0,1.787342727E-1,2.578756213E-1,-1.400720775E-1,3.436072805E-1
9.120514708E0,1.623688191E-1,2.350213528E-1,-1.221516207E-1,3.106761789E-1
9.130531708E0,1.466391236E-1,2.123338878E-1,-1.036165506E-1,2.780739147E-1
9.140547708E0,1.326196790E-1,1.928390861E-1,-8.294422925E-2,2.483035190E-1
9.150564708E0,1.177853271E-1,1.722874641E-1,-6.274228543E-2,2.179287681E-1
9.160581708E0,9.724178165E-2,1.485308856E-1,-3.791918233E-2,1.815358159E-1
9.170597708E0,7.758099586E-2,1.270184070E-1,-1.545381919E-2,1.496372519E-1
9.180614708E0,5.584898591E-2,9.810478240E-2,9.022174403E-3,1.132477690E-1
9.190631708E0,3.066720255E-2,6.868031621E-2,2.985528484E-2,8.092466361E-2
9.200648708E0,5.422144197E-3,3.441838175E-2,4.798145592E-2,5.929793219E-2
9.210664708E0,-1.914951205E-2,6.705373526E-4,7.154218107E-2,7.406373678E-2
9.220681708E0,-4.428592324E-2,-3.192467242E-2,9.258103371E-2,1.074787212E-1
9.230698708E0,-6.645674258E-2,-6.280189753E-2,1.105102375E-1,1.434332234E-1
9.240714708E0,-8.836472034E-2,-8.537217230E-2,1.293221712E-1,1.783842918E-1
9.250731708E0,-1.019068956E-1,-1.071248725E-1,1.467536390E-1,2.083203884E-1
9.260748708E0,-1.163068488E-1,-1.306847334E-1,1.603470296E-1,2.373119308E-1
9.270764708E0,-1.313433200E-1,-1.439110488E-1,1.742290258E-1,2.613756131E-1
9.280781708E0,-1.403582841E-1,-1.693010032E-1,1.861231327E-1,2.881060536E-1
9.290798708E0,-1.527529061E-1,-1.907341182E-1,1.940993071E-1,3.120696960E-1
9.300814708E0,-1.631391495E-1,-2.116411328E-1,2.011681795E-1,3.344771856E-1
9.310831708E0,-1.743699610E-1,-2.350247502E-1,2.016408890E-1,3.553879073E-1
9.320848708E0,-1.796738803E-1,-2.587329745E-1,2.075590789E-1,3.772349754E-1
9.330864708E0,-1.873136908E-1,-2.794696689E-1,2.056317627E-1,3.943020878E-1
9.340881708E0,-1.905261129E-1,-2.990413308E-1,2.017596215E-1,4.079618390E-1
9.350898708E0,-1.902563274E-1,-3.136320114E-1,1.962434202E-1,4.160216205E-1
9.360914708E0,-1.901362687E-1,-3.239291906E-1,1.877775490E-1,4.199313386E-1
9.370931708E0,-1.869708449E-1,-3.327378631E-1,1.795688868E-1,4.218027589E-1
9.380948708E0,-1.800973117E-1,-3.385957181E-1,1.655827165E-1,4.177316579E-1
9.390965708E0,-1.738724411E-1,-3.399278522E-1,1.546677500E-1,4.119522828E-1
9.400981708E0,-1.658196449E-1,-3.386537135E-1,1.373723149E-1,4.013148953E-1
9.410998708E0,-1.600978374E-1,-3.365626037E-1,1.183000952E-1,3.910250840E-1
9.421015708E0,-1.508973092E-1,-3.365834951E-1,1.018389910E-1,3.826612434E-1
9.431031708E0,-1.448926777E-1,-3.326529562E-1,8.177393675E-2,3.719393150E-1
9.441048708E0,-1.368608773E-1,-3.283427358E-1,6.584040821E-2,3.617662384E-1
9.451065708E0,-1.324786544E-1,-3.257323205E-1,4.782678559E-2,3.548796133E-1
9.461081708E0,-1.293316931E-1,-3.186337352E-1,3.145191073E-2,3.453163285E-1
9.471098708E0,-1.219155937E-1,-3.136291206E-1,1.331072580E-2,3.367548258E-1
9.481115708E0,-1.202944517E-1,-3.017454147E-1,-4.716692492E-3,3.248742797E-1
9.491131708E0,-1.128655598E-1,-2.932808399E-1,-1.709773019E-2,3.147135492E-1
9.501148708E0,-1.092030779E-1,-2.811460495E-1,-3.157158569E-2,3.032576106E-1
9.511165708E0,-1.065335274E-1,-2.618487775E-1,-4.371400177E-2,2.860508499E-1
9.521181708E0,-9.840635210E-2,-2.484314442E-1,-5.234423652E-2,2.722901241E-1
9.531198708E0,-9.135616571E-2,-2.312415391E-1,-5.865406245E-2,2.554582108E-1
9.541215708E0,-8.348871022E-2,-2.138676941E-1,-6.546185166E-2,2.387362757E-1
9.551232708E0,-7.919010520E-2,-1.985369325E-1,-6.696067750E-2,2.239904432E-1
9.561248708E0,-7.582325488E-2,-1.770017892E-1,-6.856437773E-2,2.044012555E-1
9.571265708E0,-6.981036812E-2,-1.596371830E-1,-6.919927895E-2,1.874728191E-1
9.581282708E0,-6.325411797E-2,-1.445293874E-1,-6.586468220E-2,1.709619361E-1
9.591298708E0,-5.777199939E-2,-1.250201315E-1,-6.184224039E-2,1.509705265E-1
9.601315708E0,-5.118032917E-2,-1.076415256E-1,-5.652758479E-2,1.319147147E-1
9.611332708E0,-3.850022331E-2,-8.606059849E-2,-4.834662005E-2,1.059532419E-1
9.621348708E0,-3.213002160E-2,-6.214262918E-2,-3.959978744E-2,8.038773423E-2
9.631365708E0,-1.945390739E-2,-3.854968399E-2,-2.915300615E-2,5.210019593E-2
9.641382708E0,-1.148785837E-2,-1.341530401E-2,-1.921142451E-2,2.609636188E-2
9.651398708E0,-8.338824846E-4,6.062256172E-3,-1.333143190E-2,1.466878953E-2
9.661415708E0,7.351847831E-3,2.552122995E-2,-2.600329462E-3,2.668603676E-2
9.671432708E0,1.355195325E-2,3.759946302E-2,7.504502311E-3,4.066561952E-2
9.681449708E0,2.026455849E-2,5.884020776E-2,1.190553512E-2,6.336058827E-2
9.691465708E0,3.049668856E-2,7.959182560E-2,1.798286848E-2,8.711079310E-2
9.701482708E0,4.092461616E-2,9.543824196E-2,2.263402566E-2,1.062806725E-1
9.711499708E0,4.360109568E-2,1.182277128E-1,1.673192717E-2,1.271172884E-1
9.721515708E0,5.002335832E-2,1.291020066E-1,1.854628325E-2,1.396911919E-1
9.731532708E0,5.535607040E-2,1.465342641E-1,1.419680938E-2,1.572836116E-1
9.741549708E0,6.004659459E-2,1.599343270E-1,8.468460292E-3,1.710447231E-1
9.751565708E0,6.645309180E-2,1.770283580E-1,1.298431074E-3,1.890945236E-1
9.761582708E0,7.480569184E-2,1.880733371E-1,-8.616252802E-3,2.025875402E-1
9.771599708E0,7.940044254E-2,2.024381459E-1,-2.108464018E-2,2.184724130E-1
9.781616708E0,8.465974033E-2,2.150596231E-1,-3.080325946E-2,2.331667942E-1
9.791632708E0,9.302206337E-2,2.298412323E-1,-4.304527864E-2,2.516604704E-1
9.801649708E0,9.818324447E-2,2.399470508E-1,-5.634309351E-2,2.653094059E-1
9.811666708E0,1.057993472E-1,2.535054684E-1,-7.118248940E-2,2.837701026E-1
9.821682708E0,1.141714752E-1,2.677204907E-1,-8.388251066E-2,3.028954646E-1
9.831699708E0,1.217644140E-1,2.794770300E-1,-9.802469611E-2,3.202230846E-1
9.841716708E0,1.276990324E-1,2.912469804E-1,-1.072716117E-1,3.356174089E-1
9.851732708E0,1.400318742E-1,3.027856648E-1,-1.214018166E-1,3.550020925E-1
9.861749708E0,1.471292973E-1,3.157054484E-1,-1.303400397E-1,3.718944557E-1
9.871766708E0,1.588304192E-1,3.227460384E-1,-1.371654570E-1,3.849759343E-1
9.881783708E0,1.738101542E-1,3.322042823E-1,-1.468810290E-1,4.026706987E-1
9.891799708E0,1.825586408E-1,3.471017480E-1,-1.506251693E-1,4.201133447E-1
9.901816708E0,1.917833090E-1,3.546139598E-1,-1.529606581E-1,4.311946904E-1
9.911833708E0,2.005821317E-1,3.645296991E-1,-1.549420506E-1,4.439843828E-1
9.921849708E0,2.038970739E-1,3.657592833E-1,-1.553826332E-1,4.466515787E-1
9.931866708E0,2.101083696E-1,3.643438220E-1,-1.523692757E-1,4.473347111E-1
9.941883708E0,2.070297152E-1,3.558072746E-1,-1.466443837E-1,4.369950742E-1
9.951900708E0,2.041306049E-1,3.395838141E-1,-1.398874074E-1,4.201844326E-1
9.961916708E0,1.939855069E-1,3.182483613E-1,-1.303657591E-1,3.948513993E-1
9.971933708E0,1.837515086E-1,2.933581769E-1,-1.205581352E-1,3.665486337E-1
9.981950708E0,1.715957075E-1,2.687666118E-1,-1.069763303E-1,3.363398783E-1
9.991966708E0,1.562300622E-1,2.468535900E-1,-9.288927168E-2,3.065500678E-1
1.000198371E1,1.421689689E-1,2.220910937E-1,-8.113383502E-2,2.758970257E-1
1.001200071E1,1.295109689E-1,2.019818276E-1,-6.383474171E-2,2.482833543E-1
1.002201671E1,1.148605123E-1,1.809830368E-1,-4.736840725E-2,2.195257682E-1
1.003203371E1,9.880831093E-2,1.624998897E-1,-2.992257103E-2,1.925218344E-1
1.004205071E1,8.305422217E-2,1.411715299E-1,-1.286912523E-2,1.642955235E-1
1.005206771E1,6.373672187E-2,1.147825271E-1,6.363159977E-3,1.314453805E-1
1.006208321E1,4.451018199E-2,8.551889658E-2,2.388019115E-2,9.932221052E-2
1.007210021E1,2.083894052E-2,5.632106215E-2,3.678187355E-2,7.042179851E-2
1.008211721E1,-1.430113218E-3,2.426119894E-2,5.287202075E-2,5.819021890E-2
1.009213321E1,-2.425473370E-2,-1.119692624E-2,7.038257271E-2,7.528193545E-2
1.010215021E1,-4.274901003E-2,-4.155733809E-2,8.376275003E-2,1.028138536E-1
1.011216721E1,-6.481570005E-2,-6.586587429E-2,9.693261236E-2,1.339228125E-1
1.012218421E1,-7.781876624E-2,-9.041387588E-2,1.072992906E-1,1.604480199E-1
1.013220021E1,-8.997982740E-2,-1.057190597E-1,1.191479564E-1,1.829456871E-1
1.014221721E1,-1.015142798E-1,-1.261202693E-1,1.310111433E-1,2.082675947E-1
1.015223421E1,-1.173992380E-1,-1.467640251E-1,1.410395503E-1,2.349774774E-1
1.016225021E1,-1.262626797E-1,-1.698303968E-1,1.457789838E-1,2.569749795E-1
1.017226721E1,-1.388831288E-1,-1.896336675E-1,1.536781937E-1,2.808316907E-1
1.018228421E1,-1.483316272E-1,-2.144420296E-1,1.547807306E-1,3.032238946E-1
1.019230121E1,-1.574380398E-1,-2.406273037E-1,1.596396714E-1,3.288967321E-1
1.020231721E1,-1.658650637E-1,-2.615608573E-1,1.615862697E-1,3.493356895E-1
1.021233421E1,-1.728398800E-1,-2.820200622E-1,1.583745033E-1,3.667307226E-1
1.022235121E1,-1.767768413E-1,-2.948876023E-1,1.554843336E-1,3.773382138E-1
1.023236721E1,-1.758484691E-1,-3.093504310E-1,1.513780057E-1,3.866984275E-1
1.024238421E1,-1.746552140E-1,-3.178690970E-1,1.471415460E-1,3.914024031E-1
1.025240121E1,-1.728354841E-1,-3.235496283E-1,1.366683990E-1,3.914520632E-1
1.026241821E1,-1.702442914E-1,-3.250906169E-1,1.294310540E-1,3.891264906E-1
1.027243421E1,-1.646116972E-1,-3.256094158E-1,1.203320920E-1,3.841852611E-1
1.028245121E1,-1.577544510E-1,-3.262620866E-1,1.107036844E-1,3.789310250E-1
1.029246821E1,-1.523812711E-1,-3.228622973E-1,9.810294211E-2,3.702489731E-1
1.030248521E1,-1.486891806E-1,-3.211164474E-1,8.593212813E-2,3.641546044E-1
1.031250121E1,-1.432685703E-1,-3.197688758E-1,7.400649786E-2,3.581270430E-1
1.032251821E1,-1.371939182E-1,-3.173667192E-1,6.157318875E-2,3.511909214E-1
1.033253521E1,-1.327466965E-1,-3.093521893E-1,4.869041219E-2,3.401341187E-1
1.034255121E1,-1.266213953E-1,-3.048349917E-1,3.697772324E-2,3.321516249E-1
1.035256821E1,-1.206236929E-1,-2.975581586E-1,2.829075977E-2,3.223217339E-1
1.036258521E1,-1.175190508E-1,-2.842732668E-1,1.347690169E-2,3.079020045E-1
1.037260221E1,-1.105178669E-1,-2.774366736E-1,7.070933469E-3,2.987227894E-1
1.038261821E1,-1.060243547E-1,-2.609499097E-1,-1.518965699E-3,2.816705991E-1
1.039263521E1,-1.006154716E-1,-2.456761599E-1,-8.330265991E-3,2.656118258E-1
1.040265221E1,-9.112368524E-2,-2.289539427E-1,-1.603204384E-2,2.469422206E-1
1.041266921E1,-8.470786363E-2,-2.122244984E-1,-1.884886622E-2,2.292813547E-1
1.042268521E1,-7.835841924E-2,-1.945430040E-1,-2.578003332E-2,2.113093287E-1
1.043270221E1,-6.847755611E-2,-1.799083948E-1,-2.651133575E-2,1.943168987E-1
1.044271921E1,-6.686437875E-2,-1.627707928E-1,-2.721640281E-2,1.780615307E-1
1.045273521E1,-6.371705979E-2,-1.459396183E-1,-2.322459221E-2,1.609273675E-1
1.046275221E1,-5.597098917E-2,-1.320483088E-1,-2.433193475E-2,1.454701019E-1
1.047276921E1,-5.045638233E-2,-1.136155054E-1,-1.959896460E-2,1.258508999E-1
1.048278621E1,-4.272585362E-2,-9.426913410E-2,-1.982706785E-2,1.053815963E-1
1.049280221E1,-3.210916370E-2,-7.564671338E-2,-1.002743468E-2,8.278872559E-2
1.050281921E1,-2.207312919E-2,-5.171143636E-2,-7.746516261E-3,5.675653440E-2
1.051283621E1,-1.549805142E-2,-2.828307822E-2,-5.674843211E-3,3.274638846E-2
1.052285321E1,-2.604308538E-3,-9.187331423E-3,-4.133014008E-4,9.558258193E-3
1.053286921E1,4.420815676E-4,9.868652560E-3,7.365259342E-3,1.232204466E-2
1.054288621E1,7.331291214E-3,2.641085722E-2,6.245997734E-3,2.811216280E-2
1.055290321E1,1.217797864E-2,4.232697189E-2,1.320643537E-2,4.598136197E-2
1.056291921E1,2.119440585E-2,6.254635751E-2,1.269655675E-2,6.724918015E-2
1.057293621E1,2.895831876E-2,8.171206713E-2,1.085391641E-2,8.736849341E-2
1.058295321E1,3.641027957E-2,9.541094303E-2,6.957313046E-3,1.023589796E-1
1.059297021E1,4.282157496E-2,1.124458537E-1,6.554753054E-4,1.203253379E-1
1.060298621E1,4.799382761E-2,1.241699159E-1,-4.030373879E-3,1.331834052E-1
1.061300321E1,5.292120948E-2,1.422280222E-1,-1.492962614E-2,1.524872403E-1
1.062302021E1,5.944372714E-2,1.559945345E-1,-2.307503670E-2,1.685239117E-1
1.063303721E1,6.519934535E-2,1.678519845E-1,-3.388321027E-2,1.832302248E-1
1.064305321E1,6.941134483E-2,1.827113777E-1,-4.681225121E-2,2.009795244E-1
1.065307021E1,7.696167380E-2,1.946929395E-1,-6.041993573E-2,2.178967842E-1
1.066308721E1,8.299352974E-2,2.073618621E-1,-7.287476957E-2,2.349416946E-1
1.067310421E1,9.116756916E-2,2.200720608E-1,-8.524089307E-2,2.530004891E-1
1.068312021E1,9.646181017E-2,2.333950251E-1,-9.974924475E-2,2.715290600E-1
1.069313721E1,1.053546369E-1,2.439049333E-1,-1.106785908E-1,2.878175924E-1
1.070315421E1,1.125554442E-1,2.548623979E-1,-1.230158508E-1,3.045594678E-1
1.071317021E1,1.217244416E-1,2.686490417E-1,-1.342666447E-1,3.240627704E-1
1.072318721E1,1.322205365E-1,2.795545161E-1,-1.419720352E-1,3.402779107E-1
1.073320421E1,1.426582634E-1,2.895850539E-1,-1.504496783E-1,3.561544458E-1
1.074322121E1,1.522675604E-1,3.009628057E-1,-1.566830128E-1,3.719053467E-1
1.075323721E1,1.595166922E-1,3.121299744E-1,-1.609677672E-1,3.857218143E-1
1.076325421E1,1.722014397E-1,3.226400018E-1,-1.614760160E-1,3.997804527E-1
1.077327121E1,1.820545942E-1,3.338415325E-1,-1.631993353E-1,4.137971328E-1
1.078328821E1,1.899263710E-1,3.398586512E-1,-1.601790190E-1,4.209907924E-1
1.079330421E1,1.957086176E-1,3.455237448E-1,-1.537802368E-1,4.258366852E-1
1.080332121E1,1.999394745E-1,3.451574445E-1,-1.522645652E-1,4.269589591E-1
1.081333821E1,2.025022358E-1,3.416268826E-1,-1.378832310E-1,4.203901376E-1
1.082335521E1,1.959793717E-1,3.331894279E-1,-1.322966367E-1,4.085651833E-1
1.083337121E1,1.897017658E-1,3.141712546E-1,-1.173901334E-1,3.853190634E-1
1.084338821E1,1.813244820E-1,2.965592146E-1,-1.048626006E-1,3.630731338E-1
1.085340521E1,1.655718833E-1,2.723689079E-1,-8.755604923E-2,3.305524653E-1
1.086342221E1,1.546351761E-1,2.507942319E-1,-7.223308831E-2,3.033601877E-1
1.087343821E1,1.397401094E-1,2.294756323E-1,-5.777318776E-2,2.748164937E-1
1.088345521E1,1.262435168E-1,2.111199200E-1,-4.179625586E-2,2.495114690E-1
1.089347221E1,1.108853370E-1,1.926511675E-1,-2.469929494E-2,2.236517057E-1
1.090348921E1,9.674432129E-2,1.740962267E-1,-4.382909276E-3,1.992188991E-1
1.091350521E1,8.187402785E-2,1.558434665E-1,1.132947486E-2,1.764054973E-1
1.092352221E1,6.605885923E-2,1.312962323E-1,2.736494876E-2,1.495035583E-1
1.093353921E1,4.534399882E-2,1.084473729E-1,4.779645428E-2,1.268913392E-1
1.094355621E1,2.344040759E-2,7.959558070E-2,6.331672519E-2,1.043739281E-1
1.095357221E1,4.030224402E-3,5.047950149E-2,7.595422119E-2,9.128782227E-2
1.096358921E1,-1.687054709E-2,1.807583123E-2,8.968490362E-2,9.303081732E-2
1.097360621E1,-3.503836691E-2,-1.190656982E-2,1.003277004E-1,1.069350318E-1
1.098362321E1,-5.395369977E-2,-4.118708894E-2,1.096760407E-1,1.289814402E-1
1.099363921E1,-6.792384386E-2,-6.560800970E-2,1.226277947E-1,1.547760820E-1
1.100365621E1,-7.966034859E-2,-8.246307075E-2,1.304824501E-1,1.736997380E-1
1.101367321E1,-9.481932968E-2,-1.029363871E-1,1.321679652E-1,1.924966911E-1
1.102369021E1,-1.008632779E-1,-1.206074208E-1,1.415070593E-1,2.115273000E-1
1.103370621E1,-1.115300357E-1,-1.401579678E-1,1.442130953E-1,2.299578693E-1
1.104372321E1,-1.222580001E-1,-1.621486545E-1,1.472330391E-1,2.508321601E-1
1.105374021E1,-1.299510747E-1,-1.886076927E-1,1.469821632E-1,2.721468351E-1
1.106375733E1,-1.391474754E-1,-2.109962255E-1,1.457085013E-1,2.917402859E-1
1.107377333E1,-1.472887546E-1,-2.350778580E-1,1.414951235E-1,3.114104149E-1
1.108379033E1,-1.523506194E-1,-2.559117675E-1,1.370670795E-1,3.278550416E-1
1.109380733E1,-1.592093259E-1,-2.737911642E-1,1.305284947E-1,3.425593364E-1
1.110382433E1,-1.614349782E-1,-2.888652682E-1,1.249388531E-1,3.537147331E-1
1.111384133E1,-1.617361903E-1,-2.990507782E-1,1.161168665E-1,3.592674350E-1
1.112385733E1,-1.570971608E-1,-3.069196343E-1,1.067475826E-1,3.609352106E-1
1.113387433E1,-1.589573771E-1,-3.137969673E-1,9.796128422E-2,3.651470904E-1
1.114389133E1,-1.570382714E-1,-3.153473139E-1,8.980654925E-2,3.635521467E-1
1.115390833E1,-1.511590779E-1,-3.163404167E-1,7.653281838E-2,3.588559576E-1
1.116392433E1,-1.462794244E-1,-3.180763125E-1,6.766191125E-2,3.565786657E-1
1.117394133E1,-1.447726041E-1,-3.180592954E-1,5.574745685E-2,3.538765339E-1
1.118395833E1,-1.432150602E-1,-3.173964024E-1,4.199060425E-2,3.507338600E-1
1.119397533E1,-1.359299868E-1,-3.140274882E-1,3.550900146E-2,3.440219671E-1
1.120399133E1,-1.325610876E-1,-3.104088008E-1,2.425155416E-2,3.383994732E-1
1.121400833E1,-1.274347752E-1,-3.065751791E-1,1.855158992E-2,3.325238696E-1
1.122402533E1,-1.257368326E-1,-2.959268689E-1,8.671090007E-3,3.216483338E-1
1.123404233E1,-1.222259998E-1,-2.852523923E-1,1.173226396E-3,3.103377173E-1
1.124405833E1,-1.139777303E-1,-2.747374177E-1,-5.354228895E-3,2.974898981E-1
1.125407533E1,-1.078327596E-1,-2.592247427E-1,-7.606730331E-3,2.808615915E-1
1.126409233E1,-1.046226770E-1,-2.453738600E-1,-1.470943261E-2,2.671527711E-1
1.127410933E1,-9.463661909E-2,-2.282241583E-1,-1.614194736E-2,2.475942620E-1
1.128412633E1,-9.099575132E-2,-2.132664621E-1,-1.726534218E-2,2.325100055E-1
1.129414233E1,-8.116576076E-2,-1.996369362E-1,-1.569673978E-2,2.160767795E-1
1.130415933E1,-7.512126118E-2,-1.833359301E-1,-1.471248269E-2,1.986749212E-1
1.131417633E1,-7.080267370E-2,-1.639302671E-1,-1.111721434E-2,1.789126701E-1
1.132419333E1,-6.528219581E-2,-1.519791931E-1,-7.424355485E-3,1.655734317E-1
1.133420933E1,-5.656274036E-2,-1.393390298E-1,-6.351587363E-4,1.503832180E-1
1.134422633E1,-5.201717839E-2,-1.186015755E-1,2.226188313E-3,1.295263544E-1
1.135424333E1,-4.054108262E-2,-1.007192507E-1,8.711252362E-3,1.089212228E-1
1.136426033E1,-3.358430043E-2,-7.812157273E-2,1.303174347E-2,8.602738924E-2
1.137427633E1,-2.778553218E-2,-5.503409356E-2,1.807177626E-2,6.424466008E-2
1.138429333E1,-1.697412133E-2,-3.823745996E-2,2.906495705E-2,5.094110195E-2
1.139431033E1,-7.599261589E-3,-1.868852600E-2,3.159123287E-2,3.748354005E-2
1.140432733E1,-8.079701802E-4,-5.024718121E-4,3.769613430E-2,3.770814017E-2
1.141434433E1,7.482183632E-3,1.706373692E-2,4.190792516E-2,4.586314839E-2
1.142436033E1,1.515615918E-2,2.948893979E-2,4.350320250E-2,5.469767233E-2
1.143437733E1,2.097383328E-2,5.010899901E-2,4.303129017E-2,6.930011110E-2
1.144439433E1,2.425218560E-2,6.733059138E-2,4.145549610E-2,8.270510987E-2
1.145441133E1,3.054736555E-2,8.232818544E-2,3.694197163E-2,9.526689313E-2
1.146442733E1,3.601349890E-2,9.912586212E-2,2.867546491E-2,1.092940572E-1
1.147444433E1,4.426237196E-2,1.121838763E-1,2.053684369E-2,1.223361828E-1
1.148446133E1,4.870891199E-2,1.258804798E-1,1.128583960E-2,1.354467551E-1
1.149447833E1,5.151508376E-2,1.403869838E-1,-3.916283138E-3,1.495915985E-1
1.150449533E1,5.736654624E-2,1.539407521E-1,-1.816459000E-2,1.652834781E-1
1.151451133E1,6.055648252E-2,1.651864797E-1,-3.554624319E-2,1.794914930E-1
1.152452833E1,7.118164748E-2,1.777922511E-1,-5.000398308E-2,1.979325891E-1
1.153454533E1,7.319499552E-2,1.939826757E-1,-6.691904366E-2,2.178645089E-1
1.154456233E1,7.984593511E-2,2.055763453E-1,-8.625239879E-2,2.368047369E-1
1.155457933E1,8.559677005E-2,2.135131061E-1,-1.012593061E-1,2.513326493E-1
1.156459533E1,9.055543691E-2,2.262670994E-1,-1.177108809E-1,2.706528014E-1
1.157461233E1,1.003129929E-1,2.358214706E-1,-1.322360188E-1,2.883761904E-1
1.158462933E1,1.098883897E-1,2.473735064E-1,-1.445646435E-1,3.068681248E-1
1.159464633E1,1.201764420E-1,2.598780990E-1,-1.597494483E-1,3.278702331E-1
1.160466233E1,1.285373122E-1,2.715525925E-1,-1.697796732E-1,3.450909859E-1
1.161467933E1,1.416262239E-1,2.763651907E-1,-1.764524877E-1,3.571710884E-1
1.162469633E1,1.492506266E-1,2.885785699E-1,-1.852708757E-1,3.740035266E-1
1.163471333E1,1.607176661E-1,2.999478877E-1,-1.869433522E-1,3.882611498E-1
1.164473033E1,1.719900221E-1,3.065032661E-1,-1.904563159E-1,3.997479557E-1
1.165474633E1,1.792508662E-1,3.167638779E-1,-1.890565604E-1,4.101373067E-1
1.166476333E1,1.873122156E-1,3.208148777E-1,-1.854129136E-1,4.151939311E-1
1.167478033E1,1.932878196E-1,3.257877827E-1,-1.786077321E-1,4.188061395E-1
1.168479733E1,1.940114051E-1,3.229386806E-1,-1.727942824E-1,4.144727745E-1
1.169481433E1,1.941120774E-1,3.175644279E-1,-1.576187909E-1,4.041909792E-1
1.170483033E1,1.883939207E-1,3.034268320E-1,-1.462921351E-1,3.859553089E-1
1.171484733E1,1.815309674E-1,2.885434926E-1,-1.291706711E-1,3.645489014E-1
1.172486433E1,1.713234037E-1,2.699761987E-1,-1.138069034E-1,3.393978016E-1
1.173488133E1,1.577231735E-1,2.492261827E-1,-9.279030561E-2,3.091930310E-1
1.174489833E1,1.435694695E-1,2.334093302E-1,-7.827709615E-2,2.849901960E-1
1.175491433E1,1.318478286E-1,2.130510658E-1,-5.757821351E-2,2.570794765E-1
1.176493133E1,1.186849624E-1,1.944105476E-1,-3.341188654E-2,2.302128048E-1
1.177494833E1,1.051598340E-1,1.796078980E-1,-1.118754316E-2,2.084292418E-1
1.178496533E1,8.552145213E-2,1.617929637E-1,1.044420060E-2,1.833029275E-1
1.179498233E1,7.038857043E-2,1.428075582E-1,3.122617677E-2,1.622455658E-1
1.180499833E1,5.231210217E-2,1.180063337E-1,5.104169622E-2,1.388067202E-1
1.181501533E1,3.140229359E-2,9.292228520E-2,7.076159865E-2,1.209456860E-1
1.182503233E1,1.411841437E-2,6.766107678E-2,8.704932034E-2,1.111527557E-1
1.183504933E1,-1.016242430E-2,3.932850435E-2,1.031031236E-1,1.108163355E-1
1.184506533E1,-2.709449828E-2,1.015652344E-2,1.161000952E-1,1.196515730E-1
1.185508233E1,-4.752200842E-2,-1.094157156E-2,1.284680814E-1,1.374121800E-1
1.186509933E1,-6.196517125E-2,-3.881275654E-2,1.398500353E-1,1.578104714E-1
1.187511633E1,-7.492384315E-2,-5.893107504E-2,1.517959088E-1,1.792441123E-1
1.188513333E1,-8.639088273E-2,-7.635560632E-2,1.582354307E-1,1.957856347E-1
1.189515033E1,-9.920708090E-2,-9.591946006E-2,1.648499221E-1,2.149839169E-1
1.190516633E1,-1.023170054E-1,-1.137366444E-1,1.669555604E-1,2.264485660E-1
1.191518333E1,-1.153609008E-1,-1.336299330E-1,1.707811803E-1,2.456243228E-1
1.192520033E1,-1.218035072E-1,-1.568675786E-1,1.689680666E-1,2.607560912E-1
1.193521733E1,-1.307432055E-1,-1.801422685E-1,1.648361683E-1,2.769765064E-1
1.194523433E1,-1.376824677E-1,-2.014025003E-1,1.627028733E-1,2.932433359E-1
1.195525033E1,-1.457065642E-1,-2.218550444E-1,1.531509161E-1,3.064396623E-1
1.196526733E1,-1.497544497E-1,-2.421719432E-1,1.482514143E-1,3.210173315E-1
1.197528433E1,-1.499123871E-1,-2.604867518E-1,1.376877129E-1,3.305827853E-1
1.198530133E1,-1.518531740E-1,-2.757764757E-1,1.292883158E-1,3.403344231E-1
1.199531833E1,-1.497279704E-1,-2.839228213E-1,1.167347133E-1,3.415517923E-1
1.200533433E1,-1.494177878E-1,-2.903878689E-1,1.013698280E-1,3.419453637E-1
1.201535133E1,-1.477088332E-1,-2.989328802E-1,8.951369673E-2,3.452411739E-1
1.202536833E1,-1.439942867E-1,-3.015769720E-1,7.749704272E-2,3.430580363E-1
1.203538533E1,-1.412179321E-1,-3.064846694E-1,6.288906932E-2,3.432643180E-1
1.204540233E1,-1.360715628E-1,-3.041605055E-1,4.719907418E-2,3.365365298E-1
1.205541833E1,-1.343471557E-1,-3.053722382E-1,3.551764786E-2,3.355038977E-1
1.206543533E1,-1.289794147E-1,-3.053150773E-1,2.042559907E-2,3.320695574E-1
1.207545233E1,-1.296681017E-1,-3.051283956E-1,7.051737513E-3,3.316125471E-1
1.208546933E1,-1.238293126E-1,-2.998127639E-1,-4.567592405E-3,3.244106271E-1
1.209548633E1,-1.197943613E-1,-2.936914861E-1,-1.183242910E-2,3.174041342E-1
1.210550333E1,-1.170355082E-1,-2.868639231E-1,-2.000592276E-2,3.104649054E-1
1.211551933E1,-1.112247556E-1,-2.772989273E-1,-2.825133502E-2,3.001062800E-1
1.212553633E1,-1.054200679E-1,-2.615864575E-1,-3.581115603E-2,2.842943973E-1
1.213555333E1,-1.048469543E-1,-2.483942062E-1,-3.898697346E-2,2.724198040E-1
1.214557033E1,-9.915182739E-2,-2.336444259E-1,-4.205001518E-2,2.572722418E-1
1.215558733E1,-9.227155149E-2,-2.176745236E-1,-4.534860700E-2,2.407337400E-1
1.216560333E1,-8.658911288E-2,-2.019422203E-1,-3.956916556E-2,2.232578189E-1
1.217562033E1,-7.908672094E-2,-1.894876808E-1,-3.648549318E-2,2.085461144E-1
1.218563733E1,-7.405572385E-2,-1.757002175E-1,-3.456808999E-2,1.937776290E-1
1.219565433E1,-6.774163246E-2,-1.575515717E-1,-2.706064098E-2,1.736194252E-1
1.220567133E1,-6.044374034E-2,-1.416905075E-1,-2.334057167E-2,1.558025287E-1
1.221568833E1,-5.413524434E-2,-1.268859953E-1,-1.010146551E-2,1.383210761E-1
1.222570433E1,-4.824741930E-2,-1.085458398E-1,-2.115239389E-3,1.188044067E-1
1.223572133E1,-3.808905929E-2,-8.896414936E-2,4.693664610E-3,9.688873410E-2
1.224573833E1,-2.930954844E-2,-7.173726708E-2,1.397731528E-2,7.874420905E-2
1.225575533E1,-2.236215957E-2,-4.797282070E-2,2.392635308E-2,5.808552383E-2
1.226577233E1,-1.221366785E-2,-2.782932669E-2,3.463070840E-2,4.607527613E-2
1.227578933E1,-5.154427141E-3,-1.166154165E-2,4.139753431E-2,4.331645784E-2
1.228580533E1,1.696246210E-3,8.928813972E-3,4.897221923E-2,4.980842525E-2
1.229582233E1,8.781054057E-3,1.908211410E-2,5.516327173E-2,5.902728637E-2
1.230583933E1,1.629591919E-2,3.847031668E-2,5.838315561E-2,7.179216606E-2
1.231585633E1,2.031436190E-2,5.396645144E-2,5.987771973E-2,8.312877059E-2
1.232587333E1,3.036656976E-2,7.083015144E-2,6.127821282E-2,9.845840887E-2
1.233588933E1,3.306888044E-2,8.646637201E-2,5.577052757E-2,1.080756036E-1
1.234590633E1,3.676652908E-2,1.006193012E-1,4.924757034E-2,1.179039635E-1
1.235592333E1,4.302096367E-2,1.144637465E-1,4.304320365E-2,1.296359131E-1
1.236594033E1,4.808496311E-2,1.271534413E-1,2.912605554E-2,1.390269342E-1
1.237595733E1,5.397667363E-2,1.414599419E-1,1.591624320E-2,1.522423175E-1
1.238597433E1,6.053705141E-2,1.548213512E-1,3.757983446E-3,1.662784045E-1
1.239599133E1,6.377465278E-2,1.665427238E-1,-1.214188803E-2,1.787487360E-1
1.240600733E1,6.867811084E-2,1.789547950E-1,-2.984190732E-2,1.939897961E-1
1.241602433E1,7.074152678E-2,1.880936921E-1,-5.105984583E-2,2.073420084E-1
1.242604133E1,7.932454348E-2,2.016651481E-1,-6.785163283E-2,2.270794118E-1
1.243605833E1,8.682453632E-2,2.109699696E-1,-8.662479371E-2,2.440300864E-1
1.244607533E1,9.258370847E-2,2.217166424E-1,-1.026402116E-1,2.612757655E-1
1.245609233E1,9.861816466E-2,2.320435792E-1,-1.210996509E-1,2.797050062E-1
1.246610833E1,1.077711359E-1,2.414300144E-1,-1.392380595E-1,2.988148370E-1
1.247612533E1,1.157944426E-1,2.509265840E-1,-1.530646533E-1,3.159134242E-1
1.248614233E1,1.275028586E-1,2.621478438E-1,-1.639932692E-1,3.344731130E-1
1.249615933E1,1.374148875E-1,2.697990835E-1,-1.769911051E-1,3.507139120E-1
1.250617633E1,1.472405642E-1,2.795750797E-1,-1.835380793E-1,3.654151550E-1
1.251619333E1,1.544713080E-1,2.884727120E-1,-1.933244020E-1,3.800686977E-1
1.252620933E1,1.644314528E-1,2.934664488E-1,-1.955244839E-1,3.890887855E-1
1.253622633E1,1.744121909E-1,3.001792133E-1,-1.950224787E-1,3.981971115E-1
1.254624333E1,1.818418652E-1,3.051553071E-1,-1.944127679E-1,4.049475888E-1
1.255626033E1,1.850895882E-1,3.051257432E-1,-1.880227774E-1,4.033763003E-1
1.256627733E1,1.875305623E-1,3.008564413E-1,-1.818563640E-1,3.984395151E-1
1.257629433E1,1.861009896E-1,2.911041975E-1,-1.729374379E-1,3.863710516E-1
1.258631033E1,1.764612347E-1,2.772797644E-1,-1.613703370E-1,3.661461740E-1
1.259632733E1,1.697010547E-1,2.621170580E-1,-1.459857821E-1,3.446964587E-1
1.260634433E1,1.625580788E-1,2.386483848E-1,-1.291810721E-1,3.163319932E-1
1.261636133E1,1.494595855E-1,2.247568071E-1,-1.117727757E-1,2.921419919E-1
1.262637833E1,1.350644231E-1,2.059570998E-1,-9.381279349E-2,2.635556214E-1
1.263639533E1,1.244282946E-1,1.926290393E-1,-7.040360570E-2,2.398854205E-1
1.264641233E1,1.145870686E-1,1.748166084E-1,-4.582917690E-2,2.139891500E-1
1.265642833E1,9.824244678E-2,1.575601250E-1,-2.410896681E-2,1.872378531E-1
1.266644533E1,8.379704505E-2,1.400978118E-1,-3.474451602E-3,1.632832308E-1
1.267646233E1,6.686972827E-2,1.223435849E-1,1.671843417E-2,1.404244258E-1
1.268647933E1,4.838509113E-2,9.870437533E-2,4.033629224E-2,1.170926438E-1
1.269649633E1,2.510426752E-2,7.492021471E-2,6.140482798E-2,1.000690548E-1
1.270651333E1,6.367590278E-3,5.146171153E-2,7.885694504E-2,9.437834360E-2
1.271653033E1,-1.872817613E-2,2.322234772E-2,9.688334912E-2,1.013726065E-1
1.272654633E1,-3.562125564E-2,-3.361956216E-3,1.156318188E-1,1.210408779E-1
1.273656333E1,-5.122844502E-2,-2.286668122E-2,1.302400529E-1,1.418087095E-1
1.274658033E1,-6.483457983E-2,-4.342376441E-2,1.441983283E-1,1.639582384E-1
1.275659733E1,-7.501211762E-2,-6.100275740E-2,1.565641761E-1,1.840122154E-1
1.276661433E1,-8.632171899E-2,-7.639274746E-2,1.679827869E-1,2.037290056E-1
1.277663133E1,-9.579564631E-2,-9.406840801E-2,1.726694107E-1,2.187244765E-1
1.278664833E1,-1.058564857E-1,-1.119996011E-1,1.791306585E-1,2.362991727E-1
1.279666433E1,-1.138547584E-1,-1.294819117E-1,1.828202009E-1,2.513000146E-1
1.280668133E1,-1.223194823E-1,-1.528616548E-1,1.843655705E-1,2.689226745E-1
1.281669833E1,-1.272891909E-1,-1.733083427E-1,1.813396811E-1,2.812870415E-1
1.282671533E1,-1.371978819E-1,-1.934813261E-1,1.781699359E-1,2.966526731E-1
1.283673233E1,-1.397683620E-1,-2.153011411E-1,1.750737429E-1,3.107098194E-1
1.284674933E1,-1.457214057E-1,-2.269865870E-1,1.668075174E-1,3.171472634E-1
1.285676633E1,-1.474426091E-1,-2.423836589E-1,1.562177241E-1,3.238721019E-1
1.286678233E1,-1.474798769E-1,-2.557041943E-1,1.480128020E-1,3.302161998E-1
1.287679933E1,-1.449248344E-1,-2.650049925E-1,1.349052638E-1,3.308024847E-1
1.288681633E1,-1.440248936E-1,-2.743274271E-1,1.225419715E-1,3.331894987E-1
1.289683333E1,-1.375294328E-1,-2.799195349E-1,1.071182787E-1,3.297629703E-1
1.290685033E1,-1.345830262E-1,-2.842672467E-1,9.190557152E-2,3.276691816E-1
1.291686733E1,-1.337428093E-1,-2.850808203E-1,7.361578196E-2,3.233844407E-1
1.292688433E1,-1.285402477E-1,-2.902234495E-1,5.799558014E-2,3.226696968E-1
1.293690133E1,-1.247114241E-1,-2.925284207E-1,4.410719499E-2,3.210471318E-1
1.294691733E1,-1.254873276E-1,-2.904701829E-1,2.632200904E-2,3.175103852E-1
1.295693433E1,-1.186576486E-1,-2.889319360E-1,1.163654029E-2,3.125647298E-1
1.296695133E1,-1.162614599E-1,-2.847798765E-1,-3.461469896E-4,3.075978298E-1
1.297696833E1,-1.137567535E-1,-2.775648236E-1,-1.349257678E-2,3.002746741E-1
1.298698533E1,-1.091110855E-1,-2.713235915E-1,-2.464919910E-2,2.934779434E-1
1.299700233E1,-1.018702164E-1,-2.576743662E-1,-3.390368074E-2,2.791470573E-1
1.300701933E1,-9.975178540E-2,-2.462334335E-1,-4.234663025E-2,2.690252024E-1
1.301703633E1,-9.876374900E-2,-2.347637266E-1,-5.039496720E-2,2.596303876E-1
1.302705233E1,-9.123922139E-2,-2.242497504E-1,-5.191614479E-2,2.476041844E-1
1.303706933E1,-8.602741361E-2,-2.077541351E-1,-5.867898092E-2,2.323913065E-1
1.304708633E1,-8.208197355E-2,-1.942253560E-1,-5.577908084E-2,2.181106259E-1
1.305710333E1,-7.415054739E-2,-1.820168942E-1,-5.679694191E-2,2.045833475E-1
1.306712058E1,-7.096915692E-2,-1.679424196E-1,-5.279648304E-2,1.898123973E-1
1.307713758E1,-6.841465086E-2,-1.478525996E-1,-4.782995209E-2,1.697900468E-1
1.308715458E1,-5.784167722E-2,-1.334481686E-1,-4.099432379E-2,1.511112435E-1
1.309717158E1,-4.972169921E-2,-1.187895909E-1,-3.501632810E-2,1.334517048E-1
1.310718758E1,-4.593035951E-2,-9.958220273E-2,-2.562970109E-2,1.126192462E-1
1.311720458E1,-3.679252416E-2,-8.169161528E-2,-1.653527282E-2,9.110776635E-2
1.312722158E1,-2.887467854E-2,-6.049125642E-2,-7.161745336E-3,6.741090238E-2
1.313723858E1,-2.229480632E-2,-3.762988001E-2,4.399303347E-3,4.395930082E-2
1.314725558E1,-1.394904312E-2,-2.274269238E-2,1.256199554E-2,2.948914364E-2
1.315727258E1,-4.579775967E-3,-5.578884855E-3,2.170915529E-2,2.287762504E-2
1.316728958E1,-4.980319645E-4,1.192532759E-2,3.172218800E-2,3.389334279E-2
1.317730658E1,1.236157399E-2,2.622304112E-2,3.975427896E-2,4.920222650E-2
1.318732358E1,1.670653932E-2,4.241752997E-2,4.444211349E-2,6.366676336E-2
1.319733958E1,2.248852886E-2,5.935470387E-2,4.827120528E-2,7.974223511E-2
1.320735658E1,2.797302417E-2,7.575783134E-2,5.137178674E-2,9.571206592E-2
1.321737358E1,3.659101203E-2,8.698465675E-2,4.850249738E-2,1.061024266E-1
1.322739058E1,4.312232882E-2,1.017982811E-1,4.583408311E-2,1.196795239E-1
1.323740758E1,4.613409564E-2,1.146078110E-1,3.713193908E-2,1.290042093E-1
1.324742458E1,5.206987634E-2,1.273599267E-1,3.037143499E-2,1.409050993E-1
1.325744158E1,5.468429998E-2,1.430520564E-1,2.023251727E-2,1.544785366E-1
1.326745858E1,5.899902806E-2,1.538500339E-1,9.750647470E-3,1.650629982E-1
1.327747558E1,6.393440068E-2,1.669301391E-1,-4.278352484E-3,1.788059932E-1
1.328749158E1,6.750407070E-2,1.745336503E-1,-2.165258303E-2,1.883816047E-1
1.329750858E1,7.474200428E-2,1.885727793E-1,-3.739239648E-2,2.062625793E-1
1.330752558E1,8.060012013E-2,1.968317032E-1,-5.105791241E-2,2.187373063E-1
1.331754258E1,8.581086248E-2,2.065575570E-1,-6.806406379E-2,2.337995835E-1
1.332755958E1,9.093187749E-2,2.188051790E-1,-8.609481901E-2,2.521044041E-1
1.333757658E1,9.976744652E-2,2.255847901E-1,-1.011483371E-1,2.665952494E-1
1.334759358E1,1.105406284E-1,2.386382371E-1,-1.145182773E-1,2.868481734E-1
1.335761058E1,1.136285588E-1,2.465475649E-1,-1.306322515E-1,3.012672174E-1
1.336762758E1,1.223600358E-1,2.557015121E-1,-1.424476504E-1,3.172484433E-1
1.337764458E1,1.325021535E-1,2.650231123E-1,-1.529519558E-1,3.334492038E-1
1.338766058E1,1.406462193E-1,2.730843723E-1,-1.642731130E-1,3.483419140E-1
1.339767758E1,1.511957943E-1,2.807390690E-1,-1.698569655E-1,3.612837968E-1
1.340769458E1,1.584934890E-1,2.840678394E-1,-1.727097183E-1,3.682979368E-1
1.341771158E1,1.661719233E-1,2.907926142E-1,-1.736809760E-1,3.772777942E-1
1.342772858E1,1.718719304E-1,2.928948402E-1,-1.733061522E-1,3.812641739E-1
1.343774558E1,1.724799424E-1,2.893858552E-1,-1.738323867E-1,3.790926040E-1
1.344776258E1,1.734221280E-1,2.816058099E-1,-1.686173826E-1,3.712261957E-1
1.345777958E1,1.714812219E-1,2.719316185E-1,-1.609000713E-1,3.595016655E-1
1.346779658E1,1.663562506E-1,2.537399232E-1,-1.507820636E-1,3.388120150E-1
1.347781358E1,1.561563462E-1,2.379124761E-1,-1.372188628E-1,3.159369669E-1
1.348783058E1,1.474912614E-1,2.216451168E-1,-1.222870722E-1,2.929750126E-1
1.349784658E1,1.393646300E-1,2.025361359E-1,-1.114456132E-1,2.699324196E-1
1.350786358E1,1.293245107E-1,1.848361045E-1,-9.270287305E-2,2.438914457E-1
1.351788058E1,1.166995317E-1,1.694805771E-1,-7.300586998E-2,2.183398813E-1
1.352789758E1,1.045741141E-1,1.549130082E-1,-5.546341091E-2,1.949614716E-1
1.353791458E1,9.014697373E-2,1.429623514E-1,-3.835473210E-2,1.733083849E-1
1.354793158E1,7.699111104E-2,1.261202246E-1,-1.738161966E-2,1.487819308E-1
1.355794858E1,6.293521076E-2,1.001312286E-1,6.355134770E-3,1.184377112E-1
1.356796558E1,3.971790150E-2,7.958610356E-2,2.673517913E-2,9.287749664E-2
1.357798258E1,2.247073874E-2,5.720303580E-2,4.365131259E-2,7.538274667E-2
1.358799958E1,2.757071983E-3,3.133518994E-2,6.290834397E-2,7.033459544E-2
1.359801658E1,-1.428289805E-2,7.247162983E-3,7.733681798E-2,7.897788275E-2
1.360803358E1,-2.964841202E-2,-1.298131142E-2,9.555757791E-2,1.008900068E-1
1.361804958E1,-4.544761404E-2,-2.979704365E-2,1.084494069E-1,1.213038470E-1
1.362806658E1,-5.933714658E-2,-5.051352829E-2,1.223110110E-1,1.450258491E-1
1.363808358E1,-6.943851709E-2,-6.597398221E-2,1.382161975E-1,1.681606114E-1
1.364810058E1,-8.014722168E-2,-8.080475777E-2,1.493894309E-1,1.878035891E-1
1.365811758E1,-9.302067757E-2,-9.599462897E-2,1.581094265E-1,2.070420392E-1
1.366813458E1,-9.938698262E-2,-1.119705364E-1,1.648997217E-1,2.227264950E-1
1.367815158E1,-1.099027395E-1,-1.318797916E-1,1.679958999E-1,2.401947418E-1
1.368816858E1,-1.213289946E-1,-1.516899765E-1,1.740854234E-1,2.608377053E-1
1.369818558E1,-1.293278039E-1,-1.737928838E-1,1.732151061E-1,2.773682034E-1
1.370820258E1,-1.335448921E-1,-1.931696981E-1,1.728250682E-1,2.915772191E-1
1.371821958E1,-1.392336786E-1,-2.082370669E-1,1.739105731E-1,3.049484886E-1
1.372823658E1,-1.424497217E-1,-2.204686999E-1,1.686628014E-1,3.120024222E-1
1.373825358E1,-1.425024569E-1,-2.290712446E-1,1.601518691E-1,3.137342928E-1
1.374826958E1,-1.410005242E-1,-2.411196083E-1,1.513515115E-1,3.176902475E-1
1.375828658E1,-1.387602836E-1,-2.491354644E-1,1.412040591E-1,3.182160936E-1
1.376830358E1,-1.382691711E-1,-2.571532428E-1,1.289067268E-1,3.191599884E-1
1.377832058E1,-1.328898519E-1,-2.625676990E-1,1.193600968E-1,3.175662797E-1
1.378833758E1,-1.311074793E-1,-2.682139575E-1,1.037675589E-1,3.160626591E-1
1.379835458E1,-1.303476840E-1,-2.696403265E-1,9.464676678E-2,3.140930354E-1
1.380837158E1,-1.278732866E-1,-2.699340284E-1,7.553997636E-2,3.080945393E-1
1.381838858E1,-1.244085133E-1,-2.725439072E-1,5.889203027E-2,3.053292170E-1
1.382840558E1,-1.181096584E-1,-2.735078633E-1,4.969755188E-2,3.020369006E-1
1.383842258E1,-1.161032394E-1,-2.698276341E-1,3.139417991E-2,2.954192087E-1
1.384843958E1,-1.075838432E-1,-2.660095394E-1,1.851133816E-2,2.875378723E-1
1.385845658E1,-1.069105938E-1,-2.582730651E-1,5.944945849E-3,2.795893303E-1
1.386847358E1,-1.009081304E-1,-2.489567250E-1,-6.272153463E-3,2.687028872E-1
1.387849058E1,-9.686758369E-2,-2.389440387E-1,-1.519720443E-2,2.582799594E-1
1.388850758E1,-9.326784313E-2,-2.255886346E-1,-2.798391692E-2,2.457075950E-1
1.389852458E1,-8.522216976E-2,-2.160257548E-1,-3.674731404E-2,2.351176515E-1
1.390854058E1,-8.068994433E-2,-2.089610994E-1,-4.195584729E-2,2.278944960E-1
1.391855758E1,-8.138822764E-2,-1.954775155E-1,-4.523206875E-2,2.165212292E-1
1.392857458E1,-7.355492562E-2,-1.822815239E-1,-4.950324446E-2,2.027004003E-1
1.393859158E1,-6.840729713E-2,-1.700179279E-1,-5.039540306E-2,1.900667008E-1
1.394860858E1,-6.403565407E-2,-1.580394059E-1,-5.012117699E-2,1.777333711E-1
1.395862558E1,-6.044118851E-2,-1.354472935E-1,-4.914353043E-2,1.562504182E-1
1.396864258E1,-5.664205924E-2,-1.241183728E-1,-4.455176368E-2,1.435219600E-1
1.397865958E1,-4.761501029E-2,-1.062789261E-1,-4.238608107E-2,1.239313488E-1
1.398867658E1,-4.167509079E-2,-9.042958170E-2,-3.428437188E-2,1.053078373E-1
1.399869358E1,-3.306562081E-2,-7.060421258E-2,-2.868827060E-2,8.307410537E-2
1.400871058E1,-2.620237693E-2,-5.278959125E-2,-2.110087685E-2,6.259834267E-2
1.401872758E1,-1.969254576E-2,-3.234157339E-2,-1.244986430E-2,3.985941355E-2
1.402874458E1,-1.479399484E-2,-1.910081878E-2,-6.020219997E-3,2.489872708E-2
1.403876158E1,-1.845173072E-3,1.230284572E-3,4.201790784E-3,4.751137714E-3
1.404877858E1,5.500687752E-3,1.553107612E-2,9.893154725E-3,1.921838707E-2
1.405879558E1,1.119266264E-2,2.830306254E-2,1.518964954E-2,3.401565080E-2
1.406881271E1,1.451902650E-2,4.252716154E-2,1.688322052E-2,4.800421580E-2
1.407882971E1,1.834012941E-2,6.064624339E-2,2.314697579E-2,6.745450076E-2
1.408884671E1,2.681670338E-2,7.700597495E-2,1.992338523E-2,8.394043744E-2
1.409886371E1,3.621979058E-2,9.088850021E-2,2.288135700E-2,1.004795959E-1
1.410887971E1,4.272137210E-2,1.062847003E-1,2.112876251E-2,1.164816628E-1
1.411889671E1,4.741492495E-2,1.133924127E-1,1.699553803E-2,1.240760358E-1
1.412891371E1,4.799623042E-2,1.263553351E-1,8.336678147E-3,1.354208590E-1
1.413893071E1,5.530687422E-2,1.413358748E-1,2.863350092E-3,1.517988097E-1
1.414894771E1,5.692607164E-2,1.502456814E-1,-1.058145240E-2,1.610164884E-1
1.415896471E1,6.448145956E-2,1.590128094E-1,-1.881301776E-2,1.726176753E-1
1.416898171E1,6.856608391E-2,1.736322641E-1,-3.230540827E-2,1.894547714E-1
1.417899871E1,7.899609208E-2,1.852487028E-1,-4.267336056E-2,2.058603414E-1
1.418901571E1,8.314383030E-2,1.952290684E-1,-5.507245660E-2,2.192265065E-1
1.419903271E1,8.827015013E-2,2.089795023E-1,-6.958641857E-2,2.372895308E-1
1.420904971E1,9.506127238E-2,2.164237052E-1,-8.099189401E-2,2.498710719E-1
1.421906671E1,9.996815026E-2,2.257610261E-1,-9.425336868E-2,2.642827454E-1
1.422908371E1,1.082738861E-1,2.341954857E-1,-1.066801846E-1,2.791978183E-1
1.423910071E1,1.173805669E-1,2.430299968E-1,-1.121369973E-1,2.922609843E-1
1.424911771E1,1.250570565E-1,2.514050305E-1,-1.251160055E-1,3.074048984E-1
1.425913471E1,1.301466376E-1,2.583897114E-1,-1.316806972E-1,3.178729247E-1
1.426915171E1,1.403274834E-1,2.657496333E-1,-1.399152428E-1,3.314980322E-1
1.427916871E1,1.434284747E-1,2.696881890E-1,-1.418865174E-1,3.368014704E-1
1.428918571E1,1.531250477E-1,2.729285657E-1,-1.469445676E-1,3.457310923E-1
1.429920271E1,1.572422981E-1,2.753304839E-1,-1.469088793E-1,3.494484719E-1
1.430921971E1,1.621675491E-1,2.747485936E-1,-1.443445235E-1,3.501720222E-1
1.431923671E1,1.616940349E-1,2.733890414E-1,-1.409212947E-1,3.474843021E-1
1.432925371E1,1.605475247E-1,2.664899230E-1,-1.377663314E-1,3.402527720E-1
1.433927071E1,1.559602320E-1,2.538351417E-1,-1.325257570E-1,3.260658666E-1
1.434928771E1,1.490029246E-1,2.414470911E-1,-1.212069839E-1,3.085282844E-1
1.435930471E1,1.420281082E-1,2.200946510E-1,-1.110270619E-1,2.845006984E-1
1.436932171E1,1.332515925E-1,2.009629458E-1,-1.012586951E-1,2.615251725E-1
1.437933871E1,1.241504997E-1,1.877504736E-1,-8.641609550E-2,2.411043933E-1
1.438935571E1,1.129380688E-1,1.751661748E-1,-7.130248100E-2,2.202776429E-1
1.439937271E1,1.030857041E-1,1.597981453E-1,-5.728759989E-2,1.986050824E-1
1.440938971E1,9.220486879E-2,1.421136260E-1,-4.284809902E-2,1.747397497E-1
1.441940671E1,7.760409266E-2,1.236395389E-1,-2.325282991E-2,1.478168626E-1
1.442942371E1,6.601975858E-2,1.060559899E-1,-9.921792895E-3,1.253192862E-1
1.443944071E1,5.058007687E-2,8.573074639E-2,5.980208516E-3,9.971894477E-2
1.444945671E1,3.263110295E-2,6.412330270E-2,2.387725003E-2,7.580705704E-2
1.445947471E1,1.424836647E-2,4.176020622E-2,3.801996261E-2,5.824472789E-2
1.446949071E1,-2.617579419E-3,1.769990474E-2,5.273920298E-2,5.569166796E-2
1.447950771E1,-1.793741435E-2,-6.389452145E-3,7.000207901E-2,7.254562012E-2
1.448952471E1,-3.149990737E-2,-2.446174994E-2,8.084714413E-2,9.014922123E-2
1.449954171E1,-4.388999566E-2,-3.934296221E-2,9.528334439E-2,1.120406895E-1
1.450955871E1,-5.507793278E-2,-5.815719441E-2,1.053606644E-1,1.323506991E-1
1.451957571E1,-6.658464670E-2,-7.184371352E-2,1.151808053E-1,1.512007019E-1
1.452959271E1,-7.681281865E-2,-8.759179711E-2,1.265610754E-1,1.720181323E-1
1.453960971E1,-8.396767080E-2,-9.930065274E-2,1.341470927E-1,1.868331658E-1
1.454962671E1,-9.330327064E-2,-1.205216199E-1,1.393084377E-1,2.064892297E-1
1.455964371E1,-1.053644642E-1,-1.394572258E-1,1.444320977E-1,2.267390989E-1
1.456966071E1,-1.160854548E-1,-1.570856124E-1,1.477084309E-1,2.448867146E-1
1.457967771E1,-1.236919686E-1,-1.754936427E-1,1.484053731E-1,2.610016791E-1
1.458969471E1,-1.258724332E-1,-1.902616173E-1,1.484736949E-1,2.721907246E-1
1.459971171E1,-1.298959404E-1,-2.059356570E-1,1.480537206E-1,2.849602680E-1
1.460972871E1,-1.345703900E-1,-2.172294706E-1,1.441588998E-1,2.933932875E-1
1.461974571E1,-1.320025623E-1,-2.254093736E-1,1.395942420E-1,2.961766611E-1
1.462976271E1,-1.320179999E-1,-2.332300842E-1,1.340987384E-1,2.996789884E-1
1.463977971E1,-1.324640810E-1,-2.394744009E-1,1.273028851E-1,3.018290012E-1
1.464979671E1,-1.311078668E-1,-2.455119491E-1,1.166824251E-1,3.017949274E-1
1.465981371E1,-1.271642596E-1,-2.491146773E-1,1.071248725E-1,2.995072782E-1
1.466983071E1,-1.255456358E-1,-2.539266348E-1,9.755259752E-2,2.995946458E-1
1.467984771E1,-1.197508648E-1,-2.580380142E-1,8.681872487E-2,2.974245743E-1
1.468986471E1,-1.185345203E-1,-2.624560595E-1,7.628864050E-2,2.979153778E-1
1.469988171E1,-1.208743751E-1,-2.564128339E-1,6.693002582E-2,2.912692643E-1
1.470989871E1,-1.154731065E-1,-2.583154142E-1,5.151618272E-2,2.876018230E-1
1.471991571E1,-1.104996577E-1,-2.541249096E-1,4.263294488E-2,2.803697773E-1
1.472993271E1,-1.053405106E-1,-2.460918128E-1,2.959279530E-2,2.693205099E-1
1.473994971E1,-1.015175432E-1,-2.428052127E-1,1.929887943E-2,2.638799531E-1
1.474996671E1,-9.295488894E-2,-2.309717685E-1,1.141966786E-2,2.492367911E-1
1.475998371E1,-9.250161797E-2,-2.190764844E-1,-2.202933654E-3,2.378148613E-1
1.477000171E1,-8.541028947E-2,-2.122301310E-1,-5.992043763E-3,2.288502800E-1
1.478001871E1,-8.216442913E-2,-2.014848143E-1,-1.574533805E-2,2.181628737E-1
1.479003571E1,-8.038869500E-2,-1.873963773E-1,-1.930467039E-2,2.048228865E-1
1.480005271E1,-7.524400204E-2,-1.764950007E-1,-2.382725105E-2,1.933387778E-1
1.481006971E1,-7.091477513E-2,-1.678333431E-1,-2.839021944E-2,1.843988638E-1
1.482008671E1,-6.357803196E-2,-1.543542892E-1,-2.805545740E-2,1.692764645E-1
1.483010371E1,-5.910061300E-2,-1.425823569E-1,-3.155475855E-2,1.575382930E-1
1.484012071E1,-5.833335966E-2,-1.234195828E-1,-2.851502597E-2,1.394570937E-1
1.485013771E1,-4.699487239E-2,-1.099675447E-1,-2.920482866E-2,1.231028063E-1
1.486015471E1,-3.759551421E-2,-9.520004690E-2,-2.575310692E-2,1.055447494E-1
1.487017171E1,-3.416938707E-2,-7.606770098E-2,-2.466695011E-2,8.696148902E-2
1.488018871E1,-2.723345160E-2,-5.770067498E-2,-1.852250844E-2,6.643878460E-2
1.489020571E1,-1.955778152E-2,-4.262620956E-2,-1.893917471E-2,5.057858141E-2
1.490022271E1,-2.966021188E-3,-4.917279258E-2,-3.531228751E-2,6.061120739E-2
1.491023971E1,3.201605985E-3,-3.472661972E-2,-7.527521998E-2,8.296111825E-2
1.492025671E1,-1.324501168E-2,-1.535375603E-3,-1.299219429E-1,1.306043605E-1
1.493027371E1,-8.872866631E-3,2.139136195E-3,-1.850103587E-1,1.852353543E-1
1.494029071E1,-1.580507495E-2,3.485047817E-2,-2.293493301E-1,2.325198302E-1
1.495030771E1,-1.136737783E-2,6.707745790E-2,-2.455437928E-1,2.547947347E-1
1.496032471E1,1.612816378E-2,6.432348490E-2,-2.347497344E-1,2.439366028E-1
1.497034171E1,2.504389361E-2,8.505033702E-2,-2.142537832E-1,2.318737589E-1
1.498035871E1,2.863649838E-2,9.799516201E-2,-1.908709705E-1,2.164597611E-1
1.499037571E1,4.812422022E-2,7.492260635E-2,-1.674843431E-1,1.896848510E-1
1.500039271E1,4.639875889E-2,9.707531333E-2,-1.403222233E-1,1.768241715E-1
1.501040971E1,5.016788840E-2,1.230246127E-1,-1.147477031E-1,1.755531478E-1
1.502042671E1,6.899510324E-2,1.380293965E-1,-8.904740214E-2,1.781625056E-1
1.503044371E1,7.385762781E-2,1.716944426E-1,-6.415541470E-2,1.976103440E-1
1.504046071E1,8.535130322E-2,1.918079704E-1,-3.905778378E-2,2.135430939E-1
1.505047771E1,1.007522419E-1,1.938863993E-1,-1.426165551E-2,2.189665383E-1
1.506049471E1,9.663659334E-2,2.037006766E-1,1.099363528E-2,2.257287240E-1
1.507051183E1,9.798651934E-2,2.070122212E-1,3.011162393E-2,2.310024407E-1
1.508052883E1,1.032880768E-1,2.059914321E-1,5.431149900E-2,2.367501549E-1
1.509054583E1,1.028447077E-1,2.164045423E-1,7.289573550E-2,2.504431035E-1
1.510056283E1,1.073659509E-1,2.221766859E-1,8.993756771E-2,2.626379509E-1
1.511057983E1,1.037063822E-1,2.359886169E-1,1.015303731E-1,2.770452268E-1
1.512059683E1,1.024126187E-1,2.529244721E-1,1.100716665E-1,2.942361379E-1
1.513061383E1,1.059597805E-1,2.619521022E-1,1.184387729E-1,3.063888409E-1
1.514063083E1,1.166177467E-1,2.699903250E-1,1.247073188E-1,3.194470062E-1
1.515064883E1,1.200134605E-1,2.788025737E-1,1.284435093E-1,3.295934479E-1
1.516066583E1,1.263725460E-1,2.833515108E-1,1.282445788E-1,3.357153125E-1
1.517068283E1,1.203491390E-1,2.967433929E-1,1.265657395E-1,3.443246185E-1
1.518069983E1,1.182921156E-1,3.053539395E-1,1.203824058E-1,3.488925001E-1
1.519071683E1,1.163857877E-1,3.012369275E-1,1.101645976E-1,3.412119234E-1
1.520073383E1,1.126762703E-1,2.945734262E-1,1.053256318E-1,3.325100511E-1
1.521075083E1,1.110312864E-1,2.749819756E-1,8.908425272E-2,3.096434038E-1
1.522076783E1,1.064061746E-1,2.581697106E-1,7.529973239E-2,2.892125917E-1
1.523078483E1,9.707342088E-2,2.375690341E-1,5.981446430E-2,2.635148291E-1
1.524080183E1,9.264405072E-2,2.240191251E-1,4.103971273E-2,2.458693689E-1
1.525081883E1,8.584924787E-2,2.072940469E-1,2.223421261E-2,2.254667945E-1
1.526083583E1,8.362710476E-2,1.896644533E-1,3.345210105E-3,2.073096426E-1
1.527085283E1,8.128093183E-2,1.670684367E-1,-1.376600191E-2,1.863007119E-1
1.528086983E1,7.572025061E-2,1.449815035E-1,-3.247151151E-2,1.667560846E-1
1.529088683E1,7.264135778E-2,1.169332117E-1,-5.158993229E-2,1.470090608E-1
1.530090383E1,6.722369045E-2,9.279324859E-2,-6.862777472E-2,1.335641531E-1
1.531092083E1,6.001752615E-2,6.631066650E-2,-8.605153859E-2,1.241131549E-1
1.532093783E1,5.615967140E-2,4.139599949E-2,-9.799874574E-2,1.202966817E-1
1.533095483E1,4.762086272E-2,1.882560179E-2,-1.140440553E-1,1.250127850E-1
1.534097283E1,3.706089780E-2,-6.788149476E-3,-1.262993962E-1,1.317995698E-1
1.535098983E1,3.094933741E-2,-2.560412511E-2,-1.337948292E-1,1.396942699E-1
1.536100683E1,2.400008403E-2,-4.721327871E-2,-1.407941580E-1,1.504263695E-1
1.537102383E1,1.972603612E-2,-6.674559414E-2,-1.427999437E-1,1.588581592E-1
1.538104083E1,1.037168317E-2,-8.928526193E-2,-1.414084435E-1,1.675582815E-1
1.539105783E1,1.445211004E-3,-1.087998897E-1,-1.380848885E-1,1.758037003E-1
1.540107483E1,-1.250922028E-2,-1.286683977E-1,-1.295385361E-1,1.830089328E-1
1.541109183E1,-3.115572594E-2,-1.468070894E-1,-1.270935088E-1,1.966615386E-1
1.542110883E1,-4.735333845E-2,-1.628465056E-1,-1.156333908E-1,2.052617942E-1
1.543112583E1,-6.345706433E-2,-1.848070323E-1,-9.692835063E-2,2.181181867E-1
1.544114283E1,-7.495073229E-2,-2.023647279E-1,-8.169852942E-2,2.307460619E-1
1.545115983E1,-8.282896131E-2,-2.165902257E-1,-5.988326296E-2,2.394952356E-1
1.546117683E1,-9.673652053E-2,-2.225549072E-1,-4.079212248E-2,2.460744570E-1
1.547119383E1,-1.069211513E-1,-2.293303609E-1,-2.160060965E-2,2.539510452E-1
1.548121083E1,-1.145766750E-1,-2.306174636E-1,3.027505241E-3,2.575294056E-1
1.549122883E1,-1.285172999E-1,-2.310860753E-1,3.064139187E-2,2.661885900E-1
1.550124583E1,-1.316558272E-1,-2.319598645E-1,5.675608292E-2,2.726900961E-1
1.551126283E1,-1.373099238E-1,-2.358566374E-1,7.997059822E-2,2.843899877E-1
1.552127983E1,-1.422274560E-1,-2.386830598E-1,1.074107438E-1,2.978847431E-1
1.553129683E1,-1.415518969E-1,-2.360973507E-1,1.304915249E-1,3.046423093E-1
1.554131383E1,-1.443447620E-1,-2.358259708E-1,1.523291767E-1,3.156793893E-1
1.555133083E1,-1.428234577E-1,-2.322326303E-1,1.788881570E-1,3.260851229E-1
1.556134783E1,-1.395861208E-1,-2.276266813E-1,1.943033338E-1,3.302301874E-1
1.557136483E1,-1.348166764E-1,-2.221740782E-1,2.094149590E-1,3.337536251E-1
1.558138183E1,-1.302733123E-1,-2.113869488E-1,2.250828743E-1,3.351385957E-1
1.559139883E1,-1.256256551E-1,-2.034994066E-1,2.367873937E-1,3.365443262E-1
1.560141583E1,-1.175962389E-1,-1.975275278E-1,2.464376241E-1,3.370126143E-1
1.561143383E1,-1.093648076E-1,-1.894001961E-1,2.482275814E-1,3.308323255E-1
1.562145083E1,-9.860723466E-2,-1.835532486E-1,2.508800924E-1,3.261226802E-1
1.563146783E1,-8.935287595E-2,-1.774837375E-1,2.494848967E-1,3.189469034E-1
1.564148483E1,-8.162225038E-2,-1.647418439E-1,2.464728653E-1,3.074913661E-1
1.565150183E1,-7.701602578E-2,-1.569033712E-1,2.382218838E-1,2.954653990E-1
1.566151883E1,-7.205642015E-2,-1.483428925E-1,2.262182236E-1,2.799507566E-1
1.567153583E1,-5.946545303E-2,-1.443788409E-1,2.102965415E-1,2.619275189E-1
1.568155283E1,-5.338625237E-2,-1.358668506E-1,1.945964098E-1,2.432645797E-1
1.569156983E1,-4.740947485E-2,-1.262348741E-1,1.736412644E-1,2.198503820E-1
1.570158683E1,-3.981973231E-2,-1.175385863E-1,1.503809541E-1,1.949752849E-1
1.571160383E1,-3.815423325E-2,-1.040003151E-1,1.282214224E-1,1.694477625E-1
1.572162183E1,-2.711329609E-2,-9.283022583E-2,1.029639915E-1,1.412592128E-1
1.573163883E1,-2.748345584E-2,-7.863721997E-2,7.526254654E-2,1.122657723E-1
1.574165583E1,-2.436675876E-2,-7.218650728E-2,4.640506953E-2,8.920796626E-2
1.575167283E1,-1.937964745E-2,-5.848300830E-2,2.039879560E-2,6.489949042E-2
1.576168983E1,-1.740837656E-2,-4.758668318E-2,-9.077602066E-3,5.147763447E-2
1.577170683E1,-1.253169123E-2,-3.691742569E-2,-3.546711802E-2,5.270537037E-2
1.578172383E1,-1.008664351E-2,-2.091875114E-2,-6.171762943E-2,6.594240145E-2
1.579174083E1,-6.889195647E-3,-6.443193182E-3,-8.845389634E-2,8.895542442E-2
1.580175783E1,-5.659880117E-3,6.048629060E-3,-1.153361127E-1,1.156332091E-1
1.581177483E1,9.072115063E-4,1.781556569E-2,-1.388365775E-1,1.399779007E-1
1.582179283E1,3.695008345E-3,3.155641258E-2,-1.649864167E-1,1.680177906E-1
1.583180983E1,6.268477067E-3,4.280288890E-2,-1.818122715E-1,1.868878893E-1
1.584182683E1,1.007653121E-2,5.688222125E-2,-1.990628988E-1,2.072755684E-1
1.585184383E1,1.919886656E-2,6.687259674E-2,-2.171417624E-1,2.280155382E-1
1.586186083E1,2.489536814E-2,8.071330935E-2,-2.321185917E-1,2.470090246E-1
1.587187783E1,3.191845864E-2,9.462187439E-2,-2.455315888E-1,2.650619705E-1
1.588189483E1,3.885732591E-2,1.036417335E-1,-2.500778735E-1,2.734784151E-1
1.589191183E1,4.333132505E-2,1.184522063E-1,-2.589904070E-1,2.880704077E-1
1.590192883E1,5.445960909E-2,1.322569698E-1,-2.626647651E-1,2.990828212E-1
1.591194583E1,6.392674148E-2,1.421632767E-1,-2.625645995E-1,3.053476616E-1
1.592196383E1,7.262914628E-2,1.534633338E-1,-2.591637671E-1,3.098255088E-1
1.593198083E1,8.348729461E-2,1.638974249E-1,-2.566790283E-1,3.157793816E-1
1.594199783E1,8.837472647E-2,1.682740748E-1,-2.419999540E-1,3.077177835E-1
1.595201483E1,9.611223638E-2,1.822059005E-1,-2.306338698E-1,3.092386361E-1
1.596203183E1,1.044676378E-1,1.884664595E-1,-2.170363069E-1,3.058395857E-1
1.597204883E1,1.134978682E-1,1.991223097E-1,-1.985307634E-1,3.032258635E-1
1.598206583E1,1.207051873E-1,2.067900896E-1,-1.815006584E-1,3.004569393E-1
1.599208283E1,1.253343821E-1,2.163629979E-1,-1.565316468E-1,2.949979841E-1
1.600210083E1,1.299658865E-1,2.223508507E-1,-1.338135600E-1,2.902362853E-1
1.601211783E1,1.358689070E-1,2.330270559E-1,-1.122334227E-1,2.921614448E-1
1.602213483E1,1.373142153E-1,2.445944995E-1,-8.431524038E-2,2.929005337E-1
1.603215183E1,1.410570294E-1,2.478272915E-1,-5.710040033E-2,2.908193729E-1
1.604216883E1,1.376886666E-1,2.516835332E-1,-2.893081680E-2,2.883396642E-1
1.605218583E1,1.412705183E-1,2.573364675E-1,-3.073387779E-3,2.935793974E-1
1.606220283E1,1.348661482E-1,2.571598887E-1,2.650767192E-2,2.915865960E-1
1.607221983E1,1.301920861E-1,2.596288323E-1,4.717565328E-2,2.942493027E-1
1.608223783E1,1.238186136E-1,2.533571124E-1,7.108018547E-2,2.908148350E-1
1.609225483E1,1.140736192E-1,2.480696291E-1,9.506196529E-2,2.891160817E-1
1.610227183E1,1.046180651E-1,2.395038158E-1,1.133765280E-1,2.848881437E-1
1.611228883E1,9.130988270E-2,2.316217571E-1,1.327070594E-1,2.821299287E-1
1.612230583E1,8.203995228E-2,2.179959565E-1,1.467634887E-1,2.753040364E-1
1.613232283E1,6.670424342E-2,2.027255595E-1,1.585421264E-1,2.658622094E-1
1.614233983E1,5.420230329E-2,1.891231984E-1,1.670517176E-1,2.580925226E-1
1.615235783E1,4.082982615E-2,1.750595272E-1,1.770875752E-1,2.523349402E-1
1.616237483E1,3.084962815E-2,1.577332616E-1,1.792300940E-1,2.407382561E-1
1.617239183E1,2.456499450E-2,1.381966919E-1,1.813752800E-1,2.293441885E-1
1.618240883E1,1.362792403E-2,1.176280379E-1,1.743980646E-1,2.108002860E-1
1.619242583E1,2.376124263E-3,1.003062055E-1,1.707135439E-1,1.980153905E-1
1.620244283E1,-5.315617658E-3,7.952369004E-2,1.598033607E-1,1.785759983E-1
1.621245983E1,-1.654584892E-2,5.469419807E-2,1.502247900E-1,1.607255672E-1
1.622247783E1,-2.306500077E-2,2.909642830E-2,1.343976259E-1,1.394321278E-1
1.623249483E1,-2.910723351E-2,3.038759343E-3,1.202652678E-1,1.237747944E-1
1.624251183E1,-3.583411500E-2,-1.977520995E-2,1.028537899E-1,1.106979893E-1
1.625252883E1,-3.890159354E-2,-4.168629646E-2,8.305399865E-2,1.007424835E-1
1.626254583E1,-4.280525446E-2,-6.261794269E-2,6.331092864E-2,9.880065912E-2
1.627256283E1,-4.523784295E-2,-7.950794697E-2,4.377873987E-2,1.014127908E-1
1.628257983E1,-4.283487052E-2,-9.937167168E-2,2.277358994E-2,1.105811542E-1
1.629259783E1,-4.821462557E-2,-1.204187572E-1,4.601483233E-3,1.297940709E-1
1.630261483E1,-5.422591418E-2,-1.437448561E-1,-1.452134363E-2,1.543175390E-1
1.631263183E1,-6.051955000E-2,-1.661888808E-1,-3.243618086E-2,1.798150880E-1
1.632264883E1,-6.856788695E-2,-1.889932603E-1,-4.945963621E-2,2.070416943E-1
1.633266583E1,-7.350987196E-2,-2.089345455E-1,-6.297974288E-2,2.302689593E-1
1.634268283E1,-7.857360691E-2,-2.255636007E-1,-7.433626056E-2,2.501572091E-1
1.635269983E1,-8.634977043E-2,-2.381036431E-1,-8.821214736E-2,2.681995724E-1
1.636271783E1,-9.098926932E-2,-2.452006936E-1,-9.547991306E-2,2.784220557E-1
1.637273483E1,-9.169432521E-2,-2.541581392E-1,-9.998013824E-2,2.880976172E-1
1.638275183E1,-9.497373551E-2,-2.602525353E-1,-1.030507684E-1,2.955856110E-1
1.639276883E1,-9.707956016E-2,-2.631939352E-1,-1.025751457E-1,2.986923987E-1
1.640278583E1,-1.018870994E-1,-2.669239640E-1,-1.009610072E-1,3.030222906E-1
1.641280283E1,-1.057888865E-1,-2.684800327E-1,-9.498991072E-2,3.038024022E-1
1.642282083E1,-1.107029542E-1,-2.672877312E-1,-8.897329867E-2,3.026782503E-1
1.643283783E1,-1.138288528E-1,-2.631482184E-1,-7.885459065E-2,2.973584353E-1
1.644285483E1,-1.158174351E-1,-2.625492513E-1,-6.280345470E-2,2.937517005E-1
1.645287183E1,-1.157000735E-1,-2.549621761E-1,-4.888639227E-2,2.842219161E-1
1.646288883E1,-1.136952490E-1,-2.443998158E-1,-3.333805874E-2,2.716050547E-1
1.647290583E1,-1.137621850E-1,-2.341294736E-1,-1.350439060E-2,2.606545869E-1
1.648292383E1,-1.099485382E-1,-2.205193937E-1,6.111389026E-3,2.464849552E-1
1.649294083E1,-1.020350605E-1,-2.070319653E-1,2.542491071E-2,2.322064045E-1
1.650295783E1,-1.022734120E-1,-1.927624792E-1,4.806444421E-2,2.234444338E-1
1.651297483E1,-9.520124644E-2,-1.813667566E-1,6.894513965E-2,2.161263750E-1
1.652299183E1,-9.118253738E-2,-1.681843847E-1,9.031274915E-2,2.115576400E-1
1.653300883E1,-8.198480308E-2,-1.613933444E-1,1.089843661E-1,2.112981581E-1
1.654302683E1,-7.462383062E-2,-1.472823322E-1,1.288355589E-1,2.094263658E-1
1.655304383E1,-7.055935264E-2,-1.339454055E-1,1.460084766E-1,2.103294300E-1
1.656306083E1,-6.043853983E-2,-1.212037802E-1,1.618974209E-1,2.110780621E-1
1.657307783E1,-5.200196430E-2,-1.066439524E-1,1.751250774E-1,2.115323370E-1
1.658309483E1,-4.307025298E-2,-9.216541052E-2,1.829835325E-1,2.093620853E-1
1.659311183E1,-3.186135367E-2,-7.646765560E-2,1.966329664E-1,2.133705033E-1
1.660312983E1,-2.788019367E-2,-6.432764232E-2,2.001470178E-1,2.120711662E-1
1.661314683E1,-1.967877150E-2,-5.185425654E-2,2.021458447E-1,2.096164605E-1
1.662316383E1,-1.399638504E-2,-3.607476130E-2,2.037314922E-1,2.073735955E-1
1.663318083E1,-8.097453043E-3,-2.777323499E-2,1.987899393E-1,2.008839498E-1
1.664319783E1,-1.035952121E-1,-2.959776670E-2,1.837417483E-1,2.130000607E-1
1.665321583E1,-3.022960015E-2,-1.835787445E-1,1.339982897E-1,2.292826330E-1
1.666323283E1,9.824076667E-3,-4.721530899E-2,9.963233769E-2,1.106905624E-1
1.667324983E1,2.518540248E-2,1.472651511E-1,7.328154892E-2,1.664076761E-1
1.668326683E1,1.017243862E-1,8.341959864E-2,5.102018639E-2,1.411018767E-1
1.669328383E1,5.056766048E-2,6.896092743E-2,3.142343089E-2,9.110504820E-2
1.670330083E1,-2.428394370E-2,4.422575235E-2,1.328011416E-2,5.217267987E-2
1.671331883E1,-8.382963948E-3,-8.383849636E-3,-7.646371610E-3,1.410779990E-2
1.672333583E1,7.024754304E-3,5.630007386E-2,-3.574911505E-2,6.706000833E-2
1.673335283E1,3.410039097E-2,1.283632070E-1,-4.413601756E-2,1.399569134E-1
1.674336983E1,8.545812219E-2,1.350794286E-1,1.497577410E-2,1.605422576E-1
1.675338683E1,9.027508646E-2,1.624239832E-1,1.148034483E-1,2.184284169E-1
1.676340483E1,6.889390200E-2,2.047229707E-1,2.487101108E-1,3.294155183E-1
1.677342183E1,9.661673754E-2,1.839779615E-1,4.049615562E-1,4.551665039E-1
1.678343883E1,7.671919465E-2,2.323462963E-1,5.708082914E-1,6.210416587E-1
1.679345583E1,6.227568910E-2,2.406039089E-1,7.224597335E-1,7.640134612E-1
1.680347283E1,5.137004331E-2,2.161257267E-1,8.329026103E-1,8.620185435E-1
1.681349083E1,1.266964339E-2,2.097511292E-1,8.890311718E-1,9.135274930E-1
1.682350783E1,-8.264933713E-3,1.744437367E-1,8.906474710E-1,9.076077588E-1
1.683352483E1,-1.409546565E-2,1.243243665E-1,8.443459868E-1,8.535662691E-1
1.684354183E1,-2.550418116E-2,1.043613181E-1,7.633989453E-1,7.709213304E-1
1.685355883E1,-3.396065906E-2,9.866807610E-2,6.646099091E-1,6.727518464E-1
1.686357683E1,-4.440797120E-2,1.152694300E-1,5.590925217E-1,5.725762457E-1
1.687359383E1,-5.311729014E-2,1.511710435E-1,4.618025124E-1,4.888104862E-1
1.688361083E1,-4.248275608E-2,1.800873727E-1,3.726886213E-1,4.160926036E-1
1.689362783E1,-1.608022116E-2,2.050637305E-1,2.996523976E-1,3.634573792E-1
1.690364483E1,1.674989797E-2,2.272875458E-1,2.398183495E-1,3.308368606E-1
1.691366283E1,4.740181938E-2,2.505023181E-1,1.870853603E-1,3.162266211E-1
1.692367983E1,6.172829121E-2,2.839636207E-1,1.466335356E-1,3.254951821E-1
1.693369683E1,6.286497414E-2,2.989271879E-1,1.190313250E-1,3.278382604E-1
1.694371383E1,5.919833109E-2,2.990201414E-1,1.001492515E-1,3.208541100E-1
1.695373183E1,5.253280327E-2,2.671105564E-1,8.547999710E-2,2.853323933E-1
1.696374883E1,4.645173997E-2,2.154468447E-1,6.786904484E-2,2.306107419E-1
1.697376583E1,2.970620804E-2,1.496260166E-1,3.756880388E-2,1.571044833E-1
1.698378283E1,1.338103134E-2,8.625210822E-2,-5.301125348E-4,8.728550390E-2
1.699379983E1,-1.452368684E-3,4.423071444E-2,-4.697249085E-2,6.453588437E-2
1.700381783E1,-2.558113309E-3,2.602800541E-2,-9.243264794E-2,9.606141481E-2
1.701383483E1,8.690953255E-3,3.316403553E-2,-1.285840422E-1,1.330760753E-1
1.702385183E1,2.765425853E-2,5.309753120E-2,-1.607563496E-1,1.715421516E-1
1.703386883E1,4.133248702E-2,6.815527380E-2,-1.966158897E-1,2.121587234E-1
1.704388583E1,4.912569746E-2,6.219858676E-2,-2.367217690E-1,2.496381266E-1
1.705390383E1,4.778609425E-2,3.767078370E-2,-2.777603865E-1,2.843473774E-1
1.706392083E1,4.743082821E-2,-1.180196088E-2,-3.217291832E-1,3.254207078E-1
1.707393758E1,3.999276087E-2,-5.406996608E-2,-3.523875177E-1,3.587477453E-1
1.708395458E1,3.566166013E-2,-8.407367021E-2,-3.669406176E-1,3.781343053E-1
1.709397258E1,2.784360945E-2,-1.019642279E-1,-3.833489418E-1,3.976535949E-1
1.710398958E1,2.312581986E-2,-1.309117228E-1,-4.127172232E-1,4.335991109E-1
1.711400658E1,1.956303418E-2,-1.537759602E-1,-4.749156237E-1,4.995744267E-1
1.712402358E1,2.279291488E-2,-1.749036163E-1,-5.350596309E-1,5.633822863E-1
1.713404058E1,3.277507052E-2,-2.003345340E-1,-6.004384756E-1,6.338252865E-1
1.714405858E1,4.203088582E-2,-2.126095742E-1,-6.633998156E-1,6.979031034E-1
1.715407558E1,5.007936060E-2,-2.174614966E-1,-7.168990374E-1,7.508273268E-1
1.716409258E1,4.537568614E-2,-2.151994109E-1,-7.778379917E-1,8.083326547E-1
1.717410958E1,4.751742631E-2,-2.227245867E-1,-8.301119208E-1,8.607844959E-1
1.718412758E1,4.040678591E-2,-2.186925560E-1,-8.777819872E-1,9.055166257E-1
1.719414458E1,4.311563447E-2,-2.275667489E-1,-9.132323265E-1,9.421458832E-1
1.720416158E1,4.611408710E-2,-2.406929284E-1,-9.366111159E-1,9.681425398E-1
1.721417858E1,4.425185174E-2,-2.396064997E-1,-9.469615817E-1,9.778065955E-1
1.722419558E1,3.016532585E-2,-2.407774925E-1,-9.460129738E-1,9.766392857E-1
1.723421358E1,8.374478668E-3,-2.412389368E-1,-9.416263700E-1,9.720733394E-1
1.724423058E1,-7.303018123E-3,-2.483876646E-1,-9.224473834E-1,9.553318487E-1
1.725424758E1,-2.075302787E-2,-2.449250370E-1,-8.869293928E-1,9.203600979E-1
1.726426458E1,-2.319115028E-2,-2.275878638E-1,-8.337947726E-1,8.646084594E-1
1.727428258E1,-1.571010798E-2,-2.008702606E-1,-7.567940950E-1,7.831557772E-1
1.728429958E1,-2.115152925E-1,-1.885752529E-1,-6.251058578E-1,6.863356894E-1
1.729431658E1,-2.001535445E-1,-5.215530992E-1,-4.298159778E-1,7.048551989E-1
1.730433358E1,-2.944433093E-1,-4.811404049E-1,-2.423818707E-1,6.139559617E-1
1.731435158E1,-2.976224124E-1,-2.988353670E-1,-1.165305972E-1,4.375626321E-1
1.732436858E1,-7.930151373E-2,-2.249590158E-1,-6.432358176E-2,2.470481978E-1
1.733438558E1,9.738870710E-2,-8.449017070E-3,-6.874350458E-2,1.195057136E-1
1.734440258E1,1.346500665E-1,1.920049936E-1,-7.447329164E-2,2.460545247E-1
1.735442058E1,1.819346100E-1,1.794245839E-1,-1.566800848E-2,2.560056056E-1
1.736443758E1,1.269810796E-1,1.895491183E-1,6.448008865E-2,2.370880525E-1
1.737445458E1,1.561124064E-2,1.624507755E-1,1.532047838E-1,2.238429607E-1