"Time (s)","Gyroscope x (rad/s)","Gyroscope y (rad/s)","Gyroscope z (rad/s)","Absolute (rad/s)"
5.536708341E-3,-7.720525563E-2,9.813805670E-2,-5.236050487E-1,5.382880053E-1
1.555270834E-2,-5.536653101E-2,2.625315487E-1,-5.720196962E-1,6.318186446E-1
2.556870834E-2,-5.604457110E-2,2.649123967E-1,-6.047427654E-1,6.625959434E-1
3.558570833E-2,-5.708640069E-2,1.912522912E-1,-6.273237467E-1,6.583094859E-1
4.560170833E-2,-7.336987555E-2,1.527296603E-1,-6.405082941E-1,6.625408384E-1
5.561770833E-2,-5.195432901E-2,1.437785178E-1,-6.517319083E-1,6.694221350E-1
6.563470834E-2,-2.626660839E-2,1.677008420E-1,-6.570791602E-1,6.786505212E-1
7.565070834E-2,-7.856442593E-3,2.212200016E-1,-6.512151361E-1,6.878089605E-1
8.566670834E-2,3.212618083E-2,2.667293251E-1,-6.373201013E-1,6.916310691E-1
9.568270834E-2,8.571697026E-2,2.977170646E-1,-6.127430797E-1,6.866126501E-1
1.056997083E-1,1.377681345E-1,3.352192640E-1,-5.805561543E-1,6.843956912E-1
1.157157083E-1,1.850573570E-1,3.672757447E-1,-5.376891494E-1,6.769396719E-1
1.257317083E-1,2.277165800E-1,3.981959820E-1,-4.883737266E-1,6.700177443E-1
1.357487083E-1,2.498849779E-1,4.359098077E-1,-4.267497659E-1,6.592231984E-1
1.457647083E-1,2.761152983E-1,4.568524361E-1,-3.626214564E-1,6.453279220E-1
1.557807083E-1,3.037136495E-1,4.663250446E-1,-2.946186960E-1,6.296834158E-1
1.657966250E-1,3.205696046E-1,4.785083234E-1,-2.200617492E-1,6.165729969E-1
1.758126250E-1,3.356385529E-1,4.947112501E-1,-1.427853405E-1,6.146381965E-1
1.858286250E-1,3.409007788E-1,5.218794942E-1,-6.432508677E-2,6.266651931E-1
1.958446250E-1,3.382935524E-1,5.549935102E-1,1.420727465E-2,6.501247347E-1
2.058616250E-1,3.458477557E-1,5.906426907E-1,9.179612994E-2,6.905765617E-1
2.158776250E-1,3.496606052E-1,6.182525158E-1,1.703852117E-1,7.304312647E-1
2.258936250E-1,3.461558819E-1,6.595160365E-1,2.412785590E-1,7.829435740E-1
2.359106250E-1,3.378513455E-1,7.000259161E-1,3.027624190E-1,8.341731818E-1
2.459266250E-1,3.227056265E-1,7.391442060E-1,3.609584272E-1,8.836085473E-1
2.559426250E-1,2.984799147E-1,7.768244743E-1,4.153947830E-1,9.301071708E-1
2.659586250E-1,2.728124559E-1,7.921366692E-1,4.528661668E-1,9.523628005E-1
2.759756250E-1,2.420153916E-1,7.895624638E-1,4.884758294E-1,9.594732773E-1
2.859916250E-1,2.056274712E-1,7.695416808E-1,5.117619038E-1,9.467720431E-1
2.960076250E-1,1.645713747E-1,7.379368544E-1,5.292884707E-1,9.229197276E-1
3.060246250E-1,1.157596558E-1,7.027007341E-1,5.270575881E-1,8.859900230E-1
3.160406250E-1,6.804885715E-2,6.548010707E-1,5.196287036E-1,8.386948663E-1
3.260566250E-1,3.406987712E-2,5.951666236E-1,5.030132532E-1,7.800041021E-1
3.360726250E-1,1.033881272E-4,5.342286825E-1,4.830481112E-1,7.202331384E-1
3.460896250E-1,-2.668143064E-2,4.731179476E-1,4.457757771E-1,6.505909118E-1
3.561056250E-1,-3.806218505E-2,4.035508633E-1,4.136646986E-1,5.791549983E-1
3.661216250E-1,-5.025824159E-2,3.441939354E-1,3.672350049E-1,5.058229975E-1
3.761386250E-1,-5.608923361E-2,2.938338518E-1,3.171367049E-1,4.359587414E-1
3.861546250E-1,-5.414418131E-2,2.264327109E-1,2.669648230E-1,3.542225030E-1
3.961706250E-1,-5.320302024E-2,1.610478461E-1,2.105854452E-1,2.703945262E-1
4.061866250E-1,-4.878951982E-2,8.217418194E-2,1.503187865E-1,1.781256607E-1
4.162036250E-1,-4.625978321E-2,-3.560166806E-3,9.004613012E-2,1.012963370E-1
4.262196250E-1,-4.596107826E-2,-8.939941972E-2,2.022890374E-2,1.025372396E-1
4.362356250E-1,-4.390085489E-2,-1.774970591E-1,-4.184592143E-2,1.875728450E-1
4.462526250E-1,-3.744614869E-2,-2.547247112E-1,-1.044232249E-1,2.778328678E-1
4.562686250E-1,-3.750180826E-2,-3.187670708E-1,-1.642242372E-1,3.605390840E-1
4.662846250E-1,-2.776751481E-2,-3.791634142E-1,-2.202229947E-1,4.393564577E-1
4.763016250E-1,-3.086983226E-2,-4.379273951E-1,-2.719479799E-1,5.164194552E-1
4.863176250E-1,-3.887997568E-2,-4.867222309E-1,-3.209071159E-1,5.842872236E-1
4.963336250E-1,-4.805643111E-2,-5.308009982E-1,-3.675161600E-1,6.474003770E-1
5.063496250E-1,-6.093123555E-2,-5.735056400E-1,-4.025548100E-1,7.033290195E-1
5.163666250E-1,-7.703483850E-2,-6.066246629E-1,-4.335331917E-1,7.495858031E-1
5.263826250E-1,-9.833077341E-2,-6.398000717E-1,-4.528024793E-1,7.899640232E-1
5.363986250E-1,-1.260345727E-1,-6.650388241E-1,-4.660714269E-1,8.218174530E-1
5.464146250E-1,-1.548186243E-1,-6.875788569E-1,-4.665589333E-1,8.452282113E-1
5.564316250E-1,-1.904040426E-1,-6.969148517E-1,-4.637197554E-1,8.584754053E-1
5.664476250E-1,-2.190013826E-1,-7.050753236E-1,-4.462709427E-1,8.626995837E-1
5.764636250E-1,-2.458122224E-1,-7.015340924E-1,-4.174614251E-1,8.525536774E-1
5.864806250E-1,-2.707092464E-1,-6.942898631E-1,-3.837257326E-1,8.381929062E-1
5.964966250E-1,-2.886240780E-1,-6.826204062E-1,-3.350934684E-1,8.133646844E-1
6.065126250E-1,-3.051812947E-1,-6.571046710E-1,-2.843046486E-1,7.783002663E-1
6.165286250E-1,-3.161993325E-1,-6.262325048E-1,-2.228753716E-1,7.360859999E-1
6.265456250E-1,-3.157479465E-1,-5.997222066E-1,-1.549808383E-1,6.952571834E-1
6.365616250E-1,-3.157953620E-1,-5.595260262E-1,-8.505634964E-2,6.480977298E-1
6.465776250E-1,-3.068962991E-1,-5.291237831E-1,-8.862848394E-3,6.117482050E-1
6.565946250E-1,-2.930012643E-1,-4.996085465E-1,6.528408080E-2,5.828554296E-1
6.666106250E-1,-2.811284661E-1,-4.654236734E-1,1.415747851E-1,5.618681607E-1
6.766266250E-1,-2.618010938E-1,-4.423247576E-1,2.184413373E-1,5.584869038E-1
6.866436250E-1,-2.384518981E-1,-4.314903915E-1,2.936774194E-1,5.738376881E-1
6.966596250E-1,-2.154352665E-1,-4.085728228E-1,3.629550338E-1,5.874354961E-1
7.066756250E-1,-1.857921481E-1,-3.901514411E-1,4.259026051E-1,6.067370916E-1
7.166916250E-1,-1.557293236E-1,-3.699156642E-1,4.845265150E-1,6.291702191E-1
7.267086250E-1,-1.162219495E-1,-3.336038589E-1,5.363660455E-1,6.422519840E-1
7.367246250E-1,-7.664044946E-2,-3.014872074E-1,5.815910697E-1,6.595577815E-1
7.467406250E-1,-3.416136280E-2,-2.641600072E-1,6.134953499E-1,6.688228857E-1
7.567566250E-1,6.956244353E-3,-2.299783230E-1,6.374236345E-1,6.776778794E-1
7.667736250E-1,3.801830113E-2,-1.974343508E-1,6.554877162E-1,6.856309942E-1
7.767896250E-1,6.820363551E-2,-1.742022634E-1,6.621797085E-1,6.880989251E-1
7.868056250E-1,8.263584971E-2,-1.546579897E-1,6.633715630E-1,6.861556733E-1
7.968226250E-1,9.774955362E-2,-1.369450390E-1,6.512922645E-1,6.726741653E-1
8.068386250E-1,1.096783280E-1,-1.157866716E-1,6.329494119E-1,6.527333659E-1
8.168546250E-1,1.211301833E-1,-8.549534529E-2,6.036850214E-1,6.216249516E-1
8.268706250E-1,1.248449832E-1,-5.323321000E-2,5.634887815E-1,5.796030118E-1
8.368876250E-1,1.224087179E-1,-2.168007568E-2,5.160315037E-1,5.307941528E-1
8.469036250E-1,1.131715104E-1,1.437594183E-3,4.612565637E-1,4.749394435E-1
8.569196250E-1,9.820960462E-2,2.497700974E-2,3.961888850E-1,4.089432846E-1
8.669366250E-1,8.552215993E-2,5.965562165E-2,3.265062571E-1,3.427523434E-1
8.769526250E-1,6.989126652E-2,8.808565885E-2,2.481871843E-1,2.724715598E-1
8.869686250E-1,5.106624961E-2,1.098062024E-1,1.636751592E-1,2.036043263E-1
8.969846250E-1,2.641363442E-2,1.301309168E-1,7.218493521E-2,1.511370255E-1
9.070016250E-1,5.929795094E-3,1.496903896E-1,-1.786384545E-2,1.508691227E-1
9.170176250E-1,-1.363591664E-2,1.700441241E-1,-1.155243590E-1,2.060262602E-1
9.270336250E-1,-2.535282262E-2,1.912039220E-1,-2.131558210E-1,2.874667101E-1
9.370506250E-1,-3.530319408E-2,2.126527578E-1,-3.089020252E-1,3.766801987E-1
9.470666250E-1,-4.178318381E-2,2.338607162E-1,-4.061885178E-1,4.705590091E-1
9.570826250E-1,-4.202073812E-2,2.498516589E-1,-4.924674928E-1,5.538193075E-1
9.670986250E-1,-3.617628664E-2,2.635563016E-1,-5.798771977E-1,6.379876271E-1
9.771156250E-1,-2.564508282E-2,2.770332396E-1,-6.578822732E-1,7.142927772E-1
9.871316250E-1,-9.448949248E-3,2.860575914E-1,-7.303612232E-1,7.844397648E-1
9.971476250E-1,1.517916564E-2,3.001502454E-1,-7.903912663E-1,8.455997462E-1
1.007163625E0,4.750910029E-2,3.079892397E-1,-8.407279253E-1,8.966258588E-1
1.017180625E0,8.236854523E-2,3.201678693E-1,-8.775141835E-1,9.377223385E-1
1.027196625E0,1.243363768E-1,3.362014294E-1,-9.016594887E-1,9.702993194E-1
1.037212625E0,1.659307033E-1,3.535963893E-1,-9.106742740E-1,9.909041518E-1
1.047229625E0,2.166187167E-1,3.700425327E-1,-9.033722878E-1,9.999683168E-1
1.057245625E0,2.619086802E-1,3.873110116E-1,-8.822400570E-1,9.984755854E-1
1.067261625E0,3.111017942E-1,4.119462073E-1,-8.504489660E-1,9.948605168E-1
1.077277625E0,3.523328602E-1,4.355580509E-1,-7.962256670E-1,9.735628243E-1
1.087294625E0,3.923889399E-1,4.657376707E-1,-7.359238267E-1,9.552300962E-1
1.097310625E0,4.259136021E-1,4.947898090E-1,-6.579275727E-1,9.268700246E-1
1.107326625E0,4.515861571E-1,5.225062370E-1,-5.770519376E-1,8.999620901E-1
1.117342625E0,4.740462005E-1,5.524271131E-1,-4.806335866E-1,8.722982059E-1
1.127359625E0,4.773411751E-1,5.743866563E-1,-3.751412034E-1,8.357664451E-1
1.137375625E0,4.683141112E-1,5.889970660E-1,-2.721037865E-1,8.001725571E-1
1.147391625E0,4.490439296E-1,5.972269177E-1,-1.632371396E-1,7.648312269E-1
1.157408625E0,4.171552360E-1,5.982546210E-1,-5.242300779E-2,7.312149166E-1
1.167425125E0,3.755457699E-1,5.975552201E-1,5.558078736E-2,7.079520396E-1
1.177441125E0,3.236471415E-1,5.899300575E-1,1.591721624E-1,6.914482788E-1
1.187457125E0,2.687057853E-1,5.762596726E-1,2.576051056E-1,6.860309030E-1
1.197474125E0,2.082506865E-1,5.698731542E-1,3.536813259E-1,7.022921334E-1
1.207490125E0,1.440174133E-1,5.520554185E-1,4.380759001E-1,7.193168249E-1
1.217506125E0,8.130875230E-2,5.340538025E-1,5.160913467E-1,7.471110060E-1
1.227522125E0,1.318285149E-2,5.135231018E-1,5.798808336E-1,7.746880307E-1
1.237539125E0,-4.829222709E-2,4.911474586E-1,6.397705078E-1,8.080001658E-1
1.247555125E0,-1.059521362E-1,4.577211440E-1,6.833725572E-1,8.292964203E-1
1.257571125E0,-1.615384370E-1,4.153092504E-1,7.164180875E-1,8.437009637E-1
1.267588125E0,-2.109823376E-1,3.669289947E-1,7.389702201E-1,8.516028535E-1
1.277604125E0,-2.516192496E-1,3.139919937E-1,7.485597134E-1,8.498499063E-1
1.287620125E0,-2.894341946E-1,2.562702298E-1,7.463375330E-1,8.405154947E-1
1.297636125E0,-3.157400787E-1,1.902243495E-1,7.312821150E-1,8.189326176E-1
1.307653125E0,-3.284957409E-1,1.302970648E-1,7.123500109E-1,7.951913700E-1
1.317669125E0,-3.343544304E-1,6.529489160E-2,6.765379310E-1,7.574693922E-1
1.327685125E0,-3.315882683E-1,-4.589975812E-3,6.342789531E-1,7.157385262E-1
1.337701125E0,-3.228262067E-1,-7.229232043E-2,5.787217021E-1,6.666046413E-1
1.347718125E0,-3.071407974E-1,-1.437538117E-1,5.161454678E-1,6.175813887E-1
1.357734125E0,-2.886267900E-1,-2.140812427E-1,4.425517023E-1,5.700773733E-1
1.367750125E0,-2.631991506E-1,-2.805870175E-1,3.659397066E-1,5.309564352E-1
1.377767125E0,-2.344093025E-1,-3.457055688E-1,2.859266400E-1,5.061759623E-1
1.387783125E0,-2.116103619E-1,-4.077724814E-1,1.979444176E-1,5.002392771E-1
1.397799125E0,-1.880360544E-1,-4.653121829E-1,1.056866571E-1,5.128768417E-1
1.407815125E0,-1.667086333E-1,-5.243549943E-1,1.238756999E-2,5.503575023E-1
1.417832125E0,-1.526529938E-1,-5.735933781E-1,-7.867363095E-2,5.987502318E-1
1.427848125E0,-1.399498880E-1,-6.222242117E-1,-1.737818867E-1,6.610212439E-1
1.437864125E0,-1.336943805E-1,-6.631301045E-1,-2.593106329E-1,7.244706532E-1
1.447880125E0,-1.311185211E-1,-6.950115561E-1,-3.460279703E-1,7.873807757E-1
1.457897125E0,-1.316168010E-1,-7.122022510E-1,-4.224391282E-1,8.384568239E-1
1.467913125E0,-1.376973540E-1,-7.212568521E-1,-4.889034927E-1,8.821556740E-1
1.477929125E0,-1.449446231E-1,-7.261906862E-1,-5.485993028E-1,9.215872457E-1
1.487946125E0,-1.549626738E-1,-7.167807221E-1,-5.969545841E-1,9.455912486E-1
1.497962125E0,-1.675301343E-1,-6.973057985E-1,-6.302017570E-1,9.547020357E-1
1.507978125E0,-1.826197207E-1,-6.668337584E-1,-6.542704701E-1,9.518860603E-1
1.517994125E0,-1.962364614E-1,-6.362037063E-1,-6.635883451E-1,9.400071257E-1
1.528011125E0,-2.092845589E-1,-6.043524742E-1,-6.565496325E-1,9.165693425E-1
1.538027125E0,-2.237108946E-1,-5.732325912E-1,-6.366372108E-1,8.854090050E-1
1.548043125E0,-2.418055087E-1,-5.461962223E-1,-6.033527255E-1,8.490198635E-1
1.558059125E0,-2.577106953E-1,-5.193299651E-1,-5.577860475E-1,8.045145678E-1
1.568076125E0,-2.711101174E-1,-5.012649894E-1,-4.966438413E-1,7.559248577E-1
1.578092125E0,-2.761251330E-1,-4.868197441E-1,-4.268211126E-1,7.038570981E-1
1.588108125E0,-2.789869905E-1,-4.619455934E-1,-3.479134440E-1,6.420835122E-1
1.598124125E0,-2.722518742E-1,-4.310438633E-1,-2.618118525E-1,5.731189590E-1
1.608141125E0,-2.529214323E-1,-3.949309587E-1,-1.702328175E-1,4.989177540E-1
1.618157125E0,-2.264405489E-1,-3.511153162E-1,-7.339629531E-2,4.241984248E-1
1.628173125E0,-1.896743923E-1,-3.047384918E-1,2.511348575E-2,3.598230268E-1
1.638190125E0,-1.496518850E-1,-2.642909288E-1,1.217169911E-1,3.272008675E-1
1.648206125E0,-1.132056490E-1,-2.263171077E-1,2.182383984E-1,3.341600675E-1
1.658222125E0,-7.102996856E-2,-1.976468563E-1,3.158581853E-1,3.793098067E-1
1.668238125E0,-3.173529729E-2,-1.708606631E-1,4.061605036E-1,4.417769233E-1
1.678255125E0,4.157721531E-3,-1.464964598E-1,4.873426855E-1,5.089021443E-1
1.688271125E0,4.882064462E-2,-1.238220483E-1,5.662282109E-1,5.816611916E-1
1.698287125E0,8.508197963E-2,-9.124360979E-2,6.334874034E-1,6.456551942E-1
1.708303125E0,1.177584380E-1,-5.485296249E-2,6.875465512E-1,6.997114815E-1
1.718320125E0,1.506641954E-1,-2.216425724E-2,7.333822250E-1,7.490263294E-1
1.728336125E0,1.735085994E-1,8.799850009E-3,7.648436427E-1,7.843267618E-1
1.738352125E0,1.873178929E-1,3.223513439E-2,7.861633301E-1,8.088138713E-1
1.748368125E0,1.984066814E-1,5.913631245E-2,7.870812416E-1,8.138545297E-1
1.758385125E0,2.004546523E-1,8.488374949E-2,7.774981260E-1,8.073974576E-1
1.768401125E0,1.944418699E-1,1.129028350E-1,7.499197721E-1,7.829012425E-1
1.778417125E0,1.883568168E-1,1.381845027E-1,7.116708755E-1,7.490318300E-1
1.788433125E0,1.703520268E-1,1.641362458E-1,6.582947373E-1,6.995087429E-1
1.798450125E0,1.508619487E-1,1.875776500E-1,5.872660875E-1,6.346858750E-1
1.808466125E0,1.313301772E-1,2.075456381E-1,5.140157938E-1,5.696797729E-1
1.818482125E0,1.061212271E-1,2.293555886E-1,4.254080951E-1,4.948108207E-1
1.828498125E0,8.053116500E-2,2.481774688E-1,3.271830380E-1,4.184806625E-1
1.838515125E0,5.994812772E-2,2.652099729E-1,2.215207666E-1,3.507157792E-1
1.848531125E0,3.566078842E-2,2.857719958E-1,1.086668968E-1,3.078080893E-1
1.858547125E0,2.188692056E-2,2.993645072E-1,-9.572129697E-3,3.003161187E-1
1.868564125E0,1.189607196E-2,3.105516434E-1,-1.276979744E-1,3.359919827E-1
1.878580125E0,6.842457689E-3,3.200652599E-1,-2.470403463E-1,4.043729993E-1
1.888596125E0,8.886394091E-3,3.300832510E-1,-3.667999804E-1,4.935343415E-1
1.898612125E0,1.911639422E-2,3.363105059E-1,-4.801047146E-1,5.864901789E-1
1.908629125E0,3.644588962E-2,3.415947855E-1,-5.892850161E-1,6.821085914E-1
1.918645125E0,5.906118453E-2,3.459128439E-1,-6.851247549E-1,7.697661001E-1
1.928661125E0,9.127078950E-2,3.503252864E-1,-7.785403132E-1,8.585937239E-1
1.938677125E0,1.329157054E-1,3.552966118E-1,-8.552209735E-1,9.355774584E-1
1.948694125E0,1.749548465E-1,3.624743223E-1,-9.195865989E-1,1.003810911E0
1.958710125E0,2.232291549E-1,3.704217374E-1,-9.660353065E-1,1.058427009E0
1.968726125E0,2.747464478E-1,3.811755776E-1,-9.968392849E-1,1.102029488E0
1.978742125E0,3.260146976E-1,3.959414661E-1,-1.009100795E0,1.131962739E0
1.988759125E0,3.773162365E-1,4.126232564E-1,-1.007518530E0,1.152266932E0
1.998775125E0,4.258025289E-1,4.318933487E-1,-9.859504700E-1,1.157556905E0
2.008791125E0,4.703504145E-1,4.509727657E-1,-9.494907260E-1,1.151580908E0
2.018807125E0,5.056069493E-1,4.670563936E-1,-8.942440152E-1,1.128473491E0
2.028824125E0,5.269465446E-1,4.736408591E-1,-8.283855915E-1,1.090060096E0
2.038840125E0,5.317056179E-1,4.740123749E-1,-7.442861795E-1,1.030223526E0
2.048856125E0,5.259953141E-1,4.671727717E-1,-6.503205299E-1,9.580387574E-1
2.058872125E0,5.076826215E-1,4.588370919E-1,-5.493734479E-1,8.775444754E-1
2.068889125E0,4.807417393E-1,4.451723099E-1,-4.410902262E-1,7.898427647E-1
2.078905125E0,4.333915412E-1,4.324836731E-1,-3.282803297E-1,6.947217647E-1
2.088921125E0,3.847779930E-1,4.184463918E-1,-2.103589922E-1,6.061372718E-1
2.098937125E0,3.236541748E-1,4.038093984E-1,-9.341745824E-2,5.258715400E-1
2.108954125E0,2.578086555E-1,3.873801231E-1,2.387958393E-2,4.659387269E-1
2.118970125E0,1.863866448E-1,3.664423525E-1,1.397265643E-1,4.342159507E-1
2.128986125E0,1.092125028E-1,3.484218121E-1,2.512725294E-1,4.432414849E-1
2.139003125E0,3.295847401E-2,3.248434961E-1,3.557406068E-1,4.828674117E-1
2.149019125E0,-4.834866524E-2,2.970529795E-1,4.576152265E-1,5.477132111E-1
2.159035125E0,-1.250618249E-1,2.668833435E-1,5.437269211E-1,6.184708108E-1
2.169050458E0,-1.979706436E-1,2.287434042E-1,6.248316169E-1,6.942121219E-1
2.179067458E0,-2.624974549E-1,1.896881461E-1,6.987388730E-1,7.701444795E-1
2.189083458E0,-3.211947083E-1,1.532529444E-1,7.586373687E-1,8.379637002E-1
2.199099458E0,-3.712895513E-1,1.115259901E-1,8.085420728E-1,8.966795753E-1
2.209115458E0,-4.085838199E-1,7.543761283E-2,8.464688063E-1,9.429427402E-1
2.219132458E0,-4.342209995E-1,3.543267399E-2,8.720796704E-1,9.748468097E-1
2.229148458E0,-4.492705762E-1,-1.014539041E-2,8.830888271E-1,9.908546090E-1
2.239164458E0,-4.588997662E-1,-5.724605545E-2,8.792365789E-1,9.934400173E-1
2.249180458E0,-4.574322104E-1,-1.127031520E-1,8.663835526E-1,9.861879576E-1
2.259197458E0,-4.471673071E-1,-1.678667963E-1,8.355225921E-1,9.624114836E-1
2.269213458E0,-4.309274256E-1,-2.262164652E-1,7.967004776E-1,9.335973363E-1
2.279229458E0,-4.025434554E-1,-2.768514156E-1,7.433539033E-1,8.895296315E-1
2.289245458E0,-3.708442450E-1,-3.257650137E-1,6.759331226E-1,8.369790227E-1
2.299262458E0,-3.347855508E-1,-3.669947386E-1,6.002476811E-1,7.791429791E-1
2.309278458E0,-2.968563437E-1,-4.116839468E-1,5.155538917E-1,7.234660850E-1
2.319294458E0,-2.606197894E-1,-4.529115558E-1,4.204899371E-1,6.707185245E-1
2.329310458E0,-2.290899158E-1,-4.948071539E-1,3.201245666E-1,6.322942726E-1
2.339327458E0,-2.008332461E-1,-5.388255119E-1,2.115067393E-1,6.127006005E-1
2.349343458E0,-1.789476871E-1,-5.792301297E-1,1.013191715E-1,6.146506263E-1
2.359359458E0,-1.612957269E-1,-6.134874225E-1,-9.679786861E-3,6.344106141E-1
2.369375458E0,-1.467789859E-1,-6.366674304E-1,-1.199238449E-1,6.642824822E-1
2.379392458E0,-1.405178905E-1,-6.499345303E-1,-2.271136791E-1,7.026669157E-1
2.389408458E0,-1.326238662E-1,-6.491954327E-1,-3.294951916E-1,7.400073520E-1
2.399424458E0,-1.309838891E-1,-6.421748400E-1,-4.239596426E-1,7.805684358E-1
2.409440458E0,-1.298043728E-1,-6.224197745E-1,-5.082958341E-1,8.140148683E-1
2.419457458E0,-1.300752163E-1,-5.931952596E-1,-5.829016566E-1,8.417686851E-1
2.429473458E0,-1.324159205E-1,-5.490799546E-1,-6.432287097E-1,8.560174914E-1
2.439489458E0,-1.403814405E-1,-5.066859126E-1,-6.919365525E-1,8.690303537E-1
2.449505458E0,-1.505962014E-1,-4.658183157E-1,-7.264477611E-1,8.760092857E-1
2.459522458E0,-1.682724059E-1,-4.400336146E-1,-7.454180121E-1,8.818124502E-1
2.469538458E0,-1.882484406E-1,-4.305270910E-1,-7.462015748E-1,8.818207537E-1
2.479554458E0,-2.204010487E-1,-4.297680855E-1,-7.324497700E-1,8.773596156E-1
2.489570458E0,-2.496258914E-1,-4.376281202E-1,-7.027569413E-1,8.646957707E-1
2.499587458E0,-2.695205212E-1,-4.361341000E-1,-6.564930081E-1,8.329689875E-1
2.509603458E0,-2.793661952E-1,-4.225962758E-1,-5.988304019E-1,7.843665811E-1
2.519619458E0,-2.689228654E-1,-3.841405213E-1,-5.378879905E-1,7.135873723E-1
2.529635458E0,-2.398427278E-1,-3.302746117E-1,-4.600783587E-1,6.150430467E-1
2.539652458E0,-2.076400518E-1,-2.579183877E-1,-3.782852292E-1,5.027285554E-1
2.549668458E0,-1.645255983E-1,-1.872989386E-1,-2.870649397E-1,3.802050033E-1
2.559684458E0,-1.244799197E-1,-1.361199021E-1,-1.932007521E-1,2.671149730E-1
2.569700458E0,-9.342563897E-2,-1.037176773E-1,-9.033676982E-2,1.662721822E-1
2.579717458E0,-6.527655572E-2,-9.913437068E-2,1.424955949E-2,1.195479072E-1
2.589733458E0,-3.398525342E-2,-9.224920720E-2,1.175532043E-1,1.532438238E-1
2.599749458E0,-2.504824195E-3,-7.553973794E-2,2.217062414E-1,2.342353168E-1
2.609765458E0,3.952392563E-2,-4.423499107E-2,3.185996711E-1,3.240750308E-1
2.619782458E0,8.631832898E-2,9.315585718E-3,4.080997407E-1,4.172325880E-1
2.629798458E0,1.237519532E-1,5.226965994E-2,4.885083437E-1,5.066429365E-1
2.639814458E0,1.491372138E-1,7.532783598E-2,5.623785853E-1,5.866735589E-1
2.649830458E0,1.693011075E-1,8.895541728E-2,6.195007563E-1,6.483495340E-1
2.659847458E0,1.864558458E-1,1.095717400E-1,6.702681184E-1,7.042947531E-1
2.669863458E0,1.992837638E-1,1.350058615E-1,7.056528926E-1,7.455780348E-1
2.679879458E0,2.089134902E-1,1.669206470E-1,7.275440693E-1,7.751307771E-1
2.689895458E0,2.058698833E-1,1.995798945E-1,7.303418517E-1,7.846105808E-1
2.699912458E0,2.013624758E-1,2.246644795E-1,7.222983241E-1,7.827744528E-1
2.709928458E0,1.891887933E-1,2.455160022E-1,7.014757991E-1,7.669020821E-1
2.719944458E0,1.720995456E-1,2.682735026E-1,6.638174057E-1,7.363711523E-1
2.729960458E0,1.562179476E-1,2.863573134E-1,6.157128215E-1,6.967832063E-1
2.739977458E0,1.351840347E-1,3.065062463E-1,5.525237322E-1,6.461449349E-1
2.749993458E0,1.138961241E-1,3.280605078E-1,4.814682603E-1,5.936393766E-1
2.760009458E0,9.582471102E-2,3.423651457E-1,3.968977034E-1,5.328452451E-1
2.770025458E0,8.253146708E-2,3.552942872E-1,3.034694493E-1,4.744883352E-1
2.780042458E0,6.835865974E-2,3.704032004E-1,2.048733681E-1,4.287709577E-1
2.790058458E0,6.519197673E-2,3.784445822E-1,9.996727109E-2,3.968170245E-1
2.800074458E0,6.312056631E-2,3.890388906E-1,-7.775434759E-3,3.942028940E-1
2.810090458E0,6.793636084E-2,3.995414674E-1,-1.199042499E-1,4.226414112E-1
2.820107458E0,7.933495194E-2,4.068436027E-1,-2.322507650E-1,4.751380530E-1
2.830123458E0,9.950881451E-2,4.083341658E-1,-3.366940916E-1,5.385180651E-1
2.840139458E0,1.225571483E-1,4.109858871E-1,-4.369642437E-1,6.122641621E-1
2.850155458E0,1.574720889E-1,4.131397307E-1,-5.328800082E-1,6.924182255E-1
2.860172458E0,1.918646842E-1,4.151290953E-1,-6.186055541E-1,7.692964672E-1
2.870188458E0,2.333171666E-1,4.173163474E-1,-6.975828409E-1,8.457018706E-1
2.880204458E0,2.784612179E-1,4.207161367E-1,-7.575029135E-1,9.101392099E-1
2.890220458E0,3.261292875E-1,4.260110259E-1,-8.092843890E-1,9.709721565E-1
2.900237458E0,3.735577762E-1,4.290925562E-1,-8.462445736E-1,1.019703738E0
2.910253458E0,4.189659655E-1,4.296704233E-1,-8.641092181E-1,1.052061735E0
2.920269458E0,4.515830278E-1,4.267856777E-1,-8.723791242E-1,1.071036219E0
2.930285458E0,4.782390893E-1,4.151123464E-1,-8.630823493E-1,1.070486818E0
2.940302458E0,4.944689274E-1,3.969413340E-1,-8.433573842E-1,1.055136778E0
2.950318458E0,5.018779039E-1,3.747273088E-1,-8.058472872E-1,1.020633057E0
2.960334458E0,4.973737001E-1,3.508885503E-1,-7.604039311E-1,9.740213092E-1
2.970350458E0,4.850550294E-1,3.214583993E-1,-6.992975473E-1,9.097422403E-1
2.980367458E0,4.563067257E-1,2.955956459E-1,-6.289131641E-1,8.313389091E-1
2.990383458E0,4.252877831E-1,2.689515948E-1,-5.517372489E-1,7.467386763E-1
3.000399458E0,3.764856160E-1,2.405564338E-1,-4.685667157E-1,6.474284393E-1
3.010415458E0,3.242458701E-1,2.139951289E-1,-3.741690814E-1,5.393809424E-1
3.020432458E0,2.683881819E-1,1.854705513E-1,-2.778377533E-1,4.285152958E-1
3.030448458E0,2.022562027E-1,1.570633054E-1,-1.801177859E-1,3.130796548E-1
3.040464458E0,1.326683313E-1,1.297435313E-1,-8.018799126E-2,2.021494101E-1
3.050480458E0,5.748022720E-2,9.852912277E-2,2.344313636E-2,1.164540476E-1
3.060497458E0,-1.756658778E-2,6.499513239E-2,1.212623715E-1,1.386993691E-1
3.070513458E0,-8.972223848E-2,3.268410265E-2,2.164269239E-1,2.365564288E-1
3.080529458E0,-1.618030965E-1,1.182368025E-3,3.137835860E-1,3.530464260E-1
3.090545458E0,-2.265592217E-1,-3.158585727E-2,4.046395719E-1,4.648224720E-1
3.100561458E0,-2.880705297E-1,-5.639799684E-2,4.894372821E-1,5.707137787E-1
3.110578458E0,-3.356486261E-1,-7.534512132E-2,5.674911141E-1,6.636136317E-1
3.120594458E0,-3.761675358E-1,-9.631485492E-2,6.385085583E-1,7.473096716E-1
3.130610458E0,-4.077194333E-1,-1.206290573E-1,7.008471489E-1,8.197397342E-1
3.140626458E0,-4.339675307E-1,-1.468121856E-1,7.508682609E-1,8.795935316E-1
3.150643458E0,-4.478700757E-1,-1.792869568E-1,7.953666449E-1,9.302362696E-1
3.160659458E0,-4.547410309E-1,-2.102778852E-1,8.216494322E-1,9.623481613E-1
3.170676083E0,-4.527804255E-1,-2.379769087E-1,8.391042948E-1,9.827202757E-1
3.180692083E0,-4.401271939E-1,-2.692597210E-1,8.394848704E-1,9.853667296E-1
3.190709083E0,-4.249691665E-1,-2.963223755E-1,8.296132088E-1,9.780919276E-1
3.200725083E0,-4.000129700E-1,-3.281186521E-1,8.113958240E-1,9.623073361E-1
3.210741083E0,-3.688159287E-1,-3.546798527E-1,7.737205029E-1,9.276132835E-1
3.220757083E0,-3.384407163E-1,-3.843280375E-1,7.254424691E-1,8.879847605E-1
3.230774083E0,-3.059787452E-1,-4.159374535E-1,6.687899828E-1,8.449301739E-1
3.240790083E0,-2.729139924E-1,-4.423389733E-1,5.982750654E-1,7.925142702E-1
3.250806083E0,-2.425446212E-1,-4.673803747E-1,5.179266334E-1,7.385934643E-1
3.260822083E0,-2.133518457E-1,-4.900745153E-1,4.308620691E-1,6.865378091E-1
3.270839083E0,-1.853797585E-1,-5.067143440E-1,3.378100097E-1,6.365851742E-1
3.280855083E0,-1.639271975E-1,-5.182296038E-1,2.406184673E-1,5.944167689E-1
3.290871083E0,-1.430452466E-1,-5.206756592E-1,1.370899528E-1,5.570985010E-1
3.300887083E0,-1.258902252E-1,-5.186535120E-1,3.573989868E-2,5.349085479E-1
3.310904083E0,-1.101388261E-1,-5.044138432E-1,-6.425998360E-2,5.202818771E-1
3.320920083E0,-9.389700741E-2,-4.795140624E-1,-1.625202447E-1,5.149400101E-1
3.330936083E0,-8.722244203E-2,-4.430239499E-1,-2.551423609E-1,5.186285751E-1
3.340952083E0,-8.103938401E-2,-4.069751203E-1,-3.408402205E-1,5.369992423E-1
3.350968083E0,-8.421275020E-2,-3.787617087E-1,-4.178078473E-1,5.701891059E-1
3.360985083E0,-9.480839968E-2,-3.633113801E-1,-4.847905934E-1,6.131930455E-1
3.371001083E0,-1.207309291E-1,-3.598975837E-1,-5.424695015E-1,6.620992283E-1
3.381017083E0,-1.514552832E-1,-3.737233877E-1,-5.832757950E-1,7.090969795E-1
3.391033083E0,-1.847952902E-1,-3.846996129E-1,-6.138533950E-1,7.476356612E-1
3.401050083E0,-2.105400711E-1,-3.901071548E-1,-6.336929202E-1,7.733546605E-1
3.411066083E0,-2.241539508E-1,-3.767669499E-1,-6.414985061E-1,7.769933471E-1
3.421082083E0,-2.272946090E-1,-3.412787318E-1,-6.341729760E-1,7.551883047E-1
3.431098083E0,-2.142734528E-1,-2.864564359E-1,-6.187070012E-1,7.146808767E-1
3.441115083E0,-1.910871714E-1,-2.203021795E-1,-5.946953893E-1,6.623518426E-1
3.451131083E0,-1.658330262E-1,-1.505071968E-1,-5.578010082E-1,6.010781760E-1
3.461147083E0,-1.414299458E-1,-1.023236811E-1,-5.088853836E-1,5.379934005E-1
3.471163083E0,-1.241330802E-1,-7.260359079E-2,-4.524284601E-1,4.747334142E-1
3.481180083E0,-1.102154031E-1,-6.391742080E-2,-3.828565776E-1,4.034997284E-1
3.491196083E0,-9.484041482E-2,-6.300405413E-2,-3.095431328E-1,3.298198996E-1
3.501212083E0,-7.594342530E-2,-5.768359080E-2,-2.293148637E-1,2.483548010E-1
3.511228083E0,-4.148892313E-2,-2.505176514E-2,-1.499040574E-1,1.575441148E-1
3.521244083E0,2.092907904E-3,2.782796137E-2,-6.971227378E-2,7.509045753E-2
3.531261083E0,3.885134310E-2,7.749779522E-2,9.694397449E-3,8.723139611E-2
3.541277083E0,6.629628688E-2,1.013120487E-1,8.700569719E-2,1.490950040E-1
3.551293083E0,9.363012761E-2,1.127811894E-1,1.666784436E-1,2.219637381E-1
3.561309083E0,1.140597686E-1,1.305399388E-1,2.361890674E-1,2.929771015E-1
3.571326083E0,1.386407018E-1,1.563680321E-1,2.992404699E-1,3.649891293E-1
3.581342083E0,1.536992788E-1,1.888468862E-1,3.550581932E-1,4.305263468E-1
3.591358083E0,1.678858697E-1,2.137448341E-1,4.010121226E-1,4.844411645E-1
3.601374083E0,1.733626574E-1,2.408344895E-1,4.407664537E-1,5.313482183E-1
3.611391083E0,1.797243804E-1,2.625381649E-1,4.687147439E-1,5.664985896E-1
3.621407083E0,1.788466126E-1,2.827379704E-1,4.856138527E-1,5.897013521E-1
3.631423083E0,1.764489710E-1,3.026829064E-1,4.948054850E-1,6.062867714E-1
3.641439083E0,1.690514982E-1,3.229823112E-1,4.917481542E-1,6.121374270E-1
3.651456083E0,1.568161249E-1,3.435111940E-1,4.790612459E-1,6.099925530E-1
3.661472083E0,1.494761854E-1,3.633224368E-1,4.550206363E-1,6.011573027E-1
3.671488083E0,1.413322091E-1,3.812609315E-1,4.215956330E-1,5.857282382E-1
3.681504083E0,1.338987947E-1,3.997619152E-1,3.815070689E-1,5.685825531E-1
3.691520083E0,1.268636733E-1,4.151553810E-1,3.305802941E-1,5.456479752E-1
3.701537083E0,1.237935796E-1,4.319601953E-1,2.718860805E-1,5.252013913E-1
3.711553083E0,1.232866794E-1,4.487337470E-1,2.117459625E-1,5.112709005E-1
3.721569083E0,1.269208342E-1,4.619177282E-1,1.414736658E-1,4.994914252E-1
3.731585083E0,1.364197582E-1,4.722562134E-1,7.072989643E-2,4.966276269E-1
3.741602083E0,1.464169919E-1,4.799868166E-1,-4.388560541E-3,5.018411493E-1
3.751618083E0,1.658131778E-1,4.869813025E-1,-7.800818235E-2,5.203172834E-1
3.761634083E0,1.887669563E-1,4.932778180E-1,-1.501971632E-1,5.491039586E-1
3.771650083E0,2.116079479E-1,5.012802482E-1,-2.196389288E-1,5.867717357E-1
3.781667083E0,2.392054796E-1,5.005103350E-1,-2.854075432E-1,6.238487979E-1
3.791683083E0,2.680104971E-1,4.988254607E-1,-3.482321501E-1,6.647722145E-1
3.801699083E0,2.982019782E-1,4.908993542E-1,-3.991922736E-1,6.994719916E-1
3.811715083E0,3.216668665E-1,4.715386629E-1,-4.513862431E-1,7.277141088E-1
3.821731083E0,3.427180946E-1,4.419554770E-1,-4.902518690E-1,7.437252389E-1
3.831748083E0,3.551002145E-1,4.071850777E-1,-5.255945325E-1,7.537542453E-1
3.841764083E0,3.624848723E-1,3.671777546E-1,-5.445905924E-1,7.501957741E-1
3.851780083E0,3.644924164E-1,3.223127127E-1,-5.627306104E-1,7.439125931E-1
3.861796083E0,3.606159389E-1,2.729627490E-1,-5.697056651E-1,7.274043323E-1
3.871813083E0,3.552024364E-1,2.281219661E-1,-5.652698278E-1,7.055057622E-1
3.881829083E0,3.447212875E-1,1.846908629E-1,-5.559080243E-1,6.796890557E-1
3.891845083E0,3.275989294E-1,1.478620321E-1,-5.350826979E-1,6.445911360E-1
3.901861083E0,3.023801148E-1,1.145280451E-1,-5.090590715E-1,6.030684416E-1
3.911878083E0,2.749297321E-1,8.098767698E-2,-4.695779681E-1,5.501352830E-1
3.921894083E0,2.459873110E-1,5.093550682E-2,-4.284984469E-1,4.967042400E-1
3.931910083E0,2.072654963E-1,2.310374379E-2,-3.795113266E-1,4.330376611E-1
3.941926083E0,1.669337749E-1,-5.032820627E-3,-3.247764409E-1,3.652012473E-1
3.951943083E0,1.144293249E-1,-3.686594218E-2,-2.632823288E-1,2.894317757E-1
3.961959083E0,6.540745497E-2,-6.768031418E-2,-1.989720613E-1,2.201105206E-1
3.971975083E0,1.026018150E-2,-9.639623761E-2,-1.320845783E-1,1.638409038E-1
3.981991083E0,-4.457350820E-2,-1.317656785E-1,-6.224397570E-2,1.523919426E-1
3.992007083E0,-1.022226363E-1,-1.684453487E-1,9.433667175E-3,1.972620008E-1
4.002024083E0,-1.586094797E-1,-1.998882294E-1,8.548076451E-2,2.691082169E-1
4.012040083E0,-2.130762935E-1,-2.282866985E-1,1.541909575E-1,3.482688257E-1
4.022056083E0,-2.597322166E-1,-2.551499903E-1,2.261445075E-1,4.286066731E-1
4.032072083E0,-3.000994921E-1,-2.732264996E-1,3.008829355E-1,5.052157619E-1
4.042089083E0,-3.320164382E-1,-2.897775173E-1,3.678401411E-1,5.740316143E-1
4.052105083E0,-3.536720872E-1,-3.041307926E-1,4.318243861E-1,6.356506782E-1
4.062121083E0,-3.698675931E-1,-3.128236234E-1,4.899017811E-1,6.889589326E-1
4.072137083E0,-3.785032034E-1,-3.252342939E-1,5.424058437E-1,7.370523185E-1
4.082153083E0,-3.830782473E-1,-3.368949592E-1,5.850251913E-1,7.762097858E-1
4.092170083E0,-3.859703541E-1,-3.526192009E-1,6.224365830E-1,8.128595912E-1
4.102186083E0,-3.761933446E-1,-3.685342669E-1,6.444071531E-1,8.322256409E-1
4.112202083E0,-3.616029322E-1,-3.828791976E-1,6.626654267E-1,8.464506060E-1
4.122218083E0,-3.440849185E-1,-3.936578035E-1,6.707236171E-1,8.504299312E-1
4.132235083E0,-3.241430223E-1,-4.037499726E-1,6.633666754E-1,8.415094089E-1
4.142251083E0,-2.929954827E-1,-4.082565606E-1,6.483224630E-1,8.202693388E-1
4.152267083E0,-2.642472982E-1,-4.147464335E-1,6.227564216E-1,7.935154689E-1
4.162283083E0,-2.382167578E-1,-4.175297022E-1,5.879915357E-1,7.594816139E-1
4.172299375E0,-2.030726969E-1,-4.178936779E-1,5.443885922E-1,7.157042585E-1
4.182315375E0,-1.758511961E-1,-4.132632613E-1,4.892153442E-1,6.641097946E-1
4.192331375E0,-1.465396583E-1,-4.057639241E-1,4.326280951E-1,6.109707868E-1
4.202347375E0,-1.188438535E-1,-3.857201636E-1,3.663726449E-1,5.450989094E-1
4.212363375E0,-9.569835663E-2,-3.676483929E-1,2.931302488E-1,4.798425357E-1
4.222380375E0,-7.701920718E-2,-3.499932289E-1,2.223330587E-1,4.217335741E-1
4.232396375E0,-6.403249502E-2,-3.416386843E-1,1.495987177E-1,3.784136987E-1
4.242412375E0,-6.288228184E-2,-3.347128928E-1,7.209380716E-2,3.481155253E-1
4.252428375E0,-6.735114008E-2,-3.358142972E-1,-1.976481639E-3,3.425074083E-1
4.262445375E0,-8.245552331E-2,-3.386191428E-1,-7.025486976E-2,3.555243788E-1
4.272461375E0,-9.567331523E-2,-3.476676047E-1,-1.390311122E-1,3.864657769E-1
4.282477375E0,-1.069174483E-1,-3.396221995E-1,-2.028130144E-1,4.097654182E-1
4.292493375E0,-1.156802699E-1,-3.254503012E-1,-2.614815533E-1,4.332117567E-1
4.302509375E0,-1.210039333E-1,-2.964783013E-1,-3.138630092E-1,4.483874703E-1
4.312526375E0,-1.218108684E-1,-2.581772506E-1,-3.587487340E-1,4.584692297E-1
4.322542375E0,-1.195522398E-1,-2.099814862E-1,-3.990769684E-1,4.665269438E-1
4.332558375E0,-1.143065542E-1,-1.677087992E-1,-4.301151633E-1,4.755957142E-1
4.342574375E0,-1.142703295E-1,-1.336522996E-1,-4.520476162E-1,4.850440111E-1
4.352591375E0,-1.144693568E-1,-1.074012294E-1,-4.657122493E-1,4.914531075E-1
4.362607375E0,-1.172853783E-1,-9.213678539E-2,-4.691671729E-1,4.923036495E-1
4.372623375E0,-1.174498349E-1,-8.381426334E-2,-4.622426331E-1,4.842391417E-1
4.382639375E0,-1.103357375E-1,-6.675458699E-2,-4.502434731E-1,4.683474510E-1
4.392655375E0,-1.019820496E-1,-4.222312570E-2,-4.334067702E-1,4.472410528E-1
4.402672375E0,-8.164162934E-2,-8.562366478E-3,-4.074920714E-1,4.156783107E-1
4.412688375E0,-5.629684031E-2,3.305192292E-2,-3.757956028E-1,3.814237787E-1
4.422704375E0,-3.383307904E-2,7.214979082E-2,-3.417367041E-1,3.509048938E-1
4.432720375E0,-1.209403388E-2,9.503066540E-2,-3.010295630E-1,3.159048762E-1
4.442737375E0,9.542285465E-3,1.137369797E-1,-2.593388259E-1,2.833439295E-1
4.452753375E0,3.044425510E-2,1.341989934E-1,-2.114817351E-1,2.523108139E-1
4.462769375E0,5.334451050E-2,1.556126773E-1,-1.660559177E-1,2.337424009E-1
4.472785375E0,7.311714441E-2,1.858597845E-1,-1.214405075E-1,2.337472420E-1
4.482802375E0,9.515400976E-2,2.095755041E-1,-7.500563562E-2,2.420785469E-1
4.492818375E0,1.141613945E-1,2.282609046E-1,-3.177592903E-2,2.571878189E-1
4.502834375E0,1.275605559E-1,2.486199588E-1,1.032119058E-2,2.796249386E-1
4.512850375E0,1.426005363E-1,2.662791908E-1,4.474159330E-2,3.053544344E-1
4.522866375E0,1.525578350E-1,2.845977545E-1,8.646400273E-2,3.342840089E-1
4.532883375E0,1.600350589E-1,3.029477000E-1,1.157649532E-1,3.616490749E-1
4.542899375E0,1.683606207E-1,3.226271272E-1,1.445830315E-1,3.915837264E-1
4.552915375E0,1.721644849E-1,3.428172767E-1,1.685060859E-1,4.189971313E-1
4.562931375E0,1.771573722E-1,3.639633060E-1,1.856174320E-1,4.453176997E-1
4.572948375E0,1.801240146E-1,3.812738657E-1,1.998820603E-1,4.666553968E-1
4.582964375E0,1.787791103E-1,4.006478488E-1,2.100936919E-1,4.864360477E-1
4.592980375E0,1.833632737E-1,4.221686423E-1,2.137085646E-1,5.074640906E-1
4.602996375E0,1.837513000E-1,4.389595985E-1,2.152350843E-1,5.222798205E-1
4.613012375E0,1.827702820E-1,4.613696635E-1,2.082671374E-1,5.381841162E-1
4.623029375E0,1.867817938E-1,4.786727428E-1,1.962935627E-1,5.500419947E-1
4.633045375E0,1.897902489E-1,4.961806536E-1,1.823995262E-1,5.616806626E-1
4.643061375E0,1.970825046E-1,5.103403926E-1,1.644788533E-1,5.712636197E-1
4.653077375E0,2.015033960E-1,5.257949233E-1,1.416488439E-1,5.806275183E-1
4.663094375E0,2.083490491E-1,5.389647484E-1,1.191896200E-1,5.899987218E-1
4.673110375E0,2.133882195E-1,5.477414131E-1,8.820773661E-2,5.944205520E-1
4.683126375E0,2.201646417E-1,5.434443951E-1,6.346536428E-2,5.897729499E-1
4.693142375E0,2.245997339E-1,5.357009768E-1,3.067940660E-2,5.816887510E-1
4.703158375E0,2.223379165E-1,5.111325383E-1,-9.187338874E-4,5.573970442E-1
4.713175375E0,2.209669799E-1,4.790343046E-1,-3.475686163E-2,5.286854553E-1
4.723191375E0,2.129311562E-1,4.399122000E-1,-6.499731541E-2,4.930386110E-1
4.733207375E0,2.051417381E-1,3.973576128E-1,-9.755004197E-2,4.577031963E-1
4.743223375E0,1.999946386E-1,3.487011194E-1,-1.290616244E-1,4.221933550E-1
4.753240375E0,1.933275312E-1,3.020130992E-1,-1.527502835E-1,3.897692850E-1
4.763256375E0,1.895700842E-1,2.556653023E-1,-1.805025488E-1,3.658998958E-1
4.773272375E0,1.849972904E-1,2.161489129E-1,-1.985287964E-1,3.469265528E-1
4.783288375E0,1.767377555E-1,1.752017438E-1,-2.194370031E-1,3.317898184E-1
4.793304375E0,1.713103354E-1,1.329284310E-1,-2.341277003E-1,3.191127996E-1
4.803321375E0,1.592041403E-1,9.320791811E-2,-2.436479628E-1,3.056108703E-1
4.813337375E0,1.446012408E-1,4.961397126E-2,-2.532173395E-1,2.957872310E-1
4.823353375E0,1.292268038E-1,6.671829149E-3,-2.581053078E-1,2.887255272E-1
4.833369375E0,1.082914323E-1,-4.092191905E-2,-2.537255883E-1,2.788876332E-1
4.843386375E0,8.422791213E-2,-8.299746364E-2,-2.520475090E-1,2.784077350E-1
4.853402375E0,5.574239790E-2,-1.242987812E-1,-2.384494841E-1,2.746189331E-1
4.863418375E0,2.878828160E-2,-1.653562039E-1,-2.272407711E-1,2.825062961E-1
4.873434375E0,-2.010321245E-3,-2.015663534E-1,-2.093856037E-1,2.906464644E-1
4.883450375E0,-3.374321759E-2,-2.378023863E-1,-1.864147782E-1,3.040379075E-1
4.893467375E0,-6.852247566E-2,-2.690345943E-1,-1.607102603E-1,3.207845544E-1
4.903483375E0,-1.016229019E-1,-3.056642413E-1,-1.300969571E-1,3.473946759E-1
4.913499375E0,-1.355992854E-1,-3.320800364E-1,-9.772022069E-2,3.717708411E-1
4.923515375E0,-1.688560396E-1,-3.592719734E-1,-5.812620372E-2,4.012073884E-1
4.933532375E0,-1.987686008E-1,-3.820112944E-1,-1.994936354E-2,4.310911305E-1
4.943548375E0,-2.250896841E-1,-3.998395503E-1,2.017648332E-2,4.592865362E-1
4.953564375E0,-2.506799698E-1,-4.156987667E-1,6.345961988E-2,4.895641278E-1
4.963580375E0,-2.692115903E-1,-4.254326224E-1,1.049391478E-1,5.142762111E-1
4.973596375E0,-2.816240788E-1,-4.309362471E-1,1.492656022E-1,5.360022302E-1
4.983613375E0,-2.923645973E-1,-4.327764809E-1,1.935885996E-1,5.570000773E-1
4.993629375E0,-2.950607836E-1,-4.329322875E-1,2.305948138E-1,5.724204746E-1
5.003645375E0,-2.957281768E-1,-4.310182631E-1,2.677051723E-1,5.872801350E-1
5.013661375E0,-2.893618345E-1,-4.297341406E-1,3.008713126E-1,5.991037053E-1
5.023678375E0,-2.819124162E-1,-4.219095111E-1,3.322191238E-1,6.065078666E-1
5.033694375E0,-2.722028792E-1,-4.144275784E-1,3.616763949E-1,6.137217935E-1
5.043710375E0,-2.543889880E-1,-4.043882489E-1,3.821505308E-1,6.117864344E-1
5.053726375E0,-2.362744510E-1,-3.943978250E-1,3.972262442E-1,6.075886352E-1
5.063742375E0,-2.180176824E-1,-3.828815222E-1,4.095042050E-1,6.015178001E-1
5.073759375E0,-1.983952522E-1,-3.731738925E-1,4.126263559E-1,5.906605960E-1
5.083775375E0,-1.741453111E-1,-3.619728982E-1,4.103629291E-1,5.742374962E-1
5.093791375E0,-1.591418982E-1,-3.508598506E-1,4.052065909E-1,5.591253525E-1
5.103807375E0,-1.393287778E-1,-3.433995247E-1,3.905847669E-1,5.384163835E-1
5.113824375E0,-1.199880093E-1,-3.350235224E-1,3.749989569E-1,5.169739845E-1
5.123840375E0,-1.021493599E-1,-3.228688538E-1,3.517455757E-1,4.882660530E-1
5.133856375E0,-9.182062000E-2,-3.108860254E-1,3.257617652E-1,4.595670514E-1
5.143872375E0,-8.049392700E-2,-2.937099636E-1,2.962110639E-1,4.248362147E-1
5.153888375E0,-6.578924507E-2,-2.836275995E-1,2.613873780E-1,3.912750967E-1
5.163905375E0,-6.105680391E-2,-2.607590258E-1,2.229436040E-1,3.484638481E-1
5.173921875E0,-5.023417622E-2,-2.477386296E-1,1.861020178E-1,3.138978529E-1
5.183937875E0,-4.191925377E-2,-2.296296656E-1,1.474313140E-1,2.760851309E-1
5.193953875E0,-4.197330028E-2,-2.053625435E-1,1.059500873E-1,2.348636907E-1
5.203969875E0,-4.049205035E-2,-1.858839095E-1,6.654196233E-2,2.015447015E-1
5.213986875E0,-3.752981871E-2,-1.634813994E-1,2.692637220E-2,1.698813844E-1
5.224002875E0,-3.917565197E-2,-1.434112936E-1,-1.318615768E-2,1.492494744E-1
5.234018875E0,-3.897989169E-2,-1.235106513E-1,-5.025544763E-2,1.389241626E-1
5.244034875E0,-4.150456935E-2,-9.852541238E-2,-8.904732019E-2,1.391377425E-1
5.254051875E0,-4.042803124E-2,-7.279468328E-2,-1.236467734E-1,1.490705075E-1
5.264067875E0,-4.312235117E-2,-4.617106169E-2,-1.545072049E-1,1.669244754E-1
5.274083875E0,-4.112350196E-2,-1.860238239E-2,-1.860622317E-1,1.914584683E-1
5.284099875E0,-3.944437951E-2,6.171141751E-3,-2.113401592E-1,2.150781368E-1
5.294115875E0,-3.547681496E-2,2.809838578E-2,-2.363379598E-1,2.406319906E-1
5.304132875E0,-2.949295938E-2,5.315154046E-2,-2.578360438E-1,2.649044099E-1
5.314148875E0,-2.356589958E-2,7.726308703E-2,-2.745097280E-1,2.861477363E-1
5.324164875E0,-1.480889227E-2,1.008325890E-1,-2.912061512E-1,3.085247750E-1
5.334180875E0,-6.550714374E-3,1.241587922E-1,-3.074480593E-1,3.316362868E-1
5.344196875E0,4.346940666E-3,1.452574134E-1,-3.155893385E-1,3.474409916E-1
5.354213875E0,1.495373435E-2,1.660253704E-1,-3.247403204E-1,3.650264559E-1
5.364229875E0,2.858219482E-2,1.870355755E-1,-3.294724822E-1,3.799360011E-1
5.374245875E0,4.022885114E-2,2.052573115E-1,-3.314840794E-1,3.919574202E-1
5.384261875E0,5.488688871E-2,2.184367627E-1,-3.326121867E-1,4.016939837E-1
5.394278875E0,7.172932476E-2,2.390314788E-1,-3.287305832E-1,4.127286520E-1
5.404294875E0,9.081593156E-2,2.566240132E-1,-3.221608400E-1,4.217712940E-1
5.414310875E0,1.067239866E-1,2.702027559E-1,-3.126081228E-1,4.267591558E-1
5.424326875E0,1.247301474E-1,2.869931757E-1,-2.985367775E-1,4.324891908E-1
5.434342875E0,1.413232535E-1,3.022301793E-1,-2.853450775E-1,4.390184011E-1
5.444359875E0,1.547351927E-1,3.193665743E-1,-2.654645741E-1,4.431810338E-1
5.454375875E0,1.747479290E-1,3.316380084E-1,-2.402275652E-1,4.452301543E-1
5.464391875E0,1.898222268E-1,3.514873683E-1,-2.140897065E-1,4.532220762E-1
5.474407875E0,2.056676596E-1,3.657590151E-1,-1.873845905E-1,4.595561207E-1
5.484424875E0,2.181903720E-1,3.823888600E-1,-1.575502604E-1,4.676006450E-1
5.494440875E0,2.285708040E-1,4.025337696E-1,-1.281861961E-1,4.803225468E-1
5.504456875E0,2.379374206E-1,4.219830930E-1,-9.739419073E-2,4.941351792E-1
5.514472875E0,2.471165061E-1,4.426678717E-1,-6.328474730E-2,5.109074001E-1
5.524488875E0,2.546100914E-1,4.616458118E-1,-3.358064964E-2,5.282715346E-1
5.534505875E0,2.608014047E-1,4.774387181E-1,4.252966493E-3,5.440433714E-1
5.544521875E0,2.604890168E-1,4.930177033E-1,3.311284631E-2,5.585852166E-1
5.554537875E0,2.592823803E-1,5.043833852E-1,6.396759301E-2,5.707204263E-1
5.564553875E0,2.493737936E-1,5.126516819E-1,9.049373865E-2,5.772245253E-1
5.574569875E0,2.368926704E-1,5.084902048E-1,1.149735153E-1,5.726249513E-1
5.584586875E0,2.201970518E-1,4.967834949E-1,1.362234056E-1,5.602119230E-1
5.594602875E0,1.987252980E-1,4.776602089E-1,1.565544605E-1,5.405185643E-1
5.604618875E0,1.740186214E-1,4.484959245E-1,1.743438393E-1,5.116901887E-1
5.614634875E0,1.469805837E-1,4.189300239E-1,1.886290908E-1,4.823759849E-1
5.624651875E0,1.238448992E-1,3.905604482E-1,1.934150606E-1,4.530832246E-1
5.634667875E0,1.047783718E-1,3.610267341E-1,1.982353926E-1,4.249895067E-1
5.644683875E0,8.650296181E-2,3.371730745E-1,2.010277063E-1,4.019708736E-1
5.654699875E0,6.604417413E-2,3.088657260E-1,1.999347359E-1,3.738098022E-1
5.664715875E0,5.075177178E-2,2.740768492E-1,1.931508780E-1,3.391181553E-1
5.674732875E0,3.600677848E-2,2.385158986E-1,1.844237447E-1,3.036419595E-1
5.684748875E0,1.861234196E-2,2.008721232E-1,1.717407107E-1,2.649356542E-1
5.694764875E0,4.558426328E-3,1.516008079E-1,1.579346210E-1,2.189678714E-1
5.704780875E0,-1.442298852E-2,1.049339697E-1,1.377238929E-1,1.737441546E-1
5.714797875E0,-3.276502341E-2,4.981358349E-2,1.205582693E-1,1.344962310E-1
5.724813875E0,-4.772905633E-2,-4.562045448E-3,1.004990712E-1,1.113505204E-1
5.734829875E0,-6.091701612E-2,-5.785016343E-2,7.650548220E-2,1.136248787E-1
5.744845875E0,-6.831394881E-2,-1.063780189E-1,5.628703162E-2,1.383882525E-1
5.754861875E0,-7.640278339E-2,-1.473623514E-1,3.265957162E-2,1.691735663E-1
5.764878875E0,-8.123375475E-2,-1.846247613E-1,9.184340015E-3,2.019147778E-1
5.774894875E0,-9.069942683E-2,-2.205196470E-1,-1.166980900E-2,2.387288947E-1
5.784910875E0,-9.581669420E-2,-2.573170662E-1,-3.306564316E-2,2.765614727E-1
5.794926875E0,-1.046814844E-1,-2.967111468E-1,-5.210095271E-2,3.189204087E-1
5.804942875E0,-1.157756820E-1,-3.328446448E-1,-7.073376328E-2,3.594340432E-1
5.814959875E0,-1.308456957E-1,-3.701643050E-1,-8.839249611E-2,4.024368797E-1
5.824975875E0,-1.419406980E-1,-4.036242664E-1,-1.026467979E-1,4.399955401E-1
5.834991875E0,-1.567459106E-1,-4.359633625E-1,-1.124612316E-1,4.767398269E-1
5.845007875E0,-1.719371080E-1,-4.607600570E-1,-1.192344502E-1,5.060425410E-1
5.855024875E0,-1.801514477E-1,-4.793336689E-1,-1.229924932E-1,5.266331395E-1
5.865040875E0,-1.895204484E-1,-4.890395701E-1,-1.247717515E-1,5.391156568E-1
5.875056875E0,-1.965138763E-1,-4.908888340E-1,-1.245001629E-1,5.432217241E-1
5.885072875E0,-2.030218393E-1,-4.894853532E-1,-1.191394851E-1,5.431463846E-1
5.895088875E0,-2.047077417E-1,-4.842079878E-1,-1.098546982E-1,5.370574361E-1
5.905105875E0,-2.058254778E-1,-4.750738740E-1,-9.230286628E-2,5.259079123E-1
5.915121875E0,-2.081251442E-1,-4.627265930E-1,-7.476919889E-2,5.128571035E-1
5.925137875E0,-2.124021798E-1,-4.507761896E-1,-6.063207611E-2,5.019861629E-1
5.935153875E0,-2.104310542E-1,-4.403335452E-1,-3.874099627E-2,4.895668743E-1
5.945169875E0,-2.075332701E-1,-4.314982295E-1,-1.117435098E-2,4.789422161E-1
5.955186875E0,-2.014017999E-1,-4.175274968E-1,1.261289325E-2,4.637358954E-1
5.965202875E0,-2.033594996E-1,-4.022928774E-1,3.936062008E-2,4.524863575E-1
5.975218875E0,-1.944399178E-1,-3.878501952E-1,6.683980674E-2,4.389786046E-1
5.985234875E0,-1.828578264E-1,-3.712243438E-1,9.576253593E-2,4.247528238E-1
5.995251875E0,-1.676755250E-1,-3.505280912E-1,1.244498417E-1,4.080107688E-1
6.005267875E0,-1.554683894E-1,-3.266943693E-1,1.532964110E-1,3.929369169E-1
6.015283875E0,-1.420135200E-1,-3.055774570E-1,1.793289036E-1,3.817122970E-1
6.025299875E0,-1.216163784E-1,-2.800127268E-1,2.055751532E-1,3.680472990E-1
6.035315875E0,-1.062451005E-1,-2.592377365E-1,2.273507565E-1,3.608054765E-1
6.045332875E0,-8.629828691E-2,-2.390632331E-1,2.484619021E-1,3.554320478E-1
6.055348875E0,-7.000859082E-2,-2.210901678E-1,2.666039765E-1,3.533549849E-1
6.065364875E0,-5.830000341E-2,-2.055713981E-1,2.778281569E-1,3.504953280E-1
6.075380875E0,-4.505795985E-2,-1.885220706E-1,2.915936708E-1,3.501394861E-1
6.085397875E0,-2.902279980E-2,-1.672292948E-1,3.001128733E-1,3.447835505E-1
6.095413875E0,-1.395508647E-2,-1.445745230E-1,3.038583696E-1,3.367884290E-1
6.105429875E0,4.635335936E-4,-1.183421239E-1,3.003946841E-1,3.228653580E-1
6.115445875E0,1.155881118E-2,-9.730645269E-2,2.941136360E-1,3.100080366E-1
6.125461875E0,2.176990360E-2,-7.353481650E-2,2.865185738E-1,2.966044353E-1
6.135478875E0,2.596679144E-2,-5.085093528E-2,2.707512379E-1,2.767062064E-1
6.145494875E0,3.152427450E-2,-2.815414406E-2,2.539365590E-1,2.574300132E-1
6.155510875E0,3.481075168E-2,-8.681099862E-3,2.299560755E-1,2.327379355E-1
6.165526875E0,3.547148034E-2,1.384924259E-2,2.068539560E-1,2.103297091E-1
6.175542583E0,3.749083728E-2,3.599302471E-2,1.702788472E-1,1.780335545E-1
6.185559583E0,3.607882932E-2,5.883975327E-2,1.345059425E-1,1.511808422E-1
6.195575583E0,3.269426152E-2,8.245871961E-2,9.348233789E-2,1.288693240E-1
6.205591583E0,3.148012608E-2,9.979882836E-2,4.938704520E-2,1.157146694E-1
6.215607583E0,3.000510857E-2,1.214220822E-1,1.655476633E-3,1.250854475E-1
6.225624583E0,2.700425871E-2,1.408487707E-1,-4.736426473E-2,1.510330420E-1
6.235640583E0,2.396862209E-2,1.593861878E-1,-9.927182645E-2,1.892969816E-1
6.245656583E0,2.546931244E-2,1.774717122E-1,-1.513861567E-1,2.346543478E-1
6.255672583E0,2.643472888E-2,1.983550489E-1,-2.034293413E-1,2.853541961E-1
6.265688583E0,2.853436396E-2,2.146570683E-1,-2.543068826E-1,3.340117624E-1
6.275705583E0,3.851639107E-2,2.294633836E-1,-3.008925915E-1,3.803594463E-1
6.285721583E0,5.051872507E-2,2.448836118E-1,-3.481045663E-1,4.285987798E-1
6.295737583E0,6.016103923E-2,2.567676902E-1,-3.874648511E-1,4.686982059E-1
6.305753583E0,7.601323724E-2,2.673753202E-1,-4.255054295E-1,5.082543110E-1
6.315770583E0,9.162437171E-2,2.822085023E-1,-4.572153091E-1,5.450527527E-1
6.325786583E0,1.086848453E-1,2.948393524E-1,-4.821987152E-1,5.755503803E-1
6.335802583E0,1.344009489E-1,3.067041039E-1,-4.992752373E-1,6.011711778E-1
6.345818583E0,1.544561535E-1,3.201464117E-1,-5.105445981E-1,6.220982357E-1
6.355834583E0,1.788192391E-1,3.287974894E-1,-5.131637454E-1,6.351544213E-1
6.365851583E0,2.049392462E-1,3.407782614E-1,-5.081402063E-1,6.452413404E-1
6.375867583E0,2.292122245E-1,3.576506078E-1,-4.959553778E-1,6.530114378E-1
6.385883583E0,2.490929961E-1,3.712460399E-1,-4.765931368E-1,6.534615221E-1
6.395899583E0,2.704559267E-1,3.830737472E-1,-4.477486610E-1,6.483600601E-1
6.405915583E0,2.857142389E-1,3.974164724E-1,-4.135150611E-1,6.407551675E-1
6.415932583E0,3.046034873E-1,4.112313688E-1,-3.729387224E-1,6.332280898E-1
6.425948583E0,3.136934042E-1,4.177702367E-1,-3.243709207E-1,6.149406611E-1
6.435964583E0,3.145679533E-1,4.235668182E-1,-2.789243162E-1,5.967919411E-1
6.445980583E0,3.092772961E-1,4.217662513E-1,-2.206418216E-1,5.676460429E-1
6.455997583E0,2.956156433E-1,4.186025262E-1,-1.649405360E-1,5.383512458E-1
6.466013583E0,2.784174681E-1,4.040549994E-1,-1.076391563E-1,5.023573598E-1
6.476029583E0,2.542164624E-1,3.900766671E-1,-4.542910308E-2,4.678136588E-1
6.486045583E0,2.278660983E-1,3.762961328E-1,1.270797011E-2,4.400945703E-1
6.496061583E0,2.013403922E-1,3.626393378E-1,7.065467536E-2,4.207580374E-1
6.506078583E0,1.693369150E-1,3.531217575E-1,1.272700280E-1,4.117858988E-1
6.516094583E0,1.381249577E-1,3.410527110E-1,1.796534956E-1,4.094762925E-1
6.526110583E0,1.029579118E-1,3.289403915E-1,2.280519158E-1,4.132914094E-1
6.536126583E0,7.151661068E-2,3.137250543E-1,2.741079330E-1,4.226975210E-1
6.546142583E0,3.481106460E-2,2.919803560E-1,3.124553263E-1,4.290602166E-1
6.556159583E0,-6.479797303E-4,2.651270926E-1,3.469966352E-1,4.366914929E-1
6.566175583E0,-3.619638830E-2,2.320048064E-1,3.750077486E-1,4.424558964E-1
6.576191583E0,-6.877883524E-2,1.971501559E-1,3.953188956E-1,4.470746485E-1
6.586207583E0,-9.818092734E-2,1.619274467E-1,4.111599028E-1,4.526725728E-1
6.596224583E0,-1.249684617E-1,1.189070046E-1,4.195196033E-1,4.535997020E-1
6.606240583E0,-1.470274329E-1,8.102592826E-2,4.227803946E-1,4.548906782E-1
6.616256583E0,-1.649805307E-1,4.127592221E-2,4.175612628E-1,4.508654849E-1
6.626272583E0,-1.747279614E-1,1.235562377E-3,4.050305784E-1,4.411135415E-1
6.636288583E0,-1.859753132E-1,-3.859747201E-2,3.891918063E-1,4.330667894E-1
6.646305583E0,-1.901415586E-1,-8.026076108E-2,3.676500320E-1,4.216184865E-1
6.656321583E0,-1.903525591E-1,-1.184198111E-1,3.390963674E-1,4.065017771E-1
6.666337583E0,-1.883645058E-1,-1.582668275E-1,3.055376112E-1,3.922789920E-1
6.676353583E0,-1.878658384E-1,-1.965388507E-1,2.664698660E-1,3.806931607E-1
6.686370583E0,-1.785556823E-1,-2.397981733E-1,2.304128110E-1,3.774590827E-1
6.696386583E0,-1.744055897E-1,-2.830270529E-1,1.849559546E-1,3.804343932E-1
6.706402583E0,-1.739251465E-1,-3.252250850E-1,1.375271827E-1,3.936178838E-1
6.716418583E0,-1.698901206E-1,-3.641485870E-1,8.972483128E-2,4.117248983E-1
6.726434583E0,-1.639467478E-1,-3.983733952E-1,4.336425290E-2,4.329669232E-1
6.736451583E0,-1.621211767E-1,-4.251493812E-1,-8.160934784E-3,4.550844681E-1
6.746467583E0,-1.565136313E-1,-4.468139410E-1,-5.367861688E-2,4.764667969E-1
6.756483583E0,-1.520946324E-1,-4.678399861E-1,-9.640834481E-2,5.012999090E-1
6.766499583E0,-1.501681060E-1,-4.772385657E-1,-1.405744851E-1,5.196809545E-1
6.776516583E0,-1.484320015E-1,-4.870729446E-1,-1.791958064E-1,5.397992678E-1
6.786532583E0,-1.505340338E-1,-4.865981042E-1,-2.122895718E-1,5.518197828E-1
6.796548583E0,-1.492569149E-1,-4.878192842E-1,-2.419452518E-1,5.646085242E-1
6.806564583E0,-1.555845737E-1,-4.858291149E-1,-2.640529275E-1,5.744218285E-1
6.816580583E0,-1.598208845E-1,-4.781281948E-1,-2.838891447E-1,5.785692113E-1
6.826597583E0,-1.655746400E-1,-4.670974016E-1,-2.917494476E-1,5.750762421E-1
6.836613583E0,-1.673623025E-1,-4.553964138E-1,-2.952433825E-1,5.679477871E-1
6.846629583E0,-1.704236120E-1,-4.334399700E-1,-2.917596996E-1,5.495799646E-1
6.856645583E0,-1.711835265E-1,-4.193610251E-1,-2.852473557E-1,5.352882616E-1
6.866662583E0,-1.759010553E-1,-3.944205344E-1,-2.658171952E-1,5.071168706E-1
6.876678583E0,-1.714774668E-1,-3.751989603E-1,-2.426974326E-1,4.786238870E-1
6.886694583E0,-1.676739305E-1,-3.511785865E-1,-2.122183442E-1,4.432579071E-1
6.896710583E0,-1.650644392E-1,-3.257549405E-1,-1.782916039E-1,4.063870647E-1
6.906726583E0,-1.556916982E-1,-3.044222295E-1,-1.428385377E-1,3.705612589E-1
6.916743583E0,-1.522298753E-1,-2.810683250E-1,-9.874846041E-2,3.345513364E-1
6.926759583E0,-1.370858103E-1,-2.530462742E-1,-5.302198604E-2,2.926367497E-1
6.936775583E0,-1.230488345E-1,-2.355375886E-1,-2.878553700E-3,2.657578924E-1
6.946791583E0,-1.052538604E-1,-2.113007009E-1,4.366684332E-2,2.400690620E-1
6.956808583E0,-8.947940171E-2,-1.865640283E-1,9.258437157E-2,2.266816398E-1
6.966824583E0,-6.990516931E-2,-1.614080817E-1,1.434691250E-1,2.269861039E-1
6.976840583E0,-4.741718248E-2,-1.358991265E-1,1.902615130E-1,2.385715933E-1
6.986856583E0,-2.846079879E-2,-1.126920730E-1,2.332379967E-1,2.605944809E-1
6.996872583E0,-7.108361926E-3,-8.813972771E-2,2.762911022E-1,2.900963867E-1
7.006889583E0,1.218863670E-2,-6.246498972E-2,3.113486767E-1,3.177867780E-1
7.016905583E0,3.053336218E-2,-4.208627343E-2,3.429631293E-1,3.468821827E-1
7.026921583E0,4.144273698E-2,-2.191415802E-2,3.674005568E-1,3.703794000E-1
7.036937583E0,5.509743840E-2,5.757194012E-4,3.863185346E-1,3.902282273E-1
7.046954583E0,6.861457229E-2,2.105596103E-2,3.994684219E-1,4.058649198E-1
7.056970583E0,7.599256188E-2,4.135373980E-2,3.999430537E-1,4.091936552E-1
7.066986583E0,7.820085436E-2,6.297194958E-2,3.941378891E-1,4.067253566E-1
7.077002583E0,7.925635576E-2,8.218726516E-2,3.810769022E-1,3.978139287E-1
7.087018583E0,8.470944315E-2,9.989356250E-2,3.559505045E-1,3.792824479E-1
7.097035583E0,8.099664003E-2,1.217897236E-1,3.242450953E-1,3.557078496E-1
7.107051583E0,7.540586591E-2,1.377010494E-1,2.881494164E-1,3.281428193E-1
7.117067583E0,7.342996448E-2,1.589307189E-1,2.424684614E-1,2.990683665E-1
7.127083583E0,6.442688406E-2,1.779563427E-1,1.919741184E-1,2.695799425E-1
7.137100583E0,6.296487153E-2,1.924879551E-1,1.356215328E-1,2.437404112E-1
7.147116583E0,5.518764257E-2,2.137900442E-1,7.495152950E-2,2.331728772E-1
7.157132583E0,5.746323615E-2,2.291714549E-1,1.082495600E-2,2.365137605E-1
7.167148583E0,5.643259361E-2,2.428145558E-1,-5.410850421E-2,2.550907218E-1
7.177164333E0,5.732972920E-2,2.572131455E-1,-1.203481853E-1,2.897049978E-1
7.187181333E0,6.367070973E-2,2.674404681E-1,-1.844387650E-1,3.310528980E-1
7.197197333E0,6.645809114E-2,2.818749249E-1,-2.492442280E-1,3.820900893E-1
7.207213333E0,8.264905214E-2,2.935757935E-1,-3.123667240E-1,4.365668135E-1
7.217229333E0,9.645906091E-2,3.043374121E-1,-3.674342930E-1,4.867582260E-1
7.227246333E0,1.158769652E-1,3.125426173E-1,-4.191171825E-1,5.355087034E-1
7.237262333E0,1.367245018E-1,3.227204382E-1,-4.668402970E-1,5.837653069E-1
7.247278333E0,1.583411098E-1,3.338189125E-1,-5.074481964E-1,6.277026728E-1
7.257294333E0,1.831722707E-1,3.414140940E-1,-5.378141999E-1,6.628421969E-1
7.267310333E0,2.105069607E-1,3.491138220E-1,-5.619352460E-1,6.942368918E-1
7.277327333E0,2.331814319E-1,3.558686972E-1,-5.762252212E-1,7.162762144E-1
7.287343333E0,2.587427199E-1,3.623063564E-1,-5.799542069E-1,7.311364942E-1
7.297359333E0,2.823708355E-1,3.668936789E-1,-5.764332414E-1,7.393372317E-1
7.307375333E0,2.985229194E-1,3.677786589E-1,-5.620953441E-1,7.350702355E-1
7.317392333E0,3.155973852E-1,3.636862040E-1,-5.384526253E-1,7.223576636E-1
7.327408333E0,3.208043873E-1,3.555009663E-1,-5.077224374E-1,6.979100697E-1
7.337424333E0,3.200227916E-1,3.406068981E-1,-4.686809182E-1,6.618832595E-1
7.347440333E0,3.155792952E-1,3.266655207E-1,-4.218188822E-1,6.198643588E-1
7.357457333E0,3.009302318E-1,3.067236543E-1,-3.731042743E-1,5.690739881E-1
7.367473333E0,2.849970758E-1,2.932813466E-1,-3.112787306E-1,5.139374763E-1
7.377489333E0,2.666140497E-1,2.792110741E-1,-2.485902160E-1,4.591720493E-1
7.387505333E0,2.439188808E-1,2.644968331E-1,-1.866663992E-1,4.053385495E-1
7.397521333E0,2.146560848E-1,2.569209635E-1,-1.172400042E-1,3.547264225E-1
7.407538333E0,1.818997264E-1,2.451873571E-1,-4.787930846E-2,3.090255308E-1
7.417554333E0,1.476904452E-1,2.349214703E-1,2.062672377E-2,2.782553262E-1
7.427570333E0,1.107915416E-1,2.223657370E-1,8.695807308E-2,2.632166278E-1
7.437586333E0,7.177250087E-2,2.073660046E-1,1.530020386E-1,2.675099541E-1
7.447603333E0,2.943036519E-2,1.882482320E-1,2.130608559E-1,2.858294449E-1
7.457619333E0,-1.529890019E-2,1.609353870E-1,2.700954080E-1,3.147789455E-1
7.467635333E0,-5.778244138E-2,1.352055222E-1,3.250963390E-1,3.568010277E-1
7.477651333E0,-9.939654171E-2,1.037805304E-1,3.721285164E-1,3.989106463E-1
7.487668333E0,-1.359217912E-1,7.731404155E-2,4.135957956E-1,4.421692849E-1
7.497684333E0,-1.671027392E-1,4.887026548E-2,4.483492076E-1,4.809663609E-1
7.507700333E0,-1.942667216E-1,2.176567540E-2,4.772551358E-1,5.157380812E-1
7.517716333E0,-2.158054262E-1,-5.770326592E-3,4.990456104E-1,5.437387240E-1
7.527732333E0,-2.289523929E-1,-2.994650230E-2,5.126125216E-1,5.622166741E-1
7.537749333E0,-2.422581166E-1,-5.941508710E-2,5.190471411E-1,5.758724531E-1
7.547765333E0,-2.497767508E-1,-8.704537898E-2,5.162047744E-1,5.800281824E-1
7.557781333E0,-2.530315220E-1,-1.219835058E-1,5.062257648E-1,5.789382106E-1
7.567797333E0,-2.494703382E-1,-1.541358531E-1,4.876688421E-1,5.690467559E-1
7.577814333E0,-2.452514172E-1,-1.881457865E-1,4.646469057E-1,5.580715380E-1
7.587830333E0,-2.376763225E-1,-2.222350389E-1,4.338945746E-1,5.423494710E-1
7.597846333E0,-2.293076515E-1,-2.532911301E-1,3.935222924E-1,5.211508325E-1
7.607862333E0,-2.185615301E-1,-2.910124362E-1,3.514760435E-1,5.059573001E-1
7.617879333E0,-2.082770616E-1,-3.245184720E-1,3.048997819E-1,4.915846316E-1
7.627895333E0,-1.958052218E-1,-3.536135256E-1,2.523321807E-1,4.765015633E-1
7.637911333E0,-1.856815070E-1,-3.804355562E-1,1.959885359E-1,4.664979535E-1
7.647927333E0,-1.735976785E-1,-3.999618590E-1,1.386767775E-1,4.575334865E-1
7.657943333E0,-1.615357846E-1,-4.174558520E-1,7.860215753E-2,4.544683677E-1
7.667960333E0,-1.464710832E-1,-4.239193499E-1,2.010449395E-2,4.489605596E-1
7.677976333E0,-1.360029876E-1,-4.286274016E-1,-3.761807457E-2,4.512575557E-1
7.687992333E0,-1.302806586E-1,-4.284825325E-1,-9.473702312E-2,4.577613289E-1
7.698008333E0,-1.254762858E-1,-4.280633032E-1,-1.485342234E-1,4.701541294E-1
7.708025333E0,-1.227097884E-1,-4.260933697E-1,-1.971781999E-1,4.852756891E-1
7.718041333E0,-1.214253306E-1,-4.237541854E-1,-2.415159345E-1,5.026347254E-1
7.728057333E0,-1.267322153E-1,-4.171255827E-1,-2.787184417E-1,5.174348035E-1
7.738073333E0,-1.300830543E-1,-4.102594554E-1,-3.127053976E-1,5.319953830E-1
7.748090333E0,-1.343411803E-1,-3.996526301E-1,-3.346360028E-1,5.382852699E-1
7.758106333E0,-1.411436498E-1,-3.852782845E-1,-3.529307842E-1,5.412217890E-1
7.768122333E0,-1.440752596E-1,-3.702620566E-1,-3.618648648E-1,5.373991546E-1
7.778138333E0,-1.501536667E-1,-3.507264256E-1,-3.643232286E-1,5.275287330E-1
7.788155333E0,-1.510628611E-1,-3.234466016E-1,-3.564144671E-1,5.044491694E-1
7.798171333E0,-1.438868344E-1,-2.990598977E-1,-3.431650996E-1,4.773913794E-1
7.808187333E0,-1.411195397E-1,-2.697880268E-1,-3.192901313E-1,4.411875926E-1
7.818203333E0,-1.338324100E-1,-2.416886985E-1,-2.926644385E-1,4.024636810E-1
7.828219333E0,-1.251771301E-1,-2.222026139E-1,-2.565666139E-1,3.617592334E-1
7.838236333E0,-1.210990995E-1,-1.946994215E-1,-2.188100964E-1,3.169396077E-1
7.848252333E0,-1.104009151E-1,-1.759824604E-1,-1.717536300E-1,2.695505479E-1
7.858268333E0,-9.556262940E-2,-1.530082077E-1,-1.237565726E-1,2.187679524E-1
7.868284333E0,-7.977247983E-2,-1.309239417E-1,-7.431258261E-2,1.703733752E-1
7.878301333E0,-5.819223821E-2,-1.044737101E-1,-2.002986893E-2,1.212529931E-1
7.888317333E0,-3.921322152E-2,-7.732331753E-2,3.225011379E-2,9.250211897E-2
7.898333333E0,-1.871182770E-2,-5.048280209E-2,8.472652733E-2,1.003854085E-1
7.908349333E0,6.948935916E-4,-2.387755737E-2,1.372773498E-1,1.393402002E-1
7.918366333E0,1.957792602E-2,-1.709120348E-3,1.854904145E-1,1.865285773E-1
7.928382333E0,3.793989122E-2,1.979723759E-2,2.311545759E-1,2.350825471E-1
7.938398333E0,5.214054510E-2,3.380827978E-2,2.690804899E-1,2.761628980E-1
7.948414333E0,6.512452662E-2,5.787952989E-2,3.036584556E-1,3.159109077E-1
7.958431333E0,7.747408748E-2,7.834003121E-2,3.314788938E-1,3.493102514E-1
7.968447333E0,8.699489385E-2,1.029018313E-1,3.465036452E-1,3.717817566E-1
7.978463333E0,9.336245060E-2,1.177938730E-1,3.557875752E-1,3.862340513E-1
7.988479333E0,9.845761210E-2,1.320942491E-1,3.582422137E-1,3.943098727E-1
7.998496333E0,9.817647934E-2,1.503081322E-1,3.519390225E-1,3.950850937E-1
8.008512333E0,9.637911618E-2,1.706062108E-1,3.374152184E-1,3.901851391E-1
8.018528333E0,9.177088737E-2,1.876153946E-1,3.159593344E-1,3.787502251E-1
8.028544333E0,9.209100157E-2,2.048804015E-1,2.874648273E-1,3.648188022E-1
8.038561333E0,9.169045836E-2,2.213556767E-1,2.513125241E-1,3.472224942E-1
8.048577333E0,8.697426319E-2,2.381322384E-1,2.103200853E-1,3.294025253E-1
8.058593333E0,8.449323475E-2,2.550254166E-1,1.655566692E-1,3.155726233E-1
8.068609333E0,8.351664990E-2,2.715615332E-1,1.115128696E-1,3.052143791E-1
8.078626333E0,8.326547593E-2,2.836336195E-1,5.647843331E-2,3.009501338E-1
8.088642333E0,8.849991858E-2,2.979608774E-1,1.707328949E-3,3.108308785E-1
8.098658333E0,9.407783300E-2,3.058050275E-1,-5.508732796E-2,3.246566913E-1
8.108674333E0,1.012409329E-1,3.189671636E-1,-1.123436913E-1,3.530026670E-1
8.118690333E0,1.132318601E-1,3.278214037E-1,-1.695617288E-1,3.860563518E-1
8.128707333E0,1.277399659E-1,3.384087980E-1,-2.269184887E-1,4.270011873E-1
8.138723333E0,1.434855610E-1,3.456398845E-1,-2.790584266E-1,4.668282783E-1
8.148739333E0,1.629394293E-1,3.509416878E-1,-3.275711238E-1,5.069636743E-1
8.158755333E0,1.837287098E-1,3.548384011E-1,-3.693417013E-1,5.441321733E-1
8.168772333E0,2.013250142E-1,3.582067788E-1,-4.044608176E-1,5.765695194E-1
8.178788500E0,2.233851105E-1,3.616019785E-1,-4.371415079E-1,6.097127163E-1
8.188804500E0,2.432823926E-1,3.630203903E-1,-4.626489878E-1,6.364072691E-1
8.198820500E0,2.636738718E-1,3.565296531E-1,-4.765423536E-1,6.509454040E-1
8.208837500E0,2.766003311E-1,3.453201354E-1,-4.884434938E-1,6.590377726E-1
8.218853500E0,2.855292559E-1,3.295461237E-1,-4.858523905E-1,6.528247460E-1
8.228869500E0,2.864509821E-1,3.088490963E-1,-4.814946651E-1,6.397492024E-1
8.238885500E0,2.868660390E-1,2.819049954E-1,-4.671726227E-1,6.164517906E-1
8.248902500E0,2.792275548E-1,2.607651055E-1,-4.431802034E-1,5.851283281E-1
8.258918500E0,2.687284350E-1,2.329749763E-1,-4.153642356E-1,5.468269924E-1
8.268934500E0,2.582363784E-1,2.114616930E-1,-3.830574155E-1,5.080699345E-1
8.278950500E0,2.430334538E-1,1.942920387E-1,-3.419574201E-1,4.623305453E-1
8.288967500E0,2.224134058E-1,1.778701842E-1,-2.965872586E-1,4.111806506E-1
8.298983500E0,1.972651333E-1,1.602574736E-1,-2.449335009E-1,3.529708352E-1
8.308999500E0,1.742634028E-1,1.468860060E-1,-1.922521740E-1,2.981679573E-1
8.319015500E0,1.456601024E-1,1.281144172E-1,-1.381383091E-1,2.381435738E-1
8.329032500E0,1.093199402E-1,1.121772677E-1,-7.921107858E-2,1.755248805E-1
8.339048500E0,7.144609839E-2,8.824107051E-2,-2.083035186E-2,1.154336825E-1
8.349064500E0,3.274823725E-2,6.518076360E-2,3.463051096E-2,8.074807289E-2
8.359080500E0,-8.603387512E-3,4.151107371E-2,9.365018457E-2,1.027985632E-1
8.369097500E0,-4.880540073E-2,1.327251084E-2,1.469006240E-1,1.553638311E-1
8.379113500E0,-8.719528466E-2,-1.095042378E-2,2.028716356E-1,2.210878331E-1
8.389129500E0,-1.218632534E-1,-3.655511886E-2,2.533486784E-1,2.835004093E-1
8.399146500E0,-1.529673040E-1,-5.129442364E-2,3.006786704E-1,3.412298006E-1
8.409162500E0,-1.737045348E-1,-6.536896527E-2,3.440695405E-1,3.909350531E-1
8.419178500E0,-1.975914240E-1,-7.963810861E-2,3.821225762E-1,4.374954428E-1
8.429194500E0,-2.155166268E-1,-9.356883913E-2,4.158544540E-1,4.776373845E-1
8.439211500E0,-2.312776893E-1,-1.176669225E-1,4.417166114E-1,5.122972175E-1
8.449227500E0,-2.425828129E-1,-1.424114108E-1,4.637873173E-1,5.424261302E-1
8.459243500E0,-2.537989318E-1,-1.679587066E-1,4.752776325E-1,5.643694294E-1
8.469259500E0,-2.590751946E-1,-1.918256879E-1,4.824990630E-1,5.802778617E-1
8.479276500E0,-2.568813860E-1,-2.163660079E-1,4.822959304E-1,5.877173303E-1
8.489292500E0,-2.547993064E-1,-2.380838245E-1,4.763224721E-1,5.903301546E-1
8.499308500E0,-2.448138744E-1,-2.567293644E-1,4.651901424E-1,5.850176649E-1
8.509324500E0,-2.327446938E-1,-2.750500441E-1,4.443088174E-1,5.720427820E-1
8.519341500E0,-2.228841037E-1,-2.918975055E-1,4.179805815E-1,5.564074442E-1
8.529357500E0,-2.073269784E-1,-3.065896332E-1,3.812968731E-1,5.313840274E-1
8.539373500E0,-1.907615513E-1,-3.189704716E-1,3.450667858E-1,5.071520658E-1
8.549389500E0,-1.741932333E-1,-3.320617676E-1,3.025288880E-1,4.818008178E-1
8.559406500E0,-1.617873758E-1,-3.460418880E-1,2.523979247E-1,4.578480704E-1
8.569422500E0,-1.487171203E-1,-3.539754450E-1,2.041361183E-1,4.348412956E-1
8.579438500E0,-1.373611391E-1,-3.612284362E-1,1.517705023E-1,4.151967618E-1
8.589454500E0,-1.280645728E-1,-3.682527840E-1,9.736638516E-2,4.018592548E-1
8.599471500E0,-1.214062050E-1,-3.671016693E-1,4.548288509E-2,3.893222252E-1
8.609487500E0,-1.135216504E-1,-3.673232496E-1,-1.090742275E-2,3.846199510E-1
8.619503500E0,-1.100874394E-1,-3.598613143E-1,-5.969366059E-2,3.810285330E-1
8.629519500E0,-1.110405847E-1,-3.554079533E-1,-1.101142243E-1,3.882910855E-1
8.639536500E0,-1.042784676E-1,-3.481741846E-1,-1.558754146E-1,3.954698553E-1
8.649552500E0,-1.049711555E-1,-3.351276219E-1,-1.936094761E-1,4.010163284E-1
8.659568500E0,-1.061934754E-1,-3.201136887E-1,-2.317311019E-1,4.092054881E-1
8.669585500E0,-1.088726148E-1,-3.046766818E-1,-2.645042241E-1,4.179038301E-1
8.679601500E0,-1.095023006E-1,-2.901183963E-1,-2.863976955E-1,4.221173743E-1
8.689617500E0,-1.120722517E-1,-2.703103125E-1,-3.040834665E-1,4.220125700E-1
8.699633500E0,-1.130248532E-1,-2.530811131E-1,-3.137516975E-1,4.186463841E-1
8.709650500E0,-1.132072806E-1,-2.266766578E-1,-3.176974356E-1,4.063617307E-1
8.719666500E0,-1.081381887E-1,-2.085015029E-1,-3.179873526E-1,3.953260692E-1
8.729682500E0,-1.063754484E-1,-1.793193817E-1,-3.082468510E-1,3.721388152E-1
8.739698500E0,-9.750025719E-2,-1.598940641E-1,-2.946127355E-1,3.490975162E-1
8.749715500E0,-9.061199427E-2,-1.356012374E-1,-2.729657590E-1,3.179756826E-1
8.759731500E0,-8.362750709E-2,-1.099947393E-1,-2.478920221E-1,2.838007351E-1
8.769747500E0,-7.055405527E-2,-8.636876941E-2,-2.210497707E-1,2.475892570E-1
8.779763500E0,-5.650265515E-2,-6.031998619E-2,-1.842855215E-1,2.019708004E-1
8.789780500E0,-3.977640718E-2,-3.773398697E-2,-1.488976926E-1,1.586711669E-1
8.799796500E0,-2.578400448E-2,-1.383595355E-2,-1.080353782E-1,1.119280636E-1
8.809812500E0,-1.083168760E-2,1.170802210E-2,-6.729433686E-2,6.915873777E-2
8.819828500E0,8.069037460E-3,3.027652577E-2,-2.584556863E-2,4.061737061E-2
8.829845500E0,2.288287133E-2,4.941160232E-2,1.368106715E-2,5.614538131E-2
8.839861500E0,3.634427488E-2,7.058805227E-2,5.022144690E-2,9.394558621E-2
8.849877500E0,5.148248002E-2,8.832870424E-2,8.965300769E-2,1.359781877E-1
8.859894500E0,6.478524208E-2,1.065129042E-1,1.217138693E-1,1.742308593E-1
8.869910500E0,7.403440028E-2,1.277308464E-1,1.467153579E-1,2.081385543E-1
8.879926500E0,8.250743896E-2,1.417756081E-1,1.714195758E-1,2.372603454E-1
8.889942500E0,8.949876577E-2,1.629008651E-1,1.868736446E-1,2.635687386E-1
8.899959500E0,9.445612133E-2,1.798558831E-1,1.970767230E-1,2.830359205E-1
8.909975500E0,9.854540229E-2,1.916595697E-1,2.060925961E-1,2.981924632E-1
8.919991500E0,1.022285298E-1,2.066123784E-1,2.082966566E-1,3.106876958E-1
8.930007500E0,1.023214757E-1,2.248577178E-1,2.026334405E-1,3.195168053E-1
8.940024500E0,1.063464358E-1,2.393156141E-1,1.933237165E-1,3.255081980E-1
8.950040500E0,1.070889235E-1,2.543933690E-1,1.809591949E-1,3.300458361E-1
8.960056500E0,1.090942100E-1,2.701705098E-1,1.605193764E-1,3.326561607E-1
8.970073500E0,1.113626882E-1,2.846208215E-1,1.369181722E-1,3.348988597E-1
8.980089500E0,1.111981794E-1,2.987342179E-1,1.133351400E-1,3.383075849E-1
8.990105500E0,1.149015725E-1,3.123986125E-1,8.238574862E-2,3.429033042E-1
9.000121500E0,1.203901172E-1,3.252775669E-1,5.342423543E-2,3.509322225E-1
9.010138500E0,1.278187335E-1,3.373035789E-1,1.876399294E-2,3.611972043E-1
9.020154500E0,1.345829070E-1,3.483280241E-1,-1.753995381E-2,3.738350187E-1
9.030170500E0,1.471146792E-1,3.580706418E-1,-5.101695284E-2,3.904613205E-1
9.040186500E0,1.567762047E-1,3.659902215E-1,-8.789812028E-2,4.077421981E-1
9.050203500E0,1.680429727E-1,3.714824617E-1,-1.229900569E-1,4.258687757E-1
9.060219500E0,1.826709956E-1,3.760607839E-1,-1.536407173E-1,4.454165194E-1
9.070235500E0,1.963205040E-1,3.791391253E-1,-1.847368479E-1,4.652052446E-1
9.080252500E0,2.036916465E-1,3.754180968E-1,-2.122216374E-1,4.769350664E-1
9.090268500E0,2.160836011E-1,3.719053864E-1,-2.380990535E-1,4.916267877E-1
9.100284500E0,2.222905159E-1,3.514541686E-1,-2.592648268E-1,4.900524017E-1
9.110300500E0,2.233557701E-1,3.307901621E-1,-2.739588022E-1,4.841108930E-1
9.120317500E0,2.241917104E-1,3.024049997E-1,-2.900819480E-1,4.752454560E-1
9.130333500E0,2.198049575E-1,2.749818861E-1,-2.980671525E-1,4.612735462E-1
9.140349500E0,2.143917382E-1,2.428611815E-1,-3.020282686E-1,4.429068140E-1
9.150365500E0,2.093277425E-1,2.117301524E-1,-3.033683598E-1,4.250648455E-1
9.160382500E0,1.996963024E-1,1.890397519E-1,-2.956233919E-1,4.037422827E-1
9.170398500E0,1.899374127E-1,1.638531685E-1,-2.837603390E-1,3.787400317E-1
9.180414583E0,1.789452583E-1,1.420899928E-1,-2.699389756E-1,3.536637132E-1
9.190431583E0,1.695762575E-1,1.230654195E-1,-2.528936863E-1,3.284150136E-1
9.200447583E0,1.500702947E-1,9.947285801E-2,-2.295003086E-1,2.916956196E-1
9.210463583E0,1.310838312E-1,7.286867499E-2,-2.042910904E-1,2.534317742E-1
9.220479583E0,1.066313535E-1,4.667503759E-2,-1.749282628E-1,2.101159247E-1
9.230496583E0,7.920265943E-2,1.952251047E-2,-1.446989775E-1,1.661083494E-1
9.240512583E0,4.990551993E-2,-7.407477126E-3,-1.124519929E-1,1.232512976E-1
9.250528583E0,1.744424924E-2,-3.496959805E-2,-7.524470240E-2,8.478761619E-2
9.260545583E0,-9.790332988E-3,-6.180004030E-2,-3.647556528E-2,7.242625535E-2
9.270561583E0,-3.775672242E-2,-7.665301859E-2,-3.425972536E-4,8.544807031E-2
9.280577583E0,-6.440994889E-2,-9.445203841E-2,3.855983168E-2,1.206511073E-1
9.290593583E0,-9.129908681E-2,-1.090613455E-1,7.938848436E-2,1.628877889E-1
9.300610583E0,-1.142893061E-1,-1.274022162E-1,1.215681285E-1,2.099337516E-1
9.310626583E0,-1.393405944E-1,-1.468653977E-1,1.620468348E-1,2.593152964E-1
9.320642583E0,-1.624738276E-1,-1.608278900E-1,1.913848668E-1,2.981468130E-1
9.330659583E0,-1.810070425E-1,-1.796548367E-1,2.277154326E-1,3.418972478E-1
9.340675583E0,-1.975211352E-1,-1.972053200E-1,2.578405142E-1,3.799819309E-1
9.350691583E0,-2.138329893E-1,-2.177438736E-1,2.898229659E-1,4.208732509E-1
9.360707583E0,-2.256924361E-1,-2.344947457E-1,3.148410618E-1,4.528241996E-1
9.370724583E0,-2.286176383E-1,-2.498814166E-1,3.325135410E-1,4.746282775E-1
9.380740583E0,-2.329077423E-1,-2.605969310E-1,3.505248129E-1,4.949994155E-1
9.390756583E0,-2.309777439E-1,-2.695270181E-1,3.601710498E-1,5.056863818E-1
9.400773583E0,-2.265041918E-1,-2.799850106E-1,3.694258630E-1,5.159178455E-1
9.410789583E0,-2.181884795E-1,-2.869209349E-1,3.695318401E-1,5.162205113E-1
9.420805583E0,-2.074546218E-1,-2.946045995E-1,3.693037331E-1,5.159598215E-1
9.430822583E0,-2.001503706E-1,-2.955734432E-1,3.571565151E-1,5.049600058E-1
9.440838583E0,-1.883047074E-1,-3.062265813E-1,3.428933620E-1,4.967989932E-1
9.450854583E0,-1.762304604E-1,-3.056630492E-1,3.226083219E-1,4.780828424E-1
9.460870583E0,-1.616297811E-1,-3.105897307E-1,3.022802770E-1,4.625619233E-1
9.470887583E0,-1.508085579E-1,-3.101351559E-1,2.740078866E-1,4.404626636E-1
9.480903583E0,-1.355521530E-1,-3.108263910E-1,2.454608530E-1,4.186149327E-1
9.490919583E0,-1.281541586E-1,-3.132898211E-1,2.122309953E-1,3.995197064E-1
9.500936583E0,-1.185902059E-1,-3.114948273E-1,1.753611267E-1,3.766220773E-1
9.510952583E0,-1.104577109E-1,-3.096828163E-1,1.389471889E-1,3.569463179E-1
9.520968583E0,-1.037612110E-1,-3.038806021E-1,9.938971698E-2,3.361370630E-1
9.530984583E0,-9.857577085E-2,-2.914966345E-1,6.230732799E-2,3.139580762E-1
9.541001583E0,-9.339746088E-2,-2.869340479E-1,2.592606656E-2,3.028636566E-1
9.551017583E0,-8.874092251E-2,-2.715678811E-1,-1.195953041E-2,2.859494636E-1
9.561033583E0,-8.570408821E-2,-2.605374455E-1,-4.577253014E-2,2.780648769E-1
9.571050583E0,-8.080760390E-2,-2.470213622E-1,-7.850171626E-2,2.714994322E-1
9.581066583E0,-8.144609630E-2,-2.262471169E-1,-1.137712598E-1,2.660171500E-1
9.591082583E0,-8.046898246E-2,-2.104899883E-1,-1.391288042E-1,2.648360181E-1
9.601099583E0,-7.780551165E-2,-1.927769780E-1,-1.589427739E-1,2.616858160E-1
9.611115583E0,-7.478575408E-2,-1.758496612E-1,-1.807229072E-1,2.630147934E-1
9.621131583E0,-7.484642416E-2,-1.531395167E-1,-1.984601170E-1,2.616106206E-1
9.631147583E0,-7.010253519E-2,-1.331783235E-1,-2.066173702E-1,2.556199698E-1
9.641164583E0,-6.837991625E-2,-1.107074097E-1,-2.167267203E-1,2.527892696E-1
9.651180583E0,-6.308794767E-2,-8.977549523E-2,-2.192484736E-1,2.451726369E-1
9.661196583E0,-5.367196724E-2,-6.587310135E-2,-2.158496082E-1,2.319719787E-1
9.671213583E0,-4.521882907E-2,-4.333343357E-2,-2.141097784E-1,2.230818822E-1
9.681229583E0,-3.861391544E-2,-1.872156374E-2,-2.078354210E-1,2.122194469E-1
9.691245583E0,-2.724940702E-2,2.876406536E-3,-1.958096474E-1,1.977175307E-1
9.701262583E0,-1.762541384E-2,2.453030087E-2,-1.811672896E-1,1.836681184E-1
9.711278583E0,-2.963380422E-3,4.671097547E-2,-1.654410511E-1,1.719344010E-1
9.721294583E0,5.652735010E-3,6.380447000E-2,-1.478939652E-1,1.611694412E-1
9.731310583E0,1.666836813E-2,8.109904081E-2,-1.287948489E-1,1.531110774E-1
9.741327583E0,2.578691393E-2,9.986420721E-2,-1.096739620E-1,1.505529898E-1
9.751343583E0,3.921350464E-2,1.166194826E-1,-9.236208349E-2,1.538458876E-1
9.761359583E0,5.074411631E-2,1.330970526E-1,-7.372374088E-2,1.603900892E-1
9.771376583E0,5.970565230E-2,1.522291899E-1,-5.962736905E-2,1.740514703E-1
9.781392583E0,6.961995363E-2,1.671353430E-1,-4.180398583E-2,1.858190895E-1
9.791408583E0,8.091654629E-2,1.821899265E-1,-2.819762751E-2,2.013349522E-1
9.801425583E0,8.898648620E-2,1.947346181E-1,-1.567162946E-2,2.146759562E-1
9.811441583E0,9.550510347E-2,2.089167535E-1,-6.185715087E-3,2.297949037E-1
9.821457583E0,1.043046489E-1,2.239538282E-1,6.864246912E-3,2.471475164E-1
9.831474583E0,1.088868827E-1,2.355569452E-1,1.058734581E-2,2.597220043E-1
9.841490583E0,1.163567081E-1,2.549305856E-1,1.966727898E-2,2.809186517E-1
9.851506583E0,1.191618145E-1,2.657550275E-1,2.228596434E-2,2.920991902E-1
9.861522583E0,1.279885322E-1,2.757821381E-1,2.376922593E-2,3.049620110E-1
9.871539583E0,1.346885115E-1,2.906364501E-1,2.252180129E-2,3.211195615E-1
9.881555583E0,1.389845610E-1,3.031531274E-1,2.225249819E-2,3.342359953E-1
9.891571583E0,1.438546777E-1,3.149434924E-1,1.864657737E-2,3.467438054E-1
9.901588583E0,1.485316157E-1,3.281430900E-1,1.543226000E-2,3.605241782E-1
9.911604583E0,1.549785882E-1,3.411656618E-1,1.085588429E-2,3.748736078E-1
9.921620583E0,1.624349654E-1,3.486492038E-1,3.342812415E-3,3.846460187E-1
9.931637583E0,1.669562161E-1,3.568677306E-1,-1.195631921E-4,3.939910780E-1
9.941653583E0,1.735349596E-1,3.658302724E-1,-8.861362003E-3,4.049996224E-1
9.951669583E0,1.786186695E-1,3.716524839E-1,-1.657653973E-2,4.126802389E-1
9.961686583E0,1.817628294E-1,3.734664917E-1,-2.907327190E-2,4.163654665E-1
9.971702583E0,1.842992306E-1,3.704579175E-1,-3.565607220E-2,4.153030586E-1
9.981718583E0,1.833159924E-1,3.594212532E-1,-4.042126983E-2,4.054901594E-1
9.991735583E0,1.795723885E-1,3.436116576E-1,-5.094235390E-2,3.910375141E-1
1.000175158E1,1.718109250E-1,3.225085735E-1,-6.044780090E-2,3.703845442E-1
1.001176758E1,1.646265090E-1,2.982570231E-1,-6.952518225E-2,3.476965491E-1
1.002178458E1,1.538851708E-1,2.702722549E-1,-7.341466099E-2,3.195582107E-1
1.003180058E1,1.468022317E-1,2.441567928E-1,-8.031917363E-2,2.959976424E-1
1.004181658E1,1.386624724E-1,2.178003341E-1,-8.533342928E-2,2.719302501E-1
1.005183358E1,1.301139891E-1,1.966708153E-1,-8.571879566E-2,2.509118804E-1
1.006184958E1,1.186825484E-1,1.731021553E-1,-8.941398561E-2,2.281332161E-1
1.007186558E1,1.120486185E-1,1.468412578E-1,-8.978682756E-2,2.053750771E-1
1.008188158E1,9.764365852E-2,1.231137663E-1,-8.879926801E-2,1.804898709E-1
1.009189858E1,8.296857774E-2,9.316092730E-2,-8.830099553E-2,1.528391608E-1
1.010191458E1,6.904820353E-2,6.313975900E-2,-8.446452767E-2,1.260497521E-1
1.011193058E1,5.108811334E-2,2.831386775E-2,-7.853287458E-2,9.787278897E-2
1.012194758E1,3.198568523E-2,-6.541424431E-3,-7.591752708E-2,8.263985244E-2
1.013196358E1,1.300160773E-2,-3.669959307E-2,-6.881461293E-2,7.906549745E-2
1.014197958E1,-2.012712182E-3,-6.349199265E-2,-5.813902617E-2,8.611289395E-2
1.015199658E1,-1.762496121E-2,-8.667214215E-2,-4.856655747E-2,1.009029731E-1
1.016201258E1,-3.634762019E-2,-1.063969657E-1,-3.456866741E-2,1.176284684E-1
1.017202858E1,-5.228077993E-2,-1.286956072E-1,-2.213170193E-2,1.406614783E-1
1.018204583E1,-6.823364645E-2,-1.472788751E-1,-6.346880924E-3,1.624413139E-1
1.019206183E1,-8.595059067E-2,-1.670696288E-1,7.327386178E-3,1.880251459E-1
1.020207783E1,-1.038532406E-1,-1.929711998E-1,2.619056404E-2,2.207018921E-1
1.021209483E1,-1.195738837E-1,-2.187506109E-1,4.279670864E-2,2.529452544E-1
1.022211083E1,-1.393252462E-1,-2.367167175E-1,5.786578357E-2,2.807040746E-1
1.023212683E1,-1.525403857E-1,-2.579008341E-1,7.678674161E-2,3.093179807E-1
1.024214383E1,-1.677550226E-1,-2.753381431E-1,9.480096400E-2,3.360655642E-1
1.025215983E1,-1.777208447E-1,-2.836703658E-1,1.124305576E-1,3.531206669E-1
1.026217583E1,-1.822634190E-1,-2.932879925E-1,1.283613145E-1,3.683943913E-1
1.027219283E1,-1.876595169E-1,-2.980449200E-1,1.424608827E-1,3.799236393E-1
1.028220883E1,-1.883888692E-1,-3.021332026E-1,1.588739306E-1,3.898919901E-1
1.029222483E1,-1.878149658E-1,-3.039481342E-1,1.664506197E-1,3.941633398E-1
1.030224183E1,-1.860958934E-1,-3.052219450E-1,1.781355143E-1,3.994050309E-1
1.031225783E1,-1.781926900E-1,-3.060379326E-1,1.878464520E-1,4.008717258E-1
1.032227383E1,-1.780605763E-1,-3.062034249E-1,1.969913095E-1,4.053044316E-1
1.033229083E1,-1.748557240E-1,-3.067680299E-1,2.019003183E-1,4.067491695E-1
1.034230683E1,-1.701961756E-1,-3.063741624E-1,2.043242007E-1,4.056849080E-1
1.035232283E1,-1.596221030E-1,-3.049358130E-1,2.053476423E-1,4.007901196E-1
1.036233983E1,-1.537275016E-1,-3.004130423E-1,2.032599449E-1,3.939476437E-1
1.037235583E1,-1.482741535E-1,-2.940190434E-1,1.976870149E-1,3.840736627E-1
1.038237183E1,-1.336684525E-1,-2.895497084E-1,1.932929009E-1,3.729188040E-1
1.039238883E1,-1.233412474E-1,-2.799583375E-1,1.832442731E-1,3.566065026E-1
1.040240483E1,-1.145735607E-1,-2.678296268E-1,1.729821265E-1,3.387958469E-1
1.041242183E1,-1.048460975E-1,-2.621943653E-1,1.634120643E-1,3.262546430E-1
1.042243783E1,-9.650738537E-2,-2.482602149E-1,1.498407125E-1,3.056125797E-1
1.043245383E1,-9.010328352E-2,-2.358080745E-1,1.360002607E-1,2.867405109E-1
1.044247083E1,-7.929897308E-2,-2.273626477E-1,1.195991561E-1,2.688606680E-1
1.045248683E1,-7.872719318E-2,-2.142846733E-1,1.001871079E-1,2.493057335E-1
1.046250283E1,-6.979479641E-2,-2.003591061E-1,8.854042739E-2,2.299010489E-1
1.047251983E1,-6.324714422E-2,-1.869788468E-1,6.887884438E-2,2.090588090E-1
1.048253583E1,-5.376626551E-2,-1.710905433E-1,5.060298741E-2,1.863422862E-1
1.049255183E1,-5.352551490E-2,-1.540473849E-1,3.585360199E-2,1.669762208E-1
1.050256883E1,-4.641309008E-2,-1.344616264E-1,1.805517636E-2,1.433879120E-1
1.051258483E1,-4.234031588E-2,-1.160258949E-1,1.774206990E-3,1.235227042E-1
1.052260083E1,-3.648477048E-2,-9.631976485E-2,-1.480346173E-2,1.040566099E-1
1.053261783E1,-3.188495710E-2,-7.420913875E-2,-3.119281866E-2,8.658313173E-2
1.054263383E1,-2.696636505E-2,-5.760726333E-2,-4.696219787E-2,7.906471818E-2
1.055264983E1,-2.099023201E-2,-3.769587353E-2,-5.801538005E-2,7.230043599E-2
1.056266683E1,-1.428761426E-2,-1.624959148E-2,-7.173500955E-2,7.492727634E-2
1.057268283E1,-9.692596272E-3,2.452723682E-3,-8.834833652E-2,8.891226485E-2
1.058269883E1,-5.669699982E-3,2.020595968E-2,-9.475668520E-2,9.705285000E-2
1.059271583E1,-1.078143949E-3,4.008006677E-2,-1.042766869E-1,1.117192981E-1
1.060273183E1,8.256125264E-3,6.037376076E-2,-1.134336591E-1,1.287647064E-1
1.061274883E1,1.227909606E-2,7.730533928E-2,-1.258351952E-1,1.481937516E-1
1.062276483E1,2.060861513E-2,9.488801658E-2,-1.336650550E-1,1.652113726E-1
1.063278083E1,2.463318408E-2,1.115405113E-1,-1.417434812E-1,1.820420112E-1
1.064279783E1,3.296735883E-2,1.278056949E-1,-1.523651779E-1,2.015844484E-1
1.065281383E1,4.094246030E-2,1.441873312E-1,-1.627704203E-1,2.212701545E-1
1.066282983E1,4.958964139E-2,1.575275362E-1,-1.673669070E-1,2.351291958E-1
1.067284683E1,5.788752064E-2,1.723693311E-1,-1.724306494E-1,2.505882683E-1
1.068286283E1,6.883763522E-2,1.852747500E-1,-1.795223802E-1,2.670086853E-1
1.069287883E1,7.677545398E-2,2.002696991E-1,-1.813290715E-1,2.808605613E-1
1.070289583E1,8.731804043E-2,2.098475546E-1,-1.847307086E-1,2.928922516E-1
1.071291183E1,9.551125765E-2,2.229993045E-1,-1.843176484E-1,3.046704542E-1
1.072292783E1,1.057983860E-1,2.348527908E-1,-1.863812059E-1,3.179419535E-1
1.073294483E1,1.149143875E-1,2.475310415E-1,-1.830882132E-1,3.286308366E-1
1.074296083E1,1.264948398E-1,2.570343316E-1,-1.780473590E-1,3.372957962E-1
1.075297783E1,1.362606585E-1,2.643990517E-1,-1.740547419E-1,3.446286099E-1
1.076299383E1,1.464924514E-1,2.785095870E-1,-1.659070551E-1,3.557425746E-1
1.077300983E1,1.548957825E-1,2.845445871E-1,-1.543931365E-1,3.588809915E-1
1.078302683E1,1.626431197E-1,2.966238260E-1,-1.447524875E-1,3.679561947E-1
1.079304283E1,1.718177199E-1,3.074136376E-1,-1.320167184E-1,3.761022300E-1
1.080305883E1,1.807710379E-1,3.148382008E-1,-1.175967753E-1,3.816153330E-1
1.081307583E1,1.845785528E-1,3.230133057E-1,-1.019847989E-1,3.857560589E-1
1.082309183E1,1.877039671E-1,3.310448825E-1,-8.517586440E-2,3.899723341E-1
1.083310783E1,1.885567009E-1,3.343908787E-1,-6.989091635E-2,3.901994739E-1
1.084312483E1,1.899650544E-1,3.350968063E-1,-5.060086027E-2,3.885061628E-1
1.085314083E1,1.888348162E-1,3.322075307E-1,-3.400111198E-2,3.836359041E-1
1.086315783E1,1.830685735E-1,3.264081776E-1,-1.936759986E-2,3.747419178E-1
1.087317383E1,1.713511944E-1,3.146854639E-1,2.015187405E-3,3.583186208E-1
1.088318983E1,1.604688913E-1,2.992863059E-1,1.918630861E-2,3.401333156E-1
1.089320683E1,1.454358846E-1,2.848522365E-1,3.301370889E-2,3.215311776E-1
1.090322283E1,1.291593909E-1,2.715181708E-1,4.594185948E-2,3.041626535E-1
1.091323883E1,1.159985736E-1,2.529298365E-1,6.227795780E-2,2.851450776E-1
1.092325583E1,1.050237641E-1,2.345898002E-1,7.418288291E-2,2.675172247E-1
1.093327183E1,8.882242441E-2,2.177343816E-1,8.122508228E-2,2.487874554E-1
1.094328883E1,7.377751917E-2,1.977189481E-1,9.333692491E-2,2.307546020E-1
1.095330483E1,6.073867902E-2,1.769516170E-1,9.979269654E-2,2.120368934E-1
1.096332083E1,4.440735281E-2,1.532647610E-1,1.023742855E-1,1.895853219E-1
1.097333783E1,2.753702737E-2,1.248829290E-1,1.071977988E-1,1.668694157E-1
1.098335383E1,1.186649036E-2,9.714096785E-2,1.083782762E-1,1.460240802E-1
1.099336983E1,-5.923958030E-3,6.326609105E-2,1.092773601E-1,1.264089910E-1
1.100338683E1,-1.998548396E-2,3.180012852E-2,1.083192602E-1,1.146461071E-1
1.101340283E1,-3.448533267E-2,2.146095037E-3,1.049969643E-1,1.105359960E-1
1.102341983E1,-4.751521721E-2,-2.571146935E-2,9.807100892E-2,1.119673984E-1
1.103343583E1,-5.536248535E-2,-4.941333458E-2,9.136170149E-2,1.177014992E-1
1.104345183E1,-6.236611679E-2,-7.419355214E-2,8.694441617E-2,1.302057879E-1
1.105346883E1,-7.336230576E-2,-9.928692132E-2,7.886066288E-2,1.464886508E-1
1.106348483E1,-7.883933932E-2,-1.259295642E-1,7.241828740E-2,1.652825004E-1
1.107350083E1,-8.701950312E-2,-1.493946761E-1,6.478752941E-2,1.846309485E-1
1.108351783E1,-9.920535982E-2,-1.779056787E-1,5.405145511E-2,2.107455664E-1
1.109353383E1,-1.091714427E-1,-2.061732709E-1,4.554425552E-2,2.376974984E-1
1.110355083E1,-1.155103371E-1,-2.320886850E-1,3.819669411E-2,2.620434756E-1
1.111356683E1,-1.251121014E-1,-2.524621189E-1,2.913954854E-2,2.832653750E-1
1.112358283E1,-1.315210909E-1,-2.762999237E-1,2.286979184E-2,3.068590434E-1
1.113359983E1,-1.364383548E-1,-2.928264439E-1,1.446112618E-2,3.233757491E-1
1.114361583E1,-1.428013593E-1,-3.060583472E-1,1.205963641E-2,3.379487756E-1
1.115363283E1,-1.450195014E-1,-3.126752377E-1,6.642233580E-3,3.447326200E-1
1.116364883E1,-1.466326267E-1,-3.209469914E-1,1.502347179E-3,3.528602493E-1
1.117366483E1,-1.479170769E-1,-3.241081536E-1,1.282103825E-3,3.562684390E-1
1.118368146E1,-1.493600160E-1,-3.277623057E-1,-8.661639877E-4,3.601906352E-1
1.119369746E1,-1.481786370E-1,-3.286297023E-1,-1.152986195E-3,3.604937158E-1
1.120371446E1,-1.487949789E-1,-3.281746507E-1,-1.505645923E-3,3.603343087E-1
1.121373046E1,-1.514879614E-1,-3.258161545E-1,6.475197151E-4,3.593121042E-1
1.122374646E1,-1.518370956E-1,-3.238215446E-1,6.674068049E-3,3.577141870E-1
1.123376346E1,-1.462013125E-1,-3.181431592E-1,1.224060729E-2,3.503422983E-1
1.124377946E1,-1.465495825E-1,-3.086137772E-1,1.812111400E-2,3.421222272E-1
1.125379646E1,-1.443831027E-1,-3.010839522E-1,2.597530931E-2,3.349219958E-1
1.126381246E1,-1.354756057E-1,-2.905004025E-1,3.325753659E-2,3.222579515E-1
1.127382846E1,-1.288635135E-1,-2.748889625E-1,4.539702460E-2,3.069700908E-1
1.128384546E1,-1.228705943E-1,-2.645799220E-1,5.279351771E-2,2.964572036E-1
1.129386146E1,-1.147380993E-1,-2.517144680E-1,6.038645655E-2,2.831457733E-1
1.130387746E1,-1.085259616E-1,-2.350623608E-1,7.334768027E-2,2.690949275E-1
1.131389446E1,-9.957454354E-2,-2.237412632E-1,8.213318139E-2,2.583042819E-1
1.132391046E1,-9.182424843E-2,-2.119837254E-1,9.035126865E-2,2.480567358E-1
1.133392746E1,-8.353782445E-2,-1.942976713E-1,1.000049636E-1,2.339468870E-1
1.134394346E1,-7.412809879E-2,-1.820765734E-1,1.092814729E-1,2.249206391E-1
1.135395946E1,-6.298676878E-2,-1.648294032E-1,1.167785376E-1,2.115970039E-1
1.136397646E1,-5.503954738E-2,-1.472856104E-1,1.263039261E-1,2.016806500E-1
1.137399246E1,-4.525695741E-2,-1.295662671E-1,1.281910390E-1,1.877992339E-1
1.138400946E1,-3.543481231E-2,-1.129643694E-1,1.317679733E-1,1.771422407E-1
1.139402546E1,-3.017640114E-2,-9.364313632E-2,1.326763779E-1,1.651746755E-1
1.140404246E1,-2.034210414E-2,-7.884790748E-2,1.340912133E-1,1.568797221E-1
1.141405846E1,-1.234196778E-2,-5.971416831E-2,1.318674684E-1,1.452829490E-1
1.142407446E1,-5.222929642E-3,-4.223608971E-2,1.273020655E-1,1.342273525E-1
1.143409146E1,2.919685328E-3,-2.527281642E-2,1.216652095E-1,1.242966734E-1
1.144410746E1,8.706588298E-3,-7.966771722E-3,1.114530265E-1,1.120760958E-1
1.145412446E1,1.059556846E-2,9.771478362E-3,1.001950428E-1,1.012264514E-1
1.146414046E1,1.722284406E-2,2.390966937E-2,8.612663299E-2,9.102799326E-2
1.147415646E1,1.706278697E-2,4.090116918E-2,7.034260780E-2,8.313920141E-2
1.148417346E1,2.400128543E-2,6.005719304E-2,4.969311506E-2,8.156184048E-2
1.149418946E1,2.508705482E-2,7.338710874E-2,2.775000036E-2,8.237166120E-2
1.150420646E1,2.910564467E-2,9.003652632E-2,4.155227914E-3,9.471526035E-2
1.151422246E1,3.199197724E-2,1.072434708E-1,-2.343751676E-2,1.143414441E-1
1.152423846E1,3.582342714E-2,1.212018728E-1,-4.893664643E-2,1.355286216E-1
1.153425546E1,4.014813527E-2,1.378426254E-1,-7.804846019E-2,1.634136600E-1
1.154427146E1,4.498343170E-2,1.534014195E-1,-1.071895808E-1,1.924710650E-1
1.155428846E1,5.261232331E-2,1.675135046E-1,-1.348872632E-1,2.214122954E-1
1.156430446E1,5.818707496E-2,1.803765446E-1,-1.626868248E-1,2.497767733E-1
1.157432046E1,6.288329512E-2,1.906467676E-1,-1.874949783E-1,2.746904907E-1
1.158433746E1,7.332200557E-2,2.029045373E-1,-2.134464681E-1,3.034893120E-1
1.159435346E1,8.322630078E-2,2.132844776E-1,-2.333813012E-1,3.269307530E-1
1.160437046E1,9.168376029E-2,2.257300317E-1,-2.574070394E-1,3.544267810E-1
1.161438646E1,1.000282466E-1,2.361057103E-1,-2.718219161E-1,3.736826336E-1
1.162440346E1,1.114354432E-1,2.439132482E-1,-2.852060795E-1,3.914767406E-1
1.163441946E1,1.248021200E-1,2.518923283E-1,-2.923364341E-1,4.055686192E-1
1.164443546E1,1.380217522E-1,2.617683709E-1,-3.013510704E-1,4.223566641E-1
1.165445246E1,1.547453403E-1,2.665575445E-1,-3.000114858E-1,4.301231643E-1
1.166446846E1,1.640247107E-1,2.744580805E-1,-2.974195480E-1,4.366803536E-1
1.167448546E1,1.760850996E-1,2.799881101E-1,-2.916269004E-1,4.409598090E-1
1.168450146E1,1.861214787E-1,2.838521004E-1,-2.788783610E-1,4.393021283E-1
1.169451846E1,1.931378543E-1,2.880596220E-1,-2.625840604E-1,4.350068568E-1
1.170453446E1,2.014071941E-1,2.910683155E-1,-2.452885211E-1,4.306414758E-1
1.171455046E1,1.997105032E-1,2.935818136E-1,-2.226838768E-1,4.191213134E-1
1.172456746E1,2.011347413E-1,2.894497812E-1,-1.967612952E-1,4.036723514E-1
1.173458346E1,1.946571469E-1,2.823170125E-1,-1.700417995E-1,3.827643061E-1
1.174460046E1,1.933474541E-1,2.746517062E-1,-1.383547187E-1,3.632613741E-1
1.175461646E1,1.807195544E-1,2.665716708E-1,-1.057475060E-1,3.389727836E-1
1.176463346E1,1.688871384E-1,2.517730892E-1,-7.272101939E-2,3.117705897E-1
1.177464946E1,1.568097025E-1,2.417425513E-1,-3.888290003E-2,2.907587038E-1
1.178466546E1,1.407124996E-1,2.304158509E-1,-6.801662035E-3,2.700698696E-1
1.179468246E1,1.250120997E-1,2.194367051E-1,2.916379459E-2,2.542263156E-1
1.180469846E1,1.066913307E-1,2.096025050E-1,5.905398726E-2,2.424945846E-1
1.181471546E1,8.873363584E-2,1.990137696E-1,9.227345884E-2,2.366316332E-1
1.182473146E1,6.870197505E-2,1.849281490E-1,1.221324280E-1,2.320230843E-1
1.183474846E1,4.820229113E-2,1.677267849E-1,1.480473876E-1,2.288531499E-1
1.184476446E1,2.623174712E-2,1.485989094E-1,1.688983291E-1,2.264870548E-1
1.185478046E1,5.172535311E-3,1.262299418E-1,1.922129840E-1,2.300143138E-1
1.186479746E1,-1.524446439E-2,1.070547923E-1,2.098609209E-1,2.360820374E-1
1.187481346E1,-3.358299285E-2,8.216435462E-2,2.224645913E-1,2.395188781E-1
1.188483046E1,-5.059598014E-2,5.721794441E-2,2.329045087E-1,2.451088667E-1
1.189484646E1,-6.583777815E-2,3.400610015E-2,2.408180982E-1,2.519610769E-1
1.190486346E1,-8.234009892E-2,1.197294425E-2,2.455679476E-1,2.592814305E-1
1.191487946E1,-9.190005064E-2,-1.228099689E-2,2.431958765E-1,2.602703912E-1
1.192489546E1,-1.026032940E-1,-3.733574972E-2,2.380146980E-1,2.618633052E-1
1.193491246E1,-1.084454730E-1,-6.018194556E-2,2.364098728E-1,2.669680039E-1
1.194492846E1,-1.131420732E-1,-8.286859095E-2,2.215441614E-1,2.622024934E-1
1.195494546E1,-1.174369529E-1,-1.084184200E-1,2.100438327E-1,2.639401510E-1
1.196496146E1,-1.173828095E-1,-1.351888329E-1,1.932723671E-1,2.634557883E-1
1.197497846E1,-1.219871491E-1,-1.579751074E-1,1.752246469E-1,2.655949473E-1
1.198499446E1,-1.249922663E-1,-1.874230057E-1,1.535856724E-1,2.726518081E-1
1.199501146E1,-1.275510192E-1,-2.138032168E-1,1.316840947E-1,2.816412236E-1
1.200502746E1,-1.281461120E-1,-2.346447259E-1,1.120188236E-1,2.898754737E-1
1.201504346E1,-1.286196113E-1,-2.546455860E-1,8.412087709E-2,2.974284802E-1
1.202506046E1,-1.317399740E-1,-2.752813995E-1,6.144645065E-2,3.113052135E-1
1.203507646E1,-1.288858652E-1,-2.905365229E-1,3.593416512E-2,3.198660682E-1
1.204509346E1,-1.300074458E-1,-3.050585985E-1,1.127832104E-2,3.317979581E-1
1.205510946E1,-1.289869249E-1,-3.153860569E-1,-8.341718465E-3,3.408453842E-1
1.206512646E1,-1.239547059E-1,-3.235118389E-1,-3.080447949E-2,3.478125860E-1
1.207514246E1,-1.261254549E-1,-3.276770115E-1,-5.125329643E-2,3.548334181E-1
1.208515946E1,-1.260805726E-1,-3.299757242E-1,-6.604845077E-2,3.593642820E-1
1.209517546E1,-1.254880130E-1,-3.259647489E-1,-8.086255193E-2,3.585233761E-1
1.210519246E1,-1.248684600E-1,-3.223993182E-1,-9.618862718E-2,3.588672522E-1
1.211520846E1,-1.229078397E-1,-3.206722438E-1,-1.057243422E-1,3.593252866E-1
1.212522446E1,-1.235766187E-1,-3.143523932E-1,-1.096152067E-1,3.551113928E-1
1.213524146E1,-1.220426410E-1,-3.033660650E-1,-1.118914112E-1,3.456082516E-1
1.214525746E1,-1.213539913E-1,-2.949001789E-1,-1.125839800E-1,3.381834698E-1
1.215527446E1,-1.183363572E-1,-2.783720493E-1,-1.090606302E-1,3.215411519E-1
1.216529046E1,-1.156274676E-1,-2.706385255E-1,-1.012480259E-1,3.112331690E-1
1.217530788E1,-1.157331914E-1,-2.538574040E-1,-9.272617847E-2,2.939998254E-1
1.218532388E1,-1.073262021E-1,-2.388987541E-1,-7.844156772E-2,2.733946011E-1
1.219534088E1,-1.023327783E-1,-2.257025242E-1,-6.380962580E-2,2.559009482E-1
1.220535688E1,-9.554494172E-2,-2.054869533E-1,-4.724086821E-2,2.314852554E-1
1.221537388E1,-8.833470196E-2,-1.889050454E-1,-2.683732659E-2,2.102578841E-1
1.222538988E1,-8.267580718E-2,-1.715286225E-1,-7.386636455E-3,1.905568677E-1
1.223540588E1,-7.391747087E-2,-1.551267505E-1,1.429468952E-2,1.724309698E-1
1.224542288E1,-6.654106826E-2,-1.342229545E-1,3.556634113E-2,1.539755822E-1
1.225543887E1,-5.277944729E-2,-1.198706403E-1,5.882506073E-2,1.435793448E-1
1.226545588E1,-4.484993964E-2,-1.026212424E-1,8.222015947E-2,1.389344849E-1
1.227547188E1,-3.233680874E-2,-8.652749658E-2,1.018452570E-1,1.374959390E-1
1.228548888E1,-2.440652251E-2,-6.737142056E-2,1.206897274E-1,1.403588150E-1
1.229550488E1,-1.103053056E-2,-5.034663528E-2,1.396831423E-1,1.488886716E-1
1.230552188E1,-2.745050937E-3,-3.050797433E-2,1.522587985E-1,1.553094122E-1
1.231553788E1,5.626862403E-3,-1.481263433E-2,1.661160290E-1,1.668700417E-1
1.232555488E1,1.043456513E-2,-3.930787556E-3,1.713591069E-1,1.717215035E-1
1.233557088E1,1.716304198E-2,1.686024666E-2,1.787709594E-1,1.803826318E-1
1.234558788E1,2.666333690E-2,3.166608885E-2,1.790974587E-1,1.838194071E-1
1.235560388E1,3.197527677E-2,4.502557218E-2,1.728001535E-1,1.814100701E-1
1.236562088E1,3.457839042E-2,5.936254933E-2,1.636463702E-1,1.774815816E-1
1.237563688E1,4.029965773E-2,7.640571147E-2,1.511121988E-1,1.740597363E-1
1.238565288E1,4.378789663E-2,9.200949222E-2,1.328709722E-1,1.674449814E-1
1.239566988E1,4.492799565E-2,1.024040803E-1,1.135116518E-1,1.593424474E-1
1.240568588E1,4.682619497E-2,1.175485849E-1,8.820962161E-2,1.542442858E-1
1.241570288E1,5.044170097E-2,1.343432665E-1,6.086134911E-2,1.558736099E-1
1.242571888E1,5.110356212E-2,1.499084532E-1,2.851937152E-2,1.609269181E-1
1.243573588E1,5.324740708E-2,1.630756557E-1,-4.472997971E-4,1.715492813E-1
1.244575188E1,6.036589667E-2,1.737148762E-1,-3.495471552E-2,1.871970401E-1
1.245576888E1,6.369378418E-2,1.859052330E-1,-6.984291971E-2,2.085561968E-1
1.246578488E1,6.660264730E-2,2.004009783E-1,-1.039634869E-1,2.353823939E-1
1.247580187E1,7.835011929E-2,2.096637189E-1,-1.391116232E-1,2.635330339E-1
1.248581788E1,8.005280793E-2,2.222568989E-1,-1.780252308E-1,2.958032521E-1
1.249583488E1,9.047082812E-2,2.258492410E-1,-2.150498331E-1,3.247141529E-1
1.250585088E1,1.027026698E-1,2.374485582E-1,-2.505625486E-1,3.601544765E-1
1.251586788E1,1.162656099E-1,2.454271466E-1,-2.778109312E-1,3.884985068E-1
1.252588388E1,1.305637807E-1,2.519444227E-1,-2.973737121E-1,4.110401654E-1
1.253590088E1,1.380584538E-1,2.588915229E-1,-3.152099550E-1,4.306300884E-1
1.254591688E1,1.492981613E-1,2.641537189E-1,-3.261192441E-1,4.454445976E-1
1.255593388E1,1.651599407E-1,2.679447234E-1,-3.322125673E-1,4.576432789E-1
1.256594988E1,1.753052771E-1,2.709827423E-1,-3.380615711E-1,4.673855076E-1
1.257596688E1,1.827179193E-1,2.705750167E-1,-3.323530853E-1,4.658918877E-1
1.258598288E1,1.910613924E-1,2.655824721E-1,-3.272513151E-1,4.627439123E-1
1.259599988E1,1.926230639E-1,2.608753443E-1,-3.120776713E-1,4.500578440E-1
1.260601588E1,1.948726028E-1,2.517900169E-1,-2.948397100E-1,4.339400863E-1
1.261603288E1,1.950595677E-1,2.391349673E-1,-2.745685279E-1,4.130637288E-1
1.262604888E1,1.901371628E-1,2.286543101E-1,-2.477010339E-1,3.870280822E-1
1.263606588E1,1.821788400E-1,2.208206207E-1,-2.177772373E-1,3.596912584E-1
1.264608188E1,1.749275625E-1,2.079456896E-1,-1.882265955E-1,3.305606044E-1
1.265609888E1,1.656634957E-1,1.942770183E-1,-1.516859084E-1,2.969790707E-1
1.266611488E1,1.511246562E-1,1.897371560E-1,-1.169763505E-1,2.692996782E-1
1.267613188E1,1.371374577E-1,1.789737195E-1,-7.580281794E-2,2.378746346E-1
1.268614788E1,1.201679707E-1,1.695595831E-1,-3.670581430E-2,2.110405416E-1
1.269616488E1,1.037463844E-1,1.589192003E-1,3.928963561E-3,1.898263977E-1
1.270618088E1,8.104937524E-2,1.470496804E-1,4.052442685E-2,1.727276437E-1
1.271619788E1,6.099523976E-2,1.313383579E-1,7.961083949E-2,1.652515334E-1
1.272621388E1,3.577421606E-2,1.179795116E-1,1.152379364E-1,1.687564567E-1
1.273622988E1,1.310432144E-2,9.905400872E-2,1.495365351E-1,1.798460320E-1
1.274624688E1,-1.027259417E-2,8.155138791E-2,1.830834746E-1,2.006881007E-1
1.275626388E1,-3.198561072E-2,6.352711469E-2,2.093156129E-1,2.210696709E-1
1.276627988E1,-5.084329844E-2,4.859955609E-2,2.332103997E-1,2.435858132E-1
1.277629688E1,-7.008837163E-2,3.373298794E-2,2.547852099E-1,2.663940643E-1
1.278631288E1,-8.771619201E-2,1.351923402E-2,2.737244070E-1,2.877532815E-1
1.279632988E1,-1.006682143E-1,-5.383882672E-3,2.854146063E-1,3.026955121E-1
1.280634588E1,-1.133024544E-1,-2.056835033E-2,2.947481573E-1,3.164442754E-1
1.281636288E1,-1.217156425E-1,-4.513414577E-2,2.996593118E-1,3.265692758E-1
1.282637888E1,-1.298663914E-1,-6.075396389E-2,2.967638969E-1,3.295832737E-1
1.283639588E1,-1.348225325E-1,-8.227257431E-2,2.941776514E-1,3.338957657E-1
1.284641188E1,-1.370559335E-1,-1.030068249E-1,2.847950161E-1,3.324198190E-1
1.285642888E1,-1.390224099E-1,-1.238085181E-1,2.762614489E-1,3.331308568E-1
1.286644488E1,-1.392552853E-1,-1.420741677E-1,2.577193379E-1,3.255708230E-1
1.287646188E1,-1.412715614E-1,-1.633291245E-1,2.401896119E-1,3.229939730E-1
1.288647788E1,-1.402737349E-1,-1.882614046E-1,2.160059214E-1,3.190260730E-1
1.289649488E1,-1.361772567E-1,-2.104212940E-1,1.940364391E-1,3.169724056E-1
1.290651088E1,-1.366298199E-1,-2.310612798E-1,1.690724343E-1,3.172420381E-1
1.291652788E1,-1.327645183E-1,-2.505865097E-1,1.409193575E-1,3.166674620E-1
1.292654388E1,-1.306719631E-1,-2.660786510E-1,1.100502685E-1,3.162025807E-1
1.293656088E1,-1.260851920E-1,-2.781169415E-1,7.898289710E-2,3.154121221E-1
1.294657688E1,-1.203583777E-1,-2.877692282E-1,4.841044173E-2,3.156593713E-1
1.295659388E1,-1.203860790E-1,-2.963968217E-1,1.586128771E-2,3.203052675E-1
1.296660988E1,-1.140802205E-1,-2.986468673E-1,-1.433248725E-2,3.200151062E-1
1.297662688E1,-1.138317436E-1,-3.039643764E-1,-3.927405551E-2,3.269471814E-1
1.298664288E1,-1.099903807E-1,-3.038390875E-1,-6.370048225E-2,3.293536494E-1
1.299665988E1,-1.080065891E-1,-3.025631607E-1,-8.662497252E-2,3.327367959E-1
1.300667588E1,-1.067165732E-1,-2.968984842E-1,-1.102225333E-1,3.341947693E-1
1.301669288E1,-1.054449156E-1,-2.905380726E-1,-1.280231029E-1,3.345458365E-1
1.302670888E1,-1.072748899E-1,-2.859677672E-1,-1.432227790E-1,3.373399329E-1
1.303672588E1,-1.052215919E-1,-2.760333717E-1,-1.519981623E-1,3.322189745E-1
1.304674188E1,-1.060568839E-1,-2.646637857E-1,-1.583748013E-1,3.261557293E-1
1.305675888E1,-1.011577323E-1,-2.495695055E-1,-1.608347595E-1,3.136648605E-1
1.306677488E1,-1.007539257E-1,-2.350778431E-1,-1.597239673E-1,3.015372143E-1
1.307679188E1,-9.631284326E-2,-2.208211422E-1,-1.561313719E-1,2.870803823E-1
1.308680788E1,-9.349791706E-2,-2.026898265E-1,-1.461822391E-1,2.668225502E-1
1.309682487E1,-8.695027232E-2,-1.844445169E-1,-1.329348832E-1,2.434169527E-1
1.310684188E1,-8.057525754E-2,-1.668464094E-1,-1.168408394E-1,2.190476620E-1
1.311685788E1,-7.764232159E-2,-1.481270641E-1,-9.994574636E-2,1.948309766E-1
1.312687488E1,-6.828497350E-2,-1.342548430E-1,-7.985781133E-2,1.704830505E-1
1.313689088E1,-6.457626075E-2,-1.152412072E-1,-5.635621399E-2,1.436198181E-1
1.314690788E1,-5.490683392E-2,-9.808631241E-2,-3.075542673E-2,1.165400419E-1
1.315692388E1,-4.202192649E-2,-7.974965125E-2,-8.205911145E-3,9.051622042E-2
1.316694088E1,-3.210683167E-2,-6.203453243E-2,1.979114115E-2,7.260042095E-2
1.317695613E1,-2.175885253E-2,-4.091753066E-2,4.506667331E-2,6.464284200E-2
1.318697313E1,-1.034007035E-2,-2.599732392E-2,6.963220984E-2,7.504280480E-2
1.319698913E1,-1.564954640E-3,-1.031317003E-2,9.482731670E-2,9.539932155E-2
1.320700613E1,7.794008590E-3,4.573587328E-3,1.095301509E-1,1.099023122E-1
1.321702213E1,1.426122896E-2,1.879247092E-2,1.283437908E-1,1.304939395E-1
1.322703913E1,2.344788425E-2,3.455647454E-2,1.447521150E-1,1.506556604E-1
1.323705513E1,2.878619172E-2,4.745442793E-2,1.543112695E-1,1.639894371E-1
1.324707213E1,3.758910671E-2,6.296024472E-2,1.592968553E-1,1.753636835E-1
1.325708913E1,4.085387662E-2,7.774824649E-2,1.629049033E-1,1.850725171E-1
1.326710513E1,4.537568614E-2,9.236960113E-2,1.556958109E-1,1.866340849E-1
1.327712213E1,4.880610108E-2,1.021519229E-1,1.542944461E-1,1.913735273E-1
1.328713813E1,5.319537595E-2,1.182240695E-1,1.425400227E-1,1.926767674E-1
1.329715513E1,5.713792145E-2,1.319185644E-1,1.243498251E-1,1.900792695E-1
1.330717113E1,5.796436220E-2,1.425840855E-1,1.048956811E-1,1.862610873E-1
1.331718813E1,6.227335334E-2,1.574285477E-1,8.488415182E-2,1.893859483E-1
1.332720413E1,6.227057055E-2,1.690705866E-1,5.860810727E-2,1.894660852E-1
1.333722113E1,6.939027458E-2,1.826492399E-1,3.409664333E-2,1.983389425E-1
1.334723713E1,7.324997336E-2,1.923542023E-1,3.597770352E-3,2.058607337E-1
1.335725413E1,7.664922625E-2,2.044489384E-1,-2.502881363E-2,2.197746887E-1
1.336727113E1,8.201451600E-2,2.166578770E-1,-5.626017600E-2,2.383951004E-1
1.337728713E1,8.822128177E-2,2.229871452E-1,-8.758907020E-2,2.553000327E-1
1.338730413E1,9.760171175E-2,2.322636098E-1,-1.146673784E-1,2.768051412E-1
1.339732013E1,1.044060886E-1,2.400631905E-1,-1.448572278E-1,2.991898782E-1
1.340733713E1,1.150669977E-1,2.477397025E-1,-1.732585430E-1,3.234716322E-1
1.341735313E1,1.229446232E-1,2.535203695E-1,-1.979795992E-1,3.443601020E-1
1.342737013E1,1.337417215E-1,2.546898425E-1,-2.195068449E-1,3.618522058E-1
1.343738613E1,1.426161677E-1,2.594941854E-1,-2.391138375E-1,3.805943127E-1
1.344740313E1,1.527284980E-1,2.615376413E-1,-2.576543391E-1,3.976351221E-1
1.345742013E1,1.607166529E-1,2.605453432E-1,-2.689575851E-1,4.074946637E-1
1.346743613E1,1.666716486E-1,2.576159835E-1,-2.753365338E-1,4.122567649E-1
1.347745313E1,1.710363030E-1,2.482640147E-1,-2.818436921E-1,4.127036524E-1
1.348746913E1,1.761281192E-1,2.378384322E-1,-2.814821005E-1,4.084365399E-1
1.349748613E1,1.729600281E-1,2.252563238E-1,-2.774231732E-1,3.970128458E-1
1.350750213E1,1.735917628E-1,2.112652808E-1,-2.688993812E-1,3.835022766E-1
1.351751913E1,1.670188159E-1,1.960162818E-1,-2.538173497E-1,3.615811314E-1
1.352753513E1,1.645000577E-1,1.807143837E-1,-2.387510836E-1,3.416431433E-1
1.353755213E1,1.569071114E-1,1.685240269E-1,-2.185944170E-1,3.174959974E-1
1.354756913E1,1.467194557E-1,1.541269869E-1,-1.972904652E-1,2.901814164E-1
1.355758513E1,1.388498098E-1,1.431294531E-1,-1.717459559E-1,2.631767151E-1
1.356760213E1,1.254617572E-1,1.338832676E-1,-1.407100856E-1,2.312243717E-1
1.357761813E1,1.123664528E-1,1.159847081E-1,-1.097071543E-1,1.952289219E-1
1.358763513E1,9.725862741E-2,1.019877940E-1,-7.643353194E-2,1.603210390E-1
1.359765113E1,7.656107098E-2,8.769513667E-2,-4.257703200E-2,1.239549847E-1
1.360766813E1,5.809357390E-2,7.469862700E-2,-1.400459278E-2,9.566021546E-2
1.361768513E1,3.426494077E-2,5.766318738E-2,1.934830286E-2,6.981035861E-2
1.362770113E1,1.447824948E-2,4.050026089E-2,5.620482564E-2,7.077339377E-2
1.363771813E1,-3.231771989E-3,2.545366623E-2,8.688044548E-2,9.058998444E-2
1.364773413E1,-2.497047745E-2,1.200899947E-2,1.189758331E-1,1.221596892E-1
1.365775113E1,-4.429996759E-2,6.956243888E-4,1.477465034E-1,1.542465568E-1
1.366776713E1,-6.379985064E-2,-1.156615838E-2,1.725603789E-1,1.843401240E-1
1.367778413E1,-7.654999942E-2,-2.831477858E-2,1.994359344E-1,2.154908839E-1
1.368780113E1,-9.324048460E-2,-3.920528665E-2,2.199098319E-1,2.420561435E-1
1.369781713E1,-1.043426692E-1,-5.187048391E-2,2.388931215E-1,2.657966576E-1
1.370783413E1,-1.156189069E-1,-6.688941270E-2,2.520861328E-1,2.852881762E-1
1.371785013E1,-1.248526201E-1,-8.269900084E-2,2.656874359E-1,3.049870736E-1
1.372786713E1,-1.313219815E-1,-9.538564086E-2,2.759551704E-1,3.201486208E-1
1.373788313E1,-1.407980472E-1,-1.118162796E-1,2.800364494E-1,3.327872947E-1
1.374790013E1,-1.440551132E-1,-1.316085756E-1,2.806224823E-1,3.417918524E-1
1.375791713E1,-1.446716338E-1,-1.466266662E-1,2.796190083E-1,3.472982158E-1
1.376793313E1,-1.467534751E-1,-1.600444019E-1,2.710054219E-1,3.472675218E-1
1.377795013E1,-1.455774307E-1,-1.776689440E-1,2.598888576E-1,3.468447207E-1
1.378796613E1,-1.428275704E-1,-1.921736896E-1,2.479210645E-1,3.446669350E-1
1.379798313E1,-1.401950419E-1,-2.049344927E-1,2.310478091E-1,3.391694063E-1
1.380800013E1,-1.379071027E-1,-2.162147164E-1,2.121562213E-1,3.328324425E-1
1.381801613E1,-1.331965029E-1,-2.279059887E-1,1.899273545E-1,3.251997049E-1
1.382803313E1,-1.280376762E-1,-2.403330207E-1,1.679435372E-1,3.199353670E-1
1.383804913E1,-1.232530400E-1,-2.480878830E-1,1.407808959E-1,3.107381055E-1
1.384806613E1,-1.187598333E-1,-2.564506829E-1,1.151561737E-1,3.051750237E-1
1.385808213E1,-1.139115468E-1,-2.602190673E-1,8.796370029E-2,2.973674765E-1
1.386809913E1,-1.074730083E-1,-2.632010579E-1,5.841199309E-2,2.902364645E-1
1.387811613E1,-1.042114347E-1,-2.644569874E-1,3.059314564E-2,2.858906467E-1
1.388813213E1,-9.994648397E-2,-2.631223202E-1,6.928946823E-3,2.815504668E-1
1.389814913E1,-9.537649900E-2,-2.598223984E-1,-2.163239010E-2,2.776190116E-1
1.390816513E1,-9.377373010E-2,-2.546184361E-1,-4.730018228E-2,2.754294242E-1
1.391818213E1,-9.154625982E-2,-2.498534918E-1,-6.824807078E-2,2.747094542E-1
1.392819913E1,-8.893087506E-2,-2.429274917E-1,-8.751726151E-2,2.730965723E-1
1.393821513E1,-8.495956659E-2,-2.330434471E-1,-1.082246751E-1,2.706288168E-1
1.394823213E1,-8.497208357E-2,-2.217556387E-1,-1.208573729E-1,2.664626106E-1
1.395824813E1,-8.345940709E-2,-2.078262269E-1,-1.320490390E-1,2.599887727E-1
1.396826513E1,-7.934693247E-2,-1.938074827E-1,-1.393249780E-1,2.515327524E-1
1.397828213E1,-7.494553179E-2,-1.792216152E-1,-1.435048133E-1,2.415178079E-1
1.398829813E1,-7.485301793E-2,-1.636628807E-1,-1.446429342E-1,2.308897815E-1
1.399831513E1,-6.883373857E-2,-1.464450061E-1,-1.438834071E-1,2.165332728E-1
1.400833113E1,-6.329897046E-2,-1.284763515E-1,-1.392959058E-1,1.997905952E-1
1.401834813E1,-5.858623981E-2,-1.104083955E-1,-1.315405071E-1,1.814532069E-1
1.402836513E1,-4.966336116E-2,-9.511580318E-2,-1.222332567E-1,1.626481924E-1
1.403838113E1,-4.295938835E-2,-7.851152122E-2,-1.070367321E-1,1.395221489E-1
1.404839812E1,-3.783884272E-2,-6.234265864E-2,-9.177883714E-2,1.172251682E-1
1.405841413E1,-3.010449000E-2,-4.289172590E-2,-7.524780184E-2,9.169630391E-2
1.406843113E1,-2.012138627E-2,-2.329525910E-2,-5.598577857E-2,6.389011414E-2
1.407844813E1,-1.227704529E-2,-7.980485447E-3,-3.812928498E-2,4.084429412E-2
1.408846413E1,-2.589572687E-3,7.553723641E-3,-1.977629773E-2,2.132760136E-2
1.409848113E1,4.186574370E-3,2.136487886E-2,2.336727921E-3,2.189624971E-2
1.410849813E1,1.198150124E-2,3.123231977E-2,1.592996158E-2,3.705101680E-2
1.411851413E1,2.022105455E-2,4.796123505E-2,3.185326979E-2,6.102296216E-2
1.412853113E1,2.750134282E-2,6.453547627E-2,4.612173885E-2,8.395454930E-2
1.413854713E1,3.533369675E-2,7.602834702E-2,5.939173698E-2,1.027431657E-1
1.414856413E1,4.007953033E-2,8.960690349E-2,6.412311643E-2,1.172499039E-1
1.415858113E1,4.355388880E-2,1.065102518E-1,7.060151547E-2,1.350035146E-1
1.416859713E1,4.993556440E-2,1.153547913E-1,7.495050132E-2,1.463484408E-1
1.417861500E1,5.326851085E-2,1.275661737E-1,7.625252008E-2,1.578768816E-1
1.418863100E1,6.257408857E-2,1.391743720E-1,7.332897931E-2,1.692990301E-1
1.419864800E1,6.518265605E-2,1.537535787E-1,6.588198245E-2,1.795254222E-1
1.420866500E1,6.914775074E-2,1.654683352E-1,5.797659606E-2,1.884740488E-1
1.421868100E1,7.205778360E-2,1.744077653E-1,4.887657613E-2,1.949341234E-1
1.422869800E1,7.661383599E-2,1.827330589E-1,3.495824710E-2,2.012041991E-1
1.423871500E1,8.255188167E-2,1.947068870E-1,2.316390723E-2,2.127490343E-1
1.424873100E1,8.487766236E-2,2.031339407E-1,1.022406481E-2,2.203908958E-1
1.425874800E1,9.128363431E-2,2.147136182E-1,-1.141944528E-2,2.335916168E-1
1.426876400E1,9.590525925E-2,2.233682275E-1,-2.539474517E-2,2.444096497E-1
1.427878100E1,1.035709009E-1,2.297795266E-1,-4.452396557E-2,2.559452009E-1
1.428879800E1,1.075109094E-1,2.365084440E-1,-6.534276903E-2,2.678890016E-1
1.429881400E1,1.122201756E-1,2.437184304E-1,-8.137766272E-2,2.803825335E-1
1.430883100E1,1.207244769E-1,2.504242063E-1,-9.708219767E-2,2.944683947E-1
1.431884800E1,1.281387210E-1,2.517989278E-1,-1.131149605E-1,3.043307841E-1
1.432886400E1,1.310478300E-1,2.557865083E-1,-1.284198612E-1,3.147887106E-1
1.433888100E1,1.423225999E-1,2.543563843E-1,-1.402155310E-1,3.234397746E-1
1.434889800E1,1.443755180E-1,2.511806786E-1,-1.511818618E-1,3.267904203E-1
1.435891400E1,1.463832706E-1,2.471846044E-1,-1.590781361E-1,3.283810956E-1
1.436893100E1,1.493809968E-1,2.366520017E-1,-1.690997779E-1,3.269764319E-1
1.437894700E1,1.490568966E-1,2.234049141E-1,-1.716745198E-1,3.187473213E-1
1.438896400E1,1.433499455E-1,2.089798450E-1,-1.766287982E-1,3.089004935E-1
1.439898100E1,1.428961456E-1,1.947463155E-1,-1.725954413E-1,2.968747584E-1
1.440899700E1,1.371221989E-1,1.763577908E-1,-1.713515073E-1,2.815420162E-1
1.441901400E1,1.313705742E-1,1.641581208E-1,-1.670955122E-1,2.685647530E-1
1.442903100E1,1.248566061E-1,1.455071718E-1,-1.595734358E-1,2.494497756E-1
1.443904700E1,1.195159107E-1,1.298440546E-1,-1.469505876E-1,2.296475705E-1
1.444906400E1,1.075529233E-1,1.193103045E-1,-1.370423138E-1,2.111472847E-1
1.445908100E1,1.015506908E-1,1.023840532E-1,-1.221219599E-1,1.889677492E-1
1.446909700E1,8.659900725E-2,8.601875603E-2,-1.027848572E-1,1.595723701E-1
1.447911400E1,7.035905123E-2,6.843709946E-2,-8.628924191E-2,1.306899611E-1
1.448913000E1,5.726516619E-2,5.231773481E-2,-6.602812558E-2,1.018634282E-1
1.449914700E1,4.472087696E-2,3.297945857E-2,-4.659423977E-2,7.251637542E-2
1.450916400E1,2.609720826E-2,1.782150008E-2,-2.806523815E-2,4.226497056E-2
1.451918000E1,1.087324787E-2,-2.954527736E-4,-3.571081441E-3,1.144846864E-2
1.452919700E1,-4.649669863E-3,-1.225687377E-2,1.750508696E-2,2.186957827E-2
1.453921400E1,-2.018149197E-2,-2.219951898E-2,3.979121894E-2,4.983424892E-2
1.454923000E1,-3.331172466E-2,-3.425459191E-2,6.214159727E-2,7.838766598E-2
1.455924700E1,-4.669757187E-2,-4.671578854E-2,8.359336108E-2,1.065405000E-1
1.456926400E1,-6.382773817E-2,-6.203540415E-2,1.049098894E-1,1.375807269E-1
1.457928000E1,-7.553099841E-2,-7.524388283E-2,1.239775866E-1,1.635145731E-1
1.458929700E1,-8.682309091E-2,-9.203171730E-2,1.442345828E-1,1.918637563E-1
1.459931400E1,-1.014542282E-1,-1.039802581E-1,1.597285867E-1,2.159121949E-1
1.460933000E1,-1.104239821E-1,-1.173794866E-1,1.761447489E-1,2.387433188E-1
1.461934700E1,-1.185902953E-1,-1.297511905E-1,1.861374676E-1,2.560198946E-1
1.462936400E1,-1.254957765E-1,-1.396906078E-1,2.009814680E-1,2.750567329E-1
1.463938000E1,-1.319086701E-1,-1.500859857E-1,2.085693479E-1,2.888371050E-1
1.464939700E1,-1.344351321E-1,-1.604281664E-1,2.147910744E-1,2.999086644E-1
1.465941400E1,-1.348505914E-1,-1.745873988E-1,2.170752734E-1,3.094949372E-1
1.466943000E1,-1.382296234E-1,-1.827007830E-1,2.161332071E-1,3.149612168E-1
1.467944700E1,-1.375918090E-1,-1.925363541E-1,2.148368061E-1,3.196194719E-1
1.468946400E1,-1.355849802E-1,-2.015562654E-1,2.120178342E-1,3.224279408E-1
1.469948000E1,-1.335774958E-1,-2.074698061E-1,2.058022767E-1,3.213117566E-1
1.470949700E1,-1.281835288E-1,-2.189608812E-1,1.969807446E-1,3.212106759E-1
1.471951400E1,-1.253978610E-1,-2.222533375E-1,1.818651706E-1,3.133625853E-1
1.472953000E1,-1.215016395E-1,-2.225666642E-1,1.686743647E-1,3.045482059E-1
1.473954700E1,-1.150125787E-1,-2.278461158E-1,1.559175551E-1,2.990853218E-1
1.474956400E1,-1.107985005E-1,-2.269726098E-1,1.347050518E-1,2.862487105E-1
1.475958000E1,-1.038521752E-1,-2.261108160E-1,1.165364385E-1,2.747582881E-1
1.476959700E1,-9.998464584E-2,-2.274881750E-1,1.019903123E-1,2.686071909E-1
1.477961400E1,-9.408254921E-2,-2.261611223E-1,7.953533530E-2,2.575388298E-1
1.478963000E1,-8.748367429E-2,-2.249621451E-1,5.862035975E-2,2.483902304E-1
1.479964700E1,-8.888236433E-2,-2.184576541E-1,3.845623508E-2,2.389617194E-1
1.480966400E1,-8.472332358E-2,-2.135112286E-1,1.808081940E-2,2.304170183E-1
1.481968000E1,-7.938901335E-2,-2.057843357E-1,4.059511703E-4,2.205673890E-1
1.482969700E1,-7.635562122E-2,-1.973875612E-1,-1.714246906E-2,2.123343930E-1
1.483971400E1,-7.368580252E-2,-1.859855056E-1,-3.545968980E-2,2.031688839E-1
1.484973000E1,-6.931970268E-2,-1.741595715E-1,-4.950663820E-2,1.938754362E-1
1.485974700E1,-6.245088205E-2,-1.608922482E-1,-6.124638766E-2,1.831325973E-1
1.486976400E1,-5.952465162E-2,-1.478873193E-1,-7.569371909E-2,1.764748778E-1
1.487978000E1,-5.684604496E-2,-1.341073215E-1,-8.728992194E-2,1.698110037E-1
1.488979700E1,-5.232753977E-2,-1.187727079E-1,-9.317369759E-2,1.597700394E-1
1.489981400E1,-4.906969517E-2,-1.039900333E-1,-9.807071090E-2,1.511278477E-1
1.490983000E1,-4.186563194E-2,-9.082284570E-2,-1.032470465E-1,1.437409929E-1
1.491984700E1,-3.720110282E-2,-7.155673951E-2,-1.044209674E-1,1.319394841E-1
1.492986400E1,-3.344772756E-2,-5.769813433E-2,-1.021368280E-1,1.219826087E-1
1.493988100E1,-2.682364359E-2,-4.457461089E-2,-9.993652254E-2,1.126663762E-1
1.494989700E1,-2.117063478E-2,-2.566018701E-2,-9.273406863E-2,9.852029466E-2
1.495991400E1,-1.371165179E-2,-7.306213956E-3,-8.961683512E-2,9.095365465E-2
1.496993100E1,-7.018088363E-3,5.118820816E-3,-8.344080299E-2,8.389173675E-2
1.497994700E1,-3.727025469E-4,2.280939929E-2,-7.836055756E-2,8.161362989E-2
1.498996400E1,3.052148502E-3,3.753209859E-2,-6.820581853E-2,7.791025425E-2
1.499998100E1,1.561294775E-2,5.146681890E-2,-6.307657063E-2,8.289301145E-2
1.500999700E1,1.989429444E-2,6.421339512E-2,-5.346049741E-2,8.589044095E-2
1.502001400E1,2.697324380E-2,7.609322667E-2,-4.594905302E-2,9.289268270E-2
1.503003100E1,3.164557368E-2,8.819344640E-2,-4.253055528E-2,1.028998273E-1
1.504004700E1,3.816445917E-2,1.018517390E-1,-3.673924506E-2,1.148045069E-1
1.505006400E1,4.649434984E-2,1.118951291E-1,-3.314936161E-2,1.256229464E-1
1.506008100E1,5.181481317E-2,1.238135695E-1,-2.917353064E-2,1.373523562E-1
1.507009800E1,5.748630315E-2,1.326799840E-1,-2.721174806E-2,1.471364415E-1
1.508011400E1,6.183071807E-2,1.436375678E-1,-2.508681267E-2,1.583797233E-1
1.509013100E1,7.068385929E-2,1.553944349E-1,-2.699604817E-2,1.728364111E-1
1.510014800E1,7.085110247E-2,1.656201631E-1,-2.703493088E-2,1.821559898E-1
1.511016400E1,8.070723712E-2,1.772121787E-1,-2.720604278E-2,1.966163350E-1
1.512018100E1,8.558028936E-2,1.827576756E-1,-2.864947543E-2,2.038262652E-1
1.513019800E1,8.821942657E-2,1.930893958E-1,-3.067369945E-2,2.144925589E-1
1.514021400E1,9.632901847E-2,2.007683516E-1,-3.561227024E-2,2.255115176E-1
1.515023100E1,9.910908341E-2,2.062803805E-1,-3.804082423E-2,2.319942027E-1
1.516024800E1,1.054314226E-1,2.150943577E-1,-4.280574992E-2,2.433386525E-1
1.517026500E1,1.096723229E-1,2.205185741E-1,-4.826036841E-2,2.509691676E-1
1.518028108E1,1.128670573E-1,2.283863425E-1,-5.256137252E-2,2.601191880E-1
1.519029808E1,1.166668907E-1,2.325118184E-1,-5.595860630E-2,2.660907264E-1
1.520031508E1,1.204376593E-1,2.337837368E-1,-5.790963769E-2,2.692834780E-1
1.521033108E1,1.237572134E-1,2.386517823E-1,-6.286982447E-2,2.760853779E-1
1.522034808E1,1.277050823E-1,2.391135693E-1,-6.280351430E-2,2.782591750E-1
1.523036508E1,1.285347044E-1,2.362826318E-1,-6.504806131E-2,2.767343538E-1
1.524038208E1,1.304103732E-1,2.345023155E-1,-6.897329539E-2,2.770478603E-1
1.525039808E1,1.273725778E-1,2.270953059E-1,-6.951043010E-2,2.694953644E-1
1.526041508E1,1.270154566E-1,2.187643945E-1,-6.988912821E-2,2.624409967E-1
1.527043208E1,1.224978268E-1,2.058173567E-1,-6.902910024E-2,2.492619477E-1
1.528044808E1,1.169307530E-1,1.945039779E-1,-6.863308698E-2,2.370972354E-1
1.529046508E1,1.123820171E-1,1.775089204E-1,-6.844820082E-2,2.209621931E-1
1.530048208E1,1.016406938E-1,1.652695686E-1,-6.255542487E-2,2.038578969E-1
1.531049908E1,9.651138633E-2,1.477811337E-1,-6.138887256E-2,1.868751049E-1
1.532051508E1,9.198747575E-2,1.323837936E-1,-5.490168184E-2,1.702978543E-1
1.533053208E1,8.366045356E-2,1.190242842E-1,-5.105872080E-2,1.541844502E-1
1.534054908E1,7.527895272E-2,1.036613062E-1,-4.607541114E-2,1.361452557E-1
1.535056608E1,6.432024390E-2,8.870658278E-2,-3.835727274E-2,1.160914811E-1
1.536058208E1,5.168487877E-2,7.012970001E-2,-3.333002329E-2,9.327589168E-2
1.537059908E1,4.137582704E-2,4.956325516E-2,-2.691667154E-2,6.994985727E-2
1.538061608E1,2.733457647E-2,3.158558905E-2,-1.885288581E-2,4.582859162E-2
1.539063208E1,1.767394319E-2,1.347323693E-2,-8.274054155E-3,2.371405393E-2
1.540064908E1,7.168038748E-3,2.573983744E-3,-1.292815432E-5,7.616189267E-3
1.541066608E1,-4.031508230E-3,-1.626326144E-2,8.843316697E-3,1.894600173E-2
1.542068308E1,-1.111178845E-2,-2.847172320E-2,1.691562496E-2,3.493206596E-2
1.543069908E1,-2.410864085E-2,-4.122123867E-2,2.624321915E-2,5.448966538E-2
1.544071608E1,-3.496102244E-2,-5.994778872E-2,3.744580969E-2,7.885555862E-2
1.545073308E1,-4.760316014E-2,-7.570685446E-2,4.867355525E-2,1.018170106E-1
1.546075008E1,-5.948139355E-2,-8.815100789E-2,5.570376664E-2,1.200480986E-1
1.547076608E1,-7.085029781E-2,-1.065329239E-1,6.649457663E-2,1.441893106E-1
1.548078308E1,-8.207206428E-2,-1.207331643E-1,7.464118302E-2,1.639622728E-1
1.549080008E1,-9.213013947E-2,-1.309912056E-1,8.350165188E-2,1.806078193E-1
1.550081608E1,-9.605111182E-2,-1.461861432E-1,9.243042767E-2,1.978372778E-1
1.551083308E1,-1.037114412E-1,-1.543942094E-1,9.864644706E-2,2.105344543E-1
1.552085008E1,-1.059191972E-1,-1.619125754E-1,1.074260846E-1,2.213027836E-1
1.553086708E1,-1.109169945E-1,-1.738265902E-1,1.157759875E-1,2.364790528E-1
1.554088308E1,-1.153559536E-1,-1.840973347E-1,1.194639355E-1,2.479323629E-1
1.555090008E1,-1.174402982E-1,-1.881143600E-1,1.251390278E-1,2.546350572E-1
1.556091708E1,-1.204858944E-1,-1.951206028E-1,1.301042289E-1,2.636588909E-1
1.557093408E1,-1.224785298E-1,-2.021332383E-1,1.272466779E-1,2.684223413E-1
1.558095008E1,-1.217967644E-1,-2.067320049E-1,1.304715127E-1,2.731215650E-1
1.559096708E1,-1.201956198E-1,-2.089929283E-1,1.304234862E-1,2.741082210E-1
1.560098408E1,-1.200800389E-1,-2.099308968E-1,1.308991313E-1,2.749995995E-1
1.561100108E1,-1.141054779E-1,-2.120655924E-1,1.296479106E-1,2.734967208E-1
1.562101708E1,-1.142463610E-1,-2.119633257E-1,1.232914701E-1,2.705207368E-1
1.563103408E1,-1.095085144E-1,-2.101569474E-1,1.200525835E-1,2.656514259E-1
1.564105108E1,-1.014894694E-1,-2.062080204E-1,1.147539541E-1,2.568858308E-1
1.565106808E1,-1.003067568E-1,-2.077393979E-1,1.073871776E-1,2.544584619E-1
1.566108408E1,-9.612532705E-2,-2.047784925E-1,9.702189267E-2,2.461453983E-1
1.567110108E1,-8.955078572E-2,-1.991194785E-1,9.188272804E-2,2.368762243E-1
1.568111808E1,-8.884292096E-2,-1.925910115E-1,8.106496930E-2,2.270592248E-1
1.569113508E1,-8.217865229E-2,-1.901027411E-1,7.113105059E-2,2.189794726E-1
1.570115208E1,-7.893625647E-2,-1.801105589E-1,6.205206364E-2,2.062067036E-1
1.571116808E1,-7.219023257E-2,-1.741593927E-1,5.507024750E-2,1.964068632E-1
1.572118508E1,-6.457626075E-2,-1.596550196E-1,4.195497930E-2,1.772569859E-1
1.573120208E1,-6.008325145E-2,-1.511058956E-1,3.458962590E-2,1.662511083E-1
1.574121908E1,-5.631434545E-2,-1.398439258E-1,2.176197991E-2,1.523194435E-1
1.575123508E1,-5.316819251E-2,-1.282430738E-1,1.454016939E-2,1.395871026E-1
1.576125208E1,-4.715184495E-2,-1.149046347E-1,3.427064046E-3,1.242502166E-1
1.577126908E1,-4.367941990E-2,-1.035044491E-1,-4.225787241E-3,1.124229514E-1
1.578128608E1,-3.670113906E-2,-8.990129083E-2,-1.166772470E-2,9.780261500E-2
1.579130208E1,-3.435702622E-2,-7.386826724E-2,-1.757701300E-2,8.334193147E-2
1.580131908E1,-2.842536569E-2,-6.346755475E-2,-2.709435113E-2,7.463401224E-2
1.581133608E1,-2.226025611E-2,-4.946107417E-2,-3.251134604E-2,6.323689178E-2
1.582135308E1,-1.751956344E-2,-3.311619163E-2,-3.862756118E-2,5.381176204E-2
1.583137008E1,-1.177656930E-2,-1.820631139E-2,-4.249517992E-2,4.770741740E-2
1.584138608E1,-8.321651258E-3,-2.782081254E-3,-4.785239324E-2,4.865019419E-2
1.585140308E1,-1.522026840E-3,1.000271179E-2,-5.406745523E-2,5.500600444E-2
1.586142008E1,1.430619857E-3,2.343889140E-2,-5.835248157E-2,6.290024172E-2
1.587143708E1,3.717438783E-3,3.633537516E-2,-6.480465829E-2,7.438899499E-2
1.588145308E1,1.403212827E-2,4.865249246E-2,-6.694557518E-2,8.393852323E-2
1.589147008E1,1.881341450E-2,6.341210008E-2,-7.538974285E-2,1.002928329E-1
1.590148708E1,2.661487833E-2,7.400055230E-2,-7.846570015E-2,1.110914020E-1
1.591150408E1,2.962477878E-2,8.573482931E-2,-8.189035207E-2,1.222052300E-1
1.592152108E1,3.222295642E-2,9.800241143E-2,-8.773598820E-2,1.354267152E-1
1.593153708E1,4.192124680E-2,1.085556969E-1,-9.162952006E-2,1.481138049E-1
1.594155408E1,4.609095678E-2,1.214477867E-1,-9.700378776E-2,1.621224106E-1
1.595157108E1,5.437825620E-2,1.320167035E-1,-1.015664861E-1,1.752174530E-1
1.596158808E1,5.944705009E-2,1.419031620E-1,-1.041854396E-1,1.858092166E-1
1.597160408E1,6.394261867E-2,1.483433396E-1,-1.100149676E-1,1.954423137E-1
1.598162108E1,6.999385357E-2,1.568880826E-1,-1.123580188E-1,2.052738035E-1
1.599163808E1,8.009320498E-2,1.625929326E-1,-1.134995371E-1,2.138539879E-1
1.600165508E1,8.669544756E-2,1.722785830E-1,-1.168023944E-1,2.254746330E-1
1.601167208E1,8.731652796E-2,1.786110699E-1,-1.161156222E-1,2.302366784E-1
1.602168808E1,9.462930262E-2,1.870895177E-1,-1.143834963E-1,2.388321100E-1
1.603170508E1,1.014361903E-1,1.902693510E-1,-1.139763519E-1,2.438900068E-1
1.604172208E1,1.062999219E-1,1.948529184E-1,-1.094324663E-1,2.474728225E-1
1.605173908E1,1.088864133E-1,2.006032318E-1,-1.060588360E-1,2.516870761E-1
1.606175608E1,1.139807776E-1,2.037838399E-1,-1.023911312E-1,2.549576726E-1
1.607177208E1,1.179786772E-1,2.087905109E-1,-9.836087376E-2,2.592051450E-1
1.608178908E1,1.219760850E-1,2.135037780E-1,-8.899613470E-2,2.615001731E-1
1.609180608E1,1.236723587E-1,2.130369544E-1,-8.277212083E-2,2.598669279E-1
1.610182308E1,1.260071546E-1,2.124790251E-1,-7.290802896E-2,2.575669230E-1
1.611184008E1,1.241404638E-1,2.096827477E-1,-6.548025459E-2,2.523199817E-1
1.612185608E1,1.230419129E-1,2.069154531E-1,-5.484065786E-2,2.469024399E-1
1.613187308E1,1.214319989E-1,1.993317008E-1,-4.582493007E-2,2.378629469E-1
1.614189008E1,1.155115217E-1,1.950051337E-1,-3.486016393E-2,2.293145108E-1
1.615190708E1,1.105552614E-1,1.867212802E-1,-2.483114973E-2,2.184121981E-1
1.616192408E1,1.034752503E-1,1.794234216E-1,-1.429861411E-2,2.076158520E-1
1.617194008E1,9.531842172E-2,1.674260646E-1,-1.693865750E-3,1.926654038E-1
1.618195671E1,8.605674654E-2,1.565065682E-1,3.894777503E-3,1.786483664E-1
1.619197371E1,7.715909183E-2,1.423560381E-1,1.348998211E-2,1.624830657E-1
1.620199071E1,7.028867304E-2,1.337633580E-1,2.370986156E-2,1.529551929E-1
1.621200771E1,5.756480619E-2,1.192248836E-1,2.978584543E-2,1.357036343E-1
1.622202471E1,4.928743467E-2,1.050185189E-1,4.166514054E-2,1.232644493E-1
1.623204071E1,3.904530033E-2,9.211719036E-2,4.560041428E-2,1.099523079E-1
1.624205771E1,2.723577991E-2,7.496509701E-2,5.607941747E-2,9.750104892E-2
1.625207471E1,1.590554230E-2,5.915496871E-2,5.941633880E-2,8.533813869E-2
1.626209171E1,1.049586385E-2,3.918631747E-2,6.426435709E-2,7.599761988E-2
1.627210871E1,-1.403164468E-3,2.516224980E-2,6.539676338E-2,7.008455141E-2
1.628212471E1,-1.139667630E-2,5.785890855E-3,6.911533326E-2,7.028719695E-2
1.629214171E1,-2.136222646E-2,-8.337385021E-3,6.774460524E-2,7.152054424E-2
1.630215871E1,-2.567761205E-2,-2.146277390E-2,7.086742669E-2,7.837207788E-2
1.631217571E1,-3.254447505E-2,-3.567705303E-2,7.179262489E-2,8.652269042E-2
1.632219271E1,-4.088336602E-2,-5.294338614E-2,7.258863747E-2,9.870948304E-2
1.633220971E1,-4.844876006E-2,-6.721156090E-2,6.977833062E-2,1.083221662E-1
1.634222571E1,-5.438894033E-2,-8.529016376E-2,7.033520192E-2,1.232055579E-1
1.635224271E1,-6.615047157E-2,-1.028532386E-1,6.757736206E-2,1.397189087E-1
1.636225971E1,-7.204271853E-2,-1.164470762E-1,6.352616102E-2,1.509491569E-1
1.637227671E1,-7.743003219E-2,-1.308468580E-1,6.202548370E-2,1.642055747E-1
1.638229371E1,-8.124607801E-2,-1.455816031E-1,6.137966737E-2,1.776580758E-1
1.639231071E1,-9.016161412E-2,-1.547808945E-1,5.913804471E-2,1.886360260E-1
1.640232671E1,-9.044657648E-2,-1.663486063E-1,5.933777988E-2,1.984273523E-1
1.641234371E1,-9.340775758E-2,-1.753962338E-1,5.748929083E-2,2.068667846E-1
1.642236071E1,-9.758146107E-2,-1.844166219E-1,5.555370450E-2,2.159116627E-1
1.643237771E1,-9.934763610E-2,-1.952982098E-1,5.157552287E-2,2.251030389E-1
1.644239471E1,-1.038941815E-1,-2.008386403E-1,5.059627816E-2,2.317113372E-1
1.645241171E1,-1.035371423E-1,-2.075950950E-1,4.919248819E-2,2.371403892E-1
1.646242771E1,-1.059832573E-1,-2.086382657E-1,4.886438698E-2,2.390608815E-1
1.647244471E1,-1.032086089E-1,-2.143070996E-1,4.561780393E-2,2.421993681E-1
1.648246171E1,-1.047455221E-1,-2.121560574E-1,4.655869678E-2,2.411421351E-1
1.649247871E1,-1.020863354E-1,-2.121506780E-1,4.477784038E-2,2.396551378E-1
1.650249571E1,-1.004908308E-1,-2.078089267E-1,4.163397849E-2,2.345556336E-1
1.651251271E1,-1.010605767E-1,-2.063324749E-1,4.325660691E-2,2.337893591E-1
1.652252871E1,-9.499123693E-2,-1.995691210E-1,4.645533115E-2,2.258523122E-1
1.653254571E1,-9.251294285E-2,-1.982291639E-1,4.604105651E-2,2.235469188E-1
1.654256271E1,-8.997735381E-2,-1.881813258E-1,4.540376365E-2,2.134704601E-1
1.655257971E1,-8.953399211E-2,-1.853857487E-1,4.517697170E-2,2.107727932E-1
1.656259671E1,-8.347424120E-2,-1.785155833E-1,4.741748795E-2,2.026923298E-1
1.657261371E1,-7.899497449E-2,-1.695700139E-1,4.808145761E-2,1.931476693E-1
1.658263071E1,-7.343988866E-2,-1.607901007E-1,4.786680639E-2,1.831341172E-1
1.659264671E1,-7.017315924E-2,-1.541979462E-1,5.163178220E-2,1.771076504E-1
1.660266371E1,-6.603726745E-2,-1.397505552E-1,4.854837433E-2,1.620126014E-1
1.661268071E1,-5.857768282E-2,-1.305243522E-1,4.933416471E-2,1.513334439E-1
1.662269771E1,-5.540265888E-2,-1.213417798E-1,5.241651088E-2,1.433205245E-1
1.663271471E1,-5.020741001E-2,-1.093648821E-1,5.184658244E-2,1.310325516E-1
1.664273171E1,-4.437748343E-2,-9.736733884E-2,4.982657358E-2,1.180357875E-1
1.665274871E1,-3.653893247E-2,-8.473388106E-2,4.805161431E-2,1.040378865E-1
1.666276471E1,-3.050900064E-2,-7.311903685E-2,4.812884703E-2,9.270155655E-2
1.667278171E1,-2.936055511E-2,-5.880478024E-2,4.696641862E-2,8.078297379E-2
1.668279871E1,-2.099077217E-2,-4.785652459E-2,4.151333123E-2,6.673991409E-2
1.669281571E1,-1.600879617E-2,-3.500437364E-2,3.958360106E-2,5.521276303E-2
1.670283271E1,-8.820125833E-3,-2.086751536E-2,3.567434847E-2,4.225999238E-2
1.671284971E1,-5.071771797E-3,-1.001661643E-2,2.913014404E-2,3.121891680E-2
1.672286671E1,-1.862396137E-3,1.138831489E-3,2.077767253E-2,2.089203514E-2
1.673288271E1,4.721170291E-3,1.395629626E-2,1.638729125E-2,2.203658251E-2
1.674289971E1,6.359813269E-3,2.757969499E-2,5.770866293E-3,2.888580444E-2
1.675291671E1,1.234844234E-2,3.856569529E-2,-5.354097113E-3,4.084682652E-2
1.676293371E1,1.655197516E-2,4.970117286E-2,-1.585547440E-2,5.473180550E-2
1.677295071E1,2.083842643E-2,6.086756289E-2,-2.806535922E-2,7.019091548E-2
1.678296771E1,2.376630530E-2,7.401825488E-2,-4.298784956E-2,8.883408429E-2
1.679298471E1,3.080947511E-2,8.507913351E-2,-5.448356271E-2,1.056226364E-1
1.680300171E1,3.239325806E-2,9.645269066E-2,-7.036931813E-2,1.237104912E-1
1.681301771E1,4.188230634E-2,1.053709462E-1,-8.160576969E-2,1.397020599E-1
1.682303471E1,4.531458765E-2,1.175415888E-1,-9.498282522E-2,1.577693698E-1
1.683305171E1,4.993626848E-2,1.247923821E-1,-1.093905047E-1,1.733004676E-1
1.684306871E1,5.345936492E-2,1.331848055E-1,-1.226375997E-1,1.887752022E-1
1.685308571E1,6.082634628E-2,1.424477249E-1,-1.329013556E-1,2.040930402E-1
1.686310271E1,6.745041907E-2,1.510036588E-1,-1.445976943E-1,2.196819455E-1
1.687311971E1,7.259176672E-2,1.581647396E-1,-1.517101675E-1,2.308714456E-1
1.688313671E1,7.947231084E-2,1.650780290E-1,-1.598330736E-1,2.431320943E-1
1.689315271E1,8.836290240E-2,1.694895327E-1,-1.621221155E-1,2.506357607E-1
1.690316971E1,9.450042248E-2,1.748403460E-1,-1.690929383E-1,2.609442435E-1
1.691318671E1,9.913752228E-2,1.775682271E-1,-1.687922627E-1,2.642906573E-1
1.692320371E1,1.033034995E-1,1.841105521E-1,-1.687946618E-1,2.702960344E-1
1.693322071E1,1.089919657E-1,1.850699484E-1,-1.660946459E-1,2.715097895E-1
1.694323771E1,1.126295775E-1,1.874982268E-1,-1.636487991E-1,2.731701598E-1
1.695325471E1,1.150364503E-1,1.881659180E-1,-1.553439349E-1,2.697619983E-1
1.696327171E1,1.196722165E-1,1.891488880E-1,-1.469009221E-1,2.677286352E-1
1.697328871E1,1.201878712E-1,1.882287264E-1,-1.337083876E-1,2.602942772E-1
1.698330471E1,1.212331578E-1,1.857812852E-1,-1.201803237E-1,2.523003660E-1
1.699332171E1,1.209238321E-1,1.836643070E-1,-1.088557467E-1,2.453665104E-1
1.700333871E1,1.185200661E-1,1.805060655E-1,-9.340967983E-2,2.352760380E-1
1.701335571E1,1.159246638E-1,1.709296256E-1,-7.734515518E-2,2.205396509E-1
1.702337271E1,1.108446866E-1,1.673455387E-1,-6.132037938E-2,2.098839270E-1
1.703338971E1,1.010864526E-1,1.603470445E-1,-4.270463809E-2,1.943021659E-1
1.704340671E1,9.759984165E-2,1.508968174E-1,-2.395997755E-2,1.812999149E-1
1.705342371E1,8.676186204E-2,1.417396963E-1,-6.296211388E-3,1.663051547E-1
1.706344071E1,8.117215335E-2,1.347664744E-1,1.164417341E-2,1.577545811E-1
1.707345771E1,6.727347523E-2,1.256494969E-1,2.809187397E-2,1.452675804E-1
1.708347371E1,5.676330999E-2,1.157646403E-1,4.456645623E-2,1.364173534E-1
1.709349071E1,5.057922378E-2,1.034610495E-1,5.985097215E-2,1.297866923E-1
1.710350771E1,3.511664644E-2,9.417407215E-2,7.447226346E-2,1.250921770E-1
1.711352471E1,2.517477237E-2,8.278092742E-2,8.571028709E-2,1.217895908E-1
1.712354171E1,1.614479162E-2,6.998550892E-2,1.005848423E-1,1.235958585E-1
1.713355871E1,3.476064652E-3,5.702528358E-2,1.074067578E-1,1.216559806E-1
1.714357571E1,-5.088927690E-3,4.221145064E-2,1.172343567E-1,1.247060469E-1
1.715359271E1,-1.828046329E-2,2.903722785E-2,1.231164709E-1,1.278084557E-1
1.716360971E1,-2.493197285E-2,1.407559030E-2,1.273996234E-1,1.305771402E-1
1.717362671E1,-3.266041353E-2,1.733457670E-3,1.310457289E-1,1.350655047E-1
1.718364263E1,-4.043764248E-2,-1.111895870E-2,1.298920512E-1,1.364946121E-1
1.719365963E1,-4.819788411E-2,-2.541069314E-2,1.314040124E-1,1.422524300E-1
1.720367663E1,-5.109460652E-2,-3.791077062E-2,1.290726811E-1,1.439015022E-1
1.721369363E1,-6.122411042E-2,-5.531177297E-2,1.214704290E-1,1.468429401E-1
1.722371063E1,-6.253252178E-2,-6.928084791E-2,1.182661131E-1,1.506553208E-1
1.723372763E1,-6.802060455E-2,-8.339070529E-2,1.133242249E-1,1.562792127E-1
1.724374463E1,-7.072184235E-2,-1.010463983E-1,1.034875736E-1,1.610019611E-1
1.725376163E1,-7.840327173E-2,-1.140024289E-1,9.679090977E-2,1.688552843E-1
1.726377863E1,-7.908397168E-2,-1.317033917E-1,8.885788918E-2,1.774705114E-1
1.727379563E1,-8.133155107E-2,-1.439172775E-1,8.038643003E-2,1.838177959E-1
1.728381263E1,-8.675827086E-2,-1.562282741E-1,6.954922527E-2,1.917586137E-1
1.729382963E1,-8.632168174E-2,-1.670898199E-1,6.090444699E-2,1.976860954E-1
1.730384563E1,-9.133508801E-2,-1.742606461E-1,4.891782627E-2,2.027358498E-1
1.731386263E1,-8.972121775E-2,-1.858052611E-1,3.760247678E-2,2.097318246E-1
1.732387963E1,-9.094787389E-2,-1.931569129E-1,3.256723657E-2,2.159669736E-1
1.733389663E1,-9.085107595E-2,-1.977471113E-1,1.798599213E-2,2.183605595E-1
1.734391363E1,-9.229930490E-2,-1.986459196E-1,1.310548186E-2,2.194336271E-1
1.735393063E1,-9.325777739E-2,-2.048683912E-1,4.590024706E-3,2.251424861E-1
1.736394763E1,-9.042923152E-2,-2.076370269E-1,7.606653962E-4,2.264755163E-1
1.737396463E1,-9.047621489E-2,-2.017692327E-1,-7.509230636E-3,2.212536040E-1
1.738398163E1,-8.772916347E-2,-1.999731958E-1,-1.115776133E-2,2.186553928E-1
1.739399863E1,-8.895960450E-2,-2.005975991E-1,-1.191108674E-2,2.197614206E-1
1.740401563E1,-4.925054908E-1,-1.992194057E-1,-6.607312709E-2,5.353650046E-1
1.741403263E1,-1.636915654E-1,-8.001159430E-1,-9.901586920E-2,8.226691881E-1
1.742404963E1,-3.842472285E-2,-4.316716194E-1,-1.285055876E-1,4.520293490E-1
1.743406663E1,-4.102081060E-2,1.822734326E-1,-1.487639993E-1,2.388242840E-1