"Time (s)","Gyroscope x (rad/s)","Gyroscope y (rad/s)","Gyroscope z (rad/s)","Absolute (rad/s)"
-1.762083411E-4,-2.197143137E-1,-5.696895719E-2,-7.902377099E-2,2.403426681E-1
9.840791667E-3,-2.250009477E-1,-1.045628414E-1,-1.148209125E-1,2.733910317E-1
1.985779166E-2,-4.990823567E-2,-9.151931107E-2,-1.850919276E-1,2.124279595E-1
2.987379166E-2,1.306365132E-1,1.402707696E-1,-2.447001189E-1,3.108374745E-1
3.989079167E-2,3.204761073E-2,4.780937433E-1,-2.122727185E-1,5.240805127E-1
4.990779166E-2,-5.428834260E-2,4.752825201E-1,-1.917717159E-1,5.153805284E-1
5.992379166E-2,-1.274509169E-2,1.832426190E-1,-2.067206055E-1,2.765387921E-1
6.994079167E-2,1.413072227E-3,3.341237828E-2,-2.094586045E-1,2.121115055E-1
7.995679167E-2,-4.428567737E-2,1.849773079E-1,-1.939580142E-1,2.716570208E-1
8.997379166E-2,-1.502899081E-2,3.780189455E-1,-1.948384643E-1,4.255422668E-1
9.999079167E-2,8.087733388E-2,4.340299666E-1,-2.182545811E-1,4.925019972E-1
1.100067917E-1,9.833062440E-2,3.839787841E-1,-2.124033570E-1,4.496930113E-1
1.200237917E-1,3.367841989E-2,2.966735065E-1,-1.932492107E-1,3.556608818E-1
1.300407917E-1,-3.805839689E-3,2.574534118E-1,-1.760904640E-1,3.119368449E-1
1.400567917E-1,4.585343599E-2,3.323029876E-1,-1.695878506E-1,3.758827639E-1
1.500737917E-1,1.163102984E-1,4.469502270E-1,-1.728520840E-1,4.931231428E-1
1.600897917E-1,1.277197599E-1,4.916623235E-1,-1.615568995E-1,5.330523513E-1
1.701067917E-1,1.009065211E-1,4.438048005E-1,-1.425986439E-1,4.769477961E-1
1.801237917E-1,9.091138095E-2,3.612857759E-1,-1.275288165E-1,3.937713678E-1
1.901397917E-1,1.092917174E-1,3.337750435E-1,-1.109668836E-1,3.683260898E-1
2.001567917E-1,1.283643842E-1,3.822433949E-1,-9.369909018E-2,4.139649110E-1
2.101737917E-1,1.447153836E-1,4.551607370E-1,-8.082297444E-2,4.844029232E-1
2.201897917E-1,1.541278809E-1,4.875742793E-1,-6.282153726E-2,5.151995992E-1
2.302067917E-1,1.602784544E-1,4.742201269E-1,-4.669263586E-2,5.027465703E-1
2.402237917E-1,1.536801010E-1,4.443557858E-1,-2.332476526E-2,4.707586245E-1
2.502397917E-1,1.498235762E-1,4.344621599E-1,-5.837918259E-3,4.596069556E-1
2.602567917E-1,1.525834948E-1,4.335646033E-1,1.189267077E-2,4.597841056E-1
2.702727917E-1,1.606536806E-1,4.364547133E-1,2.644311823E-2,4.658342628E-1
2.802897917E-1,1.665899158E-1,4.399622679E-1,4.507054761E-2,4.725995678E-1
2.903067917E-1,1.640721709E-1,4.479618669E-1,6.124605238E-2,4.809787837E-1
3.003227917E-1,1.573743522E-1,4.545623362E-1,7.437932491E-2,4.867503346E-1
3.103397917E-1,1.523846537E-1,4.538866878E-1,8.992578834E-2,4.871558841E-1
3.203567917E-1,1.518333405E-1,4.513188899E-1,9.946553409E-2,4.864519464E-1
3.303727917E-1,1.483477950E-1,4.472591877E-1,1.107078046E-1,4.840496537E-1
3.403897917E-1,1.444460601E-1,4.414347112E-1,1.203757748E-1,4.798120420E-1
3.504067917E-1,1.331952661E-1,4.247308373E-1,1.267369986E-1,4.628169508E-1
3.604227917E-1,1.260138303E-1,4.136499166E-1,1.307183951E-1,4.517444386E-1
3.704397917E-1,1.159675717E-1,4.087659419E-1,1.372463405E-1,4.465138642E-1
3.804557917E-1,1.130971760E-1,3.940808773E-1,1.362031251E-1,4.320208332E-1
3.904727917E-1,1.100569069E-1,3.919844329E-1,1.389419138E-1,4.301966688E-1
4.004897917E-1,9.803517908E-2,3.920314312E-1,1.342774481E-1,4.258285717E-1
4.105057917E-1,9.702423960E-2,3.732880950E-1,1.301500797E-1,4.070586545E-1
4.205227917E-1,9.000681341E-2,3.519511223E-1,1.243595704E-1,3.839741159E-1
4.305397917E-1,8.014539629E-2,3.292980194E-1,1.187994257E-1,3.591291880E-1
4.405557917E-1,7.122042030E-2,3.030219972E-1,1.090096235E-1,3.298147618E-1
4.505727917E-1,6.465785950E-2,2.815822065E-1,1.011525020E-1,3.061062013E-1
4.605887917E-1,5.846242607E-2,2.627087533E-1,9.049609303E-2,2.839424012E-1
4.706057917E-1,5.504239351E-2,2.486946583E-1,7.635550946E-2,2.659113799E-1
4.806227917E-1,5.098555982E-2,2.248691469E-1,6.111982092E-2,2.385399192E-1
4.906387917E-1,4.809443280E-2,2.022474557E-1,5.042882636E-2,2.139162788E-1
5.006557917E-1,4.523805901E-2,1.769356132E-1,3.782450408E-2,1.865030463E-1
5.106727917E-1,3.973863274E-2,1.480736136E-1,2.198428661E-2,1.548814477E-1
5.206887917E-1,3.550033271E-2,1.160956249E-1,7.903923281E-3,1.216591128E-1
5.307057917E-1,3.006402217E-2,8.503118157E-2,-7.028687745E-3,9.046297431E-2
5.407217917E-1,2.736650594E-2,5.853059888E-2,-2.089550160E-2,6.790713246E-2
5.507387917E-1,2.101726457E-2,3.868499026E-2,-3.502250463E-2,5.625681925E-2
5.607557917E-1,2.020795085E-2,8.805990219E-3,-4.813628271E-2,5.294344581E-2
5.707717917E-1,1.482516993E-2,-1.854706928E-2,-6.433789432E-2,6.857947279E-2
5.807887917E-1,5.934291985E-3,-4.587116092E-2,-7.675082237E-2,8.961064646E-2
5.908057917E-1,4.315888975E-3,-7.351078093E-2,-8.866100758E-2,1.152529222E-1
6.008217917E-1,1.648392761E-3,-9.682865441E-2,-9.876769036E-2,1.383241200E-1
6.108387917E-1,-2.939168364E-3,-1.193605959E-1,-1.083018109E-1,1.611982408E-1
6.208557917E-1,-1.357894391E-2,-1.451408565E-1,-1.152784228E-1,1.858477084E-1
6.308717917E-1,-1.931326278E-2,-1.724073738E-1,-1.207517534E-1,2.113723980E-1
6.408887917E-1,-2.882544510E-2,-1.931679249E-1,-1.266435981E-1,2.327731824E-1
6.509047917E-1,-3.789909929E-2,-2.191481292E-1,-1.293008924E-1,2.572566132E-1
6.609217917E-1,-4.454789683E-2,-2.372999936E-1,-1.273244619E-1,2.729602914E-1
6.709387917E-1,-5.527058244E-2,-2.584060729E-1,-1.271569580E-1,2.932531803E-1
6.809547917E-1,-6.410127878E-2,-2.719480395E-1,-1.254258454E-1,3.062619024E-1
6.909714583E-1,-7.225134969E-2,-2.955002189E-1,-1.190907136E-1,3.266852230E-1
7.009884583E-1,-8.537077159E-2,-3.111612201E-1,-1.090479791E-1,3.405891003E-1
7.110044583E-1,-9.549051523E-2,-3.308608830E-1,-1.001482308E-1,3.586321661E-1
7.210214583E-1,-1.015323550E-1,-3.473543227E-1,-8.635333180E-2,3.720493818E-1
7.310374583E-1,-1.131029874E-1,-3.612240553E-1,-7.714332640E-2,3.862980672E-1
7.410544583E-1,-1.194725335E-1,-3.731421232E-1,-6.194004416E-2,3.966677444E-1
7.510714583E-1,-1.305515468E-1,-3.842991590E-1,-4.562711716E-2,4.084254936E-1
7.610874583E-1,-1.347812861E-1,-3.915275335E-1,-2.929416858E-2,4.151119764E-1
7.711044583E-1,-1.386572421E-1,-4.038457274E-1,-1.154500060E-2,4.271422355E-1
7.811214583E-1,-1.465720832E-1,-4.102818072E-1,1.037660614E-2,4.358006549E-1
7.911374583E-1,-1.497849226E-1,-4.164872468E-1,2.957213856E-2,4.435895187E-1
8.011544583E-1,-1.521874666E-1,-4.288470149E-1,4.932538047E-2,4.577158293E-1
8.111704583E-1,-1.541211903E-1,-4.349123538E-1,6.835419685E-2,4.664487035E-1
8.211874583E-1,-1.574174613E-1,-4.391524196E-1,8.912394941E-2,4.749507165E-1
8.312044583E-1,-1.564456671E-1,-4.447474480E-1,1.051753461E-1,4.830500933E-1
8.412204583E-1,-1.512136161E-1,-4.478356540E-1,1.246012449E-1,4.888228728E-1
8.512374583E-1,-1.469182074E-1,-4.501073360E-1,1.434867829E-1,4.947423880E-1
8.612544583E-1,-1.420949399E-1,-4.527355433E-1,1.604883075E-1,5.009161017E-1
8.712704583E-1,-1.363563538E-1,-4.536295533E-1,1.721225828E-1,5.039831449E-1
8.812874583E-1,-1.327394247E-1,-4.535790980E-1,1.842845827E-1,5.072618263E-1
8.913034583E-1,-1.223315224E-1,-4.552297294E-1,1.979790777E-1,5.112678585E-1
9.013204583E-1,-1.161861196E-1,-4.550843537E-1,2.082261741E-1,5.137695232E-1
9.113374583E-1,-1.065899506E-1,-4.530630112E-1,2.127721906E-1,5.117611892E-1
9.213534583E-1,-9.788952768E-2,-4.490275085E-1,2.201994061E-1,5.096036121E-1
9.313704583E-1,-9.032029659E-2,-4.435012043E-1,2.234335393E-1,5.047510482E-1
9.413874583E-1,-8.013702929E-2,-4.362332523E-1,2.226632535E-1,4.962865285E-1
9.514034583E-1,-7.305089384E-2,-4.283633530E-1,2.189550698E-1,4.865931749E-1
9.614204583E-1,-6.528649479E-2,-4.202185571E-1,2.168116719E-1,4.773397775E-1
9.714364583E-1,-5.486847833E-2,-4.085763097E-1,2.109559178E-1,4.630848195E-1
9.814534583E-1,-5.220130086E-2,-4.006669223E-1,2.020280808E-1,4.517458399E-1
9.914704583E-1,-4.528560117E-2,-3.888952136E-1,1.910023242E-1,4.356284664E-1
1.001486458E0,-4.091416299E-2,-3.741023839E-1,1.788855493E-1,4.166852554E-1
1.011503458E0,-3.891519457E-2,-3.581473827E-1,1.642248482E-1,3.959213822E-1
1.021519458E0,-3.205782920E-2,-3.417483568E-1,1.510541141E-1,3.750159852E-1
1.031536458E0,-2.934327163E-2,-3.208678365E-1,1.343374550E-1,3.490898851E-1
1.041553458E0,-2.768175863E-2,-3.006491065E-1,1.199340373E-1,3.248697251E-1
1.051569458E0,-2.843809687E-2,-2.811041474E-1,9.985034168E-2,2.996637412E-1
1.061586458E0,-3.059809841E-2,-2.571322322E-1,8.018912375E-2,2.710784463E-1
1.071603458E0,-2.968782932E-2,-2.378131151E-1,5.790698156E-2,2.465555991E-1
1.081619458E0,-2.723036148E-2,-2.144381404E-1,4.058644176E-2,2.199374181E-1
1.091636458E0,-2.764927596E-2,-1.863353997E-1,1.930139400E-2,1.893618427E-1
1.101653458E0,-3.209067136E-2,-1.593726277E-1,-6.596045569E-5,1.625713690E-1
1.111669458E0,-3.225499019E-2,-1.306429803E-1,-1.838025264E-2,1.358153393E-1
1.121686458E0,-3.696892038E-2,-1.021081954E-1,-3.833520785E-2,1.151623758E-1
1.131702458E0,-3.955165297E-2,-7.499402016E-2,-5.549262092E-2,1.013304855E-1
1.141719458E0,-3.900989518E-2,-4.562463611E-2,-7.378801703E-2,9.512124263E-2
1.151736458E0,-4.026051611E-2,-1.710164733E-2,-9.320938587E-2,1.029629308E-1
1.161752458E0,-3.787554801E-2,1.173400972E-2,-1.098930836E-1,1.168277961E-1
1.171769458E0,-4.019862041E-2,4.059974477E-2,-1.267887056E-1,1.390670494E-1
1.181785458E0,-4.020492733E-2,6.837140024E-2,-1.398791522E-1,1.608019333E-1
1.191802458E0,-3.495983407E-2,9.777030349E-2,-1.531989425E-1,1.850706304E-1
1.201819458E0,-3.493953869E-2,1.239263043E-1,-1.609909683E-1,2.061470159E-1
1.211835458E0,-3.006009571E-2,1.498106420E-1,-1.732409745E-1,2.309962620E-1
1.221852458E0,-2.548940107E-2,1.722839773E-1,-1.834420413E-1,2.529475457E-1
1.231869458E0,-2.133566886E-2,1.989248991E-1,-1.878908575E-1,2.744618381E-1
1.241885458E0,-1.223950088E-2,2.215636224E-1,-1.953815967E-1,2.956589462E-1
1.251902458E0,-6.711044814E-3,2.455139756E-1,-1.972380877E-1,3.150000215E-1
1.261918458E0,9.465647163E-4,2.646646500E-1,-1.981864870E-1,3.306450613E-1
1.271935458E0,8.706217632E-3,2.853941321E-1,-1.990008801E-1,3.480329858E-1
1.281952458E0,2.069065534E-2,3.007683158E-1,-1.993796676E-1,3.614442348E-1
1.291968458E0,3.017364070E-2,3.169859052E-1,-1.931313574E-1,3.724113772E-1
1.301985458E0,4.112444073E-2,3.334192932E-1,-1.928512454E-1,3.873644893E-1
1.312001458E0,5.149159580E-2,3.493170142E-1,-1.841080785E-1,3.982079173E-1
1.322018458E0,6.129401922E-2,3.603418171E-1,-1.744015515E-1,4.049926952E-1
1.332035458E0,7.045369595E-2,3.723401427E-1,-1.670727879E-1,4.141427551E-1
1.342051458E0,8.189170808E-2,3.827618957E-1,-1.552049518E-1,4.210718438E-1
1.352068458E0,9.447886795E-2,3.897931874E-1,-1.434044838E-1,4.259458080E-1
1.362085458E0,1.029942632E-1,4.015104175E-1,-1.298515499E-1,4.343729487E-1
1.372101458E0,1.123645976E-1,4.093198478E-1,-1.188849285E-1,4.407971947E-1
1.382118458E0,1.195034981E-1,4.160535634E-1,-1.045910046E-1,4.453323836E-1
1.392134458E0,1.259723157E-1,4.231122732E-1,-8.787380904E-2,4.501275668E-1
1.402151458E0,1.354443282E-1,4.278317094E-1,-7.238389552E-2,4.545597496E-1
1.412168458E0,1.416260600E-1,4.312437475E-1,-5.705687031E-2,4.574763350E-1
1.422184458E0,1.436893642E-1,4.333647788E-1,-4.114957154E-2,4.584156979E-1
1.432201458E0,1.468449384E-1,4.360963702E-1,-2.336391993E-2,4.607486873E-1
1.442217458E0,1.519462466E-1,4.396761656E-1,-8.032665588E-3,4.652604821E-1
1.452234458E0,1.523617059E-1,4.445971549E-1,4.441048019E-3,4.700004707E-1
1.462251458E0,1.524020135E-1,4.441626072E-1,2.144839987E-2,4.700710895E-1
1.472267458E0,1.522118747E-1,4.409255385E-1,3.421506286E-2,4.677119368E-1
1.482284458E0,1.529756337E-1,4.385749698E-1,4.631764442E-2,4.667921088E-1
1.492300458E0,1.493231207E-1,4.366915822E-1,5.919029564E-2,4.652960600E-1
1.502317458E0,1.479130983E-1,4.344913661E-1,6.907472759E-2,4.641469055E-1
1.512334458E0,1.440408677E-1,4.324210286E-1,7.951831073E-2,4.626649752E-1
1.522350458E0,1.364037246E-1,4.271497130E-1,8.673475683E-2,4.567119130E-1
1.532367458E0,1.335549504E-1,4.180611670E-1,9.189703315E-2,4.483939438E-1
1.542384458E0,1.293009520E-1,4.100521803E-1,9.723868966E-2,4.408138944E-1
1.552400458E0,1.239029914E-1,4.070262909E-1,9.855322540E-2,4.367322876E-1
1.562417458E0,1.203903928E-1,3.937945366E-1,1.039506868E-1,4.247042842E-1
1.572433458E0,1.105833054E-1,3.843914568E-1,1.001618057E-1,4.123322045E-1
1.582450458E0,1.055498943E-1,3.705891073E-1,1.022873074E-1,3.986724970E-1
1.592467458E0,9.503573924E-2,3.580080867E-1,9.658361226E-2,3.827923406E-1
1.602483458E0,9.255772084E-2,3.432848155E-1,9.459462017E-2,3.679124059E-1
1.612500458E0,8.510912955E-2,3.298270702E-1,8.884911239E-2,3.520278753E-1
1.622516458E0,8.184114844E-2,3.070978820E-1,8.150804043E-2,3.281015748E-1
1.632533458E0,7.393928617E-2,2.877050042E-1,7.281574607E-2,3.058485252E-1
1.642550458E0,6.727515161E-2,2.696346641E-1,6.550222635E-2,2.855159185E-1
1.652566458E0,6.439041346E-2,2.484289706E-1,5.659794062E-2,2.628048813E-1
1.662583458E0,5.839090422E-2,2.286879122E-1,4.381467775E-2,2.400570451E-1
1.672600458E0,5.195031688E-2,2.043407559E-1,3.329173103E-2,2.134533188E-1
1.682616458E0,4.704399034E-2,1.796528846E-1,2.238722891E-2,1.870547620E-1
1.692633583E0,4.152991250E-2,1.540263593E-1,1.178092323E-2,1.599613802E-1
1.702649583E0,3.937997669E-2,1.285454631E-1,-1.090168953E-3,1.344466701E-1
1.712666583E0,2.956223115E-2,1.025751084E-1,-1.223842707E-2,1.074493251E-1
1.722683583E0,2.986592799E-2,7.638196647E-2,-2.341876924E-2,8.529136656E-2
1.732699583E0,2.474413626E-2,5.043452606E-2,-3.626239672E-2,6.686460285E-2
1.742716583E0,1.848061569E-2,2.165670693E-2,-4.454798996E-2,5.286841705E-2
1.752732583E0,1.542730257E-2,-5.075838417E-3,-5.532367155E-2,5.765825556E-2
1.762749583E0,9.209928103E-3,-3.228821233E-2,-6.467800587E-2,7.287383532E-2
1.772766583E0,2.361875493E-3,-5.518926680E-2,-7.130474597E-2,9.019867196E-2
1.782782583E0,-3.233968513E-3,-7.967447490E-2,-8.156196773E-2,1.140650476E-1
1.792799583E0,-9.514234960E-3,-1.039590389E-1,-8.902867138E-2,1.372009721E-1
1.802815583E0,-1.652005315E-2,-1.238211766E-1,-9.404522181E-2,1.563620788E-1
1.812832583E0,-2.047138475E-2,-1.475600600E-1,-9.887033701E-2,1.787970706E-1
1.822849583E0,-2.914999798E-2,-1.769417971E-1,-1.005461216E-1,2.055909641E-1
1.832865583E0,-3.802018985E-2,-1.965863407E-1,-1.020420194E-1,2.247316130E-1
1.842882583E0,-4.674730450E-2,-2.166443318E-1,-1.016634032E-1,2.438350355E-1
1.852899583E0,-5.891555175E-2,-2.364832759E-1,-9.915603697E-2,2.631108164E-1
1.862915583E0,-6.419081241E-2,-2.544785738E-1,-9.227388352E-2,2.781982647E-1
1.872932583E0,-7.620833069E-2,-2.729531825E-1,-8.875931054E-2,2.969669421E-1
1.882948583E0,-8.335918188E-2,-2.917481661E-1,-7.830480486E-2,3.133646248E-1
1.892965583E0,-9.517642856E-2,-3.088755012E-1,-6.949533522E-2,3.305937528E-1
1.902982583E0,-1.025093570E-1,-3.225674033E-1,-5.866739899E-2,3.435109338E-1
1.912998583E0,-1.085885540E-1,-3.407224417E-1,-4.759556800E-2,3.607611321E-1
1.923015583E0,-1.189581826E-1,-3.489221036E-1,-3.546991572E-2,3.703455124E-1
1.933031583E0,-1.231057942E-1,-3.659799099E-1,-1.679290086E-2,3.864949321E-1
1.943048583E0,-1.345172524E-1,-3.763195872E-1,-4.756809212E-3,3.996672994E-1
1.953065583E0,-1.383436769E-1,-3.825066388E-1,1.064398512E-2,4.068950676E-1
1.963081583E0,-1.410655379E-1,-3.967908621E-1,2.913044393E-2,4.221268257E-1
1.973098583E0,-1.457617581E-1,-4.026207924E-1,4.525029287E-2,4.305781945E-1
1.983114583E0,-1.474283338E-1,-4.118299186E-1,6.008585170E-2,4.415306388E-1
1.993131583E0,-1.508622169E-1,-4.191112816E-1,8.080923557E-2,4.527071984E-1
2.003148583E0,-1.487804204E-1,-4.270459116E-1,9.729393572E-2,4.625688424E-1
2.013164583E0,-1.463833153E-1,-4.295396805E-1,1.137101948E-1,4.678273405E-1
2.023181583E0,-1.444578618E-1,-4.340111017E-1,1.276880950E-1,4.749083699E-1
2.033197583E0,-1.396061182E-1,-4.383144975E-1,1.436170042E-1,4.819079900E-1
2.043214583E0,-1.373261064E-1,-4.434697330E-1,1.591705233E-1,4.907740000E-1
2.053231583E0,-1.299832314E-1,-4.433413744E-1,1.706514210E-1,4.925130680E-1
2.063247583E0,-1.254243851E-1,-4.458417892E-1,1.785203665E-1,4.963624670E-1
2.073264583E0,-1.191566288E-1,-4.471360743E-1,1.892840713E-1,4.999574290E-1
2.083281583E0,-1.093880236E-1,-4.463621378E-1,1.945510954E-1,4.990541318E-1
2.093297583E0,-1.023785844E-1,-4.448598325E-1,2.001179010E-1,4.984263430E-1
2.103314583E0,-9.892557561E-2,-4.401772916E-1,2.013621181E-1,4.940536613E-1
2.113330583E0,-9.015631676E-2,-4.371471405E-1,2.038361877E-1,4.906882670E-1
2.123347583E0,-8.045021445E-2,-4.288607538E-1,2.011710405E-1,4.804826435E-1
2.133364583E0,-7.516489923E-2,-4.240218103E-1,1.994375885E-1,4.745730812E-1
2.143380583E0,-6.964155287E-2,-4.153620899E-1,1.938814074E-1,4.636438415E-1
2.153397583E0,-6.060091779E-2,-4.079102874E-1,1.848599464E-1,4.519252964E-1
2.163413583E0,-5.633414164E-2,-3.974474967E-1,1.804461181E-1,4.401123148E-1
2.173430583E0,-4.886743799E-2,-3.843154609E-1,1.696800292E-1,4.229393719E-1
2.183447583E0,-4.512406513E-2,-3.712627888E-1,1.565133184E-1,4.054240477E-1
2.193463583E0,-4.176422209E-2,-3.569365740E-1,1.433354616E-1,3.869018256E-1
2.203480583E0,-3.862740099E-2,-3.430084288E-1,1.285674125E-1,3.683428266E-1
2.213496583E0,-3.974646330E-2,-3.258899152E-1,1.092925221E-1,3.460186029E-1
2.223513583E0,-3.524921462E-2,-3.034825027E-1,9.921091050E-2,3.212272425E-1
2.233530583E0,-3.438102454E-2,-2.834880352E-1,8.150887489E-2,2.969700619E-1
2.243546583E0,-3.426647559E-2,-2.620986104E-1,6.437272578E-2,2.720546282E-1
2.253563583E0,-3.362172469E-2,-2.436141521E-1,4.453510419E-2,2.499232902E-1
2.263579583E0,-3.523778170E-2,-2.187325358E-1,2.831474505E-2,2.233547588E-1
2.273596583E0,-3.633313999E-2,-1.915334016E-1,8.809752762E-3,1.951480278E-1
2.283613583E0,-3.599094599E-2,-1.664470285E-1,-8.076173253E-3,1.704851491E-1
2.293629583E0,-3.746207431E-2,-1.389709264E-1,-2.732363716E-2,1.465022407E-1
2.303646583E0,-3.698529676E-2,-1.156200245E-1,-4.240912944E-2,1.285862998E-1
2.313662583E0,-3.899119049E-2,-8.797854185E-2,-6.015403569E-2,1.134858792E-1
2.323679583E0,-3.655045480E-2,-5.926484615E-2,-7.622364908E-2,1.032390547E-1
2.333696583E0,-3.978885710E-2,-2.983425558E-2,-8.947766572E-2,1.023693734E-1
2.343712583E0,-3.914570436E-2,-6.872890517E-4,-1.047636792E-1,1.118404534E-1
2.353729583E0,-3.561754897E-2,2.446280792E-2,-1.192526072E-1,1.268393594E-1
2.363745583E0,-3.674995899E-2,4.963961989E-2,-1.300841719E-1,1.440018858E-1
2.373762583E0,-3.158555925E-2,7.811707258E-2,-1.402308047E-1,1.635989094E-1
2.383779583E0,-2.761014923E-2,1.049371809E-1,-1.488677710E-1,1.842165723E-1
2.393795583E0,-2.728737332E-2,1.330444515E-1,-1.587116122E-1,2.088894508E-1
2.403812583E0,-2.128351107E-2,1.564269811E-1,-1.671919525E-1,2.299468139E-1
2.413828583E0,-1.586823910E-2,1.788646430E-1,-1.698950529E-1,2.472017203E-1
2.423845583E0,-1.038277708E-2,2.039421201E-1,-1.748424321E-1,2.688309254E-1
2.433862583E0,-1.773842494E-3,2.223581374E-1,-1.768779010E-1,2.841339114E-1
2.443878583E0,7.170128170E-3,2.439789027E-1,-1.778770387E-1,3.020221128E-1
2.453895583E0,1.523524523E-2,2.635414302E-1,-1.761595607E-1,3.173616060E-1
2.463911583E0,2.341470867E-2,2.840638459E-1,-1.769152433E-1,3.354691050E-1
2.473928583E0,2.902172692E-2,2.995448112E-1,-1.730595082E-1,3.471583903E-1
2.483945583E0,4.358815402E-2,3.143077791E-1,-1.669965684E-1,3.585765762E-1
2.493961583E0,5.111610889E-2,3.287751377E-1,-1.630718559E-1,3.705379575E-1
2.503978583E0,6.168028340E-2,3.440428078E-1,-1.552483886E-1,3.824551910E-1
2.513994583E0,7.117977738E-2,3.549127579E-1,-1.452455521E-1,3.900331996E-1
2.524011583E0,8.313496411E-2,3.682797849E-1,-1.372332424E-1,4.017143078E-1
2.534028583E0,9.135587513E-2,3.774250746E-1,-1.258093417E-1,4.081955087E-1
2.544044583E0,9.645018727E-2,3.881254196E-1,-1.139645129E-1,4.158508028E-1
2.554061583E0,1.060990840E-1,3.971815109E-1,-1.040386409E-1,4.240686348E-1
2.564077583E0,1.173638701E-1,4.037018120E-1,-8.930606395E-2,4.297964682E-1
2.574094583E0,1.204544678E-1,4.107072651E-1,-7.857378572E-2,4.351592539E-1
2.584111583E0,1.295311302E-1,4.186228514E-1,-6.662081182E-2,4.432400455E-1
2.594127583E0,1.332616806E-1,4.222687185E-1,-5.157288536E-2,4.457906556E-1
2.604144583E0,1.379342377E-1,4.253367186E-1,-3.900771216E-2,4.488415976E-1
2.614160583E0,1.403380185E-1,4.279495478E-1,-2.606661431E-2,4.511264161E-1
2.624177583E0,1.445036530E-1,4.302355051E-1,-1.295240782E-2,4.540392719E-1
2.634194583E0,1.451446712E-1,4.324917197E-1,1.539183315E-3,4.561999916E-1
2.644210583E0,1.438876987E-1,4.370273352E-1,1.121068187E-2,4.602415028E-1
2.654227583E0,1.457457989E-1,4.336704314E-1,2.462049760E-2,4.581681458E-1
2.664243583E0,1.484276354E-1,4.319075346E-1,3.533229977E-2,4.580646819E-1
2.674260583E0,1.440861523E-1,4.323983490E-1,4.347970709E-2,4.578423708E-1
2.684277167E0,1.406486928E-1,4.290276766E-1,5.295494571E-2,4.545888564E-1
2.694293167E0,1.380542368E-1,4.256614447E-1,6.033030525E-2,4.515377985E-1
2.704310167E0,1.361016184E-1,4.214839041E-1,6.470675021E-2,4.476151198E-1
2.714326167E0,1.296133697E-1,4.141213298E-1,7.021736354E-2,4.395754537E-1
2.724343167E0,1.256964505E-1,4.101372659E-1,7.364644110E-2,4.352424300E-1
2.734360167E0,1.226825565E-1,3.980017900E-1,7.778845727E-2,4.236832291E-1
2.744376167E0,1.174856424E-1,3.874430954E-1,7.865729183E-2,4.124342347E-1
2.754393167E0,1.107640937E-1,3.771827221E-1,8.057263494E-2,4.012822446E-1
2.764409167E0,1.048955545E-1,3.692073524E-1,7.718243450E-2,3.915025857E-1
2.774426167E0,1.007838994E-1,3.556247056E-1,7.356879115E-2,3.768802099E-1
2.784443167E0,9.946897626E-2,3.408802748E-1,7.239937782E-2,3.624018610E-1
2.794459167E0,9.091063589E-2,3.271383643E-1,6.344875693E-2,3.454127935E-1
2.804476167E0,8.200187981E-2,3.092409372E-1,6.115554273E-2,3.257211475E-1
2.814492167E0,7.886520773E-2,2.870722413E-1,5.440735817E-2,3.026389819E-1
2.824509167E0,7.012292743E-2,2.707651258E-1,4.567518085E-2,2.834028942E-1
2.834526167E0,6.474813819E-2,2.507341504E-1,3.897679970E-2,2.618761663E-1
2.844542167E0,6.202531233E-2,2.310697287E-1,2.838746272E-2,2.409278044E-1
2.854559167E0,5.590483546E-2,2.104581892E-1,2.087042294E-2,2.187545990E-1
2.864575167E0,5.023288354E-2,1.862285286E-1,1.066450309E-2,1.931790338E-1
2.874592167E0,4.531615600E-2,1.617112011E-1,1.769012306E-3,1.679499805E-1
2.884609167E0,3.805041686E-2,1.365187466E-1,-9.423135780E-3,1.420351995E-1
2.894625167E0,3.535183519E-2,1.119068787E-1,-2.147207595E-2,1.193061264E-1
2.904642167E0,2.925031073E-2,8.764795959E-2,-2.856324986E-2,9.671403590E-2
2.914658167E0,2.277669869E-2,6.431094557E-2,-3.695060685E-2,7.758880764E-2
2.924675167E0,1.854559593E-2,3.481917828E-2,-4.807665944E-2,6.219067042E-2
2.934692167E0,1.321927365E-2,7.641883567E-3,-5.499901623E-2,5.707923761E-2
2.944708167E0,5.919016898E-3,-1.371933054E-2,-6.208115816E-2,6.385393481E-2
2.954725167E0,2.211836982E-4,-3.880178183E-2,-6.821309030E-2,7.847708509E-2
2.964741167E0,-3.605054924E-3,-6.316202879E-2,-7.709152251E-2,9.972733399E-2
2.974758167E0,-9.574264288E-3,-8.682447672E-2,-7.796983421E-2,1.170873663E-1
2.984775167E0,-1.769695804E-2,-1.091383398E-1,-8.375300467E-2,1.387044531E-1
2.994791167E0,-2.366297133E-2,-1.351393163E-1,-8.457219601E-2,1.611676995E-1
3.004808167E0,-3.365290165E-2,-1.574210078E-1,-8.482729644E-2,1.819603300E-1
3.014824167E0,-4.160776362E-2,-1.748782843E-1,-8.522357792E-2,1.989388815E-1
3.024841167E0,-4.825838283E-2,-1.979275793E-1,-8.065717667E-2,2.191113377E-1
3.034858167E0,-5.604599789E-2,-2.172157913E-1,-7.738309354E-2,2.373014898E-1
3.044874167E0,-6.611059606E-2,-2.379995584E-1,-7.407129556E-2,2.578777958E-1
3.054891167E0,-7.686203718E-2,-2.563226521E-1,-6.801021099E-2,2.761058919E-1
3.064907167E0,-8.516342193E-2,-2.736934423E-1,-6.089879572E-2,2.930351039E-1
3.074924167E0,-9.216860682E-2,-2.892620265E-1,-5.322543532E-2,3.082215422E-1
3.084941167E0,-1.014058292E-1,-3.047174513E-1,-3.936059400E-2,3.235508054E-1
3.094957167E0,-1.087146103E-1,-3.179219365E-1,-2.974098735E-2,3.373095767E-1
3.104974167E0,-1.147045493E-1,-3.317250311E-1,-1.814795472E-2,3.514654722E-1
3.114990167E0,-1.245923340E-1,-3.455569446E-1,-3.260885365E-3,3.673465462E-1
3.125007167E0,-1.293185949E-1,-3.590953648E-1,1.403113268E-2,3.819288582E-1
3.135024167E0,-1.341093630E-1,-3.707661331E-1,2.996269614E-2,3.954119495E-1
3.145040167E0,-1.376277655E-1,-3.803247511E-1,4.500002041E-2,4.069561647E-1
3.155057167E0,-1.406294107E-1,-3.902562261E-1,6.072598696E-2,4.192424104E-1
3.165073167E0,-1.413366050E-1,-3.989051282E-1,7.620578259E-2,4.300100679E-1
3.175090167E0,-1.425004005E-1,-4.045009613E-1,9.029310197E-2,4.382695930E-1
3.185107167E0,-1.416750103E-1,-4.109589458E-1,1.073850617E-1,4.477617839E-1
3.195123167E0,-1.417474449E-1,-4.180469513E-1,1.177500859E-1,4.568595784E-1
3.205140167E0,-1.401912570E-1,-4.253959656E-1,1.336989105E-1,4.674299035E-1
3.215156167E0,-1.328443885E-1,-4.295305014E-1,1.465625167E-1,4.728896853E-1
3.225173167E0,-1.316427141E-1,-4.350025654E-1,1.557612568E-1,4.804358492E-1
3.235190167E0,-1.294650435E-1,-4.356257319E-1,1.679926217E-1,4.845126384E-1
3.245206167E0,-1.217193529E-1,-4.357109964E-1,1.762386113E-1,4.855097541E-1
3.255223167E0,-1.167597473E-1,-4.381589592E-1,1.835330129E-1,4.891834818E-1
3.265239167E0,-1.074743196E-1,-4.404167235E-1,1.880883873E-1,4.908104126E-1
3.275256167E0,-1.006478444E-1,-4.376890957E-1,1.904293001E-1,4.878166166E-1
3.285272167E0,-9.664242715E-2,-4.338016212E-1,1.934271008E-1,4.847036709E-1
3.295289167E0,-8.804148436E-2,-4.289480150E-1,1.928191036E-1,4.784630699E-1
3.305306167E0,-8.332102001E-2,-4.250095487E-1,1.940926909E-1,4.746024457E-1
3.315322167E0,-7.367691398E-2,-4.204169214E-1,1.875580996E-1,4.662153110E-1
3.325339167E0,-6.809858978E-2,-4.129498303E-1,1.826548725E-1,4.566484235E-1
3.335355167E0,-6.215415150E-2,-4.048263729E-1,1.737745553E-1,4.449102458E-1
3.345372167E0,-6.095385179E-2,-3.954865336E-1,1.625688523E-1,4.319185132E-1
3.355389167E0,-5.376305059E-2,-3.824705780E-1,1.561999023E-1,4.166204725E-1
3.365405167E0,-4.860600829E-2,-3.694087267E-1,1.431913078E-1,3.991604966E-1
3.375422167E0,-4.279072955E-2,-3.547147512E-1,1.302387565E-1,3.802837559E-1
3.385438167E0,-4.073444381E-2,-3.426855505E-1,1.146432012E-1,3.636423311E-1
3.395455167E0,-4.018503428E-2,-3.245100081E-1,1.003513411E-1,3.420408952E-1
3.405472167E0,-3.991581872E-2,-3.041115105E-1,8.762147278E-2,3.189899777E-1
3.415488167E0,-3.596288711E-2,-2.866582274E-1,6.800197065E-2,2.968004997E-1
3.425505167E0,-3.612808138E-2,-2.656246126E-1,5.114283785E-2,2.729052270E-1
3.435521167E0,-3.841333836E-2,-2.436820269E-1,3.322668746E-2,2.489187167E-1
3.445538167E0,-3.616851568E-2,-2.232139707E-1,1.919771731E-2,2.269387375E-1
3.455555167E0,-3.632137924E-2,-1.981677413E-1,-1.340048853E-3,2.014733035E-1
3.465571167E0,-3.948575631E-2,-1.732476354E-1,-1.651242003E-2,1.784559557E-1
3.475588167E0,-3.827615082E-2,-1.492195278E-1,-3.137365729E-2,1.572127144E-1
3.485604167E0,-4.028089717E-2,-1.220715344E-1,-4.964873195E-2,1.378006051E-1
3.495621167E0,-3.948248178E-2,-9.625085443E-2,-6.376454979E-2,1.220205358E-1
3.505638167E0,-3.861859068E-2,-6.701667607E-2,-7.986845076E-2,1.111827318E-1
3.515654167E0,-4.058027640E-2,-4.174860194E-2,-9.220021963E-2,1.090439595E-1
3.525671167E0,-3.822401911E-2,-1.630290784E-2,-1.062848270E-1,1.141197831E-1
3.535687167E0,-3.514806926E-2,1.105095260E-2,-1.163555682E-1,1.220496971E-1
3.545704167E0,-3.645444289E-2,3.726433590E-2,-1.301873773E-1,1.402366227E-1
3.555721167E0,-2.997550555E-2,6.337023526E-2,-1.353568435E-1,1.524329122E-1
3.565737167E0,-2.752744220E-2,8.990592510E-2,-1.459116638E-1,1.735829746E-1
3.575754167E0,-2.459743246E-2,1.147207171E-1,-1.515112370E-1,1.916286293E-1
3.585770167E0,-1.658687741E-2,1.395485401E-1,-1.586067379E-1,2.119080386E-1
3.595787167E0,-1.258494705E-2,1.615971178E-1,-1.624488831E-1,2.294812606E-1
3.605803167E0,-7.309064735E-3,1.849282682E-1,-1.649724394E-1,2.479269904E-1
3.615820167E0,-3.480237909E-3,2.058729678E-1,-1.658217162E-1,2.643721477E-1
3.625837167E0,8.572982624E-3,2.267269045E-1,-1.664628536E-1,2.814044543E-1
3.635853167E0,1.671799645E-2,2.436930984E-1,-1.653392762E-1,2.949625296E-1
3.645870167E0,2.469456941E-2,2.639013529E-1,-1.634735614E-1,3.114118673E-1
3.655886167E0,3.526811674E-2,2.813900709E-1,-1.632282883E-1,3.272119896E-1
3.665903167E0,4.363952950E-2,2.987914085E-1,-1.541315019E-1,3.390239435E-1
3.675920167E0,5.350148305E-2,3.122909665E-1,-1.487143636E-1,3.500057405E-1
3.685936042E0,6.052362919E-2,3.281377852E-1,-1.446628869E-1,3.636823705E-1
3.695953042E0,6.998637319E-2,3.410786092E-1,-1.322142035E-1,3.724423522E-1
3.705969042E0,7.940267026E-2,3.519634902E-1,-1.254638284E-1,3.820003335E-1
3.715986042E0,8.682809770E-2,3.621804416E-1,-1.160160080E-1,3.900942257E-1
3.726003042E0,9.524673223E-2,3.732013106E-1,-1.042669192E-1,3.990272531E-1
3.736019042E0,1.014436409E-1,3.828930855E-1,-9.430882335E-2,4.071757377E-1
3.746036042E0,1.095587984E-1,3.910572231E-1,-8.126188815E-2,4.141646732E-1
3.756052042E0,1.184428409E-1,3.973944783E-1,-6.985024363E-2,4.205117531E-1
3.766069042E0,1.227120087E-1,4.049236774E-1,-5.905082822E-2,4.272100443E-1
3.776085042E0,1.286889464E-1,4.103676975E-1,-4.681626707E-2,4.326132856E-1
3.786102042E0,1.324988902E-1,4.154147208E-1,-3.403812647E-2,4.373601950E-1
3.796119042E0,1.366587579E-1,4.199900329E-1,-2.199211717E-2,4.422113715E-1
3.806135042E0,1.397824883E-1,4.217242002E-1,-1.077086385E-2,4.444169851E-1
3.816152042E0,1.423015893E-1,4.251937568E-1,2.687373199E-4,4.483743362E-1
3.826168042E0,1.407701969E-1,4.224140644E-1,1.086926833E-2,4.453852615E-1
3.836185042E0,1.410471648E-1,4.240545928E-1,2.103375457E-2,4.473913491E-1
3.846202042E0,1.418195367E-1,4.263907075E-1,2.755008452E-2,4.502008703E-1
3.856218042E0,1.392863393E-1,4.233554900E-1,3.604770079E-2,4.471353172E-1
3.866235042E0,1.396334320E-1,4.215093255E-1,4.386174306E-2,4.461966599E-1
3.876251042E0,1.319933534E-1,4.186957181E-1,5.102165416E-2,4.419633003E-1
3.886268042E0,1.296319216E-1,4.160718918E-1,5.785650387E-2,4.396221438E-1
3.896285042E0,1.271865964E-1,4.085061252E-1,6.055934355E-2,4.321123913E-1
3.906301042E0,1.227225512E-1,4.019105434E-1,6.419312954E-2,4.251043018E-1
3.916318042E0,1.186481863E-1,3.945144117E-1,6.895618886E-2,4.177008129E-1
3.926334042E0,1.130982190E-1,3.931454420E-1,6.352858245E-2,4.139932687E-1
3.936351042E0,1.117946059E-1,3.784698248E-1,6.263642013E-2,3.995757291E-1
3.946368042E0,1.061632559E-1,3.662503362E-1,6.375028193E-2,3.866187322E-1
3.956384042E0,9.726696461E-2,3.532423973E-1,5.922663584E-2,3.711453193E-1
3.966401042E0,9.254848957E-2,3.346704543E-1,5.767137557E-2,3.519879592E-1
3.976417042E0,8.603280038E-2,3.232473731E-1,5.391951650E-2,3.388182717E-1
3.986434042E0,8.361323178E-2,3.054830730E-1,4.515365139E-2,3.199217602E-1
3.996450042E0,7.789702713E-2,2.917100191E-1,4.250966758E-2,3.049094192E-1
4.006467042E0,7.350486517E-2,2.733658552E-1,3.370180726E-2,2.850748460E-1
4.016484042E0,6.689196825E-2,2.551309168E-1,2.573629096E-2,2.650069373E-1
4.026500042E0,6.632091105E-2,2.340572774E-1,1.715533063E-2,2.438761525E-1
4.036517042E0,5.808056146E-2,2.162473798E-1,1.061194390E-2,2.241626513E-1
4.046533042E0,5.393330753E-2,1.907907128E-1,1.574570313E-3,1.982734905E-1
4.056550042E0,4.830897599E-2,1.697578728E-1,-7.868733257E-3,1.766731714E-1
4.066567042E0,4.517495632E-2,1.453980356E-1,-1.708547585E-2,1.532099179E-1
4.076583042E0,3.787789494E-2,1.194375381E-1,-2.527682669E-2,1.278240134E-1
4.086600042E0,3.162629530E-2,9.942989796E-2,-3.410134837E-2,1.097698917E-1
4.096616042E0,2.873357013E-2,7.057907432E-2,-3.937999904E-2,8.577766673E-2
4.106633042E0,1.979929395E-2,4.305781424E-2,-5.012837797E-2,6.898435827E-2
4.116650042E0,1.472756825E-2,2.116742916E-2,-5.586189777E-2,6.152652230E-2
4.126666042E0,7.303826511E-3,-2.107591368E-3,-6.105233729E-2,6.152378167E-2
4.136683042E0,2.465661848E-3,-2.414791286E-2,-6.882077456E-2,7.297602479E-2
4.146699042E0,-3.465208225E-3,-4.874237254E-2,-7.413624972E-2,8.879194824E-2
4.156716042E0,-7.658621762E-3,-7.390844822E-2,-7.471948117E-2,1.053760602E-1
4.166732042E0,-1.761990972E-2,-9.316789359E-2,-7.787612826E-2,1.227004848E-1
4.176749042E0,-2.369271591E-2,-1.166066453E-1,-7.969772816E-2,1.432137647E-1
4.186766042E0,-3.281484917E-2,-1.395312995E-1,-7.849379629E-2,1.634229908E-1
4.196782042E0,-3.639706969E-2,-1.610645652E-1,-7.538721710E-2,1.815207243E-1
4.206799042E0,-4.851022735E-2,-1.815513670E-1,-7.440180331E-2,2.021132588E-1
4.216815042E0,-5.711569637E-2,-2.004470229E-1,-6.967203319E-2,2.197621532E-1
4.226832042E0,-6.548903883E-2,-2.209422886E-1,-6.468433887E-2,2.393498962E-1
4.236849042E0,-7.412247360E-2,-2.381180674E-1,-5.963870883E-2,2.564198329E-1
4.246865042E0,-8.029698581E-2,-2.548789382E-1,-4.831054062E-2,2.715599149E-1
4.256882042E0,-9.418563545E-2,-2.721016109E-1,-3.904353827E-2,2.905763556E-1
4.266898042E0,-9.835121036E-2,-2.870673537E-1,-2.972622216E-2,3.049004336E-1
4.276915042E0,-1.067050099E-1,-3.012271225E-1,-1.881072298E-2,3.201211986E-1
4.286932042E0,-1.147132292E-1,-3.156860769E-1,-5.999725778E-3,3.359357391E-1
4.296948042E0,-1.186808124E-1,-3.308530450E-1,9.767785668E-3,3.516308892E-1
4.306965042E0,-1.239167973E-1,-3.430231512E-1,2.343736403E-2,3.654717020E-1
4.316981042E0,-1.290130168E-1,-3.546931446E-1,3.865759820E-2,3.794021550E-1
4.326998042E0,-1.321867704E-1,-3.655255437E-1,5.564632639E-2,3.926560569E-1
4.337014042E0,-1.354797781E-1,-3.748852015E-1,6.834508479E-2,4.044313726E-1
4.347031042E0,-1.388116777E-1,-3.860147893E-1,8.281913400E-2,4.184914675E-1
4.357048042E0,-1.405405998E-1,-3.924841285E-1,9.515915811E-2,4.276104731E-1
4.367064042E0,-1.409377903E-1,-3.999709487E-1,1.098531261E-1,4.380729732E-1
4.377081042E0,-1.363648772E-1,-4.068757296E-1,1.248469949E-1,4.469116369E-1
4.387097042E0,-1.348143369E-1,-4.118971229E-1,1.349684447E-1,4.539279968E-1
4.397114042E0,-1.322079003E-1,-4.162223637E-1,1.510131955E-1,4.620876217E-1
4.407131042E0,-1.288985610E-1,-4.223502874E-1,1.565487683E-1,4.685105348E-1
4.417147042E0,-1.234446689E-1,-4.245511293E-1,1.681114286E-1,4.730155390E-1
4.427164042E0,-1.185507998E-1,-4.282181859E-1,1.771688759E-1,4.783449775E-1
4.437180042E0,-1.116342992E-1,-4.289569259E-1,1.809593439E-1,4.787614700E-1
4.447197042E0,-1.058906838E-1,-4.319293499E-1,1.850405037E-1,4.816801722E-1
4.457214042E0,-9.924982488E-2,-4.298334420E-1,1.898131520E-1,4.802461330E-1
4.467230042E0,-9.249462932E-2,-4.274638295E-1,1.894779205E-1,4.766366167E-1
4.477247042E0,-8.635817468E-2,-4.251253009E-1,1.883884221E-1,4.729476222E-1
4.487263042E0,-7.753884047E-2,-4.175406992E-1,1.855567545E-1,4.634477494E-1
4.497280042E0,-7.334489375E-2,-4.144852757E-1,1.811992824E-1,4.582692409E-1
4.507296042E0,-6.588701159E-2,-4.054965377E-1,1.724591106E-1,4.455453795E-1
4.517313042E0,-6.125923246E-2,-4.000620842E-1,1.660403609E-1,4.374605882E-1
4.527330042E0,-5.584700033E-2,-3.915559649E-1,1.569925845E-1,4.255368759E-1
4.537346042E0,-5.375748500E-2,-3.811999857E-1,1.436922252E-1,4.109145312E-1
4.547363042E0,-5.029607564E-2,-3.686603904E-1,1.341265589E-1,3.955124681E-1
4.557379042E0,-4.392712563E-2,-3.561653495E-1,1.188442707E-1,3.780308310E-1
4.567396042E0,-4.286457226E-2,-3.399478495E-1,1.050413325E-1,3.583791198E-1
4.577413042E0,-4.084642977E-2,-3.224378228E-1,9.054148942E-2,3.373904885E-1
4.587429042E0,-3.984025121E-2,-3.072648346E-1,7.543680072E-2,3.188881232E-1
4.597446042E0,-3.898138180E-2,-2.876405418E-1,6.055745482E-2,2.965195352E-1
4.607462042E0,-3.767101094E-2,-2.695397139E-1,4.202119261E-2,2.753843551E-1
4.617479042E0,-4.071340710E-2,-2.497449815E-1,2.578735910E-2,2.543523643E-1
4.627496042E0,-3.672636673E-2,-2.276441306E-1,1.116622146E-2,2.308578799E-1
4.637512042E0,-3.926781937E-2,-2.035190910E-1,-6.611177232E-3,2.073781322E-1
4.647529042E0,-3.776412457E-2,-1.806411594E-1,-2.355368622E-2,1.860433651E-1
4.657545042E0,-3.649219871E-2,-1.559451371E-1,-3.566840664E-2,1.640816918E-1
4.667562042E0,-3.696093708E-2,-1.285995990E-1,-5.384516343E-2,1.442333850E-1
4.677578042E0,-3.749436885E-2,-1.059073359E-1,-6.653432548E-2,1.305718498E-1
4.687595042E0,-3.936281055E-2,-8.211734891E-2,-7.978972048E-2,1.210747263E-1
4.697612042E0,-3.785013407E-2,-5.394536629E-2,-9.303814918E-2,1.140124221E-1
4.707628042E0,-3.574074060E-2,-2.522674575E-2,-1.058835089E-1,1.145648581E-1
4.717645042E0,-3.387998790E-2,-9.341910481E-4,-1.156234890E-1,1.204886613E-1
4.727661042E0,-3.369709477E-2,2.464053594E-2,-1.236411184E-1,1.304981853E-1
4.737678042E0,-2.893962525E-2,4.842602462E-2,-1.357401162E-1,1.469964657E-1
4.747695042E0,-2.420400083E-2,7.528703660E-2,-1.441669762E-1,1.644326262E-1
4.757711042E0,-2.462637797E-2,1.008659005E-1,-1.481699646E-1,1.809274075E-1
4.767728042E0,-1.944823377E-2,1.231916994E-1,-1.548826844E-1,1.988544053E-1
4.777744042E0,-1.159324124E-2,1.475636214E-1,-1.572326571E-1,2.159433584E-1
4.787761042E0,-2.574500861E-3,1.695070118E-1,-1.602016538E-1,2.332462754E-1
4.797777042E0,2.235168125E-3,1.899265349E-1,-1.600738317E-1,2.483962887E-1
4.807794042E0,1.015345007E-2,2.094199806E-1,-1.598419994E-1,2.636461371E-1
4.817811042E0,1.572611369E-2,2.306544185E-1,-1.580076069E-1,2.800270973E-1
4.827827042E0,2.465104870E-2,2.476348132E-1,-1.554054618E-1,2.933965447E-1
4.837844042E0,3.179284930E-2,2.666034400E-1,-1.516653150E-1,3.083675523E-1
4.847860042E0,4.116739705E-2,2.813727558E-1,-1.466615349E-1,3.199609165E-1
4.857877042E0,4.872544855E-2,2.975911200E-1,-1.417690516E-1,3.332163082E-1
4.867894042E0,5.899138004E-2,3.110863566E-1,-1.330633163E-1,3.434538548E-1
4.877910042E0,6.989490241E-2,3.272842169E-1,-1.241316050E-1,3.569438490E-1
4.887927042E0,7.529418170E-2,3.384850621E-1,-1.151688173E-1,3.653836444E-1
4.897943042E0,8.464480191E-2,3.503814042E-1,-1.073827967E-1,3.761155885E-1
4.907960042E0,9.235134721E-2,3.602298498E-1,-9.676718712E-2,3.842631970E-1
4.917976042E0,1.011110172E-1,3.691716790E-1,-8.600988239E-2,3.923122051E-1
4.927993042E0,1.044027209E-1,3.791083395E-1,-7.689092308E-2,4.006685355E-1
4.938010042E0,1.153954491E-1,3.856482506E-1,-6.560364366E-2,4.078535533E-1
4.948026042E0,1.212228686E-1,3.926576972E-1,-5.202946067E-2,4.142247166E-1
4.958043042E0,1.233406141E-1,4.005539715E-1,-4.414330795E-2,4.214321094E-1
4.968059042E0,1.277391762E-1,4.020718932E-1,-3.148736805E-2,4.230491210E-1
4.978076042E0,1.318316609E-1,4.096184969E-1,-1.963816956E-2,4.307581195E-1
4.988093042E0,1.320553422E-1,4.123605192E-1,-8.549255319E-3,4.330737823E-1
4.998109042E0,1.332950294E-1,4.158101082E-1,1.254118979E-5,4.366527351E-1
5.008126042E0,1.377637237E-1,4.170683622E-1,1.193217840E-2,4.393941730E-1
5.018142042E0,1.348973662E-1,4.176603854E-1,1.875519753E-2,4.393054226E-1
5.028159042E0,1.361411065E-1,4.169838130E-1,2.842756361E-2,4.395657261E-1
5.038175042E0,1.354012787E-1,4.185414910E-1,3.669108823E-2,4.414257831E-1
5.048192042E0,1.325345933E-1,4.152439237E-1,4.088226333E-2,4.377948081E-1
5.058209042E0,1.310754567E-1,4.126148522E-1,4.711352661E-2,4.354899264E-1
5.068225042E0,1.267850101E-1,4.094511271E-1,4.999686405E-2,4.315371950E-1
5.078242042E0,1.221452504E-1,4.053006172E-1,5.432130396E-2,4.267772916E-1
5.088258042E0,1.211363897E-1,3.949627876E-1,5.607828125E-2,4.169105445E-1
5.098275042E0,1.181600392E-1,3.881903887E-1,6.053854525E-2,4.102663625E-1
5.108292042E0,1.111493483E-1,3.831319213E-1,5.880009755E-2,4.032390088E-1
5.118308042E0,1.051335335E-1,3.732856810E-1,5.874843150E-2,3.922328871E-1
5.128325042E0,1.025826633E-1,3.600802720E-1,5.588512868E-2,3.785553495E-1
5.138341042E0,9.878180176E-2,3.472230732E-1,4.990606382E-2,3.644342494E-1
5.148358042E0,9.289516509E-2,3.356817961E-1,4.877410457E-2,3.516968769E-1
5.158375042E0,8.692702651E-2,3.240738511E-1,4.473382235E-2,3.384985728E-1
5.168391042E0,8.297204971E-2,3.079228401E-1,3.699021041E-2,3.210437854E-1
5.178408042E0,7.734612375E-2,2.905249298E-1,3.145217150E-2,3.022852904E-1
5.188424042E0,6.849132478E-2,2.794941068E-1,2.349213883E-2,2.887211421E-1
5.198441042E0,6.579833478E-2,2.564023733E-1,1.528054848E-2,2.651510759E-1
5.208457042E0,6.441838294E-2,2.326449752E-1,9.886187501E-3,2.416012195E-1
5.218474042E0,5.702517927E-2,2.163704038E-1,2.069809707E-3,2.237684223E-1
5.228491042E0,4.682818428E-2,1.952703744E-1,-7.067643572E-3,2.009312060E-1
5.238507042E0,5.080800876E-2,1.757909507E-1,-1.161738858E-2,1.833545085E-1
5.248524042E0,4.665110260E-2,1.552082449E-1,-2.291250601E-2,1.636792827E-1
5.258540042E0,3.894817457E-2,1.287041903E-1,-2.791738510E-2,1.373357538E-1
5.268557042E0,2.914870158E-2,1.015599146E-1,-3.590974212E-2,1.115955763E-1
5.278574042E0,2.622268721E-2,7.400579005E-2,-4.338789731E-2,8.970504958E-2
5.288590042E0,2.228889614E-2,5.198792368E-2,-5.107294396E-2,7.621013518E-2
5.298607042E0,1.509090420E-2,3.447817266E-2,-5.621471256E-2,6.765037833E-2
5.308623042E0,1.057637017E-2,1.331773866E-2,-6.169644743E-2,6.399744835E-2
5.318640042E0,4.468409345E-3,-1.353012025E-2,-6.745979935E-2,6.894820784E-2
5.328656042E0,-5.134074949E-3,-3.766444325E-2,-6.663556397E-2,7.671549646E-2
5.338673042E0,-1.165961940E-2,-6.322253495E-2,-7.245457172E-2,9.686434129E-2
5.348690042E0,-1.574187353E-2,-8.405270427E-2,-7.342108339E-2,1.127090021E-1
5.358706042E0,-2.275530808E-2,-1.038245410E-1,-7.231693715E-2,1.285576865E-1
5.368723042E0,-3.035242110E-2,-1.238622144E-1,-7.255043089E-2,1.467197418E-1
5.378739042E0,-3.851447999E-2,-1.456700414E-1,-7.216054201E-2,1.670636704E-1
5.388756042E0,-5.108472332E-2,-1.650028080E-1,-6.919147819E-2,1.860726639E-1
5.398772042E0,-5.514231324E-2,-1.883787066E-1,-6.406355649E-2,2.064736087E-1
5.408789042E0,-6.314305961E-2,-2.077367306E-1,-5.732042715E-2,2.245600734E-1
5.418806042E0,-7.144759595E-2,-2.229377925E-1,-5.054667965E-2,2.395015347E-1
5.428822042E0,-7.712624222E-2,-2.381109893E-1,-4.081194848E-2,2.535959692E-1
5.438839042E0,-8.668192476E-2,-2.580029368E-1,-3.166079521E-2,2.740103601E-1
5.448855042E0,-9.613854438E-2,-2.757191062E-1,-2.075861394E-2,2.927363409E-1
5.458872042E0,-1.004856229E-1,-2.898341119E-1,-8.757345378E-3,3.068841214E-1
5.468889042E0,-1.075212508E-1,-3.032068610E-1,3.433210310E-3,3.217250486E-1
5.478905042E0,-1.148143187E-1,-3.157032132E-1,1.689761877E-2,3.363575124E-1
5.488922042E0,-1.194976643E-1,-3.288097382E-1,2.857990563E-2,3.510161630E-1
5.498938042E0,-1.260858029E-1,-3.401284516E-1,4.390293732E-2,3.653935702E-1
5.508955042E0,-1.304797083E-1,-3.515985310E-1,5.769041553E-2,3.794399364E-1
5.518972042E0,-1.319053024E-1,-3.645529449E-1,7.368163019E-2,3.946224031E-1
5.528988042E0,-1.322999150E-1,-3.738508821E-1,8.946123719E-2,4.065354381E-1
5.539005042E0,-1.339894235E-1,-3.833674192E-1,1.010057777E-1,4.184804785E-1
5.549021042E0,-1.317335665E-1,-3.881889284E-1,1.160580888E-1,4.260444304E-1
5.559038042E0,-1.305780262E-1,-3.973299563E-1,1.293043792E-1,4.377685891E-1
5.569054042E0,-1.323605478E-1,-4.001893401E-1,1.371955425E-1,4.432758051E-1
5.579071042E0,-1.272677928E-1,-4.077242017E-1,1.520354748E-1,4.533772175E-1
5.589088042E0,-1.248913035E-1,-4.144190550E-1,1.596459597E-1,4.613326601E-1
5.599104042E0,-1.204984188E-1,-4.155974984E-1,1.696024537E-1,4.647646092E-1
5.609121042E0,-1.144777685E-1,-4.203588068E-1,1.747993827E-1,4.694267889E-1
5.619137042E0,-1.098084524E-1,-4.208482802E-1,1.817720681E-1,4.713939498E-1
5.629154042E0,-1.009097695E-1,-4.234700799E-1,1.847195923E-1,4.728964136E-1
5.639170042E0,-9.682314843E-2,-4.226045609E-1,1.850972176E-1,4.714131064E-1
5.649187042E0,-9.251964837E-2,-4.203253984E-1,1.856985092E-1,4.687400796E-1
5.659204042E0,-8.458023518E-2,-4.169580936E-1,1.842641234E-1,4.636390139E-1
5.669220042E0,-7.789209485E-2,-4.145283103E-1,1.806367934E-1,4.588360814E-1
5.679237042E0,-7.219666243E-2,-4.096155763E-1,1.763776094E-1,4.517812961E-1
5.689253042E0,-6.624316424E-2,-4.013800323E-1,1.672251225E-1,4.398389804E-1
5.699270042E0,-5.976422131E-2,-3.966353536E-1,1.599752009E-1,4.318372735E-1
5.709287042E0,-5.671981350E-2,-3.846701980E-1,1.501462609E-1,4.168119457E-1
5.719303042E0,-5.208644643E-2,-3.791393638E-1,1.385524571E-1,4.070091380E-1
5.729320042E0,-4.735004902E-2,-3.641602993E-1,1.286942661E-1,3.891233286E-1
5.739336042E0,-4.469833896E-2,-3.524860740E-1,1.137251705E-1,3.730653941E-1
5.749353042E0,-4.274824262E-2,-3.392890096E-1,1.010422260E-1,3.565865613E-1
5.759369042E0,-4.057190567E-2,-3.238576055E-1,8.476977795E-2,3.372176499E-1
5.769386042E0,-4.077788815E-2,-3.082348108E-1,7.177086920E-2,3.190965253E-1
5.779403042E0,-3.957733512E-2,-2.889117002E-1,5.678046867E-2,2.970864481E-1
5.789419042E0,-4.028799012E-2,-2.700957656E-1,3.899179399E-2,2.758535929E-1
5.799436042E0,-3.571081534E-2,-2.488876879E-1,2.167485282E-2,2.523690607E-1
5.809452042E0,-3.557074443E-2,-2.295413166E-1,5.165843293E-3,2.323385027E-1
5.819469042E0,-3.950050473E-2,-2.084711939E-1,-1.215322688E-2,2.125281852E-1
5.829486042E0,-3.732744232E-2,-1.870958954E-1,-2.640139312E-2,1.926012606E-1
5.839502042E0,-3.925050795E-2,-1.601923853E-1,-4.124186188E-2,1.700090993E-1
5.849519042E0,-3.937038779E-2,-1.382084340E-1,-5.440635979E-2,1.536608299E-1
5.859535042E0,-3.654823452E-2,-1.122894809E-1,-6.773708016E-2,1.361360092E-1
5.869552042E0,-3.817345202E-2,-8.857861161E-2,-8.254989237E-2,1.269561641E-1
5.879569042E0,-3.802670911E-2,-6.420642138E-2,-9.654933214E-2,1.220256886E-1
5.889585042E0,-3.830031678E-2,-3.845803067E-2,-1.063600257E-1,1.194084983E-1
5.899602042E0,-3.368878737E-2,-1.411993429E-2,-1.167745814E-1,1.223544433E-1
5.909618042E0,-3.281311691E-2,1.512137521E-2,-1.265019029E-1,1.315602070E-1
5.919635042E0,-2.901837789E-2,3.947438672E-2,-1.357377321E-1,1.443087848E-1
5.929651042E0,-2.518186346E-2,6.068122759E-2,-1.393606663E-1,1.540705453E-1
5.939668042E0,-2.028218098E-2,8.437351137E-2,-1.454521120E-1,1.693711108E-1
5.949685042E0,-1.675107144E-2,1.105806157E-1,-1.518544704E-1,1.885959998E-1
5.959701042E0,-1.155311242E-2,1.317314506E-1,-1.524619311E-1,2.018199443E-1
5.969718042E0,-6.306941155E-3,1.528733820E-1,-1.540525705E-1,2.171226448E-1
5.979734042E0,1.722755609E-3,1.748964041E-1,-1.582965851E-1,2.359015238E-1
5.989751042E0,7.488690317E-3,1.959771365E-1,-1.535713226E-1,2.490928936E-1
5.999767042E0,1.792721637E-2,2.142160684E-1,-1.526043266E-1,2.636247134E-1
6.009784042E0,2.443616465E-2,2.334515899E-1,-1.499156505E-1,2.785165583E-1
6.019801042E0,3.289462626E-2,2.503061891E-1,-1.445653588E-1,2.909198991E-1
6.029817042E0,4.270619527E-2,2.674044669E-1,-1.404759288E-1,3.050613948E-1
6.039834042E0,4.811614007E-2,2.849962413E-1,-1.337085664E-1,3.184587905E-1
6.049850042E0,5.894556642E-2,2.952260077E-1,-1.240368783E-1,3.256042423E-1
6.059867042E0,6.752254069E-2,3.112925887E-1,-1.173560694E-1,3.394625404E-1
6.069884042E0,7.489997894E-2,3.253018558E-1,-1.091373935E-1,3.512011886E-1
6.079900042E0,8.256455511E-2,3.371627629E-1,-1.005809233E-1,3.614030389E-1
6.089917042E0,8.982904255E-2,3.459401131E-1,-9.116831422E-2,3.688569916E-1
6.099933042E0,9.529171884E-2,3.594883978E-1,-8.155297488E-2,3.807404727E-1
6.109950042E0,1.022076458E-1,3.629609644E-1,-7.092105597E-2,3.836884944E-1
6.119966042E0,1.082820520E-1,3.743840456E-1,-5.801617354E-2,3.940232135E-1
6.129983042E0,1.168415621E-1,3.830559850E-1,-4.859122634E-2,4.034165906E-1
6.140000042E0,1.176141500E-1,3.874195814E-1,-3.625173867E-2,4.064987194E-1
6.150016042E0,1.195265278E-1,3.946693838E-1,-2.824470401E-2,4.133379690E-1
6.160033042E0,1.276174784E-1,3.968891203E-1,-1.679471135E-2,4.172400472E-1
6.170049042E0,1.260291338E-1,4.020751417E-1,-5.304193124E-3,4.213975517E-1
6.180066042E0,1.271950603E-1,4.053936899E-1,3.398217959E-3,4.248931337E-1
6.190083042E0,1.322308928E-1,4.077455699E-1,1.058299839E-2,4.287813646E-1
6.200099042E0,1.315704286E-1,4.089051187E-1,1.912109368E-2,4.299764994E-1
6.210116042E0,1.293874979E-1,4.093858600E-1,2.755451575E-2,4.302291927E-1
6.220132042E0,1.301001608E-1,4.117166698E-1,3.467740491E-2,4.331733954E-1
6.230149042E0,1.264636219E-1,4.053739011E-1,3.852613270E-2,4.263863392E-1
6.240165042E0,1.239522472E-1,4.057294428E-1,4.475419968E-2,4.265952165E-1
6.250182042E0,1.202629879E-1,4.013479054E-1,4.877591506E-2,4.218085079E-1
6.260199042E0,1.203990728E-1,3.995505571E-1,5.143800750E-2,4.204550547E-1
6.270215042E0,1.158153713E-1,3.929432034E-1,5.241608992E-2,4.129951669E-1
6.280232042E0,1.130547374E-1,3.880235553E-1,5.222966895E-2,4.075188234E-1
6.290248042E0,1.084101349E-1,3.772081733E-1,5.393931642E-2,3.961669007E-1
6.300265042E0,1.066532508E-1,3.674340844E-1,5.249588192E-2,3.861845930E-1
6.310282042E0,9.845117480E-2,3.592970073E-1,4.925429448E-2,3.757831274E-1
6.320298042E0,9.281726182E-2,3.465343416E-1,4.602334648E-2,3.616894281E-1
6.330315042E0,9.120309353E-2,3.328070343E-1,4.362235591E-2,3.478238581E-1
6.340331042E0,8.404531330E-2,3.199961483E-1,3.776260465E-2,3.329972432E-1
6.350348042E0,7.815962285E-2,3.085653186E-1,3.198546171E-2,3.199133511E-1
6.360364042E0,7.464771718E-2,2.922223210E-1,2.743545175E-2,3.028512351E-1
6.370381042E0,7.265677303E-2,2.754288018E-1,2.023136429E-2,2.855684500E-1
6.380398042E0,6.481323391E-2,2.613460124E-1,1.186877303E-2,2.695243240E-1
6.390414042E0,6.316255033E-2,2.391520441E-1,4.361744504E-3,2.473908502E-1
6.400431042E0,5.484762788E-2,2.185993791E-1,-9.291572496E-4,2.253770488E-1
6.410447042E0,5.135955289E-2,1.976680160E-1,-8.590172976E-3,2.044119353E-1
6.420464042E0,4.629954323E-2,1.772940457E-1,-1.736661978E-2,1.840609296E-1
6.430481042E0,4.428455606E-2,1.560352147E-1,-2.465119585E-2,1.640603291E-1
6.440497042E0,3.848898411E-2,1.360796243E-1,-3.032825701E-2,1.446335688E-1
6.450514042E0,3.063084558E-2,1.093673483E-1,-3.930673003E-2,1.201852095E-1
6.460530042E0,2.587896772E-2,8.254985511E-2,-4.751912132E-2,9.870292012E-2
6.470547042E0,2.332779020E-2,6.030394882E-2,-5.190764740E-2,8.291655985E-2
6.480564042E0,1.562672667E-2,4.014968127E-2,-6.035359576E-2,7.415354350E-2
6.490580042E0,1.276395470E-2,2.021999657E-2,-6.285660714E-2,6.725116997E-2
6.500597042E0,6.729498506E-3,-3.780943342E-3,-6.778052449E-2,6.821862783E-2
6.510613042E0,-1.377003151E-3,-2.302069589E-2,-6.989662349E-2,7.360289772E-2
6.520630042E0,-1.043707691E-2,-4.904324189E-2,-7.216963172E-2,8.787848367E-2
6.530646042E0,-1.667348668E-2,-7.279752195E-2,-7.490555197E-2,1.057748840E-1
6.540663042E0,-1.985303499E-2,-9.242208302E-2,-7.331511378E-2,1.196289695E-1
6.550680042E0,-3.359950334E-2,-1.117110625E-1,-7.246312499E-2,1.373287755E-1
6.560696042E0,-3.926191479E-2,-1.295947134E-1,-7.061302662E-2,1.527170168E-1
6.570713042E0,-4.445269331E-2,-1.521108449E-1,-6.701624393E-2,1.720608265E-1
6.580729042E0,-5.439027771E-2,-1.733508855E-1,-5.847894400E-2,1.908628269E-1
6.590746042E0,-6.254673749E-2,-1.928975284E-1,-5.419357866E-2,2.099011548E-1
6.600763042E0,-7.079108059E-2,-2.073331922E-1,-4.754047096E-2,2.241841343E-1
6.610779042E0,-7.754429430E-2,-2.252421826E-1,-3.684845194E-2,2.410497186E-1
6.620796042E0,-8.638571948E-2,-2.421740294E-1,-2.839318290E-2,2.586830606E-1
6.630812042E0,-9.279529750E-2,-2.609545290E-1,-1.640440896E-2,2.774479016E-1
6.640829042E0,-9.893121570E-2,-2.772628963E-1,-4.843894858E-3,2.944241200E-1
6.650845042E0,-1.059462726E-1,-2.906911969E-1,7.859842852E-3,3.094959802E-1
6.660862042E0,-1.137514636E-1,-3.033513427E-1,1.969200000E-2,3.245754264E-1
6.670879042E0,-1.141396090E-1,-3.140091300E-1,3.549750149E-2,3.359905604E-1
6.680895042E0,-1.234899610E-1,-3.285588026E-1,4.807427898E-2,3.542764366E-1
6.690912583E0,-1.256610155E-1,-3.408270776E-1,6.171502918E-2,3.684596755E-1
6.700928583E0,-1.263361275E-1,-3.550366461E-1,7.668599486E-2,3.845680421E-1
6.710945583E0,-1.286423206E-1,-3.629317880E-1,8.950152993E-2,3.953212026E-1
6.720962583E0,-1.320418417E-1,-3.712064922E-1,1.042511761E-1,4.075507521E-1
6.730978583E0,-1.292314678E-1,-3.801145852E-1,1.198237166E-1,4.189816144E-1
6.740995583E0,-1.320264488E-1,-3.832813501E-1,1.294334680E-1,4.255450613E-1
6.751011583E0,-1.254940629E-1,-3.934680521E-1,1.416548491E-1,4.366142052E-1
6.761028583E0,-1.227454245E-1,-3.980843723E-1,1.502547264E-1,4.428477046E-1
6.771044583E0,-1.202670336E-1,-4.045116603E-1,1.611745954E-1,4.517422859E-1
6.781061583E0,-1.137731820E-1,-4.086773992E-1,1.686647236E-1,4.565187209E-1
6.791078583E0,-1.106465831E-1,-4.130459130E-1,1.744507402E-1,4.618253494E-1
6.801094583E0,-1.065003127E-1,-4.141745567E-1,1.794449687E-1,4.637708236E-1
6.811111583E0,-9.988363832E-2,-4.150803089E-1,1.827974617E-1,4.644171789E-1
6.821127583E0,-9.082755446E-2,-4.143223763E-1,1.874326915E-1,4.637280345E-1
6.831144583E0,-8.724695444E-2,-4.133826494E-1,1.834828109E-1,4.606117538E-1
6.841161583E0,-8.104871213E-2,-4.093077183E-1,1.824838668E-1,4.554141671E-1
6.851177583E0,-7.311255485E-2,-4.101209044E-1,1.783286184E-1,4.531508558E-1
6.861194583E0,-6.666851044E-2,-4.036289155E-1,1.752396077E-1,4.450504599E-1
6.871210583E0,-6.382264197E-2,-3.959407508E-1,1.631398797E-1,4.329630794E-1
6.881227583E0,-5.931817368E-2,-3.910530508E-1,1.580822766E-1,4.259473446E-1
6.891244583E0,-5.126046017E-2,-3.837594986E-1,1.475200206E-1,4.143200985E-1
6.901260583E0,-5.036563799E-2,-3.726061583E-1,1.374338269E-1,4.003249973E-1
6.911277583E0,-4.585759714E-2,-3.632864058E-1,1.226923764E-1,3.861778749E-1
6.921293583E0,-4.462907836E-2,-3.499660790E-1,1.111286655E-1,3.698886202E-1
6.931310583E0,-4.069503024E-2,-3.384410143E-1,9.586924314E-2,3.541035405E-1
6.941326583E0,-3.869339824E-2,-3.208311200E-1,7.995632291E-2,3.329005861E-1
6.951343583E0,-3.727804124E-2,-3.058843017E-1,6.642717868E-2,3.152259958E-1
6.961360583E0,-3.803437948E-2,-2.869215310E-1,5.048549548E-2,2.938015728E-1
6.971376583E0,-3.852413595E-2,-2.714485824E-1,3.270063922E-2,2.761118863E-1
6.981393583E0,-3.672090918E-2,-2.522338629E-1,1.747641154E-2,2.554912361E-1
6.991409583E0,-3.575844318E-2,-2.320154309E-1,1.449774252E-3,2.347592986E-1
7.001426583E0,-3.496215865E-2,-2.097964138E-1,-1.522347890E-2,2.132337733E-1
7.011443583E0,-3.834047168E-2,-1.883149296E-1,-3.023931757E-2,1.945428508E-1
7.021459583E0,-3.770956770E-2,-1.672016531E-1,-4.626089334E-2,1.775344320E-1
7.031476583E0,-4.005775601E-2,-1.436740011E-1,-5.909039825E-2,1.604322835E-1
7.041492583E0,-3.836957738E-2,-1.205484420E-1,-7.327333093E-2,1.461955279E-1
7.051509583E0,-4.024311900E-2,-9.590557963E-2,-8.529277891E-2,1.345074235E-1
7.061526583E0,-3.840234131E-2,-6.944547594E-2,-1.000288501E-1,1.276839254E-1
7.071542583E0,-3.635883704E-2,-4.381933063E-2,-1.090914011E-1,1.230570297E-1
7.081559583E0,-3.394494578E-2,-2.242083289E-2,-1.197778732E-1,1.264977944E-1
7.091575583E0,-3.217453882E-2,3.593579866E-3,-1.268769801E-1,1.309422882E-1
7.101592583E0,-2.982829697E-2,2.771995589E-2,-1.346102655E-1,1.406344440E-1
7.111608583E0,-2.515904047E-2,4.992790893E-2,-1.407469064E-1,1.514445941E-1
7.121625583E0,-1.938157901E-2,7.293763012E-2,-1.472791135E-1,1.654892165E-1
7.131642583E0,-1.622330211E-2,9.692276269E-2,-1.491076648E-1,1.785785910E-1
7.141658583E0,-1.222430076E-2,1.188549548E-1,-1.525628567E-1,1.937817304E-1
7.151675583E0,-4.909611307E-3,1.426599175E-1,-1.543648988E-1,2.102486107E-1
7.161691583E0,8.449473535E-4,1.633420289E-1,-1.527582258E-1,2.236434839E-1
7.171708583E0,6.419349927E-3,1.849913299E-1,-1.528446078E-1,2.400509828E-1
7.181725583E0,1.669036224E-2,1.999755949E-1,-1.498320401E-1,2.504365129E-1
7.191741583E0,2.254879475E-2,2.194514573E-1,-1.485933214E-1,2.659837691E-1
7.201758583E0,3.263391927E-2,2.377937138E-1,-1.411111802E-1,2.784298622E-1
7.211774583E0,3.849055991E-2,2.552053928E-1,-1.386748552E-1,2.929881076E-1
7.221791583E0,4.980340227E-2,2.709172666E-1,-1.299284995E-1,3.045619136E-1
7.231808583E0,5.372506008E-2,2.858622074E-1,-1.206886843E-1,3.149116419E-1
7.241824583E0,6.324506551E-2,2.993274033E-1,-1.143969670E-1,3.266244001E-1
7.251841583E0,7.299401611E-2,3.105880320E-1,-1.053810865E-1,3.360033116E-1
7.261857583E0,8.146553487E-2,3.226079345E-1,-9.697082639E-2,3.465773419E-1
7.271874583E0,8.962862194E-2,3.336337805E-1,-8.609123528E-2,3.560287771E-1
7.281890583E0,9.181641042E-2,3.477083147E-1,-7.752890885E-2,3.678886476E-1
7.291907583E0,1.005734801E-1,3.576101065E-1,-6.452477723E-2,3.770457002E-1
7.301924583E0,1.030560806E-1,3.642690778E-1,-5.547402799E-2,3.826093106E-1
7.311940583E0,1.096882895E-1,3.720089197E-1,-4.361320287E-2,3.902874180E-1
7.321957583E0,1.162721589E-1,3.794005215E-1,-3.283379227E-2,3.981733650E-1
7.331973583E0,1.177554578E-1,3.834940195E-1,-2.358861640E-2,4.018587235E-1
7.341990583E0,1.217033342E-1,3.886200786E-1,-1.353411842E-2,4.074560582E-1
7.352007583E0,1.229475811E-1,3.926140964E-1,-2.448560670E-3,4.114218417E-1
7.362023583E0,1.251108646E-1,3.985233903E-1,4.173389170E-3,4.177212447E-1
7.372040583E0,1.264829487E-1,4.008462727E-1,1.265703887E-2,4.205185742E-1
7.382056583E0,1.280262470E-1,4.027562737E-1,2.031868696E-2,4.231030430E-1
7.392073583E0,1.252843887E-1,4.015815854E-1,2.909682505E-2,4.216759099E-1
7.402090583E0,1.234119162E-1,4.032886624E-1,3.508414328E-2,4.232057932E-1
7.412106583E0,1.218691990E-1,3.993844986E-1,4.048354551E-2,4.195223437E-1
7.422123583E0,1.231983826E-1,4.001520276E-1,4.198210686E-2,4.207873382E-1
7.432139583E0,1.182632819E-1,3.954659402E-1,4.618430883E-2,4.153462461E-1
7.442156583E0,1.168645918E-1,3.921393752E-1,4.814732447E-2,4.120058098E-1
7.452173583E0,1.105823293E-1,3.895807862E-1,5.020371825E-2,4.080711383E-1
7.462189583E0,1.065745428E-1,3.799934089E-1,5.322694033E-2,3.982288678E-1
7.472206583E0,1.022352427E-1,3.745461702E-1,4.972392321E-2,3.914196559E-1
7.482222583E0,9.674886614E-2,3.645880818E-1,4.710070789E-2,3.801358825E-1
7.492239583E0,9.812422097E-2,3.560875356E-1,4.596295208E-2,3.722086629E-1
7.502255583E0,9.001915902E-2,3.490357697E-1,4.101453722E-2,3.627831443E-1
7.512272583E0,8.440552652E-2,3.343834281E-1,3.815539926E-2,3.469760862E-1
7.522289583E0,8.516745269E-2,3.196098208E-1,3.407889977E-2,3.325136147E-1
7.532305583E0,7.863251120E-2,3.044670820E-1,2.817513235E-2,3.157168256E-1
7.542322583E0,7.019507885E-2,2.921454310E-1,2.095077559E-2,3.011897026E-1
7.552338583E0,6.850110739E-2,2.736108303E-1,1.614502259E-2,2.825171675E-1
7.562355583E0,6.692051888E-2,2.564262450E-1,8.669262752E-3,2.651564276E-1
7.572372583E0,6.179856136E-2,2.379746735E-1,1.992856618E-3,2.458759421E-1
7.582388583E0,5.272410437E-2,2.220937014E-1,-6.911688484E-3,2.283707836E-1
7.592405583E0,4.901662096E-2,2.029241472E-1,-1.307411492E-2,2.091692404E-1
7.602421583E0,4.687463865E-2,1.811035424E-1,-2.066119574E-2,1.882089526E-1
7.612438583E0,4.209096357E-2,1.590355039E-1,-2.835421823E-2,1.669368216E-1
7.622455583E0,3.616835922E-2,1.377547085E-1,-3.740337491E-2,1.472532593E-1
7.632471583E0,3.031926043E-2,1.148012057E-1,-4.198773950E-2,1.259426244E-1
7.642488583E0,2.593995817E-2,9.173876047E-2,-4.930344224E-2,1.073299167E-1
7.652504583E0,1.800052263E-2,7.236659527E-2,-5.472791940E-2,9.249912479E-2
7.662521583E0,1.593310945E-2,5.073799938E-2,-6.048008054E-2,8.053600872E-2
7.672538583E0,8.367718197E-3,2.599528059E-2,-6.381406635E-2,6.941187496E-2
7.682554583E0,1.374523737E-3,2.714458853E-3,-7.115160674E-2,7.121663249E-2
7.692571542E0,1.690651290E-3,-1.892275736E-2,-6.907773018E-2,7.164259804E-2
7.702587542E0,-8.730031550E-3,-3.579015285E-2,-7.399871945E-2,8.266171407E-2
7.712604542E0,-1.399229839E-2,-5.918397754E-2,-7.320865989E-2,9.517371220E-2
7.722621542E0,-2.248671651E-2,-8.233457059E-2,-7.253327966E-2,1.120076363E-1
7.732637542E0,-2.870404720E-2,-1.022731736E-1,-7.352977246E-2,1.291911445E-1
7.742654542E0,-3.717369959E-2,-1.225885674E-1,-6.797602028E-2,1.450192406E-1
7.752670542E0,-4.339580238E-2,-1.423657238E-1,-6.418718398E-2,1.620838967E-1
7.762687542E0,-5.228756368E-2,-1.571542621E-1,-5.797136948E-2,1.754768676E-1
7.772703542E0,-5.878461152E-2,-1.785104126E-1,-5.303839594E-2,1.952810011E-1
7.782720542E0,-6.843590736E-2,-1.965575963E-1,-4.503399879E-2,2.129469961E-1
7.792737542E0,-7.687582076E-2,-2.161916792E-1,-3.586959094E-2,2.322398793E-1
7.802753542E0,-8.260507882E-2,-2.322076708E-1,-2.619273216E-2,2.478508839E-1
7.812770542E0,-8.896264434E-2,-2.490394264E-1,-1.254801359E-2,2.647497699E-1
7.822786542E0,-9.624985605E-2,-2.603125870E-1,-4.058388993E-3,2.775664754E-1
7.832803542E0,-1.001523957E-1,-2.763221860E-1,9.954734705E-3,2.940808555E-1
7.842820542E0,-1.107267439E-1,-2.930601537E-1,2.211153321E-2,3.140598437E-1
7.852836542E0,-1.149454415E-1,-3.062139750E-1,3.678303957E-2,3.291389448E-1
7.862853542E0,-1.177912951E-1,-3.178852797E-1,4.895075411E-2,3.425230161E-1
7.872869542E0,-1.187235638E-1,-3.276917338E-1,6.622921675E-2,3.547724146E-1
7.882886542E0,-1.245710701E-1,-3.412978053E-1,7.912370563E-2,3.718369323E-1
7.892903542E0,-1.240048409E-1,-3.513357639E-1,9.025920928E-2,3.833545936E-1
7.902919542E0,-1.290107816E-1,-3.582032323E-1,1.090299711E-1,3.960314028E-1
7.912936542E0,-1.268658191E-1,-3.680000603E-1,1.216203719E-1,4.078118381E-1
7.922952542E0,-1.252269149E-1,-3.754020631E-1,1.303169131E-1,4.166425171E-1
7.932969542E0,-1.211038306E-1,-3.855004013E-1,1.440297216E-1,4.289769899E-1
7.942986542E0,-1.176315993E-1,-3.893595934E-1,1.545116603E-1,4.350999188E-1
7.953002542E0,-1.130805314E-1,-3.950969875E-1,1.636670083E-1,4.423524903E-1
7.963019542E0,-1.099276170E-1,-4.002043903E-1,1.718338579E-1,4.491931764E-1
7.973035542E0,-1.074689627E-1,-4.033868015E-1,1.768524647E-1,4.533732279E-1
7.983052542E0,-9.866135567E-2,-4.045580626E-1,1.812631786E-1,4.541559523E-1
7.993069542E0,-9.615380317E-2,-4.079539180E-1,1.859892458E-1,4.585454750E-1
8.003085542E0,-9.015503526E-2,-4.078676403E-1,1.830057055E-1,4.560427947E-1
8.013102542E0,-8.502959460E-2,-4.077703655E-1,1.824546307E-1,4.547487165E-1
8.023118542E0,-7.764225453E-2,-4.036999941E-1,1.820272058E-1,4.495952720E-1
8.033135542E0,-7.317525148E-2,-4.003474116E-1,1.774436980E-1,4.439807804E-1
8.043152542E0,-6.601747125E-2,-3.981833160E-1,1.739235222E-1,4.394970435E-1
8.053168542E0,-5.855086073E-2,-3.904495835E-1,1.648545265E-1,4.278505527E-1
8.063185542E0,-5.573643371E-2,-3.848167658E-1,1.580538899E-1,4.197279183E-1
8.073201542E0,-5.302617699E-2,-3.778383434E-1,1.459452510E-1,4.085016591E-1
8.083218542E0,-4.772142321E-2,-3.692483306E-1,1.351879388E-1,3.961028183E-1
8.093235542E0,-4.613531008E-2,-3.584405482E-1,1.215049773E-1,3.812762161E-1
8.103251542E0,-4.532517493E-2,-3.482270837E-1,1.074490771E-1,3.672353162E-1
8.113268542E0,-3.929361701E-2,-3.375361562E-1,9.406823665E-2,3.525953463E-1
8.123284542E0,-3.490233049E-2,-3.207036555E-1,8.138759434E-2,3.327054971E-1
8.133301542E0,-3.746014833E-2,-3.033756614E-1,6.341657788E-2,3.121885920E-1
8.143318542E0,-3.492535278E-2,-2.858187556E-1,4.423276335E-2,2.913222935E-1
8.153334542E0,-3.299536929E-2,-2.742483020E-1,3.190251812E-2,2.780622164E-1
8.163351542E0,-3.588862717E-2,-2.502468228E-1,1.335732825E-2,2.531597996E-1
8.173367542E0,-3.808956221E-2,-2.337606400E-1,-1.008433755E-3,2.368456639E-1
8.183384542E0,-3.614172339E-2,-2.138473839E-1,-1.782682911E-2,2.176114050E-1
8.193401542E0,-3.593852744E-2,-1.928491592E-1,-3.389607742E-2,1.990761664E-1
8.203417542E0,-3.951248899E-2,-1.685629934E-1,-4.756847769E-2,1.795479869E-1
8.213434542E0,-3.856282309E-2,-1.484492570E-1,-6.137711927E-2,1.652011622E-1
8.223450542E0,-3.609034419E-2,-1.256906837E-1,-7.697205245E-2,1.517410880E-1
8.233467542E0,-3.739801049E-2,-1.037842929E-1,-8.833108097E-2,1.413229299E-1
8.243484542E0,-3.672236577E-2,-7.698570937E-2,-1.022551507E-1,1.331594812E-1
8.253500542E0,-3.407133743E-2,-5.506644398E-2,-1.118936464E-1,1.292801508E-1
8.263517542E0,-3.400742263E-2,-3.302345797E-2,-1.212799624E-1,1.302147566E-1
8.273533542E0,-2.933432162E-2,-6.203259341E-3,-1.302871853E-1,1.336926831E-1
8.283550542E0,-3.067735396E-2,1.851993054E-2,-1.352838129E-1,1.399492690E-1
8.293567542E0,-2.675327286E-2,3.864070028E-2,-1.406983584E-1,1.483403835E-1
8.303583542E0,-2.025915310E-2,6.139501184E-2,-1.499283314E-1,1.632736516E-1
8.313600542E0,-1.733581163E-2,8.641444892E-2,-1.510938108E-1,1.749209164E-1
8.323616542E0,-1.312482171E-2,1.067703217E-1,-1.524440348E-1,1.865779899E-1
8.333633542E0,-5.893273745E-3,1.273951679E-1,-1.532059610E-1,1.993397250E-1
8.343650542E0,2.865913848E-4,1.503883600E-1,-1.525199264E-1,2.141939983E-1
8.353666542E0,6.149007939E-3,1.706848443E-1,-1.497121602E-1,2.271230003E-1
8.363683542E0,1.595849544E-2,1.900888979E-1,-1.490287930E-1,2.420703283E-1
8.373699542E0,2.289062738E-2,2.071565241E-1,-1.440630555E-1,2.533613432E-1
8.383716542E0,2.798072807E-2,2.258015871E-1,-1.428132355E-1,2.686352511E-1
8.393732542E0,3.926288337E-2,2.451761514E-1,-1.338225752E-1,2.820663058E-1
8.403749542E0,4.308132082E-2,2.575193644E-1,-1.297130585E-1,2.915436516E-1
8.413766542E0,5.508469790E-2,2.725233436E-1,-1.170528010E-1,3.016697780E-1
8.423782542E0,6.427260488E-2,2.861025333E-1,-1.118870676E-1,3.138540158E-1
8.433799542E0,6.891643256E-2,2.983632684E-1,-1.022698730E-1,3.228455382E-1
8.443816542E0,7.509550452E-2,3.095224202E-1,-9.426094592E-2,3.321574767E-1
8.453832542E0,8.346515894E-2,3.240109980E-1,-8.376873285E-2,3.449155842E-1
8.463849542E0,9.162082523E-2,3.349544704E-1,-7.550707459E-2,3.553733124E-1
8.473865542E0,9.644240141E-2,3.452701569E-1,-6.093370542E-2,3.636282916E-1
8.483882542E0,1.022739261E-1,3.506918550E-1,-5.125125125E-2,3.688786031E-1
8.493898542E0,1.072641686E-1,3.607579470E-1,-4.136312380E-2,3.786328118E-1
8.503915542E0,1.138743982E-1,3.692601025E-1,-3.148146346E-2,3.877002507E-1
8.513932542E0,1.166481152E-1,3.742195070E-1,-1.985487901E-2,3.924808765E-1
8.523948542E0,1.158856526E-1,3.823096752E-1,-1.044140384E-2,3.996238171E-1
8.533965542E0,1.194653064E-1,3.837268353E-1,2.787590493E-4,4.018934202E-1
8.543982542E0,1.230384707E-1,3.887420893E-1,6.765154190E-3,4.078046647E-1
8.553998542E0,1.224524379E-1,3.922389150E-1,1.605862379E-2,4.112223794E-1
8.564015542E0,1.222961098E-1,3.951947689E-1,2.237297967E-2,4.142895051E-1
8.574031542E0,1.234885082E-1,3.951332271E-1,3.210092336E-2,4.152230101E-1
8.584048542E0,1.203513071E-1,3.953811824E-1,3.488179669E-2,4.147619272E-1
8.594065542E0,1.202096120E-1,3.962770104E-1,4.215953127E-2,4.162490191E-1
8.604081542E0,1.147384122E-1,3.952735364E-1,4.469219595E-2,4.140090147E-1
8.614098542E0,1.132006869E-1,3.892085552E-1,4.879338667E-2,4.082627702E-1
8.624114542E0,1.110786796E-1,3.849456310E-1,4.926529899E-2,4.036690248E-1
8.634131542E0,1.048952714E-1,3.820457458E-1,5.050467327E-2,3.993904004E-1
8.644148542E0,1.030869856E-1,3.758179545E-1,5.068150535E-2,3.929817764E-1
8.654164542E0,1.003697738E-1,3.709903359E-1,5.181582272E-2,3.878051061E-1
8.664181542E0,9.797053039E-2,3.593643308E-1,4.959927499E-2,3.757672619E-1
8.674197542E0,9.181082249E-2,3.550244272E-1,4.476501793E-2,3.694258760E-1
8.684214542E0,8.823898435E-2,3.415403068E-1,4.449657351E-2,3.555500592E-1
8.694231292E0,8.229517192E-2,3.307269812E-1,3.740100563E-2,3.428580852E-1
8.704247292E0,7.776220888E-2,3.185965717E-1,3.166295961E-2,3.294742473E-1
8.714264292E0,7.419741899E-2,3.064214885E-1,2.768101171E-2,3.164895322E-1
8.724280292E0,6.683298200E-2,2.903879285E-1,2.001456916E-2,2.986509325E-1
8.734297292E0,6.751565635E-2,2.746854126E-1,1.119546220E-2,2.830826348E-1
8.744314292E0,6.207801029E-2,2.607701421E-1,4.153265618E-3,2.680895298E-1
8.754330292E0,5.796583369E-2,2.423468232E-1,-3.158899024E-3,2.492027272E-1
8.764347292E0,5.465046316E-2,2.200044990E-1,-9.509472176E-3,2.268900235E-1
8.774363292E0,4.699201137E-2,2.009357363E-1,-1.578228176E-2,2.069601403E-1
8.784380292E0,4.720133543E-2,1.855786145E-1,-2.668100223E-2,1.933371772E-1
8.794397292E0,4.210919142E-2,1.655292213E-1,-3.201818094E-2,1.737764973E-1
8.804413292E0,3.714638948E-2,1.426830143E-1,-3.769310936E-2,1.521810347E-1
8.814430292E0,3.073658980E-2,1.217913032E-1,-4.555045068E-2,1.336140076E-1
8.824446292E0,2.579988725E-2,1.004577875E-1,-5.262753367E-2,1.163058836E-1
8.834463292E0,2.256218717E-2,7.559814304E-2,-5.910581350E-2,9.857803361E-2
8.844480292E0,1.388720702E-2,5.440416560E-2,-6.384491175E-2,8.502258823E-2
8.854496292E0,9.319725446E-3,3.714689612E-2,-6.900244206E-2,7.891822467E-2
8.864513292E0,4.547607154E-3,1.299415715E-2,-7.391490787E-2,7.518605228E-2
8.874529292E0,-2.739323536E-3,-9.207918309E-3,-7.411802560E-2,7.473801825E-2
8.884546292E0,-8.846751414E-3,-3.093478456E-2,-7.417022437E-2,8.084830295E-2
8.894563292E0,-1.442744676E-2,-5.030488968E-2,-7.797778398E-2,9.391095751E-2
8.904579292E0,-1.939956844E-2,-6.954409927E-2,-7.163599879E-2,1.017076267E-1
8.914596292E0,-2.493794262E-2,-8.986575902E-2,-7.172406465E-2,1.176524419E-1
8.924612292E0,-3.316337988E-2,-1.107854173E-1,-7.039141655E-2,1.353815717E-1
8.934629292E0,-4.138557613E-2,-1.311170161E-1,-6.581412256E-2,1.524333840E-1
8.944646292E0,-4.760485515E-2,-1.502619535E-1,-5.897033215E-2,1.682925339E-1
8.954662292E0,-5.861286074E-2,-1.692458689E-1,-5.258288234E-2,1.866670595E-1
8.964679292E0,-6.622017920E-2,-1.836655587E-1,-4.418167472E-2,2.001753480E-1
8.974695292E0,-7.201121747E-2,-2.050779015E-1,-3.585476801E-2,2.202910019E-1
8.984712292E0,-8.185160160E-2,-2.173694521E-1,-2.672172338E-2,2.338016550E-1
8.994729292E0,-8.824608475E-2,-2.337831408E-1,-1.336202957E-2,2.502408284E-1
9.004745292E0,-9.266933054E-2,-2.511136830E-1,-2.420431934E-3,2.676780624E-1
9.014762292E0,-1.012687832E-1,-2.671113014E-1,1.058995724E-2,2.858600374E-1
9.024778292E0,-1.054472849E-1,-2.803927660E-1,2.475744113E-2,3.005863670E-1
9.034795292E0,-1.108781248E-1,-2.942357063E-1,3.769054264E-2,3.166846798E-1
9.044812292E0,-1.155168191E-1,-3.071605563E-1,5.338375270E-2,3.324779209E-1
9.054828292E0,-1.164080352E-1,-3.183695972E-1,6.810533255E-2,3.457576715E-1
9.064845292E0,-1.190006211E-1,-3.311780691E-1,8.235830814E-2,3.614179744E-1
9.074862292E0,-1.226589307E-1,-3.399558365E-1,9.572070092E-2,3.738684751E-1
9.084878292E0,-1.220456064E-1,-3.510542810E-1,1.070633754E-1,3.867774613E-1
9.094895292E0,-1.213161498E-1,-3.559482098E-1,1.215747520E-1,3.952178596E-1
9.104911292E0,-1.211441159E-1,-3.664557040E-1,1.328281909E-1,4.081776673E-1
9.114928292E0,-1.179118007E-1,-3.747355640E-1,1.440557688E-1,4.184280108E-1
9.124945292E0,-1.162673011E-1,-3.808712363E-1,1.543523520E-1,4.270897242E-1
9.134961292E0,-1.100293398E-1,-3.835617006E-1,1.640004814E-1,4.314188124E-1
9.144978292E0,-1.086301133E-1,-3.920862079E-1,1.740424633E-1,4.425187849E-1
9.154994292E0,-1.020701751E-1,-3.941349983E-1,1.778467596E-1,4.442861549E-1
9.165011292E0,-9.688180685E-2,-3.971502185E-1,1.791346669E-1,4.463223156E-1
9.175028292E0,-9.411934018E-2,-3.996795118E-1,1.876651496E-1,4.514646949E-1
9.185044292E0,-8.584090322E-2,-4.017298520E-1,1.865559518E-1,4.511747530E-1
9.195061292E0,-7.877927274E-2,-3.977733850E-1,1.849558353E-1,4.456887935E-1
9.205077292E0,-7.480797172E-2,-3.976929486E-1,1.815861315E-1,4.435419226E-1
9.215094292E0,-6.840229034E-2,-3.951896429E-1,1.793116480E-1,4.393249302E-1
9.225111292E0,-6.255292147E-2,-3.905730546E-1,1.746165007E-1,4.323784237E-1
9.235127292E0,-5.835350975E-2,-3.864102960E-1,1.649477929E-1,4.241766416E-1
9.245144292E0,-5.528128520E-2,-3.815103471E-1,1.588672698E-1,4.169472087E-1
9.255160292E0,-4.647039995E-2,-3.744530380E-1,1.449688375E-1,4.042159566E-1
9.265177292E0,-4.229775816E-2,-3.641479313E-1,1.345028877E-1,3.904917964E-1
9.275194292E0,-4.209618643E-2,-3.543027043E-1,1.208227873E-1,3.766970150E-1
9.285210292E0,-3.877575696E-2,-3.432915807E-1,1.079562604E-1,3.619491993E-1
9.295227292E0,-3.711440414E-2,-3.312050700E-1,9.625031054E-2,3.468982555E-1
9.305243292E0,-3.782467172E-2,-3.174407780E-1,7.675544173E-2,3.287715790E-1
9.315260292E0,-3.523498029E-2,-3.018277586E-1,6.115727872E-2,3.099705025E-1
9.325277292E0,-2.914140001E-2,-2.884815931E-1,4.701615870E-2,2.937369060E-1
9.335293292E0,-3.411903977E-2,-2.700767517E-1,3.100841306E-2,2.739837265E-1
9.345310292E0,-3.325537592E-2,-2.511988878E-1,1.355805062E-2,2.537530729E-1
9.355327292E0,-3.485283628E-2,-2.335052341E-1,-4.558509681E-3,2.361359663E-1
9.365343292E0,-3.542994335E-2,-2.136415094E-1,-1.869989373E-2,2.173652720E-1
9.375360292E0,-3.405141085E-2,-1.923703700E-1,-3.458239138E-2,1.983980838E-1
9.385376292E0,-3.436992317E-2,-1.736683249E-1,-4.825985432E-2,1.834965729E-1
9.395393292E0,-3.403132781E-2,-1.516442299E-1,-6.375098228E-2,1.679830095E-1
9.405410292E0,-3.706280515E-2,-1.301037967E-1,-7.636371255E-2,1.553449904E-1
9.415426292E0,-3.803496435E-2,-1.068834364E-1,-8.991914988E-2,1.447624986E-1
9.425443292E0,-3.683068603E-2,-8.450676501E-2,-1.040869057E-1,1.390394790E-1
9.435459292E0,-3.475955501E-2,-6.492230296E-2,-1.136621088E-1,1.354334045E-1
9.445476292E0,-3.488925099E-2,-3.843184561E-2,-1.240977049E-1,1.345158242E-1
9.455493292E0,-3.168608621E-2,-1.628600806E-2,-1.312134564E-1,1.359640146E-1
9.465509292E0,-3.047727607E-2,6.988955662E-3,-1.381384730E-1,1.416331444E-1
9.475526292E0,-2.730968967E-2,3.171301261E-2,-1.433450878E-1,1.493296638E-1
9.485542292E0,-2.310509048E-2,5.486920103E-2,-1.516261846E-1,1.628955932E-1
9.495559292E0,-1.756477915E-2,7.567506284E-2,-1.514654309E-1,1.702263591E-1
9.505576292E0,-1.200915873E-2,9.874708951E-2,-1.534369588E-1,1.828608977E-1
9.515592292E0,-9.544104338E-3,1.173622906E-1,-1.536950618E-1,1.936160355E-1
9.525609292E0,-2.097640419E-3,1.392087340E-1,-1.521743834E-1,2.062535204E-1
9.535625292E0,5.512608681E-3,1.580734998E-1,-1.536095738E-1,2.204847418E-1
9.545642292E0,1.497668494E-2,1.775260270E-1,-1.471199840E-1,2.310499536E-1
9.555659292E0,2.269595303E-2,1.943780929E-1,-1.453437805E-1,2.437678482E-1
9.565675292E0,2.622197755E-2,2.139667124E-1,-1.431528032E-1,2.587703058E-1
9.575692292E0,3.600402549E-2,2.281057984E-1,-1.301100403E-1,2.650606868E-1
9.585709292E0,4.538128152E-2,2.460941374E-1,-1.247853190E-1,2.796304007E-1
9.595725292E0,5.233735964E-2,2.611118257E-1,-1.161450967E-1,2.905310108E-1
9.605742292E0,5.991991237E-2,2.769717574E-1,-1.051584929E-1,3.022615737E-1
9.615758292E0,6.552236527E-2,2.904163897E-1,-9.977706522E-2,3.139909593E-1
9.625775292E0,7.348521799E-2,2.998277247E-1,-9.021418542E-2,3.216136518E-1
9.635792292E0,8.251499385E-2,3.124651015E-1,-7.865243405E-2,3.326099356E-1
9.645808292E0,8.782453835E-2,3.242354691E-1,-6.989515573E-2,3.431138612E-1
9.655825292E0,9.416523576E-2,3.344022930E-1,-5.957289785E-2,3.524782480E-1
9.665841292E0,9.871605039E-2,3.426328003E-1,-4.575695097E-2,3.594938011E-1
9.675858292E0,1.029356867E-1,3.527155519E-1,-3.497906029E-2,3.690901662E-1
9.685875292E0,1.078758538E-1,3.583606482E-1,-2.546332031E-2,3.751105632E-1
9.695891667E0,1.105362400E-1,3.644771576E-1,-1.314133126E-2,3.810965145E-1
9.705908667E0,1.146500260E-1,3.694751263E-1,-5.417364649E-3,3.868925500E-1
9.715924667E0,1.139922217E-1,3.741076291E-1,5.723672453E-3,3.911310588E-1
9.725941667E0,1.167019904E-1,3.803119957E-1,1.518135704E-2,3.981043108E-1
9.735958667E0,1.188570857E-1,3.845207989E-1,2.255319059E-2,4.031028380E-1
9.745974667E0,1.200909242E-1,3.860438466E-1,3.104494698E-2,4.054817756E-1
9.755991667E0,1.186803877E-1,3.900041580E-1,3.480468690E-2,4.091450158E-1
9.766008667E0,1.149751320E-1,3.886640668E-1,4.299976677E-2,4.075880491E-1
9.776024667E0,1.121637300E-1,3.895107806E-1,4.700503498E-2,4.080549274E-1
9.786041667E0,1.115168482E-1,3.864057958E-1,4.680024087E-2,4.048897492E-1
9.796057667E0,1.071473360E-1,3.871361613E-1,5.204276368E-2,4.050474148E-1
9.806074667E0,1.027278230E-1,3.837792575E-1,5.301375315E-2,4.008116542E-1
9.816091667E0,1.040790752E-1,3.770710826E-1,5.343803018E-2,3.948046077E-1
9.826107667E0,9.960682690E-2,3.713322282E-1,5.292110890E-2,3.880847683E-1
9.836124667E0,9.478136897E-2,3.678788543E-1,5.176717415E-2,3.834034424E-1
9.846141667E0,9.187373519E-2,3.560448289E-1,4.927844927E-2,3.709947021E-1
9.856157667E0,8.691421151E-2,3.468084037E-1,4.809819907E-2,3.607541903E-1
9.866174667E0,8.219908178E-2,3.396300972E-1,4.169489816E-2,3.519144164E-1
9.876190667E0,8.073694259E-2,3.287137747E-1,3.713611513E-2,3.405147436E-1
9.886207667E0,7.692568749E-2,3.176278472E-1,3.269981965E-2,3.284422155E-1
9.896224667E0,7.219263166E-2,3.046005070E-1,2.402823791E-2,3.139595534E-1
9.906240667E0,6.511741132E-2,2.899020016E-1,1.654422283E-2,2.975855492E-1
9.916257667E0,6.336975098E-2,2.728800178E-1,9.347422048E-3,2.802973488E-1
9.926273667E0,5.802212283E-2,2.573247552E-1,2.688453998E-3,2.637988327E-1
9.936290667E0,5.411989987E-2,2.409215569E-1,-5.309864879E-3,2.469824990E-1
9.946307667E0,5.312707275E-2,2.196876407E-1,-1.092141122E-2,2.262839423E-1
9.956323667E0,4.518860579E-2,2.058376819E-1,-2.248808369E-2,2.119360170E-1
9.966340667E0,3.947346285E-2,1.887646914E-1,-2.670759708E-2,1.946883631E-1
9.976356667E0,3.890608996E-2,1.656173766E-1,-3.619194403E-2,1.739329068E-1
9.986373667E0,3.386898711E-2,1.440337896E-1,-4.365705326E-2,1.542685293E-1
9.996390667E0,2.967015281E-2,1.273353994E-1,-4.992414266E-2,1.399537135E-1
1.000640667E1,2.433024719E-2,1.054213047E-1,-5.810377747E-2,1.228074158E-1
1.001642367E1,2.246880531E-2,8.421650529E-2,-6.486555934E-2,1.086499322E-1
1.002644067E1,1.651610807E-2,5.859529600E-2,-6.816947460E-2,9.139621330E-2
1.003645667E1,9.505250491E-3,4.205865413E-2,-7.491588593E-2,8.643882310E-2
1.004647367E1,5.169358104E-3,1.745530590E-2,-7.538913190E-2,7.755598737E-2
1.005648967E1,2.884824295E-3,-2.714717761E-3,-7.713135332E-2,7.723300828E-2
1.006650667E1,-6.322788540E-3,-2.175818384E-2,-8.142889291E-2,8.452254622E-2
1.007652367E1,-1.176142227E-2,-4.253825545E-2,-7.967442274E-2,9.108154517E-2
1.008653967E1,-1.903637871E-2,-6.138011813E-2,-7.791487128E-2,1.009981672E-1
1.009655667E1,-2.759012394E-2,-8.226182312E-2,-7.614769042E-2,1.154412978E-1
1.010657367E1,-3.261817247E-2,-1.011026204E-1,-7.236839831E-2,1.285413167E-1
1.011658967E1,-4.132298008E-2,-1.201522127E-1,-6.690705568E-2,1.435990842E-1
1.012660667E1,-4.791297391E-2,-1.408657432E-1,-6.012558192E-2,1.604802052E-1
1.013662267E1,-5.349010602E-2,-1.579504311E-1,-5.310989171E-2,1.750148300E-1
1.014663967E1,-6.306683272E-2,-1.758705676E-1,-4.711778089E-2,1.926861884E-1
1.015665667E1,-6.951247901E-2,-1.931553781E-1,-3.288017958E-2,2.078992329E-1
1.016667267E1,-7.741300762E-2,-2.124323994E-1,-2.427736670E-2,2.273976442E-1
1.017668967E1,-8.523672074E-2,-2.263604552E-1,-1.286031865E-2,2.422183767E-1
1.018670567E1,-8.881227672E-2,-2.428432852E-1,1.681605820E-3,2.585794065E-1
1.019672267E1,-9.576631337E-2,-2.583517730E-1,1.536234282E-2,2.759580167E-1
1.020673967E1,-1.035451367E-1,-2.694667280E-1,2.538994327E-2,2.897905486E-1
1.021675567E1,-1.075341031E-1,-2.830333710E-1,4.119254649E-2,3.055622658E-1
1.022677267E1,-1.113690585E-1,-2.948452830E-1,5.205584317E-2,3.194473649E-1
1.023678967E1,-1.130265892E-1,-3.102920651E-1,6.985604018E-2,3.375441333E-1
1.024680567E1,-1.151371449E-1,-3.199707866E-1,8.323869109E-2,3.500950529E-1
1.025682267E1,-1.181115806E-1,-3.300082088E-1,9.598325938E-2,3.634123683E-1
1.026683867E1,-1.170103699E-1,-3.415908217E-1,1.102905571E-1,3.775443327E-1
1.027685567E1,-1.192700416E-1,-3.479495645E-1,1.252859235E-1,3.885753529E-1
1.028687267E1,-1.183035821E-1,-3.549605906E-1,1.354296207E-1,3.979119759E-1
1.029688867E1,-1.147224456E-1,-3.663981557E-1,1.488850862E-1,4.117956009E-1
1.030690567E1,-1.078046188E-1,-3.731801808E-1,1.588490456E-1,4.196645118E-1
1.031692167E1,-1.078830957E-1,-3.790447712E-1,1.665541530E-1,4.278480884E-1
1.032693867E1,-1.028001904E-1,-3.856555521E-1,1.751529723E-1,4.358631067E-1
1.033695567E1,-9.944988787E-2,-3.877217472E-1,1.787227243E-1,4.383608623E-1
1.034697167E1,-9.513396770E-2,-3.881361187E-1,1.869361848E-1,4.411861915E-1
1.035698867E1,-8.986778557E-2,-3.896299303E-1,1.863700897E-1,4.411592816E-1
1.036700567E1,-8.471509814E-2,-3.925764561E-1,1.888319105E-1,4.437909554E-1
1.037702167E1,-7.590647042E-2,-3.911829293E-1,1.878622025E-1,4.405429418E-1
1.038703867E1,-7.137271017E-2,-3.894470930E-1,1.850200742E-1,4.370303535E-1
1.039705467E1,-6.435523182E-2,-3.891050220E-1,1.802179217E-1,4.336159744E-1
1.040707167E1,-6.067447364E-2,-3.853440881E-1,1.761305034E-1,4.280109954E-1
1.041708867E1,-5.186207592E-2,-3.795029819E-1,1.674070507E-1,4.180159193E-1
1.042710467E1,-5.038828030E-2,-3.718293607E-1,1.563056558E-1,4.064818696E-1
1.043712167E1,-4.563579708E-2,-3.687935472E-1,1.476043016E-1,3.998478914E-1
1.044713867E1,-4.121015593E-2,-3.590226769E-1,1.337574571E-1,3.853396124E-1
1.045715467E1,-3.857003152E-2,-3.510865569E-1,1.197568402E-1,3.729492171E-1
1.046717167E1,-3.687972203E-2,-3.396826386E-1,1.065768525E-1,3.579148424E-1
1.047718767E1,-3.574618325E-2,-3.267330825E-1,9.173683822E-2,3.412446986E-1
1.048720467E1,-3.678774461E-2,-3.151536584E-1,7.689344138E-2,3.264778214E-1
1.049722167E1,-3.430603445E-2,-3.017779589E-1,5.756384879E-2,3.091285123E-1
1.050723767E1,-3.159892932E-2,-2.851851285E-1,4.338838160E-2,2.901923526E-1
1.051725467E1,-2.963961847E-2,-2.682630718E-1,2.709292248E-2,2.712519292E-1
1.052727167E1,-2.950326540E-2,-2.516353726E-1,7.878480479E-3,2.534815060E-1
1.053728767E1,-3.090969101E-2,-2.341585308E-1,-6.595079787E-3,2.362818690E-1
1.054730467E1,-3.204552829E-2,-2.138066590E-1,-2.097428590E-2,2.172098616E-1
1.055732067E1,-3.285113722E-2,-1.969200820E-1,-4.076902568E-2,2.037616975E-1
1.056733767E1,-3.423890844E-2,-1.732126176E-1,-5.436500162E-2,1.847443292E-1
1.057735467E1,-3.442373127E-2,-1.534847319E-1,-6.917004287E-2,1.718343709E-1
1.058737067E1,-3.775055334E-2,-1.342902631E-1,-8.261901140E-2,1.621261240E-1
1.059738767E1,-3.589509428E-2,-1.120457053E-1,-9.778174013E-2,1.529835500E-1
1.060740467E1,-3.326921538E-2,-9.138090909E-2,-1.076655313E-1,1.450833480E-1
1.061742067E1,-3.632737324E-2,-6.610072404E-2,-1.174471080E-1,1.395808259E-1
1.062743767E1,-3.390762582E-2,-4.667110369E-2,-1.277993470E-1,1.402162334E-1
1.063745367E1,-3.259367868E-2,-2.239786088E-2,-1.358411908E-1,1.414808863E-1
1.064747067E1,-3.156969324E-2,2.294703387E-3,-1.434594393E-1,1.469099109E-1
1.065748767E1,-2.585267834E-2,2.397779748E-2,-1.484360099E-1,1.525665258E-1
1.066750367E1,-2.175487205E-2,4.755555838E-2,-1.536278427E-1,1.622846870E-1
1.067752067E1,-1.662340760E-2,6.508202851E-2,-1.550850570E-1,1.690070502E-1
1.068753767E1,-1.260150131E-2,8.763261139E-2,-1.574403495E-1,1.806259562E-1
1.069755317E1,-8.964093402E-3,1.073510647E-1,-1.544257551E-1,1.882868023E-1
1.070757017E1,-2.221236005E-3,1.290704757E-1,-1.574404538E-1,2.035967045E-1
1.071758617E1,5.604389124E-3,1.500042081E-1,-1.531610042E-1,2.144550415E-1
1.072760317E1,1.050220802E-2,1.682394147E-1,-1.487500072E-1,2.248140602E-1
1.073762017E1,1.906245761E-2,1.839959621E-1,-1.452774256E-1,2.352093148E-1
1.074763617E1,2.740853839E-2,2.017693669E-1,-1.403231472E-1,2.472907014E-1
1.075765317E1,3.181258217E-2,2.190484256E-1,-1.327045411E-1,2.580789576E-1
1.076767017E1,3.863906488E-2,2.348644137E-1,-1.254482120E-1,2.690567302E-1
1.077768617E1,4.871663079E-2,2.482995838E-1,-1.174168363E-1,2.789492909E-1
1.078770317E1,5.645257980E-2,2.638329864E-1,-1.080893800E-1,2.906510838E-1
1.079771917E1,6.397312135E-2,2.780112028E-1,-9.443774819E-2,3.005017095E-1
1.080773617E1,7.312560827E-2,2.912854552E-1,-8.519897610E-2,3.121753298E-1
1.081775317E1,8.082835376E-2,3.031606972E-1,-7.403068244E-2,3.223665197E-1
1.082776917E1,8.414559066E-2,3.150413334E-1,-6.432504952E-2,3.323691234E-1
1.083778617E1,8.956737071E-2,3.236379325E-1,-5.336957052E-2,3.400178471E-1
1.084780317E1,9.592673182E-2,3.330508769E-1,-4.041462392E-2,3.489386282E-1
1.085781917E1,1.023347229E-1,3.407117128E-1,-3.013797477E-2,3.570226383E-1
1.086783617E1,1.045006737E-1,3.502780795E-1,-1.997508667E-2,3.660794011E-1
1.087785217E1,1.074363291E-1,3.556332886E-1,-6.304646842E-3,3.715606941E-1
1.088786917E1,1.100848466E-1,3.628043830E-1,2.175124828E-3,3.791443326E-1
1.089788617E1,1.122267544E-1,3.673729897E-1,1.304723229E-2,3.843539882E-1
1.090790217E1,1.134723201E-1,3.763464987E-1,1.877436042E-2,3.935290728E-1
1.091791917E1,1.117910668E-1,3.771654367E-1,2.660059184E-2,3.942823871E-1
1.092793617E1,1.127964109E-1,3.816770911E-1,3.471843898E-2,3.995069489E-1
1.093795217E1,1.115740836E-1,3.823803067E-1,3.883105889E-2,4.002141005E-1
1.094796917E1,1.117349342E-1,3.844823539E-1,4.938569665E-2,4.034232554E-1
1.095798517E1,1.081915125E-1,3.854997158E-1,4.857790098E-2,4.033301957E-1
1.096800217E1,1.063549966E-1,3.827673197E-1,5.435376614E-2,4.009694978E-1
1.097801917E1,1.037627682E-1,3.803865910E-1,5.573262274E-2,3.982044649E-1
1.098803517E1,1.018828452E-1,3.785974681E-1,5.637524277E-2,3.960988829E-1
1.099805217E1,9.585115314E-2,3.731812239E-1,5.732533708E-2,3.895354460E-1
1.100806917E1,9.478988498E-2,3.663840294E-1,5.568749458E-2,3.825225174E-1
1.101808517E1,8.807113022E-2,3.639368713E-1,5.394518375E-2,3.783076170E-1
1.102810217E1,8.487986773E-2,3.528509140E-1,5.203543231E-2,3.666279390E-1
1.103811917E1,8.535375446E-2,3.430383503E-1,4.628432542E-2,3.565148131E-1
1.104813517E1,7.755282521E-2,3.325864971E-1,4.126266763E-2,3.439924803E-1
1.105815217E1,7.279632241E-2,3.241758645E-1,3.701211885E-2,3.343040421E-1
1.106816817E1,6.962449849E-2,3.144758344E-1,2.838534117E-2,3.233393709E-1
1.107818517E1,6.877387315E-2,3.006165624E-1,2.288609929E-2,3.092312027E-1
1.108820217E1,6.346486509E-2,2.895410061E-1,1.690224372E-2,2.968963946E-1
1.109821817E1,6.072231382E-2,2.761788070E-1,8.159454912E-3,2.828931062E-1
1.110823517E1,5.663462728E-2,2.541312873E-1,1.703952439E-3,2.603710730E-1
1.111825217E1,5.286222324E-2,2.369072288E-1,-6.725221407E-3,2.428264366E-1
1.112826817E1,4.524717852E-2,2.225988507E-1,-1.686973497E-2,2.277765209E-1
1.113828517E1,4.304945096E-2,2.048835754E-1,-2.570430189E-2,2.109294807E-1
1.114830217E1,3.961850330E-2,1.883602589E-1,-3.230281547E-2,1.951734737E-1
1.115831817E1,3.490003571E-2,1.707601398E-1,-4.008559883E-2,1.788404123E-1
1.116833517E1,3.098465502E-2,1.489091665E-1,-5.089670420E-2,1.603884759E-1
1.117835117E1,2.821524814E-2,1.274691075E-1,-5.603862554E-2,1.420732246E-1
1.118836817E1,2.259011939E-2,1.076786369E-1,-6.132686883E-2,1.259602603E-1
1.119838517E1,1.959805936E-2,8.979044855E-2,-6.857066602E-2,1.146662323E-1
1.120840117E1,1.730427705E-2,6.914349645E-2,-7.288338989E-2,1.019423839E-1
1.121841817E1,1.181911118E-2,4.668780416E-2,-7.853811979E-2,9.212859875E-2
1.122843517E1,7.063770201E-3,2.476546168E-2,-7.973920554E-2,8.379478410E-2
1.123845117E1,-6.623407826E-4,3.622092307E-3,-8.095370978E-2,8.103740726E-2
1.124846817E1,-5.058154464E-3,-1.643683761E-2,-8.243335783E-2,8.420815306E-2
1.125848417E1,-1.127894782E-2,-3.653630242E-2,-8.320162445E-2,9.156760546E-2
1.126850117E1,-1.429817360E-2,-5.539281294E-2,-8.217390627E-2,1.001266816E-1
1.127851817E1,-2.198295109E-2,-7.322181016E-2,-7.736956328E-2,1.087691728E-1
1.128853417E1,-3.176287934E-2,-9.411004931E-2,-7.544835657E-2,1.247318580E-1
1.129855117E1,-3.745841235E-2,-1.134055629E-1,-7.006864250E-2,1.384686572E-1
1.130856817E1,-4.527878389E-2,-1.315616667E-1,-6.572023779E-2,1.538758918E-1
1.131858417E1,-5.301063135E-2,-1.504908651E-1,-5.760722607E-2,1.696355506E-1
1.132860117E1,-5.902457982E-2,-1.673050076E-1,-4.763901234E-2,1.836963312E-1
1.133861817E1,-6.682711095E-2,-1.855362058E-1,-3.747479618E-2,2.007334221E-1
1.134863417E1,-7.535375655E-2,-2.003910542E-1,-2.752069570E-2,2.158521529E-1
1.135865117E1,-8.151175082E-2,-2.162350267E-1,-1.542118005E-2,2.316021699E-1
1.136866717E1,-8.807031810E-2,-2.306064963E-1,-2.577019855E-3,2.468651010E-1
1.137868417E1,-9.113276750E-2,-2.468951344E-1,1.180398837E-2,2.634420674E-1
1.138870117E1,-9.762342274E-2,-2.601837814E-1,2.582739480E-2,2.790931513E-1
1.139871717E1,-1.047829837E-1,-2.726948261E-1,4.177047312E-2,2.951045819E-1
1.140873417E1,-1.078725159E-1,-2.836521268E-1,5.857341737E-2,3.090725707E-1
1.141875117E1,-1.097752601E-1,-2.997463942E-1,6.957502663E-2,3.267096461E-1
1.142876717E1,-1.125233769E-1,-3.109979928E-1,8.630713075E-2,3.418043046E-1
1.143878417E1,-1.139810160E-1,-3.192249537E-1,9.796815366E-2,3.528370760E-1
1.144880117E1,-1.134236157E-1,-3.307673633E-1,1.116027385E-1,3.670519534E-1
1.145881717E1,-1.130946875E-1,-3.416880071E-1,1.288575381E-1,3.822896384E-1
1.146883417E1,-1.121420786E-1,-3.456039131E-1,1.402036697E-1,3.894547207E-1
1.147885017E1,-1.099212393E-1,-3.580030799E-1,1.510009021E-1,4.037946960E-1
1.148886717E1,-1.069398299E-1,-3.645848334E-1,1.627627611E-1,4.133399864E-1
1.149888417E1,-1.048511192E-1,-3.696506023E-1,1.739056110E-1,4.217564304E-1
1.150890017E1,-9.763021767E-2,-3.744876981E-1,1.806164980E-1,4.270772937E-1
1.151891717E1,-9.559932351E-2,-3.786979616E-1,1.857751459E-1,4.325087069E-1
1.152893417E1,-9.037579596E-2,-3.820394278E-1,1.896985173E-1,4.360131149E-1
1.153895017E1,-8.364164829E-2,-3.838906586E-1,1.895601004E-1,4.362350224E-1
1.154896717E1,-7.858856022E-2,-3.858491480E-1,1.901803464E-1,4.372919974E-1
1.155898417E1,-7.304424793E-2,-3.859847188E-1,1.887951791E-1,4.358477773E-1
1.156900017E1,-6.630005687E-2,-3.844808340E-1,1.890697479E-1,4.335534325E-1
1.157901717E1,-6.329872459E-2,-3.816832900E-1,1.818637103E-1,4.275082122E-1
1.158903417E1,-5.465463549E-2,-3.768672347E-1,1.758793145E-1,4.194634371E-1
1.159905017E1,-4.892252013E-2,-3.738920093E-1,1.703594029E-1,4.137764780E-1
1.160906717E1,-4.621914402E-2,-3.691374660E-1,1.566292048E-1,4.036476010E-1
1.161908317E1,-4.231614992E-2,-3.623129129E-1,1.505466998E-1,3.946208462E-1
1.162910017E1,-3.975205868E-2,-3.548009396E-1,1.338486671E-1,3.812865046E-1
1.163911717E1,-3.431326523E-2,-3.466101885E-1,1.207816675E-1,3.686519146E-1
1.164913317E1,-3.065115400E-2,-3.360627294E-1,1.059933975E-1,3.537121027E-1
1.165915017E1,-2.894104086E-2,-3.230507076E-1,9.184150398E-2,3.370967300E-1
1.166916717E1,-3.135493025E-2,-3.095495403E-1,7.583857328E-2,3.202429371E-1
1.167918317E1,-2.936582826E-2,-2.978490889E-1,5.793219060E-2,3.048484383E-1
1.168920017E1,-2.717431262E-2,-2.839972079E-1,3.937501833E-2,2.879986969E-1
1.169921854E1,-2.873463556E-2,-2.688075304E-1,2.188247815E-2,2.712231748E-1
1.170923454E1,-2.895407937E-2,-2.526575923E-1,6.195392925E-3,2.543866753E-1
1.171925154E1,-3.036759980E-2,-2.354214042E-1,-1.212230045E-2,2.376812548E-1
1.172926854E1,-3.140916303E-2,-2.162061632E-1,-2.899662033E-2,2.203915709E-1
1.173928454E1,-3.161482885E-2,-1.949227601E-1,-4.495239630E-2,2.025218451E-1
1.174930154E1,-3.058045916E-2,-1.754720956E-1,-6.209916249E-2,1.886317227E-1
1.175931754E1,-3.667805716E-2,-1.571458727E-1,-7.689078897E-2,1.787520591E-1
1.176933454E1,-3.420344740E-2,-1.367673725E-1,-8.972881734E-2,1.671120901E-1
1.177935154E1,-3.528805450E-2,-1.118075773E-1,-1.027115881E-1,1.558712657E-1
1.178936754E1,-3.311118856E-2,-9.384269267E-2,-1.140864864E-1,1.513886659E-1
1.179938454E1,-3.771996126E-2,-7.022114098E-2,-1.248785257E-1,1.481500938E-1
1.180940154E1,-3.349938244E-2,-4.736003280E-2,-1.344896108E-1,1.464671866E-1
1.181941754E1,-3.172620013E-2,-2.773895860E-2,-1.398568749E-1,1.460682959E-1
1.182943454E1,-3.109050170E-2,-8.241157979E-3,-1.492956430E-1,1.527210692E-1
1.183945154E1,-2.782598883E-2,1.340331789E-2,-1.529813707E-1,1.560680440E-1
1.184946754E1,-2.166396566E-2,3.849029541E-2,-1.570581347E-1,1.631505069E-1
1.185948454E1,-1.805849373E-2,5.719521642E-2,-1.618805379E-1,1.726346156E-1
1.186950154E1,-1.420543157E-2,7.694815099E-2,-1.593971401E-1,1.775676224E-1
1.187951754E1,-1.295358967E-2,9.969446063E-2,-1.617265642E-1,1.904265279E-1
1.188953454E1,-1.998676453E-3,1.172904968E-1,-1.564076990E-1,1.955106740E-1
1.189955154E1,4.962306470E-3,1.378657073E-1,-1.542091817E-1,2.069107282E-1
1.190956754E1,1.033789665E-2,1.570532620E-1,-1.515888870E-1,2.185218293E-1
1.191958454E1,1.615456678E-2,1.754726171E-1,-1.453689188E-1,2.284375887E-1
1.192960054E1,2.626073174E-2,1.937863827E-1,-1.402050406E-1,2.406246902E-1
1.193961754E1,3.321267292E-2,2.104258686E-1,-1.333259344E-1,2.513124203E-1
1.194963454E1,3.948095441E-2,2.255337238E-1,-1.236346960E-1,2.602109613E-1
1.195965054E1,4.730191827E-2,2.396936417E-1,-1.151659563E-1,2.700994462E-1
1.196966754E1,5.539499968E-2,2.546707094E-1,-1.032451093E-1,2.803307489E-1
1.197968454E1,6.257220358E-2,2.672928572E-1,-9.255392849E-2,2.897015392E-1
1.198970054E1,7.044557482E-2,2.814416885E-1,-8.131699264E-2,3.013045907E-1
1.199971754E1,7.618990541E-2,2.947202027E-1,-7.082516700E-2,3.125397636E-1
1.200973454E1,8.258096129E-2,3.054996133E-1,-5.925692245E-2,3.219643020E-1
1.201975054E1,8.698636293E-2,3.151213527E-1,-4.640690610E-2,3.301843352E-1
1.202976754E1,9.305730462E-2,3.240951598E-1,-3.763658553E-2,3.392843160E-1
1.203978454E1,9.668049961E-2,3.316349983E-1,-2.634131163E-2,3.464430051E-1
1.204980054E1,1.027466431E-1,3.412831128E-1,-1.222948730E-2,3.566238860E-1
1.205981754E1,1.019658670E-1,3.496887088E-1,5.823047832E-5,3.642516087E-1
1.206983454E1,1.058807150E-1,3.553258181E-1,9.765985422E-3,3.708942400E-1
1.207985054E1,1.093948483E-1,3.604216576E-1,1.949705556E-2,3.771619536E-1
1.208986754E1,1.086385176E-1,3.629268706E-1,2.899921313E-2,3.799463057E-1
1.209988454E1,1.090736911E-1,3.710984290E-1,3.361349180E-2,3.882537584E-1
1.210990054E1,1.089189574E-1,3.740430772E-1,3.904767334E-2,3.915306932E-1
1.211991754E1,1.095933244E-1,3.737723529E-1,4.915079847E-2,3.925968283E-1
1.212993454E1,1.037207916E-1,3.756235242E-1,5.242062733E-2,3.931907383E-1
1.213995054E1,1.019265130E-1,3.773795366E-1,5.795044452E-2,3.951741170E-1
1.214996754E1,1.007762924E-1,3.774242401E-1,6.001599133E-2,3.952301068E-1
1.215998354E1,9.769111127E-2,3.715162575E-1,6.351979822E-2,3.893618466E-1
1.217000054E1,9.269369394E-2,3.711031973E-1,6.174160540E-2,3.874554553E-1
1.218001754E1,9.205141664E-2,3.690600395E-1,6.113091856E-2,3.852476675E-1
1.219003354E1,8.816985786E-2,3.611879945E-1,6.079908833E-2,3.767322927E-1
1.220005054E1,8.496750146E-2,3.538348675E-1,6.164345518E-2,3.690779123E-1
1.221006754E1,8.016155660E-2,3.498744965E-1,5.567238107E-2,3.632319541E-1
1.222008354E1,7.969477773E-2,3.391755223E-1,5.079770833E-2,3.520961512E-1
1.223010054E1,7.419747859E-2,3.304275870E-1,4.330250621E-2,3.414128925E-1
1.224011754E1,7.188645005E-2,3.195888400E-1,3.731561080E-2,3.296924979E-1
1.225013354E1,6.697318703E-2,3.112536967E-1,2.944117785E-2,3.197359136E-1
1.226015054E1,6.165260449E-2,2.986985743E-1,2.385408245E-2,3.059262970E-1
1.227016754E1,5.951834470E-2,2.859068811E-1,1.348506659E-2,2.923474389E-1
1.228018354E1,5.615035444E-2,2.734829485E-1,6.354149431E-3,2.792600234E-1
1.229020054E1,5.463368446E-2,2.543228567E-1,-5.075871944E-3,2.601744018E-1
1.230021754E1,4.821522161E-2,2.395965457E-1,-1.087686792E-2,2.446416125E-1
1.231023354E1,4.506203905E-2,2.234047651E-1,-2.167864889E-2,2.289328292E-1
1.232025054E1,4.126202315E-2,2.043510675E-1,-2.961266413E-2,2.105678590E-1
1.233026754E1,3.717061132E-2,1.847416759E-1,-3.830335662E-2,1.922973954E-1
1.234028354E1,3.562649712E-2,1.709439456E-1,-4.703807458E-2,1.808415337E-1
1.235030054E1,3.346028179E-2,1.490525007E-1,-5.395537242E-2,1.620105572E-1
1.236031754E1,2.768698335E-2,1.290744096E-1,-6.050423160E-2,1.452154754E-1
1.237033354E1,2.504832484E-2,1.099353284E-1,-6.885030866E-2,1.321119223E-1
1.238035054E1,2.176219784E-2,8.784186840E-2,-7.486913353E-2,1.174528597E-1
1.239036754E1,1.443877257E-2,7.298649102E-2,-7.929078490E-2,1.087314793E-1
1.240038354E1,9.810782969E-3,5.054337531E-2,-8.670707047E-2,1.008414613E-1
1.241040054E1,4.842655268E-3,3.029589728E-2,-8.695608377E-2,9.220983249E-2
1.242041754E1,1.906942809E-3,1.146573573E-2,-8.647294343E-2,8.725061301E-2
1.243043354E1,-5.125400610E-3,-9.833693504E-3,-8.876619488E-2,8.945618264E-2
1.244045054E1,-9.417772293E-3,-2.922122553E-2,-8.859604597E-2,9.376477920E-2
1.245046754E1,-1.786611974E-2,-4.811635241E-2,-8.870977163E-2,1.024880734E-1
1.246048354E1,-2.009928972E-2,-6.583783776E-2,-8.478769660E-2,1.092133500E-1
1.247050054E1,-2.900277078E-2,-8.482431620E-2,-8.208618313E-2,1.215502645E-1
1.248051754E1,-3.705438972E-2,-1.051787958E-1,-7.567814738E-2,1.347693914E-1
1.249053354E1,-4.456290603E-2,-1.218227521E-1,-6.477943063E-2,1.449931383E-1
1.250055054E1,-5.080043152E-2,-1.389773339E-1,-5.889078602E-2,1.592592473E-1
1.251056754E1,-5.445215851E-2,-1.580053568E-1,-4.981632903E-2,1.743915049E-1
1.252058354E1,-6.510324031E-2,-1.741859913E-1,-3.967472911E-2,1.901401472E-1
1.253060054E1,-7.043887675E-2,-1.917125136E-1,-2.418871224E-2,2.056706518E-1
1.254061754E1,-7.873710245E-2,-2.070099264E-1,-1.512303203E-2,2.219940248E-1
1.255063354E1,-8.663310856E-2,-2.202722132E-1,-5.142618902E-4,2.366968692E-1
1.256065054E1,-8.726961911E-2,-2.385989130E-1,1.435248181E-2,2.544630060E-1
1.257066754E1,-9.561356902E-2,-2.516135275E-1,2.873807959E-2,2.706976155E-1
1.258068354E1,-1.005346850E-1,-2.670032978E-1,4.393874481E-2,2.886669313E-1
1.259070054E1,-1.063971072E-1,-2.776301205E-1,5.732272565E-2,3.027948532E-1
1.260071754E1,-1.054222435E-1,-2.933205962E-1,7.455599308E-2,3.204831005E-1
1.261073354E1,-1.075751409E-1,-3.016839623E-1,8.858152479E-2,3.323135727E-1
1.262075054E1,-1.114922613E-1,-3.119375110E-1,1.043866351E-1,3.473213277E-1
1.263076754E1,-1.097891703E-1,-3.230444789E-1,1.172632873E-1,3.607798163E-1
1.264078354E1,-1.115316004E-1,-3.323282003E-1,1.334438324E-1,3.750847731E-1
1.265080054E1,-1.094884276E-1,-3.394686580E-1,1.455686688E-1,3.852491699E-1
1.266081754E1,-1.049915925E-1,-3.496065736E-1,1.593434066E-1,3.982942530E-1
1.267083354E1,-1.046001092E-1,-3.538455367E-1,1.658468395E-1,4.045405058E-1
1.268085054E1,-9.846436232E-2,-3.613408804E-1,1.759185344E-1,4.137750515E-1
1.269086754E1,-9.447414428E-2,-3.673127592E-1,1.856230944E-1,4.222557995E-1
1.270088179E1,-8.920846879E-2,-3.710730970E-1,1.904873252E-1,4.265428645E-1
1.271089879E1,-8.263019472E-2,-3.735700846E-1,1.927115917E-1,4.283924775E-1
1.272091579E1,-8.059522510E-2,-3.785864413E-1,1.965378225E-1,4.341087416E-1
1.273093179E1,-7.259136438E-2,-3.766442239E-1,1.966598034E-1,4.310515699E-1
1.274094879E1,-6.818758696E-2,-3.762666285E-1,1.932374686E-1,4.284470119E-1
1.275096579E1,-6.501203030E-2,-3.759574294E-1,1.907354146E-1,4.265566213E-1
1.276098179E1,-5.529416725E-2,-3.751853704E-1,1.843485683E-1,4.216703710E-1
1.277099879E1,-5.139290169E-2,-3.743214607E-1,1.788174361E-1,4.180113177E-1
1.278101579E1,-4.822670668E-2,-3.663849533E-1,1.679919660E-1,4.059372487E-1
1.279103179E1,-4.198399186E-2,-3.624368012E-1,1.574556977E-1,3.973856907E-1
1.280104879E1,-3.866437450E-2,-3.553993106E-1,1.489145905E-1,3.872714282E-1
1.281106579E1,-3.372341394E-2,-3.473991752E-1,1.335257739E-1,3.737012013E-1
1.282108179E1,-3.191917762E-2,-3.399440646E-1,1.209861338E-1,3.622408667E-1
1.283109879E1,-2.858463489E-2,-3.296009004E-1,1.068506092E-1,3.476649070E-1
1.284111579E1,-2.793982625E-2,-3.191917837E-1,8.787599951E-2,3.322442173E-1
1.285113179E1,-2.735632658E-2,-3.075806499E-1,6.998621672E-2,3.166264286E-1
1.286114879E1,-2.688486315E-2,-2.961360514E-1,5.493355170E-2,3.023856014E-1
1.287116579E1,-2.810299397E-2,-2.788348198E-1,3.403865919E-2,2.823070409E-1
1.288118179E1,-2.731554210E-2,-2.646201849E-1,1.901943237E-2,2.667053054E-1
1.289119879E1,-2.974620834E-2,-2.510798573E-1,1.411942998E-3,2.528397225E-1
1.290121579E1,-2.899246104E-2,-2.323138565E-1,-1.668852568E-2,2.347100288E-1
1.291123179E1,-2.950938046E-2,-2.155212909E-1,-3.448962420E-2,2.202493236E-1
1.292124879E1,-3.191315010E-2,-1.944181621E-1,-5.195963383E-2,2.037564096E-1
1.293126579E1,-3.185882047E-2,-1.773688495E-1,-6.723898649E-2,1.923428567E-1
1.294128179E1,-3.322878107E-2,-1.588684767E-1,-8.111935109E-2,1.814488741E-1
1.295129879E1,-3.462694213E-2,-1.385118067E-1,-9.633239359E-2,1.722337823E-1
1.296131579E1,-3.337300941E-2,-1.193000227E-1,-1.097531021E-1,1.655052766E-1
1.297133179E1,-3.418394178E-2,-9.642480314E-2,-1.211575493E-1,1.585731260E-1
1.298134879E1,-3.770041093E-2,-7.629296184E-2,-1.316117644E-1,1.567277689E-1
1.299136579E1,-3.400260955E-2,-5.463054031E-2,-1.388944387E-1,1.530762506E-1
1.300138179E1,-3.179639205E-2,-3.136982396E-2,-1.501080692E-1,1.566126075E-1
1.301139879E1,-3.160331398E-2,-1.018491201E-2,-1.539744437E-1,1.575139079E-1
1.302141579E1,-2.867788635E-2,8.744967170E-3,-1.613739133E-1,1.641354182E-1
1.303143179E1,-2.482615598E-2,2.968726680E-2,-1.636658311E-1,1.681790002E-1
1.304144879E1,-2.273560315E-2,5.184842646E-2,-1.660687178E-1,1.754536578E-1
1.305146579E1,-1.482628006E-2,7.052597404E-2,-1.666825712E-1,1.815951848E-1
1.306148179E1,-1.075537223E-2,9.216734767E-2,-1.654937416E-1,1.897331719E-1
1.307149879E1,-3.159770742E-3,1.096035987E-1,-1.613495946E-1,1.950810721E-1
1.308151579E1,5.540635902E-4,1.300189942E-1,-1.589989513E-1,2.053920942E-1
1.309153179E1,7.295589428E-3,1.479756236E-1,-1.541772932E-1,2.138238727E-1
1.310154879E1,1.464952994E-2,1.679581106E-1,-1.496656090E-1,2.254425207E-1
1.311156579E1,2.200731076E-2,1.825530231E-1,-1.415498853E-1,2.320480510E-1
1.312158279E1,3.093581274E-2,1.972476542E-1,-1.321844906E-1,2.394502060E-1
1.313159879E1,3.844539076E-2,2.154202759E-1,-1.206649840E-1,2.498879383E-1
1.314161579E1,4.790616035E-2,2.297054529E-1,-1.114432365E-1,2.597675697E-1
1.315163279E1,5.429854617E-2,2.420499921E-1,-9.754126519E-2,2.665536141E-1
1.316164879E1,6.138593331E-2,2.586050630E-1,-8.842772245E-2,2.801147506E-1
1.317166579E1,6.758284569E-2,2.716385722E-1,-7.995300740E-2,2.911141328E-1
1.318168279E1,7.323299348E-2,2.827270031E-1,-6.615073234E-2,2.994554207E-1
1.319169879E1,7.973030955E-2,2.942073643E-1,-5.373480916E-2,3.095195070E-1
1.320171579E1,8.339048177E-2,3.066456020E-1,-4.291297123E-2,3.206665258E-1
1.321173279E1,9.091418236E-2,3.163533509E-1,-2.959210798E-2,3.304852856E-1
1.322174879E1,9.691777080E-2,3.249424100E-1,-1.398713328E-2,3.393762867E-1
1.323176579E1,9.532493353E-2,3.325878084E-1,-2.588004339E-3,3.459887151E-1
1.324178279E1,1.037835032E-1,3.404564857E-1,9.682126343E-3,3.560553016E-1
1.325179879E1,1.047544926E-1,3.455591202E-1,1.867056079E-2,3.615704622E-1
1.326181579E1,1.058023050E-1,3.535863161E-1,2.947857976E-2,3.702518026E-1
1.327183279E1,1.057090908E-1,3.588612378E-1,3.767312691E-2,3.759987558E-1
1.328184879E1,1.068167239E-1,3.623353839E-1,4.389631748E-2,3.802941357E-1
1.329186579E1,1.046976522E-1,3.663415909E-1,5.137287453E-2,3.844566709E-1
1.330188279E1,1.039300337E-1,3.677500188E-1,5.780532211E-2,3.865009489E-1
1.331189979E1,1.003704518E-1,3.699569702E-1,6.056382507E-2,3.880855116E-1
1.332191579E1,1.013889238E-1,3.681363761E-1,6.732938439E-2,3.877336087E-1
1.333193279E1,9.782774746E-2,3.690258861E-1,7.160002738E-2,3.884288052E-1
1.334194979E1,9.537959844E-2,3.704417348E-1,6.944514811E-2,3.887762535E-1
1.335196579E1,9.083278477E-2,3.643438816E-1,7.141508907E-2,3.822266001E-1
1.336198279E1,8.873969316E-2,3.601659238E-1,6.803023070E-2,3.771237703E-1
1.337199979E1,8.427809924E-2,3.584087789E-1,6.439901143E-2,3.737738400E-1
1.338201579E1,7.859376073E-2,3.533016741E-1,6.131608039E-2,3.670949658E-1
1.339203279E1,7.727336884E-2,3.445404172E-1,5.583396554E-2,3.574866491E-1
1.340204979E1,7.259108871E-2,3.353697658E-1,5.179666728E-2,3.470234008E-1
1.341206579E1,6.793375313E-2,3.270393908E-1,4.736756533E-2,3.373624819E-1
1.342208279E1,6.407779455E-2,3.161739409E-1,3.670218587E-2,3.246828839E-1
1.343209979E1,6.112487987E-2,3.054070473E-1,3.142886236E-2,3.130455060E-1
1.344211579E1,5.392463878E-2,2.947936356E-1,2.387736179E-2,3.006347995E-1
1.345213279E1,5.499629304E-2,2.841721475E-1,1.513420325E-2,2.898403798E-1
1.346214979E1,5.441942438E-2,2.689385116E-1,2.090923488E-3,2.743971005E-1
1.347216679E1,5.052614957E-2,2.543816864E-1,-4.663385451E-3,2.593929092E-1
1.348218279E1,4.436654598E-2,2.386970520E-1,-1.290271804E-2,2.431278535E-1
1.349219979E1,4.185198992E-2,2.176644504E-1,-2.545978874E-2,2.231089484E-1
1.350221679E1,3.944760561E-2,2.010618448E-1,-3.378462419E-2,2.076616957E-1
1.351223279E1,3.628776595E-2,1.882171482E-1,-4.263457283E-2,1.963675218E-1
1.352224979E1,3.445690498E-2,1.693162024E-1,-5.194848403E-2,1.804269927E-1
1.353226679E1,2.980995923E-2,1.485057324E-1,-5.827375501E-2,1.622911481E-1
1.354228279E1,2.481221594E-2,1.292259097E-1,-6.992016733E-2,1.490094346E-1
1.355229979E1,2.217036113E-2,1.132397503E-1,-7.728806883E-2,1.388820058E-1
1.356231679E1,1.877715997E-2,9.205053747E-2,-8.219996840E-2,1.248307574E-1
1.357233279E1,1.664849557E-2,7.306512445E-2,-8.685463667E-2,1.147144835E-1
1.358234979E1,1.277646422E-2,5.354666710E-2,-9.088037908E-2,1.062531265E-1
1.359236679E1,4.375788383E-3,3.578151762E-2,-9.733694792E-2,1.037976202E-1
1.360238379E1,2.423059661E-3,1.542180590E-2,-9.656850249E-2,9.782218045E-2
1.361239979E1,-5.176004022E-3,-6.801207550E-3,-9.687823057E-2,9.725450632E-2
1.362241679E1,-6.826615427E-3,-2.262394130E-2,-9.624163806E-2,9.910044549E-2
1.363243379E1,-1.337799150E-2,-4.211348668E-2,-9.321336448E-2,1.031564236E-1
1.364244979E1,-1.996315271E-2,-6.082223356E-2,-8.957704157E-2,1.100995819E-1
1.365246679E1,-2.938275412E-2,-7.848910987E-2,-8.582863957E-2,1.199601683E-1
1.366248379E1,-3.495072946E-2,-9.618900716E-2,-8.179581910E-2,1.310131085E-1
1.367249979E1,-4.315566272E-2,-1.153493822E-1,-7.183906436E-2,1.425788987E-1
1.368251679E1,-4.794330522E-2,-1.332541406E-1,-6.197358295E-2,1.545831540E-1
1.369253379E1,-5.531387031E-2,-1.496927738E-1,-5.013130605E-2,1.672743215E-1
1.370255092E1,-6.057943776E-2,-1.675478518E-1,-3.993706778E-2,1.825845566E-1
1.371256692E1,-6.865867227E-2,-1.838575900E-1,-2.960986458E-2,1.984801520E-1
1.372258392E1,-7.549026608E-2,-1.978425086E-1,-1.393570006E-2,2.122136711E-1
1.373260092E1,-8.222407103E-2,-2.130955011E-1,1.459766878E-3,2.284132688E-1
1.374261692E1,-8.748154342E-2,-2.268778235E-1,1.502237562E-2,2.436231495E-1
1.375263392E1,-9.086109698E-2,-2.426764965E-1,3.139149398E-2,2.610230771E-1
1.376265092E1,-9.549929202E-2,-2.577474117E-1,4.713298380E-2,2.788823429E-1
1.377266692E1,-1.001941785E-1,-2.679742277E-1,6.221633032E-2,2.927796644E-1
1.378268392E1,-1.007874161E-1,-2.809991837E-1,7.885254920E-2,3.087658805E-1
1.379270092E1,-1.042031869E-1,-2.925468981E-1,9.324746579E-2,3.242484875E-1
1.380271792E1,-1.034718603E-1,-3.030742109E-1,1.076885536E-1,3.378716143E-1
1.381273392E1,-1.080186740E-1,-3.115784824E-1,1.232083887E-1,3.520362079E-1
1.382275092E1,-1.037851870E-1,-3.223767281E-1,1.403705329E-1,3.666087919E-1
1.383276792E1,-1.046706885E-1,-3.311094940E-1,1.538855433E-1,3.798291859E-1
1.384278392E1,-1.040993780E-1,-3.395102918E-1,1.617622226E-1,3.902190864E-1
1.385280092E1,-1.006828099E-1,-3.470454514E-1,1.737110317E-1,4.009402650E-1
1.386281792E1,-9.762205184E-2,-3.510472476E-1,1.808418036E-1,4.067775719E-1
1.387283492E1,-9.025015682E-2,-3.583531082E-1,1.904917657E-1,4.157513124E-1
1.388285092E1,-8.698589355E-2,-3.625307679E-1,1.952387989E-1,4.208483004E-1
1.389286792E1,-8.017539233E-2,-3.661369383E-1,1.973197907E-1,4.235793325E-1
1.390288492E1,-7.570203394E-2,-3.704423606E-1,2.004131824E-1,4.279296486E-1
1.391290092E1,-6.589414179E-2,-3.725803494E-1,2.001055926E-1,4.280191618E-1
1.392291792E1,-6.355601549E-2,-3.718536198E-1,1.992209554E-1,4.266186479E-1
1.393293492E1,-5.785339326E-2,-3.703137934E-1,1.940600127E-1,4.220646979E-1
1.394295092E1,-5.116812885E-2,-3.682890534E-1,1.899071336E-1,4.175161358E-1
1.395296792E1,-4.568894207E-2,-3.654471934E-1,1.804803312E-1,4.101369046E-1
1.396298492E1,-4.285628349E-2,-3.625209928E-1,1.724177152E-1,4.037152459E-1
1.397300192E1,-3.768362850E-2,-3.569150269E-1,1.609629244E-1,3.933413979E-1
1.398301792E1,-3.322456405E-2,-3.498300314E-1,1.476967186E-1,3.811813783E-1
1.399303492E1,-3.310418874E-2,-3.423806131E-1,1.331345588E-1,3.688430320E-1
1.400305192E1,-2.798186429E-2,-3.324875236E-1,1.166772842E-1,3.534749308E-1
1.401306792E1,-2.808625996E-2,-3.259771466E-1,9.973718226E-2,3.420488907E-1
1.402308492E1,-2.541435882E-2,-3.142065108E-1,8.519071341E-2,3.265410827E-1
1.403310192E1,-2.264813334E-2,-3.008062840E-1,6.601995230E-2,3.087976563E-1
1.404311892E1,-2.365028113E-2,-2.883570790E-1,4.643107206E-2,2.930272774E-1
1.405313492E1,-2.567401715E-2,-2.779574394E-1,3.023904935E-2,2.807737406E-1
1.406315192E1,-2.544798143E-2,-2.601459622E-1,1.118603535E-2,2.616269268E-1
1.407316892E1,-2.783177607E-2,-2.463710457E-1,-5.926638376E-3,2.480089211E-1
1.408318492E1,-2.833240107E-2,-2.287863195E-1,-2.288498543E-2,2.316670617E-1
1.409320192E1,-2.864345722E-2,-2.130555660E-1,-4.283685610E-2,2.191988095E-1
1.410321892E1,-3.272535279E-2,-1.960784644E-1,-5.951912329E-2,2.075096117E-1
1.411323592E1,-3.248167410E-2,-1.749966145E-1,-7.475186884E-2,1.930458912E-1
1.412325192E1,-3.486293927E-2,-1.586167812E-1,-8.889227360E-2,1.851392560E-1
1.413326892E1,-3.589251637E-2,-1.369149536E-1,-1.042840108E-1,1.758099319E-1
1.414328592E1,-3.538683057E-2,-1.205504909E-1,-1.178271174E-1,1.722436595E-1
1.415330192E1,-3.530640528E-2,-9.911843389E-2,-1.306419671E-1,1.677448352E-1
1.416331892E1,-3.632030264E-2,-7.831948996E-2,-1.384657472E-1,1.631743548E-1
1.417333592E1,-3.413704410E-2,-5.948002264E-2,-1.496028155E-1,1.645728206E-1
1.418335292E1,-3.226350993E-2,-3.635712713E-2,-1.566080004E-1,1.639781710E-1
1.419336892E1,-3.035588749E-2,-1.635119319E-2,-1.620163471E-1,1.656446140E-1
1.420338592E1,-2.938273549E-2,4.937394522E-3,-1.676226258E-1,1.702500153E-1
1.421340292E1,-2.681331709E-2,2.695161849E-2,-1.710711569E-1,1.752446416E-1
1.422341892E1,-2.069698833E-2,4.101315141E-2,-1.710739136E-1,1.771347730E-1
1.423343592E1,-1.813076623E-2,6.186996400E-2,-1.722528934E-1,1.839230177E-1
1.424345292E1,-1.056780107E-2,8.184275031E-2,-1.687275171E-1,1.878267532E-1
1.425346992E1,-2.013462130E-3,1.037999764E-1,-1.677456051E-1,1.972741168E-1
1.426348592E1,1.805325504E-3,1.209686697E-1,-1.616931558E-1,2.019439399E-1
1.427350292E1,8.694389835E-3,1.396747082E-1,-1.534527987E-1,2.076833599E-1
1.428351992E1,1.356767770E-2,1.545144320E-1,-1.490069330E-1,2.150856983E-1
1.429353592E1,2.362883277E-2,1.753139794E-1,-1.409530044E-1,2.261881132E-1
1.430355292E1,3.074298613E-2,1.904461980E-1,-1.289598644E-1,2.320464008E-1
1.431356992E1,3.917827830E-2,2.052578926E-1,-1.198132411E-1,2.408753883E-1
1.432358692E1,4.776310921E-2,2.202113569E-1,-1.091295257E-1,2.503669501E-1
1.433360292E1,5.443565920E-2,2.358752638E-1,-9.565073252E-2,2.602872331E-1
1.434361992E1,5.785023421E-2,2.471813858E-1,-8.233776689E-2,2.668797387E-1
1.435363692E1,6.653293967E-2,2.615014613E-1,-7.132612914E-2,2.791004533E-1
1.436365392E1,7.381238043E-2,2.754639983E-1,-5.876491964E-2,2.911734838E-1
1.437366992E1,7.870353758E-2,2.861241102E-1,-4.513726383E-2,3.001643314E-1
1.438368692E1,8.580330759E-2,2.958441377E-1,-2.914209850E-2,3.094110911E-1
1.439370392E1,8.942546695E-2,3.058003485E-1,-1.833419316E-2,3.191346267E-1
1.440371992E1,9.275189042E-2,3.154475689E-1,-6.547219586E-3,3.288661551E-1
1.441373692E1,9.451171011E-2,3.256919682E-1,8.693519048E-3,3.392392943E-1
1.442375392E1,9.914200008E-2,3.330154121E-1,1.977891475E-2,3.480224222E-1
1.443377092E1,1.014461666E-1,3.396741152E-1,2.885070629E-2,3.556714671E-1
1.444378692E1,1.015162542E-1,3.453084230E-1,3.987418488E-2,3.621234700E-1
1.445380392E1,1.031908467E-1,3.512230515E-1,4.862373322E-2,3.692834280E-1
1.446382092E1,1.036215872E-1,3.546807170E-1,5.527167395E-2,3.736185251E-1
1.447383692E1,1.009491012E-1,3.588142097E-1,6.209868938E-2,3.778817346E-1
1.448385392E1,1.006245613E-1,3.627378345E-1,6.823679805E-2,3.825706464E-1
1.449387092E1,9.932627529E-2,3.615487218E-1,7.138944417E-2,3.816800230E-1
1.450388792E1,9.291835129E-2,3.669618070E-1,7.181506604E-2,3.852949410E-1
1.451390392E1,9.065440297E-2,3.642949164E-1,7.629609853E-2,3.830797587E-1
1.452392092E1,8.875640482E-2,3.588759005E-1,7.687082887E-2,3.775959953E-1
1.453393792E1,8.587486297E-2,3.582122326E-1,7.465986907E-2,3.758518215E-1
1.454395492E1,8.198529482E-2,3.530628383E-1,7.256493717E-2,3.696493291E-1
1.455397092E1,7.861240208E-2,3.513570726E-1,7.057182491E-2,3.668951958E-1
1.456398792E1,7.356669754E-2,3.443418443E-1,6.760580093E-2,3.585441522E-1
1.457400492E1,7.185721397E-2,3.374703526E-1,6.335646659E-2,3.508044184E-1
1.458402092E1,6.751341373E-2,3.304241002E-1,5.212277174E-2,3.412549345E-1
1.459403792E1,6.381587684E-2,3.208673298E-1,4.860367253E-2,3.307425381E-1
1.460405492E1,6.015022099E-2,3.116421998E-1,4.115635157E-2,3.200511756E-1
1.461407192E1,5.670728534E-2,2.996707559E-1,3.175033256E-2,3.066371826E-1
1.462408792E1,5.009726435E-2,2.918578684E-1,2.065610141E-2,2.968457946E-1
1.463410492E1,5.289917439E-2,2.793673873E-1,1.131000370E-2,2.845564547E-1
1.464412192E1,4.939186573E-2,2.632591426E-1,1.031670719E-3,2.678544323E-1
1.465413892E1,4.745574668E-2,2.455701530E-1,-1.004441641E-2,2.503150779E-1
1.466415492E1,3.982814029E-2,2.357633710E-1,-1.708407328E-2,2.397133985E-1
1.467417192E1,3.875249252E-2,2.205607295E-1,-2.872901037E-2,2.257745493E-1
1.468418892E1,3.779538721E-2,2.029040605E-1,-4.067920893E-2,2.103647953E-1
1.469420592E1,3.700283170E-2,1.828525960E-1,-4.950119555E-2,1.930146362E-1
1.470422254E1,3.156345338E-2,1.665149629E-1,-6.041919068E-2,1.799276606E-1
1.471423954E1,2.704459988E-2,1.491146684E-1,-6.863823533E-2,1.663664691E-1
1.472425654E1,2.587995492E-2,1.314593852E-1,-7.415243238E-2,1.531336842E-1
1.473427354E1,2.474970929E-2,1.132646650E-1,-8.332435787E-2,1.427738809E-1
1.474428954E1,1.975419000E-2,9.460583329E-2,-9.290247411E-2,1.340573064E-1
1.475430654E1,1.455410104E-2,7.803804427E-2,-9.666738659E-2,1.250853382E-1
1.476432354E1,9.708461352E-3,5.734537542E-2,-9.937858582E-2,1.151470782E-1
1.477434054E1,7.441578433E-3,3.797966987E-2,-1.006627604E-1,1.078462969E-1
1.478435654E1,4.460627213E-3,1.965828985E-2,-1.062819138E-1,1.081766646E-1
1.479437354E1,-9.743521805E-4,6.627608091E-4,-1.029724032E-1,1.029791456E-1
1.480439054E1,-5.281458609E-3,-1.831470430E-2,-9.989909828E-2,1.017012883E-1
1.481440654E1,-1.477030106E-2,-3.525134176E-2,-9.928976744E-2,1.063920900E-1
1.482442354E1,-1.780471206E-2,-5.671700090E-2,-9.416735172E-2,1.113611965E-1
1.483444054E1,-2.569938637E-2,-7.496152073E-2,-9.126797318E-2,1.208698928E-1
1.484445754E1,-3.138363734E-2,-9.100599587E-2,-8.512086421E-2,1.285013054E-1
1.485447354E1,-3.794619814E-2,-1.083034948E-1,-7.320987433E-2,1.361221754E-1
1.486449054E1,-4.561530426E-2,-1.242129505E-1,-6.345152110E-2,1.467504977E-1
1.487450754E1,-5.368787795E-2,-1.450711042E-1,-5.403458327E-2,1.638528294E-1
1.488452454E1,-5.802264065E-2,-1.612880826E-1,-4.357596114E-2,1.768596528E-1
1.489454054E1,-6.851735711E-2,-1.763615608E-1,-2.629471198E-2,1.910220936E-1
1.490455754E1,-7.321275771E-2,-1.883371323E-1,-1.104737818E-2,2.023685447E-1
1.491457454E1,-7.823707908E-2,-2.030865103E-1,2.010100521E-3,2.176446914E-1
1.492459154E1,-8.459243178E-2,-2.226619124E-1,1.694121584E-2,2.387911463E-1
1.493460754E1,-8.919890225E-2,-2.366973013E-1,3.378970549E-2,2.551936535E-1
1.494462454E1,-9.401005507E-2,-2.496867180E-1,4.961826652E-2,2.713730273E-1
1.495464154E1,-9.543485194E-2,-2.632568479E-1,6.582200527E-2,2.876534639E-1
1.496465854E1,-9.844323993E-2,-2.733759880E-1,8.312636614E-2,3.022176286E-1
1.497467454E1,-1.007274315E-1,-2.857631445E-1,9.690156579E-2,3.181139790E-1
1.498469154E1,-1.036031917E-1,-2.971566319E-1,1.159266084E-1,3.353724255E-1
1.499470854E1,-1.011080816E-1,-3.060382605E-1,1.298599988E-1,3.474850793E-1
1.500472554E1,-1.022677869E-1,-3.175075948E-1,1.450886428E-1,3.637588312E-1
1.501474154E1,-9.840673208E-2,-3.260502219E-1,1.582302749E-1,3.755388822E-1
1.502475854E1,-9.719327837E-2,-3.327004015E-1,1.707375497E-1,3.863772786E-1
1.503477554E1,-9.416925907E-2,-3.379446864E-1,1.784681678E-1,3.936055733E-1
1.504479254E1,-9.109520912E-2,-3.447741270E-1,1.864474863E-1,4.024055180E-1
1.505480854E1,-8.864829689E-2,-3.517276347E-1,1.953525692E-1,4.119872278E-1
1.506482554E1,-8.324365318E-2,-3.550777137E-1,2.023850232E-1,4.170963752E-1
1.507484254E1,-7.685153931E-2,-3.602700830E-1,2.055682987E-1,4.218518901E-1
1.508485954E1,-6.847458333E-2,-3.627925813E-1,2.059320807E-1,4.227472620E-1
1.509487554E1,-6.645164639E-2,-3.656152487E-1,2.043221891E-1,4.240729752E-1
1.510489254E1,-5.800485983E-2,-3.639802337E-1,2.026298642E-1,4.206008038E-1
1.511490954E1,-5.295949802E-2,-3.626078963E-1,1.987280697E-1,4.168717316E-1
1.512492654E1,-4.737767950E-2,-3.610317111E-1,1.899962574E-1,4.107153744E-1
1.513494254E1,-4.322394729E-2,-3.613440990E-1,1.818192899E-1,4.068121455E-1
1.514495954E1,-3.977201506E-2,-3.560444117E-1,1.715647280E-1,3.972202061E-1
1.515497654E1,-3.328109160E-2,-3.515002728E-1,1.612881273E-1,3.881674031E-1
1.516499354E1,-3.007763810E-2,-3.456607759E-1,1.464535743E-1,3.766094605E-1
1.517500954E1,-2.912396006E-2,-3.384385705E-1,1.320543885E-1,3.644547058E-1
1.518502654E1,-2.527698316E-2,-3.284068406E-1,1.163469106E-1,3.493230345E-1
1.519504354E1,-2.201967128E-2,-3.170724511E-1,9.661448747E-2,3.321959728E-1
1.520506054E1,-2.135142125E-2,-3.084021807E-1,8.068899810E-2,3.194972655E-1
1.521507654E1,-2.339619771E-2,-2.971082628E-1,6.509645283E-2,3.050545034E-1
1.522509354E1,-2.346787788E-2,-2.860893011E-1,4.550054297E-2,2.906340120E-1
1.523511054E1,-1.839535497E-2,-2.720451355E-1,2.535746060E-2,2.738429215E-1
1.524512754E1,-1.999193989E-2,-2.589188516E-1,6.094974931E-3,2.597610404E-1
1.525514454E1,-2.444314770E-2,-2.420122921E-1,-1.135858335E-2,2.435085921E-1
1.526516054E1,-2.840156667E-2,-2.262046784E-1,-3.145554662E-2,2.301405156E-1
1.527517754E1,-2.752272412E-2,-2.115495652E-1,-5.013895407E-2,2.191452340E-1
1.528519454E1,-2.926023118E-2,-1.937476993E-1,-6.483395398E-2,2.063922811E-1
1.529521154E1,-3.213564679E-2,-1.728591919E-1,-8.459221572E-2,1.951123855E-1
1.530522754E1,-3.189198673E-2,-1.595638394E-1,-9.888593107E-2,1.904104646E-1
1.531524454E1,-3.537913039E-2,-1.382865161E-1,-1.134030893E-1,1.823049754E-1
1.532526154E1,-3.556688130E-2,-1.195822954E-1,-1.256603897E-1,1.770747355E-1
1.533527854E1,-3.292609006E-2,-1.008874401E-1,-1.370366216E-1,1.733246625E-1
1.534529454E1,-3.594283760E-2,-7.944745570E-2,-1.474567205E-1,1.713104498E-1
1.535531154E1,-3.785552084E-2,-6.085699424E-2,-1.582089663E-1,1.736856103E-1
1.536532854E1,-3.198020160E-2,-4.021156952E-2,-1.653103828E-1,1.731104454E-1
1.537534554E1,-3.227714449E-2,-2.226958796E-2,-1.700151265E-1,1.744789152E-1
1.538536154E1,-3.034561314E-2,-6.892280653E-4,-1.725882292E-1,1.752370626E-1
1.539537854E1,-2.629441209E-2,1.983761787E-2,-1.776490211E-1,1.806767885E-1
1.540539554E1,-2.346161194E-2,3.810774535E-2,-1.761567146E-1,1.817521267E-1
1.541541254E1,-1.684046164E-2,5.671897531E-2,-1.778709888E-1,1.874532795E-1
1.542542854E1,-1.082509384E-2,7.596155256E-2,-1.744515896E-1,1.905798972E-1
1.543544554E1,-6.422888488E-3,9.577866644E-2,-1.713572592E-1,1.964131276E-1
1.544546254E1,1.773174154E-3,1.165425852E-1,-1.630375981E-1,2.004160091E-1
1.545547954E1,5.510387942E-3,1.323593706E-1,-1.572047472E-1,2.055789384E-1
1.546549654E1,1.511036232E-2,1.477068961E-1,-1.461585462E-1,2.083457963E-1
1.547551254E1,2.279784158E-2,1.653143764E-1,-1.370800883E-1,2.159618837E-1
1.548552954E1,3.028124571E-2,1.810395867E-1,-1.305862963E-1,2.252666566E-1
1.549554654E1,3.637348861E-2,1.981080621E-1,-1.207909286E-1,2.348622647E-1
1.550556354E1,4.429199547E-2,2.121434808E-1,-1.061816216E-1,2.413320825E-1
1.551557954E1,5.418244004E-2,2.268012464E-1,-9.258032590E-2,2.508897346E-1
1.552559654E1,5.722796917E-2,2.411900312E-1,-7.846817374E-2,2.600094727E-1
1.553561354E1,6.444540620E-2,2.528144419E-1,-6.376007199E-2,2.685771755E-1
1.554563054E1,7.201044261E-2,2.668661177E-1,-5.157056823E-2,2.811806397E-1
1.555564654E1,7.787632197E-2,2.794221342E-1,-3.780974820E-2,2.925252598E-1
1.556566354E1,8.281592280E-2,2.901047170E-1,-2.396021597E-2,3.026438763E-1
1.557568054E1,8.732465655E-2,2.990084589E-1,-8.176991716E-3,3.116063499E-1
1.558569754E1,9.209205955E-2,3.088445365E-1,3.913810942E-3,3.223060860E-1
1.559571454E1,9.514324367E-2,3.183778524E-1,1.535768062E-2,3.326447837E-1
1.560573054E1,9.699946642E-2,3.261268437E-1,2.648276836E-2,3.412754777E-1
1.561574754E1,1.003483906E-1,3.319674134E-1,3.753834963E-2,3.488284546E-1
1.562576454E1,1.004638746E-1,3.407040536E-1,4.859749600E-2,3.585163300E-1
1.563578154E1,9.667579085E-2,3.460852504E-1,5.638777465E-2,3.637317558E-1
1.564579754E1,9.953131527E-2,3.505113721E-1,6.625776738E-2,3.703441594E-1
1.565581454E1,9.689345211E-2,3.507198989E-1,7.297425717E-2,3.711038006E-1
1.566583154E1,9.698111564E-2,3.553498983E-1,7.809227705E-2,3.765332532E-1
1.567584854E1,9.015516192E-2,3.579904139E-1,8.075837046E-2,3.778981398E-1
1.568586554E1,9.074652940E-2,3.583784103E-1,8.411420882E-2,3.791374655E-1
1.569588071E1,8.909670264E-2,3.561708927E-1,8.881068975E-2,3.777343853E-1
1.570589771E1,8.676478267E-2,3.558534086E-1,8.909184486E-2,3.769577333E-1
1.571591471E1,8.493545651E-2,3.616836071E-1,9.271214157E-2,3.829159237E-1
1.572593171E1,8.732692152E-2,3.708346784E-1,9.750016034E-2,3.932564446E-1
1.573594771E1,8.893121034E-2,3.797155321E-1,1.019108891E-1,4.030861878E-1
1.574596471E1,8.198642731E-2,3.721073866E-1,1.115260273E-1,3.970185590E-1
1.575598171E1,6.783705205E-2,3.498100638E-1,1.215882525E-1,3.765005306E-1
1.576599871E1,6.084967032E-2,3.286373019E-1,1.321218759E-1,3.593902457E-1
1.577601571E1,5.385247990E-2,3.191921413E-1,1.414615810E-1,3.532634874E-1
1.578603171E1,5.130841210E-2,3.295378089E-1,1.500656903E-1,3.657149601E-1
1.579604871E1,5.926380679E-2,3.453428745E-1,1.639223844E-1,3.868390465E-1
1.580606571E1,5.440716073E-2,3.431256711E-1,1.752169579E-1,3.890968359E-1
1.581608271E1,3.291438520E-2,3.159419894E-1,1.865345985E-1,3.683718961E-1
1.582609871E1,1.680996083E-2,2.717748880E-1,1.981964558E-1,3.367877665E-1
1.583611571E1,-3.341112752E-3,2.279906720E-1,2.070282996E-1,3.079799123E-1
1.584613271E1,-2.191066369E-2,1.962353736E-1,2.096706778E-1,2.880107501E-1
1.585614971E1,-2.492829040E-2,1.851651371E-1,2.079034001E-1,2.795198945E-1
1.586616671E1,-2.002097666E-2,1.923328787E-1,1.968316585E-1,2.759265799E-1
1.587618271E1,-1.511543524E-2,1.962820739E-1,1.891439110E-1,2.730028351E-1
1.588619971E1,-1.972204074E-2,1.764881462E-1,1.711673141E-1,2.466480773E-1
1.589621671E1,-2.025760338E-2,1.471020281E-1,1.492508352E-1,2.105354815E-1
1.590623371E1,-1.969100349E-2,1.205694079E-1,1.224764287E-1,1.729889978E-1
1.591625071E1,-2.441518568E-2,1.013147533E-1,9.818973392E-2,1.431852100E-1
1.592626671E1,-2.417034470E-2,7.654593140E-2,6.620616466E-2,1.040516286E-1
1.593628371E1,-2.050743252E-2,5.912353098E-2,2.952538431E-2,6.919461701E-2
1.594630071E1,-1.315618120E-2,4.687541723E-2,-5.546303932E-3,4.900154418E-2
1.595631771E1,-1.303021330E-2,3.593328595E-2,-3.976392746E-2,5.515575605E-2
1.596633371E1,-8.785077371E-3,1.580115221E-2,-7.589137554E-2,7.801509391E-2
1.597635071E1,-2.537301276E-3,-1.199346036E-2,-1.097649187E-1,1.104473556E-1
1.598636771E1,5.602336954E-3,-3.136298433E-2,-1.499951184E-1,1.533413138E-1
1.599638471E1,7.519546431E-3,-4.957927391E-2,-1.831916869E-1,1.899311510E-1
1.600640171E1,5.430119112E-3,-7.465251535E-2,-2.182183713E-1,2.306983784E-1
1.601641771E1,1.055830158E-2,-9.453034401E-2,-2.479440272E-1,2.655629950E-1
1.602643471E1,7.304500788E-3,-1.099731326E-1,-2.724962831E-1,2.939416097E-1
1.603645171E1,6.187037565E-3,-1.207384318E-1,-2.981169522E-1,3.216982523E-1
1.604646871E1,3.624867182E-3,-1.348193288E-1,-3.168992400E-1,3.444045868E-1
1.605648571E1,3.034177935E-3,-1.515959203E-1,-3.324001431E-1,3.653496742E-1
1.606650171E1,-3.523720661E-4,-1.728332788E-1,-3.481275439E-1,3.886698512E-1
1.607651871E1,-1.291849744E-2,-1.929380149E-1,-3.523164392E-1,4.018940637E-1
1.608653571E1,-1.571594551E-2,-2.073792517E-1,-3.561997712E-1,4.124699043E-1
1.609655271E1,-2.362713218E-2,-2.203749567E-1,-3.511088490E-1,4.152117373E-1
1.610656971E1,-3.174404800E-2,-2.276320308E-1,-3.471178114E-1,4.163109428E-1
1.611658571E1,-4.008799791E-2,-2.335929871E-1,-3.342156112E-1,4.097228404E-1
1.612660271E1,-5.202761292E-2,-2.440869361E-1,-3.220247626E-1,4.074128774E-1
1.613661971E1,-5.725060403E-2,-2.590459287E-1,-3.002206385E-1,4.006430539E-1
1.614663671E1,-7.124609500E-2,-2.745096385E-1,-2.748867571E-1,3.949611082E-1
1.615665371E1,-7.758308947E-2,-2.824698389E-1,-2.509806454E-1,3.857455509E-1
1.616666971E1,-8.814341575E-2,-2.893929183E-1,-2.188551277E-1,3.733833015E-1
1.617668671E1,-9.292991459E-2,-2.963900864E-1,-1.850324422E-1,3.615522881E-1
1.618670371E1,-9.953975677E-2,-3.036367297E-1,-1.484357715E-1,3.523302500E-1
1.619672071E1,-1.063436046E-1,-3.114507198E-1,-1.095871627E-1,3.468715315E-1
1.620673771E1,-1.068955958E-1,-3.165060580E-1,-6.841228157E-2,3.410029229E-1
1.621675371E1,-1.093156114E-1,-3.261919618E-1,-2.677988634E-2,3.450626916E-1
1.622677071E1,-1.130414456E-1,-3.316356838E-1,1.703652181E-2,3.507860292E-1
1.623678771E1,-1.099553779E-1,-3.355952501E-1,5.823082849E-2,3.579178487E-1
1.624680471E1,-1.093550324E-1,-3.388507068E-1,9.900018573E-2,3.695664506E-1
1.625682171E1,-1.056756079E-1,-3.427996337E-1,1.413404495E-1,3.855593932E-1
1.626683771E1,-9.704245627E-2,-3.472723961E-1,1.809449643E-1,4.034308311E-1
1.627685471E1,-8.794908971E-2,-3.492969275E-1,2.221075743E-1,4.231727313E-1
1.628687171E1,-7.884651423E-2,-3.511231840E-1,2.584454417E-1,4.430556505E-1
1.629688871E1,-6.885833293E-2,-3.505522013E-1,2.880643308E-1,4.589219700E-1
1.630690571E1,-5.949353054E-2,-3.486408591E-1,3.185755312E-1,4.760045146E-1
1.631692171E1,-4.565707594E-2,-3.439015150E-1,3.466593623E-1,4.904340262E-1
1.632693871E1,-3.875006363E-2,-3.412205875E-1,3.708735406E-1,5.054505316E-1
1.633695571E1,-2.204991318E-2,-3.381933868E-1,3.857409060E-1,5.134754250E-1
1.634697271E1,-1.184990164E-2,-3.347407281E-1,4.018659890E-1,5.231520318E-1
1.635698971E1,-5.855293712E-4,-3.278061450E-1,4.094187319E-1,5.244815627E-1
1.636700571E1,1.107261889E-2,-3.228034973E-1,4.134854674E-1,5.246855559E-1
1.637702271E1,2.532825433E-2,-3.142414391E-1,4.171140194E-1,5.228511334E-1
1.638703971E1,3.664554656E-2,-3.028915524E-1,4.087196290E-1,5.100371788E-1
1.639705671E1,4.103283957E-2,-2.915289402E-1,3.987285197E-1,4.956382242E-1
1.640707371E1,4.982236028E-2,-2.768952250E-1,3.886392713E-1,4.797850731E-1
1.641708971E1,5.806644261E-2,-2.669323385E-1,3.709659874E-1,4.606955056E-1
1.642710671E1,6.013468280E-2,-2.516344786E-1,3.449520171E-1,4.311936745E-1
1.643712371E1,6.010032818E-2,-2.366560698E-1,3.206842542E-1,4.030589729E-1
1.644714071E1,5.939248577E-2,-2.266613692E-1,2.791818976E-1,3.644795956E-1
1.645715771E1,5.408640206E-2,-2.142965794E-1,2.277602404E-1,3.173690123E-1
1.646717471E1,4.428591579E-2,-1.910964847E-1,1.689068377E-1,2.588602492E-1
1.647719071E1,2.724701166E-2,-1.620677561E-1,1.080365703E-1,1.966729715E-1
1.648720771E1,1.251291111E-2,-1.399755925E-1,4.334408045E-2,1.470661373E-1
1.649722471E1,-1.866390230E-4,-1.188130528E-1,-2.146287821E-2,1.207362062E-1
1.650724171E1,-1.787436754E-2,-9.480172396E-2,-8.220461756E-2,1.267456470E-1
1.651725871E1,-3.006099351E-2,-7.860198617E-2,-1.398354173E-1,1.632050229E-1
1.652727471E1,-4.519472644E-2,-5.514687672E-2,-1.916078329E-1,2.044438870E-1
1.653729171E1,-5.576428026E-2,-3.134567291E-2,-2.334426343E-1,2.420488994E-1
1.654730871E1,-5.764521658E-2,-1.560789999E-2,-2.643832862E-1,2.710444605E-1
1.655732571E1,-6.127323955E-2,-9.461333975E-4,-2.914862633E-1,2.978582662E-1
1.656734271E1,-6.534355879E-2,1.642575674E-2,-3.154645562E-1,3.225794048E-1
1.657735971E1,-7.195539027E-2,3.475629538E-2,-3.345969915E-1,3.440068677E-1
1.658737571E1,-7.253444940E-2,5.223082379E-2,-3.506083488E-1,3.618224973E-1
1.659739271E1,-6.997302175E-2,7.176031917E-2,-3.641822040E-1,3.777227090E-1
1.660740971E1,-6.845182180E-2,9.461823106E-2,-3.734217882E-1,3.912570683E-1
1.661742671E1,-6.296357512E-2,1.116592586E-1,-3.774817586E-1,3.986535838E-1
1.662744371E1,-5.794610083E-2,1.233799011E-1,-3.790706992E-1,4.028336451E-1
1.663745971E1,-5.264374614E-2,1.333308071E-1,-3.771897256E-1,4.035102939E-1
1.664747671E1,-4.226165265E-2,1.462728828E-1,-3.681454957E-1,3.983878882E-1
1.665749371E1,-3.303566203E-2,1.640960872E-1,-3.557394445E-1,3.931531930E-1
1.666751071E1,-1.971589215E-2,1.802351326E-1,-3.437665701E-1,3.886500664E-1
1.667752771E1,-9.257657453E-3,1.978841722E-1,-3.272078335E-1,3.825033544E-1
1.668754471E1,6.035714177E-4,2.085934132E-1,-3.043065369E-1,3.689363695E-1
1.669756071E1,1.436279342E-2,2.222205400E-1,-2.815703452E-1,3.589848430E-1
1.670757771E1,2.762866952E-2,2.334408015E-1,-2.523835897E-1,3.448991556E-1
1.671759471E1,4.094101116E-2,2.468055934E-1,-2.251666188E-1,3.365845712E-1
1.672761171E1,5.039368570E-2,2.527857125E-1,-1.921699196E-1,3.215111475E-1
1.673762871E1,6.434598565E-2,2.592342794E-1,-1.596679091E-1,3.111858909E-1
1.674764471E1,7.608488202E-2,2.731580734E-1,-1.244328842E-1,3.096575286E-1
1.675766171E1,8.587945998E-2,2.829672992E-1,-8.667724580E-2,3.081537263E-1
1.676767871E1,9.411727637E-2,2.940312922E-1,-5.482673272E-2,3.135577030E-1
1.677769571E1,9.819164127E-2,3.046136498E-1,-1.768921688E-2,3.205370220E-1
1.678771271E1,1.053764597E-1,3.105703592E-1,1.870157942E-2,3.284933719E-1
1.679772971E1,1.101538986E-1,3.160801828E-1,5.192211643E-2,3.387277218E-1
1.680774571E1,1.127702221E-1,3.210332990E-1,8.534038812E-2,3.508026281E-1
1.681776271E1,1.126173511E-1,3.255782425E-1,1.226792336E-1,3.656966696E-1
1.682777971E1,1.145692095E-1,3.334765732E-1,1.487815380E-1,3.827122610E-1
1.683779671E1,1.133627966E-1,3.364603817E-1,1.740932912E-1,3.954303809E-1
1.684781371E1,1.120151877E-1,3.408243954E-1,2.023201436E-1,4.118763301E-1
1.685783071E1,1.056464985E-1,3.425533175E-1,2.227204889E-1,4.220288784E-1
1.686784671E1,1.001638994E-1,3.451640606E-1,2.447684407E-1,4.348363198E-1
1.687786371E1,9.450681508E-2,3.448894918E-1,2.599412799E-1,4.420970127E-1
1.688788071E1,9.124888480E-2,3.485041857E-1,2.727027535E-1,4.518277528E-1
1.689789771E1,8.341599256E-2,3.450987935E-1,2.810482979E-1,4.528129314E-1
1.690791471E1,7.677873224E-2,3.397794366E-1,2.877283394E-1,4.518103989E-1
1.691793171E1,6.825555116E-2,3.365511596E-1,2.887851000E-1,4.486895779E-1
1.692794771E1,6.056616828E-2,3.280990720E-1,2.835608125E-1,4.378629879E-1
1.693796471E1,5.161901191E-2,3.224667609E-1,2.812907398E-1,4.310148658E-1
1.694798171E1,4.539070651E-2,3.178724349E-1,2.720364034E-1,4.208408320E-1
1.695799871E1,3.838978708E-2,3.076051474E-1,2.605845630E-1,4.049679209E-1
1.696801571E1,3.537938371E-2,2.962158322E-1,2.433465570E-1,3.849845021E-1
1.697803271E1,2.934998274E-2,2.873941064E-1,2.226708382E-1,3.647452482E-1
1.698804871E1,2.088418975E-2,2.745759785E-1,2.041333467E-1,3.427806012E-1
1.699806571E1,1.963330247E-2,2.638961673E-1,1.791220009E-1,3.195486581E-1
1.700808271E1,1.407586783E-2,2.532550097E-1,1.529992372E-1,2.962178194E-1
1.701809971E1,1.553954091E-2,2.336754650E-1,1.256531030E-1,2.657713351E-1
1.702811671E1,1.500241086E-2,2.179552764E-1,9.718696773E-2,2.391126963E-1
1.703813371E1,1.238638815E-2,1.982223094E-1,6.853961200E-2,2.101027961E-1
1.704815071E1,5.945000332E-3,1.861312985E-1,3.621975332E-2,1.897157712E-1
1.705816671E1,9.678752162E-3,1.670707911E-1,7.219528779E-3,1.675065643E-1
1.706818371E1,1.372427028E-2,1.460637450E-1,-2.564427070E-2,1.489315340E-1
1.707820071E1,1.645986922E-2,1.290890276E-1,-5.357577279E-2,1.407311898E-1
1.708821771E1,1.333469059E-2,1.124037802E-1,-8.484134078E-2,1.414583928E-1
1.709823471E1,1.572807319E-2,9.010380507E-2,-1.146658137E-1,1.466775948E-1
1.710825171E1,2.076148428E-2,6.978117675E-2,-1.429865658E-1,1.604543856E-1
1.711826771E1,2.042645961E-2,5.393750221E-2,-1.693015248E-1,1.788560893E-1
1.712828471E1,2.260091156E-2,3.758318350E-2,-1.938380748E-1,1.987372540E-1
1.713830171E1,2.028795704E-2,1.754449308E-2,-2.126439810E-1,2.143288900E-1
1.714831871E1,2.344498038E-2,2.055712976E-3,-2.341997474E-1,2.353792998E-1
1.715833571E1,2.012375370E-2,-1.701385155E-2,-2.494506091E-1,2.508386792E-1
1.716835271E1,1.856755838E-2,-3.659353405E-2,-2.611082196E-1,2.643129647E-1
1.717836871E1,1.439704839E-2,-5.196210369E-2,-2.735963166E-1,2.788588884E-1
1.718838571E1,1.184594352E-2,-7.057583332E-2,-2.747931778E-1,2.839587386E-1
1.719840271E1,8.783307858E-3,-8.473771811E-2,-2.805293500E-1,2.931797121E-1
1.720841971E1,3.228059504E-4,-1.029260382E-1,-2.798349261E-1,2.981634777E-1
1.721843671E1,-5.511381198E-3,-1.175915375E-1,-2.737490535E-1,2.979877335E-1
1.722845371E1,-1.264439151E-2,-1.350107342E-1,-2.649710178E-1,2.976531862E-1
1.723847071E1,-2.229115926E-2,-1.474700719E-1,-2.565120161E-1,2.967199560E-1
1.724848671E1,-2.822670341E-2,-1.609383523E-1,-2.391474992E-1,2.896367146E-1
1.725850371E1,-3.604894131E-2,-1.748895943E-1,-2.245597690E-1,2.869023985E-1
1.726852071E1,-4.367118701E-2,-1.871737540E-1,-1.990723312E-1,2.767146180E-1
1.727853771E1,-5.630815402E-2,-2.001097947E-1,-1.752088070E-1,2.718688364E-1
1.728855471E1,-6.260496378E-2,-2.156354040E-1,-1.484886557E-1,2.691967493E-1
1.729857171E1,-7.152921706E-2,-2.287757099E-1,-1.191949546E-1,2.676979483E-1
1.730858871E1,-7.965865731E-2,-2.400015444E-1,-8.847778291E-2,2.679077473E-1
1.731860471E1,-8.502119780E-2,-2.475617230E-1,-5.959872901E-2,2.684537563E-1
1.732862171E1,-9.285879880E-2,-2.586676776E-1,-2.367344126E-2,2.758480665E-1
1.733863871E1,-9.815263003E-2,-2.657690048E-1,1.021768060E-2,2.834986838E-1
1.734865571E1,-1.002495587E-1,-2.795857489E-1,4.419579729E-2,3.002855866E-1
1.735867271E1,-1.049678847E-1,-2.891480923E-1,7.907176018E-2,3.176117431E-1
1.736868971E1,-1.033873931E-1,-2.968083918E-1,1.153577194E-1,3.348008033E-1
1.737870671E1,-1.052212492E-1,-3.043390214E-1,1.497575194E-1,3.551352782E-1
1.738872271E1,-1.006651372E-1,-3.119928539E-1,1.817158312E-1,3.748248311E-1
1.739873971E1,-9.818200767E-2,-3.182454407E-1,2.114702612E-1,3.945117724E-1
1.740875671E1,-9.340252727E-2,-3.208564222E-1,2.395185381E-1,4.111471827E-1
1.741877371E1,-8.852735162E-2,-3.276341856E-1,2.662034333E-1,4.313299426E-1
1.742879071E1,-8.327677846E-2,-3.327031732E-1,2.900539637E-1,4.491744929E-1
1.743880771E1,-7.234929502E-2,-3.373591900E-1,3.122450113E-1,4.653413700E-1
1.744882471E1,-6.325460225E-2,-3.384713233E-1,3.306341469E-1,4.773708417E-1
1.745884071E1,-5.703878775E-2,-3.383695781E-1,3.413562775E-1,4.840160151E-1
1.746885771E1,-4.488347843E-2,-3.391931653E-1,3.528701067E-1,4.915117926E-1
1.747887471E1,-4.007833824E-2,-3.396501839E-1,3.597823381E-1,4.963988834E-1
1.748889171E1,-2.939238027E-2,-3.358264863E-1,3.584705293E-1,4.920817629E-1
1.749890871E1,-1.835464314E-2,-3.340632021E-1,3.605057299E-1,4.918327940E-1
1.750892571E1,-1.159650460E-2,-3.283448219E-1,3.553989828E-1,4.839971466E-1
1.751894271E1,-6.162324920E-3,-3.250156045E-1,3.442169130E-1,4.734536943E-1
1.752895971E1,4.530588631E-3,-3.191109896E-1,3.318973482E-1,4.604434815E-1
1.753897571E1,1.074001472E-2,-3.118903637E-1,3.148075640E-1,4.432772826E-1
1.754899271E1,1.546264254E-2,-3.028811216E-1,2.949676812E-1,4.230626432E-1
1.755900971E1,1.663523167E-2,-2.915318012E-1,2.700173259E-1,3.977145689E-1
1.756902671E1,1.960775070E-2,-2.836248875E-1,2.443310022E-1,3.748668821E-1
1.757904371E1,1.927512139E-2,-2.723226845E-1,2.158367783E-1,3.480182318E-1
1.758906071E1,2.015261352E-2,-2.573804557E-1,1.840558797E-1,3.170605521E-1
1.759907771E1,1.679170504E-2,-2.455501705E-1,1.523799747E-1,2.894762586E-1
1.760909371E1,1.661502570E-2,-2.314118296E-1,1.190964133E-1,2.607900489E-1
1.761911071E1,8.699311875E-3,-2.175074667E-1,8.308462054E-2,2.329983482E-1
1.762912771E1,6.664579734E-3,-2.025236636E-1,4.495902732E-2,2.075609913E-1
1.763914471E1,-1.410657307E-3,-1.857484132E-1,1.226420049E-2,1.861581950E-1
1.764916171E1,-6.402426399E-3,-1.679515988E-1,-2.546750940E-2,1.699921311E-1
1.765917871E1,-1.332557946E-2,-1.502295882E-1,-5.990964174E-2,1.622826713E-1
1.766919571E1,-2.116147615E-2,-1.295562088E-1,-9.609857947E-2,1.626885254E-1
1.767921271E1,-2.864575759E-2,-1.148047000E-1,-1.276213527E-1,1.740342157E-1
1.768922871E1,-3.774230182E-2,-9.582091868E-2,-1.619733870E-1,1.919414179E-1
1.769924696E1,-4.572033137E-2,-7.990932465E-2,-1.911179572E-1,2.121365656E-1
1.770926396E1,-5.115858465E-2,-5.868520588E-2,-2.187645435E-1,2.322048227E-1
1.771928096E1,-5.357993022E-2,-4.239917547E-2,-2.452728450E-1,2.546119940E-1
1.772929796E1,-6.017891690E-2,-2.573101409E-2,-2.698469162E-1,2.776705698E-1
1.773931496E1,-6.235605106E-2,-8.567472920E-3,-2.879343033E-1,2.947335096E-1
1.774933196E1,-6.544771791E-2,9.872414172E-3,-3.020221889E-1,3.091897006E-1
1.775934896E1,-6.332571059E-2,2.875396051E-2,-3.192648292E-1,3.267521492E-1
1.776936496E1,-6.652789563E-2,4.708103836E-2,-3.301233351E-1,3.400352944E-1
1.777938196E1,-5.959089845E-2,6.493220478E-2,-3.396103084E-1,3.508595559E-1
1.778939896E1,-5.797761679E-2,7.984431088E-2,-3.394734263E-1,3.535233022E-1
1.779941596E1,-5.354372039E-2,9.603606910E-2,-3.420790732E-1,3.593159458E-1
1.780943296E1,-4.624305665E-2,1.130906269E-1,-3.365633786E-1,3.580542109E-1
1.781944996E1,-3.953455389E-2,1.278139055E-1,-3.329893947E-1,3.588611324E-1
1.782946696E1,-3.147166595E-2,1.446800679E-1,-3.219744563E-1,3.543872717E-1
1.783948396E1,-2.032900043E-2,1.607876569E-1,-3.096821010E-1,3.495267408E-1
1.784949996E1,-1.126356423E-2,1.728551537E-1,-2.935607731E-1,3.408573009E-1
1.785951696E1,1.190520707E-4,1.866439432E-1,-2.739740312E-1,3.315082887E-1
1.786953396E1,1.082926616E-2,2.003843784E-1,-2.520059645E-1,3.221462064E-1
1.787955096E1,2.666202374E-2,2.138285488E-1,-2.274915427E-1,3.133463161E-1
1.788956796E1,3.688882291E-2,2.250155807E-1,-1.992269009E-1,3.027939148E-1
1.789958496E1,4.770791531E-2,2.356970012E-1,-1.739202142E-1,2.967783052E-1
1.790960196E1,5.684567988E-2,2.472434640E-1,-1.416243762E-1,2.905481470E-1
1.791961896E1,6.739339232E-2,2.587293983E-1,-1.119346470E-1,2.898484708E-1
1.792963596E1,7.462502271E-2,2.680269778E-1,-7.942327857E-2,2.893361575E-1
1.793965196E1,8.301477879E-2,2.791166306E-1,-4.739556834E-2,2.950320099E-1
1.794966896E1,9.021367878E-2,2.889756262E-1,-1.324990951E-2,3.030197691E-1
1.795968596E1,9.470936656E-2,2.979616821E-1,2.026117966E-2,3.133074265E-1
1.796970296E1,1.028031260E-1,3.036733866E-1,5.379176885E-2,3.250839320E-1
1.797971996E1,1.131092981E-1,3.130948544E-1,9.178362787E-2,3.453206271E-1
1.798973696E1,1.117483526E-1,3.274478316E-1,1.269722134E-1,3.685535507E-1
1.799975396E1,1.148525327E-1,3.280159235E-1,1.639582068E-1,3.842757394E-1
1.800977096E1,1.108112633E-1,3.275160789E-1,1.992877424E-1,3.990758353E-1
1.801978796E1,1.050369963E-1,3.242267966E-1,2.300379276E-1,4.111851583E-1
1.802980396E1,1.025027335E-1,3.268294930E-1,2.579050064E-1,4.287648776E-1
1.803982096E1,9.867523611E-2,3.334019184E-1,2.804047167E-1,4.466771167E-1
1.804983796E1,9.504028410E-2,3.386774957E-1,2.975304425E-1,4.607162531E-1
1.805985496E1,8.286990225E-2,3.410314620E-1,3.093085289E-1,4.678051355E-1
1.806987196E1,8.126363903E-2,3.374353647E-1,3.192997277E-1,4.716128926E-1
1.807988896E1,7.408668846E-2,3.388534784E-1,3.204132020E-1,4.722024325E-1
1.808990596E1,6.629423797E-2,3.368814588E-1,3.168601096E-1,4.672091312E-1
1.809992296E1,5.954472348E-2,3.309276998E-1,3.097824752E-1,4.571913150E-1
1.810993996E1,4.962772131E-2,3.238501251E-1,2.977077663E-1,4.426869417E-1
1.811995696E1,4.124861956E-2,3.153517246E-1,2.835629284E-1,4.260939958E-1
1.812997296E1,3.420611843E-2,3.081777692E-1,2.679688931E-1,4.098181592E-1
1.813998996E1,3.061378188E-2,2.984516621E-1,2.500599325E-1,3.905644224E-1
1.815000696E1,2.719861828E-2,2.897431552E-1,2.262057811E-1,3.685918017E-1
1.816002396E1,2.208401822E-2,2.794260681E-1,2.007989585E-1,3.447997290E-1
1.817004096E1,2.077062242E-2,2.739199102E-1,1.706821173E-1,3.234129267E-1
1.818005796E1,1.863077283E-2,2.581939399E-1,1.395689398E-1,2.940930215E-1
1.819007496E1,1.631108485E-2,2.464722544E-1,1.086136326E-1,2.698361445E-1
1.820009196E1,1.002469286E-2,2.261606008E-1,7.840566337E-2,2.395757915E-1
1.821010896E1,9.366054088E-3,2.076470852E-1,4.436498508E-2,2.125400829E-1
1.822012596E1,1.620158926E-2,1.903003156E-1,1.462306641E-2,1.915477374E-1
1.823014196E1,1.553381979E-2,1.787518561E-1,-2.028848603E-2,1.805689571E-1
1.824015896E1,1.695275307E-2,1.634008735E-1,-5.037314817E-2,1.718275163E-1
1.825017596E1,1.854101941E-2,1.480505913E-1,-8.383379132E-2,1.711457027E-1
1.826019296E1,2.390116267E-2,1.238680333E-1,-1.143711954E-1,1.702801386E-1
1.827020996E1,2.302563563E-2,1.096656770E-1,-1.426604241E-1,1.814076548E-1
1.828022696E1,2.441607229E-2,8.909968287E-2,-1.651809216E-1,1.892607591E-1
1.829024396E1,2.663505264E-2,7.085545361E-2,-1.915444732E-1,2.059592351E-1
1.830026096E1,2.858528495E-2,5.489405990E-2,-2.116862237E-1,2.205482570E-1
1.831027796E1,2.770671248E-2,3.696396202E-2,-2.273128480E-1,2.319593224E-1
1.832029496E1,2.649524063E-2,2.284388244E-2,-2.381332815E-1,2.406892197E-1
1.833031096E1,2.849065885E-2,5.460994318E-3,-2.500083447E-1,2.516857415E-1
1.834032796E1,2.528767660E-2,-1.315077301E-2,-2.608359456E-1,2.623886429E-1
1.835034496E1,1.754355244E-2,-3.700726479E-2,-2.619890571E-1,2.651708504E-1
1.836036196E1,1.006006822E-2,-5.835489929E-2,-2.620348632E-1,2.686424553E-1
1.837037896E1,3.989852965E-3,-7.979418337E-2,-2.570707798E-1,2.691995848E-1
1.838039596E1,-1.273884904E-3,-9.304420650E-2,-2.525056005E-1,2.691057885E-1
1.839041296E1,-3.656814108E-3,-9.752723575E-2,-2.404302508E-1,2.594834089E-1
1.840042996E1,-8.187117055E-3,-1.048634425E-1,-2.248787135E-1,2.482615682E-1
1.841044696E1,-1.443098020E-2,-1.187793687E-1,-2.088563889E-1,2.407026855E-1
1.842046396E1,-2.253018506E-2,-1.401914358E-1,-1.872813255E-1,2.350224304E-1
1.843048096E1,-3.486019745E-2,-1.609307677E-1,-1.646856517E-1,2.328847552E-1
1.844049796E1,-4.585639015E-2,-1.708225608E-1,-1.380375326E-1,2.243602375E-1
1.845051396E1,-4.948753491E-2,-1.831589043E-1,-1.082122177E-1,2.184172255E-1
1.846053096E1,-5.826185271E-2,-1.934304535E-1,-7.636719942E-2,2.159669720E-1
1.847054796E1,-6.580940634E-2,-2.104172111E-1,-4.015228897E-2,2.240948169E-1
1.848056496E1,-7.585378736E-2,-2.224626839E-1,-4.779384471E-3,2.350878247E-1
1.849058196E1,-8.565495908E-2,-2.457753271E-1,3.283618018E-2,2.623366123E-1
1.850059896E1,-9.275254607E-2,-2.562439442E-1,6.942801923E-2,2.812192091E-1
1.851061596E1,-9.554720670E-2,-2.727243304E-1,1.068805978E-1,3.081092197E-1
1.852063296E1,-9.449072927E-2,-2.812299430E-1,1.402657181E-1,3.281664981E-1
1.853064996E1,-9.398851544E-2,-2.863385677E-1,1.765757799E-1,3.492887379E-1
1.854066696E1,-4.198659360E-1,-2.669462264E-1,1.264114231E-1,5.133493352E-1
1.855068396E1,-2.628121972E-1,-4.777142107E-1,2.912730351E-2,5.460123789E-1
1.856070096E1,8.389834315E-2,-4.666189551E-1,-3.169663250E-2,4.751598234E-1
1.857071696E1,1.038503796E-1,-1.512037963E-1,-8.342763782E-2,2.015134241E-1
1.858073396E1,3.647348611E-3,-9.651982225E-3,-7.054273039E-2,7.129334277E-2
1.859075096E1,-8.300732821E-2,-1.823293418E-1,-4.892051965E-2,2.062217803E-1
1.860076796E1,-7.524128258E-2,-4.677318037E-1,-3.356100246E-2,4.749322390E-1
1.861078496E1,-7.120742649E-2,-5.613746643E-1,-1.555471588E-2,5.660865309E-1
1.862080196E1,-1.009251103E-1,-4.169740975E-1,-2.977937460E-3,4.290246426E-1
1.863081896E1,-1.015678048E-1,-2.155277431E-1,1.458104700E-2,2.387065855E-1
1.864083596E1,-5.421840027E-2,-1.409006417E-1,2.972031757E-2,1.538698250E-1
1.865085296E1,-3.178952262E-2,-1.925055087E-1,4.666015133E-2,2.006143423E-1
1.866086996E1,-6.273677945E-2,-2.659792006E-1,7.050210238E-2,2.822257697E-1
1.867088696E1,-9.510467947E-2,-3.116526902E-1,9.449071437E-2,3.392650799E-1
1.868090396E1,-6.561150402E-2,-3.574428260E-1,1.088427603E-1,3.793639279E-1
1.869092096E1,-2.645491436E-2,-3.757701218E-1,1.197915003E-1,3.952885661E-1
1.870093704E1,-2.584371716E-2,-3.564504981E-1,1.333826780E-1,3.814653249E-1
1.871095304E1,-4.355671257E-2,-3.277854621E-1,1.462506354E-1,3.615656853E-1
1.872097004E1,-4.017662629E-2,-2.792133987E-1,1.550345421E-1,3.218850611E-1
1.873098704E1,-2.571261674E-2,-2.310995460E-1,1.629890651E-1,2.839605151E-1
1.874100404E1,-1.450976171E-2,-2.034908235E-1,1.674213707E-1,2.639109013E-1
1.875102104E1,-1.739208587E-2,-2.043848038E-1,1.696636975E-1,2.661980520E-1
1.876103804E1,-1.142553892E-2,-2.200819999E-1,1.721971631E-1,2.796756918E-1
1.877105504E1,3.557747928E-3,-2.569412291E-1,1.672351062E-1,3.065926182E-1
1.878107204E1,8.062751032E-3,-2.790707350E-1,1.627396941E-1,3.231558310E-1
1.879108904E1,6.132166367E-3,-2.842317820E-1,1.670303941E-1,3.297339259E-1
1.880110604E1,1.048724400E-3,-2.542323470E-1,1.622220576E-1,3.015811368E-1
1.881112304E1,1.091160905E-2,-1.919929087E-1,1.565441489E-1,2.479645353E-1
1.882114004E1,2.603916265E-2,-1.260373294E-1,1.472715586E-1,1.955821014E-1
1.883115704E1,3.138221800E-2,-9.202735126E-2,1.419322789E-1,1.720425784E-1
1.884117404E1,1.804084703E-2,-1.039290205E-1,1.297725588E-1,1.672352549E-1
1.885119104E1,1.086884737E-2,-1.424109042E-1,1.134962887E-1,1.824291781E-1
1.886120804E1,1.541299932E-2,-1.628155261E-1,1.015163288E-1,1.924890155E-1
1.887122404E1,2.200746350E-2,-1.381176710E-1,8.712033927E-2,1.647749162E-1
1.888124104E1,2.487835102E-2,-9.353022277E-2,7.252036035E-2,1.209381560E-1
1.889125804E1,2.850857750E-2,-6.321845204E-2,5.417148024E-2,8.799920988E-2
1.890127504E1,2.050125226E-2,-4.876148701E-2,3.946044296E-2,6.599326116E-2
1.891129204E1,1.494615525E-2,-3.676534444E-2,2.202372998E-2,4.538857555E-2
1.892130904E1,8.821151219E-3,-6.562698632E-3,6.988855079E-3,1.302788615E-2
1.893132604E1,1.373671461E-2,3.237489611E-2,-1.310033258E-2,3.752932107E-2
1.894134304E1,1.865370944E-2,5.043539032E-2,-3.131848574E-2,6.222971173E-2
1.895136004E1,1.653774269E-2,4.130363464E-2,-4.871359095E-2,6.597348794E-2
1.896137704E1,7.555841003E-4,2.732017264E-2,-6.413116306E-2,6.971204211E-2
1.897139404E1,-2.317446051E-3,3.390343860E-2,-7.875584811E-2,8.577468925E-2
1.898141104E1,5.052586086E-3,6.709761173E-2,-9.875538945E-2,1.194999794E-1
1.899142804E1,9.148214944E-3,1.144558787E-1,-1.158647612E-1,1.631210621E-1
1.900144504E1,8.200129494E-3,1.390693486E-1,-1.273784041E-1,1.887664792E-1
1.901146204E1,2.325959213E-4,1.383804083E-1,-1.386930048E-1,1.959207521E-1
1.902147904E1,-2.483029384E-3,1.423210800E-1,-1.526056379E-1,2.086862141E-1
1.903149604E1,1.180975232E-3,1.669649333E-1,-1.613427997E-1,2.321856642E-1
1.904151304E1,1.005622558E-2,1.905062050E-1,-1.728708148E-1,2.574452571E-1
1.905152904E1,1.547277346E-2,1.942777485E-1,-1.806869358E-1,2.657649695E-1
1.906154604E1,1.388339885E-2,1.813496947E-1,-1.856758296E-1,2.599153213E-1
1.907156304E1,1.180650108E-2,1.730792075E-1,-1.877750456E-1,2.556467745E-1
1.908158004E1,1.434369478E-2,1.947879642E-1,-1.878637224E-1,2.709997616E-1
1.909159704E1,2.278229408E-2,2.359591573E-1,-1.921455562E-1,3.051486058E-1
1.910161404E1,3.191666678E-2,2.706952989E-1,-1.939724982E-1,3.345443895E-1
1.911163104E1,3.506844863E-2,2.762459219E-1,-1.888278276E-1,3.364484417E-1
1.912164804E1,3.574169427E-2,2.600754797E-1,-1.801781505E-1,3.184036586E-1
1.913166504E1,3.867097571E-2,2.467313856E-1,-1.688793898E-1,3.014831161E-1
1.914168204E1,4.950604960E-2,2.533765137E-1,-1.597074568E-1,3.035736787E-1
1.915169904E1,6.143207103E-2,2.729360461E-1,-1.473008245E-1,3.161732397E-1
1.916171604E1,6.583614647E-2,2.862411737E-1,-1.281521767E-1,3.204549705E-1
1.917173304E1,6.641799212E-2,2.882094979E-1,-1.067051962E-1,3.144233822E-1
1.918175004E1,6.372207403E-2,2.899749279E-1,-8.825508505E-2,3.097336300E-1
1.919176704E1,6.608611345E-2,2.986727357E-1,-6.812859327E-2,3.133915804E-1
1.920178404E1,7.416428626E-2,3.106569648E-1,-4.205518216E-2,3.221439577E-1
1.921180104E1,7.970319688E-2,3.158934712E-1,-2.018047869E-2,3.264177331E-1
1.922181804E1,7.816842198E-2,3.056813180E-1,9.806448594E-3,3.156699809E-1
1.923183504E1,7.807464898E-2,2.933152616E-1,3.289573640E-2,3.053057860E-1
1.924185204E1,7.039728761E-2,2.816759348E-1,5.832040310E-2,2.961391223E-1
1.925186904E1,7.086055726E-2,2.882189751E-1,8.186504990E-2,3.078851776E-1
1.926188604E1,6.914947927E-2,2.974747717E-1,1.015889570E-1,3.218589854E-1
1.927190304E1,6.728403270E-2,3.011342883E-1,1.215115041E-1,3.316233500E-1
1.928192004E1,5.968816206E-2,3.010328114E-1,1.367517114E-1,3.359828281E-1
1.929193604E1,5.395580456E-2,2.928155959E-1,1.532964855E-1,3.348910487E-1
1.930195304E1,5.244472623E-2,2.797906101E-1,1.623243243E-1,3.276925709E-1
1.931197004E1,4.903187975E-2,2.735461295E-1,1.731078029E-1,3.274109369E-1
1.932198704E1,4.277664796E-2,2.633214593E-1,1.775041372E-1,3.204305716E-1
1.933200404E1,3.684540465E-2,2.547471523E-1,1.824291199E-1,3.154902206E-1
1.934202104E1,3.270791844E-2,2.485268265E-1,1.833913177E-1,3.105926059E-1
1.935203804E1,2.776318230E-2,2.422910184E-1,1.825266182E-1,3.046172980E-1
1.936205504E1,2.155109309E-2,2.357804030E-1,1.778509170E-1,2.961212534E-1
1.937207204E1,1.699870825E-2,2.270982265E-1,1.757846922E-1,2.876852770E-1
1.938208904E1,1.103695482E-2,2.141725719E-1,1.672806740E-1,2.719825892E-1
1.939210604E1,6.065237336E-3,1.982090175E-1,1.608820260E-1,2.553558850E-1
1.940212304E1,5.500380881E-3,1.869446486E-1,1.515995711E-1,2.407508791E-1
1.941214004E1,1.688116696E-3,1.706273854E-1,1.422499269E-1,2.221521913E-1
1.942215704E1,4.046079703E-3,1.565957218E-1,1.300063133E-1,2.035687411E-1
1.943217404E1,-1.200536615E-3,1.432494074E-1,1.175030023E-1,1.852803000E-1
1.944219104E1,-5.054397043E-3,1.268970668E-1,1.055440754E-1,1.651301437E-1
1.945220804E1,-6.423369050E-3,1.145642102E-1,9.050145745E-2,1.461394256E-1
1.946222504E1,-1.008201949E-2,1.000244096E-1,7.802215219E-2,1.272555927E-1
1.947224204E1,-9.697480127E-3,8.249307424E-2,6.423724443E-2,1.050027237E-1
1.948225904E1,-1.101441309E-2,6.293535233E-2,4.941781983E-2,8.077311920E-2
1.949227604E1,-9.702160954E-3,4.378878325E-2,3.605833650E-2,5.754818066E-2
1.950229304E1,-1.069898158E-2,2.643482760E-2,1.993023604E-2,3.479199083E-2
1.951231004E1,-1.399149932E-2,8.167479187E-3,6.473636255E-3,1.744642473E-2
1.952232704E1,-1.463225577E-2,-2.368251793E-3,-1.156208944E-2,1.879876160E-2
1.953234404E1,-9.972360916E-3,-1.379146706E-2,-2.238740027E-2,2.812202405E-2
1.954236104E1,-1.379479654E-2,-2.625026740E-2,-3.702146932E-2,4.743376583E-2
1.955237804E1,-1.613496803E-2,-4.861808568E-2,-5.209327862E-2,7.306001044E-2
1.956239504E1,-1.666147448E-2,-6.646046042E-2,-6.287641823E-2,9.299484664E-2
1.957241204E1,-1.772373915E-2,-8.274655789E-2,-6.973908842E-2,1.096570300E-1
1.958242904E1,-2.621416189E-2,-1.059149951E-1,-8.353159577E-2,1.374143222E-1
1.959244604E1,-2.906864882E-2,-1.314038038E-1,-8.885898441E-2,1.612695418E-1
1.960246304E1,-2.594662458E-2,-1.457651705E-1,-9.763356298E-2,1.773500067E-1
1.961248004E1,-2.880813926E-2,-1.499839425E-1,-1.099981666E-1,1.882144749E-1
1.962249704E1,-3.307984769E-2,-1.602730751E-1,-1.144091636E-1,1.996777194E-1
1.963251404E1,-3.632643446E-2,-1.767209768E-1,-1.191283613E-1,2.161977798E-1
1.964253104E1,-3.050130047E-2,-1.811793894E-1,-1.230711788E-1,2.211398099E-1
1.965254804E1,-3.592905775E-2,-1.883071512E-1,-1.312254369E-1,2.323157241E-1
1.966256504E1,-4.309562221E-2,-2.063311636E-1,-1.305316836E-1,2.479280181E-1
1.967258204E1,-4.184271395E-2,-2.210338861E-1,-1.330928504E-1,2.613819013E-1
1.968259904E1,-4.131221026E-2,-2.314266115E-1,-1.327900440E-1,2.699966130E-1
1.969261604E1,-5.083760992E-2,-2.350682169E-1,-1.322275549E-1,2.744551976E-1
1.970263304E1,-5.619562417E-2,-2.476982623E-1,-1.293891668E-1,2.850507566E-1
1.971265004E1,-5.331432819E-2,-2.564870417E-1,-1.213403270E-1,2.887065900E-1
1.972266704E1,-5.816181377E-2,-2.576654851E-1,-1.154808477E-1,2.882882672E-1
1.973268404E1,-5.849666521E-2,-2.582277954E-1,-1.063709632E-1,2.853388090E-1
1.974270104E1,-6.291005760E-2,-2.663120925E-1,-9.774365276E-2,2.905746507E-1
1.975271804E1,-6.437564641E-2,-2.794934213E-1,-8.820346743E-2,3.000677391E-1
1.976273504E1,-7.807467878E-2,-2.874826491E-1,-7.535505295E-2,3.072788847E-1
1.977275204E1,-3.404815793E-1,-2.589341998E-1,-1.486647278E-1,4.528529860E-1
1.978276904E1,-1.130982302E-2,-4.889181256E-1,-1.915576011E-1,5.252267703E-1
1.979278604E1,1.082129180E-1,-3.226242959E-1,-2.275267541E-1,4.093469138E-1
1.980280304E1,-2.707007341E-2,-4.114387184E-2,-2.096937001E-1,2.153997561E-1