"Time (s)","Gyroscope x (rad/s)","Gyroscope y (rad/s)","Gyroscope z (rad/s)","Absolute (rad/s)"
7.392125000E-3,-2.971592247E-1,-4.049433023E-2,-7.322097421E-1,7.912486980E-1
1.740812500E-2,-3.734548986E-1,-9.509965032E-2,-7.989099026E-1,8.870003028E-1
2.742412500E-2,-4.054575861E-1,3.628660366E-2,-8.469349742E-1,9.396868746E-1
3.744012500E-2,-3.407295644E-1,1.959726810E-1,-9.177506566E-1,9.983827901E-1
4.745612500E-2,-2.293077111E-1,3.241769969E-1,-9.830883741E-1,1.060252566E0
5.747212500E-2,-1.974279135E-1,3.805812299E-1,-1.015112400E0,1.101940578E0
6.748812500E-2,-2.365223169E-1,3.130554557E-1,-1.015775442E0,1.088919774E0
7.750412500E-2,-2.632678151E-1,1.847479939E-1,-1.007939100E0,1.058008976E0
8.752012500E-2,-2.465902865E-1,1.511929631E-1,-9.991120100E-1,1.040139842E0
9.753612500E-2,-2.047725767E-1,2.632471621E-1,-9.836249352E-1,1.038628369E0
1.075511250E-1,-1.526430696E-1,3.983682394E-1,-9.578884244E-1,1.048593055E0
1.175671250E-1,-9.100442380E-2,4.596953988E-1,-9.214788079E-1,1.033791497E0
1.275831250E-1,-4.095431045E-2,4.375248551E-1,-8.689774871E-1,9.737695454E-1
1.375991250E-1,-2.200393751E-2,3.688623607E-1,-8.047952652E-1,8.855727149E-1
1.476151250E-1,-7.896373980E-3,3.186029196E-1,-7.265204191E-1,7.933486576E-1
1.576311250E-1,3.026992083E-2,3.243127465E-1,-6.495159268E-1,7.266126650E-1
1.676471250E-1,8.911059797E-2,3.746510148E-1,-5.647267103E-1,6.835351775E-1
1.776631250E-1,1.277817190E-1,4.306712151E-1,-4.732714593E-1,6.525271928E-1
1.876791250E-1,1.436877102E-1,4.616315067E-1,-3.699826300E-1,6.087995996E-1
1.976951250E-1,1.571739167E-1,4.468609095E-1,-2.651917338E-1,5.428765681E-1
2.077111250E-1,1.764072627E-1,4.331352413E-1,-1.556090415E-1,4.928892709E-1
2.177271250E-1,1.977410167E-1,4.398534894E-1,-4.585867748E-2,4.844332979E-1
2.277431250E-1,2.127729654E-1,4.469017982E-1,6.791130453E-2,4.996053416E-1
2.377591250E-1,2.214823812E-1,4.350089729E-1,1.766072214E-1,5.191120903E-1
2.477751250E-1,2.163890749E-1,4.102825820E-1,2.873505056E-1,5.456430536E-1
2.577911250E-1,2.011878192E-1,4.030113220E-1,3.893751502E-1,5.954054685E-1
2.678071250E-1,1.857848912E-1,4.218771458E-1,4.901995063E-1,6.728981408E-1
2.778231250E-1,1.770654470E-1,4.537584782E-1,5.786152482E-1,7.563362575E-1
2.878391250E-1,1.688120514E-1,4.684593976E-1,6.627621055E-1,8.289784824E-1
2.978541250E-1,1.458365619E-1,4.685784280E-1,7.391052246E-1,8.871925265E-1
3.078701250E-1,1.109851077E-1,4.477101564E-1,8.059061170E-1,9.285724246E-1
3.178861250E-1,7.795733958E-2,4.123996794E-1,8.677335382E-1,9.639047337E-1
3.279021250E-1,5.298141390E-2,3.809573352E-1,9.160709977E-1,9.935399309E-1
3.379181250E-1,2.783202566E-2,3.818792105E-1,9.517017603E-1,1.025837508E0
3.479341250E-1,-7.527477574E-4,3.952549398E-1,9.807834625E-1,1.057432378E0
3.579501250E-1,-2.390478738E-2,4.078701437E-1,9.939047694E-1,1.074605129E0
3.679661250E-1,-3.838918731E-2,4.046373367E-1,9.986388087E-1,1.078185779E0
3.779821250E-1,-6.566126645E-2,3.965342045E-1,9.886978865E-1,1.067274233E0
3.879981250E-1,-9.170831740E-2,3.744930923E-1,9.691735506E-1,1.043049789E0
3.980141250E-1,-1.140360683E-1,3.428916931E-1,9.391486049E-1,1.006269864E0
4.080301250E-1,-1.331242770E-1,3.137708306E-1,9.021288157E-1,9.643705757E-1
4.180461250E-1,-1.383577436E-1,2.905634940E-1,8.518489599E-1,9.106133426E-1
4.280621250E-1,-1.393252611E-1,2.700795233E-1,7.962698936E-1,8.522911597E-1
4.380781250E-1,-1.364379674E-1,2.542643845E-1,7.352427244E-1,7.898402117E-1
4.480941250E-1,-1.286556721E-1,2.407374233E-1,6.606944203E-1,7.148593610E-1
4.581101250E-1,-1.206190437E-1,2.215930820E-1,5.840823054E-1,6.362425537E-1
4.681261250E-1,-1.103363112E-1,1.987876445E-1,5.049912333E-1,5.538111365E-1
4.781421250E-1,-9.546839446E-2,1.738714576E-1,4.161203504E-1,4.609790061E-1
4.881582917E-1,-7.872670144E-2,1.407574415E-1,3.266008496E-1,3.642508282E-1
4.981732917E-1,-5.979377776E-2,1.096292734E-1,2.313365191E-1,2.628886809E-1
5.081892917E-1,-3.579496592E-2,7.856003940E-2,1.347516477E-1,1.600342649E-1
5.182052917E-1,-6.998966448E-3,4.876553640E-2,3.911929950E-2,6.290773136E-2
5.282212917E-1,1.832955889E-2,1.918394491E-2,-5.844613910E-2,6.418681833E-2
5.382372917E-1,4.374619201E-2,-9.560567327E-3,-1.531136483E-1,1.595271860E-1
5.482532917E-1,6.520168483E-2,-3.505420685E-2,-2.496407032E-1,2.603853641E-1
5.582692917E-1,8.674324304E-2,-6.131115556E-2,-3.401325941E-1,3.563335931E-1
5.682852917E-1,1.065608934E-1,-8.505322784E-2,-4.287577868E-1,4.499138976E-1
5.783012917E-1,1.302899569E-1,-1.067045853E-1,-5.122280717E-1,5.392021317E-1
5.883172917E-1,1.464372426E-1,-1.334813386E-1,-5.883560777E-1,6.208252636E-1
5.983332917E-1,1.550082117E-1,-1.616065353E-1,-6.603332758E-1,6.972691396E-1
6.083492917E-1,1.628421545E-1,-1.922477931E-1,-7.256459594E-1,7.681398568E-1
6.183652917E-1,1.644252986E-1,-2.220279127E-1,-7.853479385E-1,8.325283523E-1
6.283812917E-1,1.594047099E-1,-2.401589751E-1,-8.349277973E-1,8.832839983E-1
6.383972917E-1,1.555676758E-1,-2.610073686E-1,-8.744326830E-1,9.257206195E-1
6.484132917E-1,1.462615281E-1,-2.806026340E-1,-9.053895473E-1,9.590935852E-1
6.584292917E-1,1.319565475E-1,-2.900561094E-1,-9.241787195E-1,9.775742338E-1
6.684452917E-1,1.158872917E-1,-3.077373803E-1,-9.353789091E-1,9.914967792E-1
6.784612917E-1,9.445876628E-2,-3.287023306E-1,-9.402340055E-1,1.000503706E0
6.884772917E-1,7.090230286E-2,-3.457079530E-1,-9.286487103E-1,9.934432809E-1
6.984922917E-1,4.385636002E-2,-3.653922379E-1,-9.088894129E-1,9.805686272E-1
7.085082917E-1,1.532884408E-2,-3.764384985E-1,-8.777658939E-1,9.552035810E-1
7.185242917E-1,-1.327809040E-2,-3.877566159E-1,-8.374903798E-1,9.229960114E-1
7.285402917E-1,-4.161226004E-2,-3.941457868E-1,-7.911721468E-1,8.848931276E-1
7.385562917E-1,-7.040595263E-2,-4.025616348E-1,-7.314990759E-1,8.379163240E-1
7.485722917E-1,-9.373924136E-2,-4.097948074E-1,-6.637735367E-1,7.856934119E-1
7.585882917E-1,-1.200515777E-1,-4.120011032E-1,-5.883636475E-1,7.282369614E-1
7.686042917E-1,-1.429659426E-1,-4.233320653E-1,-5.050786138E-1,6.743542870E-1
7.786202917E-1,-1.631279737E-1,-4.299072921E-1,-4.153829515E-1,6.196563661E-1
7.886362917E-1,-1.767899841E-1,-4.367007315E-1,-3.222586215E-1,5.708001809E-1
7.986522917E-1,-1.889006197E-1,-4.414410889E-1,-2.213404179E-1,5.287203984E-1
8.086682917E-1,-1.942336112E-1,-4.404176176E-1,-1.243286431E-1,4.971438274E-1
8.186842917E-1,-1.935417354E-1,-4.385071397E-1,-2.217995189E-2,4.798321219E-1
8.287002917E-1,-1.903571188E-1,-4.365635514E-1,7.880125940E-2,4.827351299E-1
8.387162917E-1,-1.840210259E-1,-4.346318245E-1,1.791010350E-1,5.048224852E-1
8.487322917E-1,-1.686473936E-1,-4.326483011E-1,2.781123221E-1,5.412697659E-1
8.587482917E-1,-1.522250772E-1,-4.264372289E-1,3.710651398E-1,5.854148292E-1
8.687642917E-1,-1.308140606E-1,-4.236393273E-1,4.615726769E-1,6.400249480E-1
8.787802917E-1,-1.046062186E-1,-4.194808304E-1,5.450581908E-1,6.956975345E-1
8.887962917E-1,-7.726781070E-2,-4.124495685E-1,6.225340366E-1,7.507553449E-1
8.988122917E-1,-4.888884351E-2,-4.058220387E-1,6.940833330E-1,8.055019052E-1
9.088272917E-1,-1.674848422E-2,-3.985446990E-1,7.531656027E-1,8.522774278E-1
9.188432917E-1,1.519629732E-2,-3.906290829E-1,8.036497831E-1,8.936861764E-1
9.288592917E-1,4.618617147E-2,-3.806115985E-1,8.447282314E-1,9.276659616E-1
9.388752917E-1,7.459261268E-2,-3.665231168E-1,8.782691360E-1,9.545993548E-1
9.488912917E-1,1.086216867E-1,-3.552307785E-1,8.980016112E-1,9.717996041E-1
9.589072917E-1,1.341149062E-1,-3.463617265E-1,9.105234742E-1,9.833647598E-1
9.689232917E-1,1.553876996E-1,-3.362840712E-1,9.086083770E-1,9.812244883E-1
9.789392917E-1,1.780399233E-1,-3.253300786E-1,8.982450366E-1,9.717931982E-1
9.889552917E-1,1.948753595E-1,-3.097625673E-1,8.770374656E-1,9.503283484E-1
9.989712917E-1,2.054286599E-1,-2.911231518E-1,8.464337587E-1,9.183701496E-1
1.008987292E0,2.093317807E-1,-2.751716077E-1,8.079465032E-1,8.788155438E-1
1.019003292E0,2.118598372E-1,-2.535439432E-1,7.596505880E-1,8.283949165E-1
1.029019292E0,2.105879039E-1,-2.367497832E-1,7.055720091E-1,7.734530271E-1
1.039035292E0,1.985555589E-1,-2.162848860E-1,6.416972876E-1,7.056761798E-1
1.049051292E0,1.875638962E-1,-1.979921609E-1,5.749467611E-1,6.363528024E-1
1.059067292E0,1.673378497E-1,-1.757841259E-1,4.992237985E-1,5.550913581E-1
1.069083292E0,1.460011303E-1,-1.573300213E-1,4.196831882E-1,4.713841789E-1
1.079099292E0,1.207187846E-1,-1.356602162E-1,3.386743963E-1,3.842877384E-1
1.089115292E0,9.464058280E-2,-1.102656424E-1,2.535190284E-1,2.922109676E-1
1.099131292E0,5.981656536E-2,-8.438984305E-2,1.642797887E-1,1.941327280E-1
1.109147292E0,2.640214562E-2,-5.754943565E-2,7.462579757E-2,9.786736177E-2
1.119162292E0,-4.590655677E-3,-3.333650902E-2,-1.691982523E-2,3.766533471E-2
1.129178292E0,-4.106983542E-2,-1.018671505E-2,-1.052659377E-1,1.134522728E-1
1.139194292E0,-7.170058042E-2,1.283798460E-2,-1.919213533E-1,2.052793047E-1
1.149210292E0,-1.040790230E-1,4.010982066E-2,-2.808102071E-1,3.021516394E-1
1.159226292E0,-1.325038522E-1,6.395477802E-2,-3.623580337E-1,3.910892853E-1
1.169242292E0,-1.585857868E-1,8.968597651E-2,-4.405939877E-1,4.767767697E-1
1.179258292E0,-1.836809665E-1,1.112446785E-1,-5.146632791E-1,5.576668959E-1
1.189274292E0,-2.032661289E-1,1.343396157E-1,-5.834279656E-1,6.322597904E-1
1.199290292E0,-2.187563181E-1,1.560452878E-1,-6.465422511E-1,7.001580829E-1
1.209306292E0,-2.303850055E-1,1.794094741E-1,-7.055206299E-1,7.635603246E-1
1.219322292E0,-2.353333533E-1,1.987461895E-1,-7.519934177E-1,8.126351797E-1
1.229338292E0,-2.355117798E-1,2.134867907E-1,-7.914180756E-1,8.528686760E-1
1.239354292E0,-2.286810428E-1,2.360014170E-1,-8.234015703E-1,8.865561653E-1
1.249370292E0,-2.235065103E-1,2.537907958E-1,-8.477374911E-1,9.127013652E-1
1.259386292E0,-2.075540572E-1,2.720794678E-1,-8.620010614E-1,9.274436659E-1
1.269402292E0,-1.886778474E-1,2.886690795E-1,-8.672517538E-1,9.333031512E-1
1.279418292E0,-1.691199988E-1,3.053231537E-1,-8.604283929E-1,9.285261555E-1
1.289434292E0,-1.403842121E-1,3.189068735E-1,-8.472220302E-1,9.160755915E-1
1.299450292E0,-1.133591980E-1,3.308372498E-1,-8.237135410E-1,8.948785344E-1
1.309466292E0,-8.169394732E-2,3.439961970E-1,-7.890444994E-1,8.646377892E-1
1.319482292E0,-5.050102994E-2,3.570509553E-1,-7.444548607E-1,8.271933137E-1
1.329497292E0,-1.615450718E-2,3.668138385E-1,-6.931250691E-1,7.843696333E-1
1.339513292E0,1.391910296E-2,3.785367906E-1,-6.347751617E-1,7.392045382E-1
1.349529292E0,4.892395809E-2,3.895407319E-1,-5.682770610E-1,6.907056924E-1
1.359545292E0,7.739244401E-2,4.000616372E-1,-4.932356775E-1,6.397814763E-1
1.369561292E0,1.045226008E-1,4.055022001E-1,-4.147933424E-1,5.894154097E-1
1.379577292E0,1.260180920E-1,4.113152623E-1,-3.306992352E-1,5.426073983E-1
1.389593292E0,1.492051631E-1,4.178583622E-1,-2.379953861E-1,5.034973638E-1
1.399609292E0,1.624174565E-1,4.186012447E-1,-1.472671777E-1,4.725400024E-1
1.409625292E0,1.758262068E-1,4.242311716E-1,-5.595696345E-2,4.626209288E-1
1.419641292E0,1.821071357E-1,4.236489236E-1,3.709287196E-2,4.626200390E-1
1.429657292E0,1.878944486E-1,4.250779748E-1,1.332681328E-1,4.834831990E-1
1.439673292E0,1.889876723E-1,4.278529882E-1,2.249756902E-1,5.190265707E-1
1.449689292E0,1.817753017E-1,4.250084758E-1,3.102865815E-1,5.567335336E-1
1.459705292E0,1.702496707E-1,4.285664558E-1,3.954395652E-1,6.074756021E-1
1.469721292E0,1.599490941E-1,4.239314795E-1,4.731668532E-1,6.551247842E-1
1.479737292E0,1.443581879E-1,4.204924703E-1,5.431850553E-1,7.019282073E-1
1.489753542E0,1.278916001E-1,4.171765745E-1,6.103094816E-1,7.502467721E-1
1.499769542E0,1.063711420E-1,4.109554589E-1,6.701779366E-1,7.933080585E-1
1.509785542E0,8.202399313E-2,4.086145461E-1,7.182240486E-1,8.303851918E-1
1.519801542E0,5.937945843E-2,4.059665203E-1,7.598937154E-1,8.635816084E-1
1.529817542E0,3.870347515E-2,3.948406577E-1,7.912034392E-1,8.850988568E-1
1.539832542E0,1.352461707E-2,3.847898841E-1,8.127819896E-1,8.993668510E-1
1.549848542E0,-1.230884437E-2,3.786451519E-1,8.247749805E-1,9.076218525E-1
1.559864542E0,-3.300596029E-2,3.675329983E-1,8.311427236E-1,9.093778781E-1
1.569880542E0,-4.684028402E-2,3.528174460E-1,8.275170922E-1,9.008100246E-1
1.579896542E0,-6.376861781E-2,3.386274576E-1,8.124134541E-1,8.824684765E-1
1.589912542E0,-7.753476501E-2,3.271710873E-1,7.878373265E-1,8.565863723E-1
1.599928542E0,-9.266450256E-2,3.109171093E-1,7.538055182E-1,8.206576132E-1
1.609944542E0,-1.002912596E-1,2.879473269E-1,7.151779532E-1,7.774647932E-1
1.619960542E0,-1.018646732E-1,2.659916580E-1,6.687741280E-1,7.269021997E-1
1.629976542E0,-1.043768376E-1,2.476805449E-1,6.151551008E-1,6.713091498E-1
1.639992542E0,-9.931705892E-2,2.289027572E-1,5.561828017E-1,6.095897468E-1
1.650008542E0,-9.156646580E-2,2.028077692E-1,4.906552136E-1,5.387559257E-1
1.660024542E0,-8.315638453E-2,1.785365641E-1,4.213247597E-1,4.650858439E-1
1.670040542E0,-7.462281734E-2,1.562323123E-1,3.449527621E-1,3.859656829E-1
1.680056542E0,-5.440771207E-2,1.264764816E-1,2.691496313E-1,3.023210603E-1
1.690072542E0,-4.431805760E-2,9.698916227E-2,1.924585998E-1,2.200256814E-1
1.700088542E0,-2.669321373E-2,6.634777039E-2,1.103474796E-1,1.314957054E-1
1.710104542E0,-6.729891058E-3,4.373940080E-2,2.776977234E-2,5.224544834E-2
1.720120542E0,1.243500225E-2,1.350347418E-2,-5.231024325E-2,5.543766450E-2
1.730136542E0,3.610784188E-2,-1.408980414E-2,-1.349627823E-1,1.404181307E-1
1.740152542E0,5.552965030E-2,-3.673397750E-2,-2.128745466E-1,2.230437172E-1
1.750168542E0,7.097332180E-2,-6.036101282E-2,-2.933824360E-1,3.078212437E-1
1.760184542E0,9.011773765E-2,-8.587162197E-2,-3.629323542E-1,3.836861163E-1
1.770199542E0,1.014641374E-1,-1.114582121E-1,-4.348387718E-1,4.602202318E-1
1.780215542E0,1.152324528E-1,-1.350898743E-1,-4.995097518E-1,5.301299694E-1
1.790231542E0,1.203142926E-1,-1.615744829E-1,-5.600047708E-1,5.951362750E-1
1.800247542E0,1.245072111E-1,-1.853555590E-1,-6.148548722E-1,6.541446650E-1
1.810263542E0,1.280705333E-1,-2.094886005E-1,-6.593008637E-1,7.035376068E-1
1.820279542E0,1.227185205E-1,-2.287839204E-1,-7.017530203E-1,7.482374082E-1
1.830295542E0,1.197189987E-1,-2.500599027E-1,-7.332794666E-1,7.839396467E-1
1.840311542E0,1.090706065E-1,-2.698062658E-1,-7.569636106E-1,8.109782526E-1
1.850327542E0,9.826643020E-2,-2.866150737E-1,-7.758049369E-1,8.328732148E-1
1.860343542E0,8.048827946E-2,-3.049552143E-1,-7.825957537E-1,8.437607241E-1
1.870359542E0,6.285362691E-2,-3.219789565E-1,-7.811611295E-1,8.472506931E-1
1.880375542E0,4.016722739E-2,-3.354641497E-1,-7.725659609E-1,8.432127643E-1
1.890391542E0,1.759347506E-2,-3.503874242E-1,-7.546170354E-1,8.321825206E-1
1.900407542E0,-5.030792207E-3,-3.640152514E-1,-7.274668217E-1,8.134742705E-1
1.910423542E0,-2.664607204E-2,-3.756031990E-1,-6.896267533E-1,7.857307651E-1
1.920439542E0,-5.267005786E-2,-3.840996623E-1,-6.466576457E-1,7.539713498E-1
1.930455542E0,-7.460757345E-2,-3.928854465E-1,-5.951300263E-1,7.170111661E-1
1.940471542E0,-9.841781855E-2,-4.002306163E-1,-5.366168022E-1,6.766300360E-1
1.950487542E0,-1.170474291E-1,-4.061758518E-1,-4.737209082E-1,6.348940243E-1
1.960503542E0,-1.351654530E-1,-4.130404294E-1,-4.019219279E-1,5.919572046E-1
1.970519542E0,-1.497915387E-1,-4.198341370E-1,-3.247754872E-1,5.515227327E-1
1.980535542E0,-1.613752693E-1,-4.242626727E-1,-2.459352762E-1,5.162605476E-1
1.990551542E0,-1.713895500E-1,-4.234802425E-1,-1.633189619E-1,4.851628355E-1
2.000566542E0,-1.718431413E-1,-4.271170199E-1,-7.734620571E-2,4.668419962E-1
2.010582542E0,-1.727792472E-1,-4.278509915E-1,6.601694040E-3,4.614680071E-1
2.020598542E0,-1.674410850E-1,-4.240645766E-1,8.905667067E-2,4.645410344E-1
2.030614542E0,-1.605685353E-1,-4.259951115E-1,1.753185987E-1,4.878429057E-1
2.040630542E0,-1.466803402E-1,-4.213507771E-1,2.552282214E-1,5.139971251E-1
2.050646542E0,-1.306632906E-1,-4.185283780E-1,3.347094655E-1,5.516061321E-1
2.060662542E0,-1.135209128E-1,-4.146217704E-1,4.109748602E-1,5.947256055E-1
2.070678542E0,-9.122785181E-2,-4.074072838E-1,4.768857062E-1,6.338163713E-1
2.080694542E0,-6.816392392E-2,-4.038177133E-1,5.409552455E-1,6.784892362E-1
2.090710542E0,-4.123457149E-2,-3.952410221E-1,5.964437723E-1,7.167014225E-1
2.100726542E0,-1.631131954E-2,-3.882158995E-1,6.427547932E-1,7.510734770E-1
2.110742542E0,1.166412234E-2,-3.813782334E-1,6.863886118E-1,7.853118712E-1
2.120758542E0,3.593552113E-2,-3.701331913E-1,7.207494378E-1,8.110300199E-1
2.130774542E0,5.934364349E-2,-3.627447784E-1,7.447384000E-1,8.305063074E-1
2.140790542E0,8.578711003E-2,-3.488900065E-1,7.589694262E-1,8.397131979E-1
2.150806542E0,1.053637415E-1,-3.385678530E-1,7.652760744E-1,8.434317869E-1
2.160822542E0,1.246026233E-1,-3.298592567E-1,7.612219453E-1,8.389229959E-1
2.170838542E0,1.443182677E-1,-3.109947443E-1,7.487354279E-1,8.234987761E-1
2.180854542E0,1.558806747E-1,-2.952823043E-1,7.302559018E-1,8.029720457E-1
2.190870542E0,1.631558985E-1,-2.793483436E-1,7.059252262E-1,7.765215833E-1
2.200886542E0,1.670001447E-1,-2.643676102E-1,6.684802771E-1,7.380007876E-1
2.210902542E0,1.675833762E-1,-2.500986457E-1,6.256284118E-1,6.942941957E-1
2.220918542E0,1.606052965E-1,-2.248383462E-1,5.772467256E-1,6.399688472E-1
2.230934542E0,1.571093649E-1,-2.051008642E-1,5.266253948E-1,5.865867570E-1
2.240949542E0,1.436604857E-1,-1.871667355E-1,4.612847865E-1,5.181248655E-1
2.250965542E0,1.286272109E-1,-1.671847701E-1,3.977790475E-1,4.502486839E-1
2.260981542E0,1.073350608E-1,-1.450801492E-1,3.311733305E-1,3.771536024E-1
2.270997542E0,8.755043894E-2,-1.213511303E-1,2.572660744E-1,2.976188993E-1
2.281013542E0,6.518783420E-2,-1.018223166E-1,1.873448640E-1,2.229693610E-1
2.291029542E0,3.661318123E-2,-7.481786609E-2,1.117510423E-1,1.393791002E-1
2.301045542E0,1.515179779E-2,-5.143253505E-2,3.123260289E-2,6.205125399E-2
2.311061542E0,-1.653688960E-2,-2.780550532E-2,-4.167968780E-2,5.276183487E-2
2.321077542E0,-4.068845883E-2,-2.685134299E-3,-1.192221269E-1,1.260026832E-1
2.331093542E0,-6.938774139E-2,1.991391927E-2,-1.935687810E-1,2.065916160E-1
2.341109542E0,-9.747521579E-2,4.407662898E-2,-2.601864934E-1,2.813204192E-1
2.351125542E0,-1.184934154E-1,6.846878678E-2,-3.323602974E-1,3.594329306E-1
2.361141542E0,-1.376469731E-1,9.226083010E-2,-3.975369334E-1,4.306905657E-1
2.371157542E0,-1.557138562E-1,1.153959706E-1,-4.572055936E-1,4.965883505E-1
2.381173542E0,-1.713625789E-1,1.377295852E-1,-5.169430971E-1,5.617514911E-1
2.391189542E0,-1.838309616E-1,1.595744342E-1,-5.665881634E-1,6.166684436E-1
2.401205542E0,-1.877153218E-1,1.772293299E-1,-6.101853251E-1,6.625506837E-1
2.411221542E0,-1.908748895E-1,1.976469904E-1,-6.482528448E-1,7.040804692E-1
2.421237542E0,-1.885628104E-1,2.204992622E-1,-6.839765310E-1,7.429668587E-1
2.431253542E0,-1.834255755E-1,2.387421727E-1,-7.072815895E-1,7.686937060E-1
2.441269542E0,-1.734922081E-1,2.569955587E-1,-7.222228646E-1,7.859720922E-1
2.451285542E0,-1.567856669E-1,2.715564072E-1,-7.289731503E-1,7.935530741E-1
2.461301542E0,-1.416326612E-1,2.861900926E-1,-7.288948894E-1,7.957715373E-1
2.471317542E0,-1.227694973E-1,3.018468320E-1,-7.218508124E-1,7.919927114E-1
2.481333542E0,-1.008165255E-1,3.128882945E-1,-7.063626647E-1,7.791092803E-1
2.491348917E0,-7.299775630E-2,3.270111680E-1,-6.807469130E-1,7.587366710E-1
2.501363917E0,-4.982912540E-2,3.424897492E-1,-6.515739560E-1,7.377877677E-1
2.511379917E0,-2.299537882E-2,3.533307016E-1,-6.095266342E-1,7.049071499E-1
2.521395917E0,6.869032513E-3,3.655982018E-1,-5.652854443E-1,6.732435386E-1
2.531411917E0,3.399732336E-2,3.734409511E-1,-5.121825337E-1,6.347794182E-1
2.541427917E0,5.550117791E-2,3.867521286E-1,-4.534201622E-1,5.985377459E-1
2.551443917E0,8.255276829E-2,3.931487799E-1,-3.874400854E-1,5.581135569E-1
2.561459917E0,1.044482812E-1,3.977505565E-1,-3.184281886E-1,5.201071619E-1
2.571475917E0,1.218278036E-1,4.025287926E-1,-2.472359985E-1,4.878494456E-1
2.581491917E0,1.382229477E-1,4.063638151E-1,-1.679639518E-1,4.609219268E-1
2.591507917E0,1.534122825E-1,4.112866819E-1,-9.330837429E-2,4.487744599E-1
2.601523917E0,1.601327211E-1,4.126907289E-1,-1.264737360E-2,4.428499544E-1
2.611539917E0,1.652339995E-1,4.153964818E-1,6.766504794E-2,4.521449661E-1
2.621555917E0,1.696738303E-1,4.171981812E-1,1.409646124E-1,4.719264275E-1
2.631571917E0,1.682431698E-1,4.132407308E-1,2.211990058E-1,4.979986606E-1
2.641587917E0,1.596127450E-1,4.137675166E-1,2.916781008E-1,5.308068393E-1
2.651603917E0,1.528845429E-1,4.105301797E-1,3.602350652E-1,5.671666547E-1
2.661619917E0,1.401568353E-1,4.107371271E-1,4.234165847E-1,6.063254326E-1
2.671635917E0,1.281265318E-1,4.083373547E-1,4.825747013E-1,6.450070897E-1
2.681651917E0,1.104222313E-1,4.041830301E-1,5.336264968E-1,6.784646115E-1
2.691667917E0,9.141498804E-2,4.014431834E-1,5.774597526E-1,7.092059612E-1
2.701683917E0,7.304344326E-2,3.967222571E-1,6.170553565E-1,7.372117789E-1
2.711699917E0,5.718005821E-2,3.892422318E-1,6.483222246E-1,7.583539945E-1
2.721715917E0,3.682269901E-2,3.776203096E-1,6.705175638E-1,7.704198938E-1
2.731731917E0,1.436292659E-2,3.725845516E-1,6.845588088E-1,7.795167121E-1
2.741747917E0,-1.014620997E-3,3.595570028E-1,6.917632818E-1,7.796272865E-1
2.751763917E0,-1.800239272E-2,3.447189331E-1,6.927257180E-1,7.739665041E-1
2.761779917E0,-3.360439092E-2,3.390140831E-1,6.856472492E-1,7.656186740E-1
2.771794917E0,-4.933062196E-2,3.271057606E-1,6.669028401E-1,7.444401165E-1
2.781810917E0,-5.416490138E-2,3.068358302E-1,6.421945691E-1,7.137898345E-1
2.791826917E0,-6.229260191E-2,2.897540629E-1,6.119391918E-1,6.799318787E-1
2.801842917E0,-7.141906768E-2,2.730264068E-1,5.746579170E-1,6.402154509E-1
2.811858917E0,-7.642527670E-2,2.502649128E-1,5.345454216E-1,5.951572542E-1
2.821874917E0,-7.473883033E-2,2.277628034E-1,4.844344854E-1,5.404984348E-1
2.831890917E0,-7.215396315E-2,2.062018514E-1,4.339148402E-1,4.858060173E-1
2.841906917E0,-6.673611701E-2,1.887242049E-1,3.759174049E-1,4.258925101E-1
2.851922917E0,-5.891441926E-2,1.647461802E-1,3.151699007E-1,3.604778481E-1
2.861938917E0,-4.719696939E-2,1.359720975E-1,2.516748905E-1,2.899245001E-1
2.871954917E0,-3.562020883E-2,1.107266471E-1,1.845877320E-1,2.181784142E-1
2.881970917E0,-2.573808655E-2,8.902238309E-2,1.182030514E-1,1.501978533E-1
2.891986917E0,-9.416904300E-3,6.012602150E-2,5.229061469E-2,8.023792703E-2
2.902002917E0,9.800340980E-3,3.060939908E-2,-1.903237961E-2,3.735255639E-2
2.912018917E0,2.530553192E-2,6.432157010E-3,-8.818721771E-2,9.197134313E-2
2.922034917E0,3.834493086E-2,-1.916811988E-2,-1.557370722E-1,1.615295212E-1
2.932050917E0,5.127670988E-2,-4.092161730E-2,-2.198516130E-1,2.294310604E-1
2.942066917E0,6.939113140E-2,-6.547436118E-2,-2.803292572E-1,2.961190868E-1
2.952082917E0,7.715184987E-2,-8.862388134E-2,-3.440523148E-1,3.635637435E-1
2.962098917E0,8.916226774E-2,-1.101277471E-1,-4.006569684E-1,4.249753369E-1
2.972114917E0,9.753764421E-2,-1.385886818E-1,-4.506570399E-1,4.814687761E-1
2.982130917E0,9.851983935E-2,-1.634005755E-1,-4.978691339E-1,5.331787518E-1
2.992146917E0,9.877496958E-2,-1.828304678E-1,-5.407630801E-1,5.793169973E-1
3.002162917E0,9.881700575E-2,-2.045403272E-1,-5.756102800E-1,6.188123630E-1
3.012178917E0,9.492053092E-2,-2.233094871E-1,-6.051780581E-1,6.520103652E-1
3.022194917E0,8.826955408E-2,-2.444643080E-1,-6.292319894E-1,6.807989487E-1
3.032210917E0,7.583392411E-2,-2.605711222E-1,-6.457456946E-1,7.004538499E-1
3.042226917E0,6.424999237E-2,-2.795999646E-1,-6.533054709E-1,7.135210159E-1
3.052242917E0,4.918715358E-2,-2.978309095E-1,-6.532887220E-1,7.196587949E-1
3.062257917E0,3.075942583E-2,-3.135417700E-1,-6.448626518E-1,7.177063630E-1
3.072273917E0,1.262569707E-2,-3.285071254E-1,-6.308696270E-1,7.113879574E-1
3.082289917E0,-5.487482995E-3,-3.415594995E-1,-6.104626656E-1,6.995410425E-1
3.092305917E0,-2.706654370E-2,-3.517577946E-1,-5.827943087E-1,6.812601192E-1
3.102321917E0,-4.591422155E-2,-3.638420999E-1,-5.485466123E-1,6.598428413E-1
3.112337917E0,-6.509563327E-2,-3.710619211E-1,-5.046148896E-1,6.297305595E-1
3.122353917E0,-8.730552346E-2,-3.837690055E-1,-4.611758888E-1,6.062871468E-1
3.132369917E0,-1.008415744E-1,-3.879629374E-1,-4.062932134E-1,5.707525200E-1
3.142385917E0,-1.200696453E-1,-3.963171542E-1,-3.468746245E-1,5.401907177E-1
3.152401917E0,-1.310850084E-1,-4.035268724E-1,-2.837496996E-1,5.104224801E-1
3.162417917E0,-1.454093158E-1,-4.078077674E-1,-2.167291343E-1,4.841720375E-1
3.172433917E0,-1.491944641E-1,-4.114645422E-1,-1.493956298E-1,4.624728227E-1
3.182449917E0,-1.557862312E-1,-4.133095443E-1,-8.003370464E-2,4.488869826E-1
3.192465917E0,-1.563260555E-1,-4.123718441E-1,-5.395686254E-3,4.410413664E-1
3.202481917E0,-1.510999203E-1,-4.163773656E-1,6.519085914E-2,4.477177064E-1
3.212497917E0,-1.474743038E-1,-4.150111675E-1,1.344216019E-1,4.604911579E-1
3.222513917E0,-1.401739269E-1,-4.141617119E-1,2.040313482E-1,4.825012378E-1
3.232529917E0,-1.271830201E-1,-4.096359313E-1,2.697632313E-1,5.067043692E-1
3.242545917E0,-1.140304282E-1,-4.056903124E-1,3.313431144E-1,5.360744608E-1
3.252561917E0,-9.291316569E-2,-4.030969143E-1,3.928067386E-1,5.704534272E-1
3.262577917E0,-7.552134246E-2,-3.966487348E-1,4.475863874E-1,6.027995240E-1
3.272593917E0,-5.605043471E-2,-3.908856511E-1,4.967265129E-1,6.345632136E-1
3.282609917E0,-3.548130766E-2,-3.872318566E-1,5.393441916E-1,6.649057008E-1
3.292625917E0,-1.388839725E-2,-3.810290992E-1,5.739338398E-1,6.890399948E-1
3.302641917E0,1.006416976E-2,-3.687247932E-1,6.015968919E-1,7.056756202E-1
3.312657917E0,3.349545971E-2,-3.587222397E-1,6.251163483E-1,7.215081704E-1
3.322673917E0,5.203579366E-2,-3.471834958E-1,6.384555101E-1,7.286079481E-1
3.332689917E0,7.317623496E-2,-3.422747552E-1,6.467787027E-1,7.354110822E-1
3.342705917E0,8.844495565E-2,-3.275173306E-1,6.464331746E-1,7.300451776E-1
3.352721917E0,1.025591791E-1,-3.147480190E-1,6.377038956E-1,7.185060606E-1
3.362736917E0,1.144998819E-1,-3.022614121E-1,6.213322878E-1,7.003756107E-1
3.372753917E0,1.225863025E-1,-2.850619256E-1,6.011202335E-1,6.764859482E-1
3.382768917E0,1.279396117E-1,-2.693856359E-1,5.719441175E-1,6.450249907E-1
3.392784917E0,1.299148798E-1,-2.522945404E-1,5.380955935E-1,6.083397725E-1
3.402800917E0,1.252489537E-1,-2.368014008E-1,4.978142083E-1,5.653151243E-1
3.412816917E0,1.237051263E-1,-2.198067009E-1,4.500618577E-1,5.159201681E-1
3.422832917E0,1.138863191E-1,-1.973052919E-1,4.000546634E-1,4.603728984E-1
3.432848917E0,1.028067693E-1,-1.772415638E-1,3.471714556E-1,4.031275522E-1
3.442864917E0,8.917232603E-2,-1.578144580E-1,2.854262590E-1,3.381201802E-1
3.452880917E0,6.964256614E-2,-1.342516094E-1,2.298455536E-1,2.751409824E-1
3.462896917E0,5.249277502E-2,-1.108268872E-1,1.653073132E-1,2.058266216E-1
3.472912917E0,3.053821065E-2,-9.217357635E-2,1.027097180E-1,1.413429753E-1
3.482928917E0,1.084524859E-2,-6.767155230E-2,3.415275365E-2,7.657329162E-2
3.492944500E0,-1.285209134E-2,-4.337766394E-2,-2.951596677E-2,5.401842533E-2
3.502960500E0,-3.409612551E-2,-2.090963908E-2,-9.327870607E-2,1.014922450E-1
3.512976500E0,-5.624883249E-2,6.199475378E-3,-1.567988247E-1,1.666980386E-1
3.522992500E0,-7.689873129E-2,2.695463784E-2,-2.169426233E-1,2.317413842E-1
3.533008500E0,-9.287530184E-2,5.155265331E-2,-2.730623484E-1,2.929958086E-1
3.543024500E0,-1.124598458E-1,7.475879043E-2,-3.333203197E-1,3.596366627E-1
3.553040500E0,-1.267919242E-1,9.744332731E-2,-3.853608668E-1,4.172222330E-1
3.563056500E0,-1.403097957E-1,1.206585094E-1,-4.339214861E-1,4.717342163E-1
3.573072500E0,-1.497698724E-1,1.411557794E-1,-4.787113369E-1,5.210763022E-1
3.583088500E0,-1.538681537E-1,1.636715382E-1,-5.174868703E-1,5.641422179E-1
3.593104500E0,-1.569864601E-1,1.809258908E-1,-5.492453575E-1,5.992073008E-1
3.603120500E0,-1.570997089E-1,2.009489834E-1,-5.786523223E-1,6.323759345E-1
3.613136500E0,-1.506673694E-1,2.209818214E-1,-5.948104858E-1,6.521756939E-1
3.623152500E0,-1.454333365E-1,2.380072325E-1,-6.134967804E-1,6.739262554E-1
3.633168500E0,-1.325681359E-1,2.546059489E-1,-6.197184324E-1,6.829710355E-1
3.643184500E0,-1.206726357E-1,2.701705098E-1,-6.197125316E-1,6.867296493E-1
3.653200500E0,-1.004414037E-1,2.839371860E-1,-6.139717698E-1,6.838641205E-1
3.663216500E0,-8.329511434E-2,2.945758402E-1,-6.016290784E-1,6.750337397E-1
3.673232500E0,-6.612811238E-2,3.123170137E-1,-5.820662975E-1,6.638644583E-1
3.683248500E0,-3.974351659E-2,3.247684836E-1,-5.559759736E-1,6.451072766E-1
3.693264500E0,-1.644272171E-2,3.394217491E-1,-5.229921937E-1,6.236972996E-1
3.703280500E0,9.929854423E-3,3.506785035E-1,-4.852664769E-1,5.987967672E-1
3.713295500E0,3.101703152E-2,3.616528511E-1,-4.388231039E-1,5.694914903E-1
3.723311500E0,5.345078558E-2,3.692266345E-1,-3.905949593E-1,5.401386084E-1
3.733327500E0,7.233339548E-2,3.749492466E-1,-3.337638974E-1,5.071660447E-1
3.743343500E0,8.926293254E-2,3.862726092E-1,-2.758277059E-1,4.829651365E-1
3.753359500E0,1.090765893E-1,3.904691935E-1,-2.157617062E-1,4.592570166E-1
3.763375500E0,1.250029504E-1,3.958443105E-1,-1.485311985E-1,4.408854417E-1
3.773391500E0,1.371195316E-1,4.045429826E-1,-8.567686379E-2,4.356573375E-1
3.783407500E0,1.471764892E-1,4.041594267E-1,-1.591746695E-2,4.304173869E-1
3.793423500E0,1.507626921E-1,4.072585404E-1,4.885939881E-2,4.370081794E-1
3.803439500E0,1.545588821E-1,4.054506123E-1,1.168169156E-1,4.493604776E-1
3.813455500E0,1.555610299E-1,4.072445035E-1,1.795948148E-1,4.714887243E-1
3.823471500E0,1.497408301E-1,4.050230086E-1,2.397228032E-1,4.938957138E-1
3.833487500E0,1.428991705E-1,4.043697119E-1,2.980236709E-1,5.222577383E-1
3.843503500E0,1.327425987E-1,4.063223302E-1,3.554455340E-1,5.559316156E-1
3.853519500E0,1.250985265E-1,4.025169313E-1,4.032484591E-1,5.833342447E-1
3.863535500E0,1.123109460E-1,3.989821374E-1,4.468569756E-1,6.094929460E-1
3.873551500E0,9.384538978E-2,3.942912519E-1,4.877133369E-1,6.341426082E-1
3.883567500E0,7.905435562E-2,3.878021240E-1,5.204045177E-1,6.538049713E-1
3.893583500E0,6.546424329E-2,3.804653883E-1,5.480356216E-1,6.703599939E-1
3.903599500E0,4.547101259E-2,3.774366677E-1,5.665071607E-1,6.822436619E-1
3.913615500E0,3.256932646E-2,3.671028018E-1,5.784918666E-1,6.859140382E-1
3.923631500E0,1.823305339E-2,3.586780131E-1,5.858238339E-1,6.871476739E-1
3.933647500E0,1.367254648E-3,3.480336368E-1,5.841838121E-1,6.800000060E-1
3.943663500E0,-1.511327084E-2,3.367734849E-1,5.778203607E-1,6.689702238E-1
3.953679500E0,-2.147636190E-2,3.169502616E-1,5.647924542E-1,6.480040268E-1
3.963695500E0,-3.087498806E-2,3.059302866E-1,5.420604348E-1,6.231982992E-1
3.973711500E0,-4.142962769E-2,2.928102314E-1,5.201404691E-1,5.983313073E-1
3.983727500E0,-4.649389535E-2,2.739709318E-1,4.873068929E-1,5.609721576E-1
3.993743500E0,-4.760682955E-2,2.543588877E-1,4.504657686E-1,5.195038620E-1
4.003759500E0,-5.025421456E-2,2.328750491E-1,4.111447930E-1,4.751802978E-1
4.013775500E0,-5.189418793E-2,2.143104225E-1,3.647727668E-1,4.262407012E-1
4.023791500E0,-4.664536566E-2,1.920205653E-1,3.160012364E-1,3.726988987E-1
4.033807500E0,-4.101570696E-2,1.710119545E-1,2.623150945E-1,3.158109966E-1
4.043823500E0,-3.081423603E-2,1.454619616E-1,2.113127559E-1,2.583830108E-1
4.053839500E0,-2.270091511E-2,1.227244288E-1,1.534249634E-1,1.977772392E-1
4.063855500E0,-1.355567761E-2,9.969212115E-2,9.376480430E-2,1.375285932E-1
4.073871500E0,-1.469720737E-3,7.097791880E-2,3.768208995E-2,8.037390708E-2
4.083887500E0,9.681464173E-3,4.662613571E-2,-2.161080763E-2,5.229487820E-2
4.093903500E0,1.989095844E-2,2.192159183E-2,-8.197375387E-2,8.715447630E-2
4.103918500E0,3.280545399E-2,-4.005285911E-3,-1.362964958E-1,1.402461226E-1
4.113935500E0,4.639396816E-2,-2.735854685E-2,-1.930005252E-1,2.003748814E-1
4.123950500E0,5.648773536E-2,-4.803930596E-2,-2.454122752E-1,2.563704819E-1
4.133966500E0,6.375549734E-2,-6.925723702E-2,-2.967500091E-1,3.113228167E-1
4.143982500E0,7.441461831E-2,-9.288797528E-2,-3.447357714E-1,3.647032540E-1
4.153998500E0,7.690334320E-2,-1.149144471E-1,-3.878331780E-1,4.117451012E-1
4.164014500E0,8.179996163E-2,-1.371173859E-1,-4.288899601E-1,4.576450689E-1
4.174030500E0,8.333207667E-2,-1.617092788E-1,-4.611512423E-1,4.957364159E-1
4.184046500E0,8.089481294E-2,-1.841432452E-1,-4.912462533E-1,5.308253826E-1
4.194062500E0,7.558766007E-2,-2.040285319E-1,-5.137699246E-1,5.579432513E-1
4.204078500E0,6.867480278E-2,-2.223699540E-1,-5.300630927E-1,5.789054389E-1
4.214094500E0,6.230425462E-2,-2.401561439E-1,-5.450723767E-1,5.988828679E-1
4.224110500E0,4.905893281E-2,-2.568603158E-1,-5.535885692E-1,6.122452978E-1
4.234126500E0,3.574046493E-2,-2.765865922E-1,-5.529661775E-1,6.193134241E-1
4.244142500E0,2.406493016E-2,-2.901436388E-1,-5.448753834E-1,6.177796010E-1
4.254158500E0,5.082451273E-3,-3.054477572E-1,-5.306689739E-1,6.123183189E-1
4.264174500E0,-8.811230771E-3,-3.203696609E-1,-5.120682716E-1,6.040929334E-1
4.274190500E0,-2.709942497E-2,-3.336700201E-1,-4.884793162E-1,5.921841804E-1
4.284206500E0,-4.271436855E-2,-3.431330621E-1,-4.569124579E-1,5.730041970E-1
4.294222500E0,-6.104623526E-2,-3.545114398E-1,-4.212516546E-1,5.539476151E-1
4.304238500E0,-7.881806791E-2,-3.629566431E-1,-3.780553341E-1,5.299770261E-1
4.314254500E0,-9.136981517E-2,-3.710470498E-1,-3.330239654E-1,5.068819564E-1
4.324270500E0,-1.064620391E-1,-3.823805153E-1,-2.835066617E-1,4.877756159E-1
4.334286500E0,-1.186686382E-1,-3.859110773E-1,-2.298833877E-1,4.646030318E-1
4.344302500E0,-1.272917241E-1,-3.926921189E-1,-1.689165682E-1,4.460303692E-1
4.354318500E0,-1.346617490E-1,-3.963009417E-1,-1.121728644E-1,4.333254834E-1
4.364334500E0,-1.385424733E-1,-3.981441557E-1,-5.220393836E-2,4.247799864E-1
4.374350500E0,-1.421904713E-1,-4.019426405E-1,1.143522374E-2,4.265053115E-1
4.384366500E0,-1.405459642E-1,-4.036241472E-1,6.997416914E-2,4.330842927E-1
4.394382500E0,-1.351916790E-1,-4.047967494E-1,1.302785128E-1,4.462170876E-1
4.404398500E0,-1.283764243E-1,-4.033064842E-1,1.900959015E-1,4.639752992E-1
4.414414500E0,-1.171802208E-1,-4.030734599E-1,2.478457540E-1,4.874699334E-1
4.424430500E0,-1.072755456E-1,-4.021620452E-1,3.001340330E-1,5.131498719E-1
4.434446500E0,-9.340739995E-2,-3.968242705E-1,3.494594991E-1,5.369510085E-1
4.444462500E0,-7.724059373E-2,-3.896754384E-1,3.945424855E-1,5.598900155E-1
4.454478500E0,-5.948077142E-2,-3.864085376E-1,4.356712699E-1,5.853708017E-1
4.464494500E0,-3.954404593E-2,-3.817625344E-1,4.724371731E-1,6.086897788E-1
4.474510500E0,-2.319569886E-2,-3.762942851E-1,5.023977757E-1,6.281233592E-1
4.484526500E0,-3.659313079E-3,-3.667938709E-1,5.255394578E-1,6.408922343E-1
4.494543125E0,1.224348694E-2,-3.593854904E-1,5.426547527E-1,6.509854179E-1
4.504559125E0,3.159164637E-2,-3.472391069E-1,5.533197522E-1,6.540151204E-1
4.514575125E0,4.996239766E-2,-3.409335315E-1,5.602727532E-1,6.577518317E-1
4.524591125E0,6.105022877E-2,-3.275220692E-1,5.558478236E-1,6.480467879E-1
4.534607125E0,7.457190007E-2,-3.199128807E-1,5.491549969E-1,6.399034537E-1
4.544623125E0,8.300378919E-2,-3.055871427E-1,5.337220430E-1,6.205903238E-1
4.554639125E0,9.269103408E-2,-2.924441993E-1,5.153619051E-1,5.997608946E-1
4.564655125E0,9.632492065E-2,-2.750409544E-1,4.872200191E-1,5.677229641E-1
4.574670125E0,9.733612090E-2,-2.578619719E-1,4.558205307E-1,5.326720127E-1
4.584686125E0,9.639215469E-2,-2.429346740E-1,4.200226963E-1,4.946996753E-1
4.594702125E0,9.307838231E-2,-2.267935127E-1,3.773750961E-1,4.500120507E-1
4.604718125E0,8.742434531E-2,-2.088361830E-1,3.348122537E-1,4.041717614E-1
4.614734125E0,7.439882308E-2,-1.877362281E-1,2.884178460E-1,3.520865378E-1
4.624750125E0,6.455338001E-2,-1.664579213E-1,2.343495190E-1,2.946100397E-1
4.634766125E0,5.089749023E-2,-1.471582651E-1,1.815693974E-1,2.391935526E-1
4.644782125E0,3.531995043E-2,-1.242889464E-1,1.286435276E-1,1.823304645E-1
4.654798125E0,1.883685030E-2,-1.038976535E-1,7.362741977E-2,1.287266339E-1
4.664814125E0,4.710692156E-4,-8.006642014E-2,1.763079502E-2,8.198596510E-2
4.674830125E0,-1.555237174E-2,-5.554910004E-2,-3.925912082E-2,6.977719792E-2
4.684846125E0,-3.318782523E-2,-3.457063437E-2,-9.373512119E-2,1.052750372E-1
4.694862125E0,-5.268961936E-2,-1.085358486E-2,-1.500684470E-1,1.594193686E-1
4.704878125E0,-6.855611503E-2,1.202671789E-2,-2.035400122E-1,2.151118766E-1
4.714894125E0,-8.503282815E-2,3.444201499E-2,-2.506409585E-1,2.669039609E-1
4.724910125E0,-1.017375588E-1,5.712489039E-2,-3.024272323E-1,3.241543071E-1
4.734926125E0,-1.120461226E-1,8.225873858E-2,-3.446929157E-1,3.716638801E-1
4.744942125E0,-1.203054413E-1,1.026355773E-1,-3.846704662E-1,4.159072354E-1
4.754958125E0,-1.318403929E-1,1.232875884E-1,-4.203283191E-1,4.574468433E-1
4.764974125E0,-1.331558824E-1,1.438536197E-1,-4.518824518E-1,4.925668514E-1
4.774990125E0,-1.349985301E-1,1.627889574E-1,-4.787169993E-1,5.233496090E-1
4.785006125E0,-1.324169934E-1,1.838388741E-1,-5.010462403E-1,5.498893768E-1
4.795022125E0,-1.287793815E-1,2.026895285E-1,-5.184201598E-1,5.713375851E-1
4.805038125E0,-1.212091148E-1,2.206650525E-1,-5.295478106E-1,5.863493827E-1
4.815054125E0,-1.124872565E-1,2.374224514E-1,-5.337183475E-1,5.948765232E-1
4.825070125E0,-9.797427803E-2,2.527545094E-1,-5.322182178E-1,5.972771824E-1
4.835086125E0,-8.647342026E-2,2.659395635E-1,-5.278969407E-1,5.973915666E-1
4.845102125E0,-6.684860587E-2,2.817608118E-1,-5.121386647E-1,5.883399554E-1
4.855118125E0,-5.062676594E-2,2.997190356E-1,-4.962087274E-1,5.819086448E-1
4.865134125E0,-3.092561848E-2,3.127876520E-1,-4.717399180E-1,5.668607054E-1
4.875150125E0,-8.946017362E-3,3.271647394E-1,-4.428272843E-1,5.506476202E-1
4.885166125E0,9.506376460E-3,3.392267227E-1,-4.096033573E-1,5.319210946E-1
4.895182125E0,2.998155728E-2,3.474865258E-1,-3.681509793E-1,5.071300848E-1
4.905198125E0,5.270802602E-2,3.580326438E-1,-3.261054754E-1,4.871450412E-1
4.915214125E0,6.950245053E-2,3.673656881E-1,-2.777169049E-1,4.657411499E-1
4.925230125E0,8.840243518E-2,3.754733801E-1,-2.264920324E-1,4.473185559E-1
4.935246125E0,1.009382010E-1,3.804332614E-1,-1.743806303E-1,4.304957503E-1
4.945262125E0,1.132949963E-1,3.833347559E-1,-1.196297705E-1,4.172440212E-1
4.955278125E0,1.243346035E-1,3.897958696E-1,-6.206873432E-2,4.138265837E-1
4.965294125E0,1.359442025E-1,3.926055133E-1,-4.631367046E-3,4.155013416E-1
4.975310125E0,1.397282928E-1,3.975430131E-1,5.110726133E-2,4.244719016E-1
4.985326125E0,1.431517601E-1,3.965608776E-1,1.083315387E-1,4.353029730E-1
4.995342125E0,1.405274868E-1,4.003359079E-1,1.636475176E-1,4.547497375E-1
5.005358125E0,1.385877877E-1,3.990935087E-1,2.146565765E-1,4.738772515E-1
5.015374125E0,1.345507056E-1,4.000935256E-1,2.665045857E-1,4.992027803E-1
5.025390125E0,1.280588508E-1,3.952361941E-1,3.109939694E-1,5.189681757E-1
5.035406125E0,1.169422865E-1,3.981608748E-1,3.533414304E-1,5.450300424E-1
5.045422125E0,1.075775474E-1,3.948386014E-1,3.901452422E-1,5.654058364E-1
5.055438125E0,9.494996816E-2,3.889133930E-1,4.232859313E-1,5.826148843E-1
5.065454125E0,8.378137648E-2,3.831675053E-1,4.514297545E-1,5.980179591E-1
5.075470125E0,6.752783805E-2,3.781575561E-1,4.695816040E-1,6.066877524E-1
5.085486125E0,5.770781636E-2,3.712367117E-1,4.871401489E-1,6.151848607E-1
5.095502125E0,4.121672362E-2,3.634967506E-1,4.948667884E-1,6.154038058E-1
5.105518125E0,2.890661545E-2,3.533060253E-1,5.010066032E-1,6.137331313E-1
5.115534125E0,1.571784355E-2,3.450651467E-1,5.004516244E-1,6.080862064E-1
5.125550125E0,4.752426408E-3,3.309567571E-1,4.896087348E-1,5.909921098E-1
5.135566125E0,-7.084791549E-3,3.186710477E-1,4.800674319E-1,5.762518287E-1
5.145582125E0,-1.613646373E-2,3.056924939E-1,4.579612911E-1,5.508510056E-1
5.155598125E0,-2.178689279E-2,2.877814174E-1,4.370456040E-1,5.237381720E-1
5.165614125E0,-2.490820549E-2,2.720106840E-1,4.058164060E-1,4.891801164E-1
5.175630125E0,-2.936979942E-2,2.581284046E-1,3.746600747E-1,4.559199820E-1
5.185645125E0,-2.989538945E-2,2.337212712E-1,3.397144079E-1,4.134310654E-1
5.195661125E0,-2.882479876E-2,2.160093784E-1,2.960926294E-1,3.676435309E-1
5.205677125E0,-2.822798304E-2,1.944701076E-1,2.561918199E-1,3.228772063E-1
5.215693125E0,-2.583673224E-2,1.782027185E-1,2.088485509E-1,2.757561655E-1
5.225709125E0,-1.687353477E-2,1.564034224E-1,1.617833227E-1,2.256559111E-1
5.235725125E0,-1.041137427E-2,1.286844462E-1,1.110325232E-1,1.702830133E-1
5.245741125E0,-4.565412644E-3,1.078198254E-1,6.193985790E-2,1.244287095E-1
5.255757125E0,7.257158402E-3,8.654116839E-2,1.196217816E-2,8.766489537E-2
5.265773125E0,1.594764553E-2,5.945560336E-2,-3.905704245E-2,7.290232324E-2
5.275789125E0,2.450704575E-2,3.683817387E-2,-8.899717033E-2,9.938884581E-2
5.285805125E0,3.274822608E-2,1.470560860E-2,-1.388434172E-1,1.434091898E-1
5.295821125E0,4.384002462E-2,-1.137872227E-2,-1.851046532E-1,1.905653582E-1
5.305837125E0,5.220770836E-2,-3.404121473E-2,-2.294186950E-1,2.377338569E-1
5.315853125E0,6.094473973E-2,-5.391931534E-2,-2.721765339E-1,2.840803047E-1
5.325869125E0,6.672424823E-2,-7.745554298E-2,-3.131721020E-1,3.294362638E-1
5.335885125E0,6.703317165E-2,-9.962316602E-2,-3.484994471E-1,3.686055967E-1
5.345901125E0,7.262237370E-2,-1.199703440E-1,-3.803512454E-1,4.053812557E-1
5.355917125E0,7.015416026E-2,-1.423704624E-1,-4.107150137E-1,4.403155429E-1
5.365933125E0,6.569975615E-2,-1.653194577E-1,-4.314487875E-1,4.666851586E-1
5.375949125E0,6.366802752E-2,-1.848308295E-1,-4.522193074E-1,4.926645464E-1
5.385965125E0,5.442059040E-2,-2.029092610E-1,-4.661957920E-1,5.113436079E-1
5.395981125E0,4.758585244E-2,-2.195625454E-1,-4.739040434E-1,5.244589279E-1
5.405997125E0,3.786369041E-2,-2.384164035E-1,-4.754184783E-1,5.331967460E-1
5.416013125E0,2.638280205E-2,-2.570438683E-1,-4.725848734E-1,5.386130940E-1
5.426029125E0,1.342066191E-2,-2.731124759E-1,-4.631338418E-1,5.378322174E-1
5.436045125E0,-8.972912328E-4,-2.884685397E-1,-4.518537521E-1,5.360846173E-1
5.446061125E0,-1.549682766E-2,-3.003247678E-1,-4.296823144E-1,5.244635442E-1
5.456077125E0,-2.860357426E-2,-3.141934574E-1,-4.084595740E-1,5.161152165E-1
5.466093125E0,-4.679920524E-2,-3.266797066E-1,-3.788703382E-1,5.024465439E-1
5.476109125E0,-6.086841598E-2,-3.373616636E-1,-3.432891667E-1,4.851446259E-1
5.486125125E0,-7.638014853E-2,-3.436204493E-1,-3.060314655E-1,4.664377752E-1
5.496141250E0,-8.948023617E-2,-3.571501076E-1,-2.620525658E-1,4.519230679E-1
5.506157250E0,-1.017303318E-1,-3.638632894E-1,-2.170083076E-1,4.357042108E-1
5.516173250E0,-1.118854955E-1,-3.692577779E-1,-1.728573591E-1,4.227875793E-1
5.526189250E0,-1.198404282E-1,-3.770504296E-1,-1.195387766E-1,4.133016741E-1
5.536205250E0,-1.254882067E-1,-3.817644715E-1,-6.610457599E-2,4.072606251E-1
5.546221250E0,-1.278202683E-1,-3.853297234E-1,-1.390126813E-2,4.062145516E-1
5.556237250E0,-1.297494620E-1,-3.883548081E-1,4.042695090E-2,4.114471026E-1
5.566253250E0,-1.269057691E-1,-3.928071260E-1,9.208387136E-2,4.229443839E-1
5.576269250E0,-1.267169565E-1,-3.936960995E-1,1.427771449E-1,4.375375629E-1
5.586285250E0,-1.189439446E-1,-3.950675726E-1,1.966016442E-1,4.570320069E-1
5.596301250E0,-1.131574288E-1,-3.913215697E-1,2.445190996E-1,4.751071086E-1
5.606317250E0,-9.774737805E-2,-3.932581544E-1,2.864934206E-1,4.962711013E-1
5.616333250E0,-8.605822921E-2,-3.909843564E-1,3.312292099E-1,5.196032864E-1
5.626349250E0,-7.546271384E-2,-3.850314319E-1,3.660210669E-1,5.365773441E-1
5.636365250E0,-5.830103904E-2,-3.839725852E-1,4.020834565E-1,5.590215231E-1
5.646381250E0,-4.538575187E-2,-3.763874769E-1,4.302699566E-1,5.734628452E-1
5.656397250E0,-2.843979187E-2,-3.746699989E-1,4.524421096E-1,5.881243851E-1
5.666413250E0,-1.360706985E-2,-3.656582832E-1,4.722726643E-1,5.974383666E-1
5.676429250E0,3.347944701E-3,-3.588829339E-1,4.843160212E-1,6.028019387E-1
5.686445250E0,1.838784851E-2,-3.484812081E-1,4.919937551E-1,6.031874671E-1
5.696461250E0,3.366933390E-2,-3.394549489E-1,4.914858937E-1,5.982655515E-1
5.706477250E0,4.435938969E-2,-3.299407661E-1,4.871969223E-1,5.900758474E-1
5.716493250E0,5.569753051E-2,-3.214026690E-1,4.774654806E-1,5.782518272E-1
5.726509250E0,6.225419044E-2,-3.091219366E-1,4.620386958E-1,5.593851199E-1
5.736525250E0,6.600312144E-2,-2.938830554E-1,4.412942827E-1,5.342885983E-1
5.746541250E0,7.304011285E-2,-2.809830606E-1,4.135532379E-1,5.052846911E-1
5.756557250E0,7.359351963E-2,-2.643263340E-1,3.835878968E-1,4.716185870E-1
5.766573250E0,7.001210004E-2,-2.459444106E-1,3.501417935E-1,4.335777010E-1
5.776589250E0,6.934124976E-2,-2.343748361E-1,3.136663437E-1,3.976510378E-1
5.786605250E0,5.982405692E-2,-2.141320556E-1,2.735345662E-1,3.524948424E-1
5.796621250E0,5.396776646E-2,-1.981711984E-1,2.287527174E-1,3.074282833E-1
5.806637250E0,4.151873291E-2,-1.787491739E-1,1.825999618E-1,2.588779990E-1
5.816653250E0,3.251165524E-2,-1.556044221E-1,1.336622387E-1,2.076904860E-1
5.826669250E0,1.859193109E-2,-1.354252696E-1,8.652872592E-2,1.617803571E-1
5.836685250E0,6.800786592E-3,-1.171948612E-1,3.628446534E-2,1.228716754E-1
5.846701250E0,-1.367579028E-2,-9.087788314E-2,-1.205779985E-2,9.268876642E-2
5.856717250E0,-2.613672055E-2,-6.814567000E-2,-6.351832300E-2,9.675504048E-2
5.866733250E0,-4.034003615E-2,-4.680823907E-2,-1.123617142E-1,1.282321512E-1
5.876749250E0,-5.683778599E-2,-2.817383409E-2,-1.566700488E-1,1.690260425E-1
5.886765250E0,-6.769745052E-2,-4.401405342E-3,-2.033245414E-1,2.143436174E-1
5.896781250E0,-8.173470199E-2,1.878247410E-2,-2.460943758E-1,2.599918935E-1
5.906797250E0,-9.158629179E-2,4.409633577E-2,-2.815617025E-1,2.993485059E-1
5.916813250E0,-1.032370925E-1,6.480427831E-2,-3.239275515E-1,3.461019364E-1
5.926829250E0,-1.073936671E-1,8.528863639E-2,-3.545398712E-1,3.801395422E-1
5.936845250E0,-1.141458452E-1,1.076085940E-1,-3.848298490E-1,4.155753796E-1
5.946861250E0,-1.208634898E-1,1.275528818E-1,-4.108821452E-1,4.468801383E-1
5.956877250E0,-1.186839566E-1,1.485817283E-1,-4.336684048E-1,4.735300380E-1
5.966893250E0,-1.167834327E-1,1.662070751E-1,-4.491792917E-1,4.929758595E-1
5.976909250E0,-1.165006086E-1,1.813242435E-1,-4.612082541E-1,5.090814539E-1
5.986925250E0,-1.048914492E-1,2.009429336E-1,-4.675909579E-1,5.196360097E-1
5.996941250E0,-9.745110571E-2,2.187182158E-1,-4.685505033E-1,5.261881318E-1
6.006957250E0,-8.454327285E-2,2.375413328E-1,-4.664302170E-1,5.302174999E-1
6.016973250E0,-6.865645200E-2,2.549789250E-1,-4.600447416E-1,5.304423860E-1
6.026989250E0,-5.456980318E-2,2.698090672E-1,-4.461344779E-1,5.242239679E-1
6.037005250E0,-3.595963493E-2,2.855437994E-1,-4.232781529E-1,5.118522751E-1
6.047021250E0,-2.103288844E-2,2.992621362E-1,-4.021491706E-1,5.017212015E-1
6.057037250E0,-1.627598103E-4,3.144216537E-1,-3.751218021E-1,4.894664128E-1
6.067053250E0,1.753270626E-2,3.231155276E-1,-3.403636515E-1,4.696365140E-1
6.077069250E0,3.322724625E-2,3.381525576E-1,-3.045009971E-1,4.562587636E-1
6.087085250E0,5.436076969E-2,3.456002176E-1,-2.650614381E-1,4.389215985E-1
6.097101250E0,6.778735667E-2,3.531883657E-1,-2.214076966E-1,4.223251301E-1
6.107117250E0,8.459065855E-2,3.630296588E-1,-1.780749559E-1,4.131062849E-1
6.117133250E0,9.609365463E-2,3.683858514E-1,-1.298413873E-1,4.022448406E-1
6.127149250E0,1.070024595E-1,3.747209013E-1,-7.840738446E-2,3.975084881E-1
6.137165250E0,1.186079830E-1,3.798799813E-1,-3.035729378E-2,3.991218098E-1
6.147181250E0,1.238129362E-1,3.846183717E-1,2.123403177E-2,4.046131722E-1
6.157197250E0,1.297555119E-1,3.867845833E-1,7.070171833E-2,4.140501657E-1
6.167213250E0,1.303641796E-1,3.902655542E-1,1.177357361E-1,4.279763144E-1
6.177229250E0,1.340883374E-1,3.902927041E-1,1.689472646E-1,4.459274104E-1
6.187245250E0,1.291122288E-1,3.948826790E-1,2.137850374E-1,4.672326401E-1
6.197261250E0,1.253294647E-1,3.928373754E-1,2.537566721E-1,4.841705556E-1
6.207277250E0,1.196993515E-1,3.910671175E-1,2.934889495E-1,5.033857255E-1
6.217293250E0,1.132851243E-1,3.891256750E-1,3.273222744E-1,5.209531473E-1
6.227309250E0,1.024274528E-1,3.868138194E-1,3.577059209E-1,5.367213801E-1
6.237325250E0,9.228853136E-2,3.846726418E-1,3.847183585E-1,5.518137636E-1
6.247341250E0,8.219307661E-2,3.806232810E-1,4.068742692E-1,5.631842104E-1
6.257357250E0,6.929831952E-2,3.731211424E-1,4.220889211E-1,5.676096381E-1
6.267373250E0,5.849002674E-2,3.680593669E-1,4.362209141E-1,5.737398947E-1
6.277389250E0,4.529965669E-2,3.603886664E-1,4.379613101E-1,5.689834435E-1
6.287405250E0,3.379506245E-2,3.508930206E-1,4.364808500E-1,5.610557464E-1
6.297421250E0,2.297596820E-2,3.395200074E-1,4.351391494E-1,5.524018554E-1
6.307437250E0,1.468371600E-2,3.318541348E-1,4.252368510E-1,5.396009245E-1
6.317453250E0,7.322206628E-3,3.125848472E-1,4.130944610E-1,5.180829423E-1
6.327469250E0,-1.429559896E-3,3.043893576E-1,3.937895596E-1,4.977199432E-1
6.337485250E0,-6.043752655E-3,2.935164571E-1,3.685656786E-1,4.711996360E-1
6.347501250E0,-1.024375577E-2,2.752923071E-1,3.384738564E-1,4.364118931E-1
6.357517250E0,-1.329999883E-2,2.534748912E-1,3.090517819E-1,3.999242607E-1
6.367533250E0,-1.702532358E-2,2.393497378E-1,2.739157379E-1,3.641538000E-1
6.377549250E0,-1.539600175E-2,2.215379775E-1,2.391920984E-1,3.263877636E-1
6.387565250E0,-1.354660746E-2,2.005288303E-1,1.972986311E-1,2.816417444E-1
6.397581250E0,-7.517211139E-3,1.817087978E-1,1.566412151E-1,2.400230529E-1
6.407597250E0,-2.610671800E-3,1.609493792E-1,1.143701598E-1,1.974640517E-1
6.417613250E0,1.849856577E-3,1.396030784E-1,6.752435118E-2,1.550870061E-1
6.427629250E0,1.161697321E-2,1.155849099E-1,2.318257652E-2,1.184578293E-1
6.437645250E0,1.982190646E-2,9.378320724E-2,-2.091830596E-2,9.811102619E-2
6.447661250E0,2.306483686E-2,7.007841021E-2,-6.500880420E-2,9.833165767E-2
6.457677250E0,2.963538840E-2,4.877712205E-2,-1.101781428E-1,1.240833874E-1
6.467693250E0,3.679648414E-2,2.425810695E-2,-1.549918950E-1,1.611363538E-1
6.477709250E0,4.477185383E-2,2.314725891E-3,-1.929150373E-1,1.980557711E-1
6.487725250E0,5.117423087E-2,-1.765051298E-2,-2.330436110E-1,2.392481289E-1
6.497740542E0,5.572850257E-2,-4.248182848E-2,-2.683531344E-1,2.773513593E-1
6.507756542E0,6.230425462E-2,-6.479413062E-2,-3.013123572E-1,3.144347883E-1
6.517772542E0,6.306111813E-2,-8.547065407E-2,-3.308209777E-1,3.474542511E-1
6.527788542E0,6.404572725E-2,-1.042080745E-1,-3.558084369E-1,3.762456933E-1
6.537804542E0,6.260522455E-2,-1.235202551E-1,-3.789694309E-1,4.034780008E-1
6.547820542E0,5.796699971E-2,-1.452084482E-1,-3.965438008E-1,4.262542111E-1
6.557836542E0,5.581463501E-2,-1.685023159E-1,-4.109762609E-1,4.476715213E-1
6.567852542E0,4.808076844E-2,-1.862261146E-1,-4.188307524E-1,4.608808145E-1
6.577868542E0,4.070354626E-2,-2.029409111E-1,-4.195623398E-1,4.678400892E-1
6.587884542E0,2.752833068E-2,-2.223643214E-1,-4.187949598E-1,4.749662291E-1
6.597900542E0,1.810953021E-2,-2.388588786E-1,-4.145908952E-1,4.788184722E-1
6.607916542E0,2.470864914E-3,-2.546019852E-1,-4.057931304E-1,4.790577635E-1
6.617932542E0,-7.810268551E-3,-2.684805095E-1,-3.873344958E-1,4.713499718E-1
6.627948542E0,-2.075274289E-2,-2.853901684E-1,-3.680810928E-1,4.662208870E-1
6.637964542E0,-3.440224379E-2,-2.972606719E-1,-3.409194946E-1,4.536226661E-1
6.647980542E0,-4.691655934E-2,-3.081489205E-1,-3.129177690E-1,4.416723343E-1
6.657996542E0,-6.332269311E-2,-3.201270103E-1,-2.801603377E-1,4.300940374E-1
6.668012542E0,-7.328621298E-2,-3.314520121E-1,-2.438039780E-1,4.179374175E-1
6.678028542E0,-8.551810682E-2,-3.388841152E-1,-2.032158077E-1,4.042925360E-1
6.688044542E0,-9.420467913E-2,-3.499940336E-1,-1.617217064E-1,3.968932544E-1
6.698060542E0,-1.033856645E-1,-3.578418493E-1,-1.174668893E-1,3.905609490E-1
6.708076542E0,-1.105755940E-1,-3.636071086E-1,-6.931291521E-2,3.863177081E-1
6.718092542E0,-1.191927865E-1,-3.679701686E-1,-2.429031022E-2,3.875551374E-1
6.728108542E0,-1.216767430E-1,-3.728356659E-1,2.448667586E-2,3.929519829E-1
6.738124542E0,-1.198945567E-1,-3.778128624E-1,7.356047630E-2,4.031481209E-1
6.748140542E0,-1.215096489E-1,-3.830780089E-1,1.234000027E-1,4.204056569E-1
6.758156542E0,-1.143899485E-1,-3.859403729E-1,1.676186025E-1,4.360401675E-1
6.768172542E0,-1.110467687E-1,-3.836341798E-1,2.103762478E-1,4.514030731E-1
6.778188542E0,-1.039166823E-1,-3.837934434E-1,2.515646815E-1,4.705112890E-1
6.788204542E0,-9.337074310E-2,-3.853957057E-1,2.927874029E-1,4.929223153E-1
6.798220542E0,-8.286670595E-2,-3.825583756E-1,3.245458603E-1,5.084759750E-1
6.808236542E0,-6.989128143E-2,-3.813199103E-1,3.580948710E-1,5.277514584E-1
6.818252542E0,-5.667826906E-2,-3.770125210E-1,3.839611113E-1,5.410887193E-1
6.828268542E0,-4.507863894E-2,-3.707248569E-1,4.041168094E-1,5.502539403E-1
6.838284542E0,-3.184698895E-2,-3.675780594E-1,4.248122275E-1,5.626662324E-1
6.848300542E0,-1.742327400E-2,-3.617605865E-1,4.375593364E-1,5.680074518E-1
6.858316542E0,-4.152743611E-3,-3.569256365E-1,4.460990429E-1,5.713295996E-1
6.868332542E0,7.488551084E-3,-3.471642137E-1,4.492310882E-1,5.677918987E-1
6.878348542E0,1.992657781E-2,-3.368612528E-1,4.448121190E-1,5.583282129E-1
6.888364542E0,3.017588705E-2,-3.287087381E-1,4.371263087E-1,5.477585494E-1
6.898380542E0,4.065542668E-2,-3.198167086E-1,4.270068407E-1,5.350424589E-1
6.908396542E0,4.501325265E-2,-3.088746667E-1,4.076406360E-1,5.134205301E-1
6.918412542E0,5.132867396E-2,-2.964771092E-1,3.862687647E-1,4.896293166E-1
6.928428542E0,5.283167958E-2,-2.835907638E-1,3.596204519E-1,4.610225343E-1
6.938444542E0,5.176135525E-2,-2.674283087E-1,3.290319145E-1,4.271523603E-1
6.948460542E0,5.008126050E-2,-2.507358789E-1,2.947889268E-1,3.902270173E-1
6.958476542E0,5.115744472E-2,-2.399434000E-1,2.605987489E-1,3.579128767E-1
6.968492542E0,4.403698444E-2,-2.230243087E-1,2.189079076E-1,3.155943128E-1
6.978508542E0,3.386237845E-2,-2.032588422E-1,1.787977666E-1,2.728176295E-1
6.988524542E0,2.734790184E-2,-1.840171516E-1,1.367951185E-1,2.309180033E-1
6.998540542E0,1.696956158E-2,-1.658780873E-1,9.021829814E-2,1.895859889E-1
7.008556542E0,4.502494354E-3,-1.447199583E-1,4.511445761E-2,1.516557057E-1
7.018572542E0,-1.084130816E-2,-1.244306564E-1,2.592029050E-3,1.249289432E-1
7.028588542E0,-2.091575600E-2,-1.049451903E-1,-4.492368177E-2,1.160564474E-1
7.038604542E0,-3.320837393E-2,-8.366600424E-2,-8.771375567E-2,1.256841251E-1
7.048620542E0,-4.943707585E-2,-6.272894144E-2,-1.343840063E-1,1.563265995E-1
7.058636542E0,-5.939836055E-2,-3.785501793E-2,-1.761591583E-1,1.897187832E-1
7.068652542E0,-7.473950088E-2,-1.758942753E-2,-2.172253579E-1,2.303958269E-1
7.078668542E0,-8.545206487E-2,4.988052882E-3,-2.503806353E-1,2.646080093E-1
7.088684542E0,-9.305056185E-2,2.728088200E-2,-2.850588560E-1,3.010999917E-1
7.098700542E0,-9.929087758E-2,5.006529391E-2,-3.162537813E-1,3.352337486E-1
7.108716542E0,-1.054934338E-1,6.876751035E-2,-3.439091444E-1,3.662394499E-1
7.118732542E0,-1.084119901E-1,8.622851968E-2,-3.652751446E-1,3.906589925E-1
7.128748542E0,-1.119497046E-1,1.066242605E-1,-3.882324994E-1,4.178826903E-1
7.138764542E0,-1.128642336E-1,1.280086339E-1,-4.067068696E-1,4.410612467E-1
7.148780542E0,-1.112077013E-1,1.463605762E-1,-4.155908823E-1,4.544274997E-1
7.158796542E0,-1.046992019E-1,1.682922542E-1,-4.251984954E-1,4.691246808E-1
7.168812542E0,-9.394130111E-2,1.859548241E-1,-4.243262708E-1,4.727123319E-1
7.178828542E0,-8.492171019E-2,2.024770826E-1,-4.259151220E-1,4.791788362E-1
7.188844542E0,-7.081878930E-2,2.232075334E-1,-4.175827801E-1,4.787611953E-1
7.198860542E0,-5.800232664E-2,2.389542609E-1,-4.081442952E-1,4.764925754E-1
7.208876542E0,-4.384323582E-2,2.562744021E-1,-3.928184211E-1,4.710680529E-1
7.218892542E0,-2.905283868E-2,2.700551748E-1,-3.717991412E-1,4.604437710E-1
7.228908542E0,-1.166439522E-2,2.850135863E-1,-3.493437171E-1,4.510097950E-1
7.238924542E0,2.637844998E-3,3.007667065E-1,-3.227949142E-1,4.412075777E-1
7.248940542E0,2.284238860E-2,3.104231060E-1,-2.873413861E-1,4.236146263E-1
7.258956542E0,3.855051100E-2,3.218523264E-1,-2.519690096E-1,4.105647863E-1
7.268972542E0,5.486376584E-2,3.367081881E-1,-2.156226784E-1,4.035784634E-1
7.278988542E0,7.157190889E-2,3.424779177E-1,-1.745498031E-1,3.910003785E-1
7.289004542E0,8.283336461E-2,3.521570563E-1,-1.321546584E-1,3.851503763E-1
7.299020542E0,9.653373063E-2,3.558311760E-1,-8.653577417E-2,3.787123278E-1
7.309036542E0,1.047800183E-1,3.659193516E-1,-4.379240423E-2,3.831365276E-1
7.319052542E0,1.159599721E-1,3.723370135E-1,2.511447296E-3,3.899844537E-1
7.329068542E0,1.233027652E-1,3.745231330E-1,5.005681515E-2,3.974629968E-1
7.339084542E0,1.258263737E-1,3.789045513E-1,9.411854297E-2,4.101941436E-1
7.349100542E0,1.279575974E-1,3.798336983E-1,1.399299204E-1,4.245317040E-1
7.359116542E0,1.286100596E-1,3.857946694E-1,1.789811850E-1,4.443110835E-1
7.369132542E0,1.259831041E-1,3.858924806E-1,2.184280604E-1,4.609724142E-1
7.379148542E0,1.224014163E-1,3.861241639E-1,2.543216050E-1,4.782817740E-1
7.389164542E0,1.153538153E-1,3.845383823E-1,2.861752510E-1,4.930238782E-1
7.399180542E0,1.096738279E-1,3.836555481E-1,3.174428940E-1,5.098920661E-1
7.409196542E0,9.927948564E-2,3.784669936E-1,3.426056504E-1,5.200695273E-1
7.419212542E0,8.620762825E-2,3.793447614E-1,3.634696305E-1,5.323949431E-1
7.429228542E0,8.088943362E-2,3.780004978E-1,3.791854084E-1,5.414878122E-1
7.439244542E0,7.083120942E-2,3.675947189E-1,3.928306401E-1,5.426406264E-1
7.449260542E0,6.094149873E-2,3.605073094E-1,4.008781612E-1,5.425704439E-1
7.459276542E0,5.023905262E-2,3.548337221E-1,4.000520408E-1,5.370964235E-1
7.469293542E0,3.876724094E-2,3.486329317E-1,3.996137083E-1,5.317320151E-1
7.479309542E0,2.872738615E-2,3.384809494E-1,3.945414424E-1,5.206318907E-1
7.489325542E0,2.096683718E-2,3.270027339E-1,3.811618090E-1,5.026477105E-1
7.499342417E0,1.526687201E-2,3.132256866E-1,3.630706966E-1,4.797538315E-1
7.509358417E0,5.863636266E-3,3.089431524E-1,3.413475156E-1,4.604328182E-1
7.519374417E0,-2.174316673E-3,2.931189239E-1,3.174563050E-1,4.320901952E-1
7.529390417E0,-2.955966862E-3,2.744551599E-1,2.900069058E-1,3.992973553E-1
7.539406417E0,-1.783110667E-3,2.595691681E-1,2.615014911E-1,3.684594446E-1
7.549422417E0,-4.380248487E-3,2.436206192E-1,2.262759954E-1,3.325222079E-1
7.559438417E0,-5.087317433E-3,2.231790125E-1,1.883201003E-1,2.920602894E-1
7.569454417E0,-4.348361108E-4,2.028439492E-1,1.525082588E-1,2.537806648E-1
7.579470417E0,1.997961663E-3,1.844905168E-1,1.135542095E-1,2.166455657E-1
7.589486417E0,6.550186314E-3,1.674770415E-1,7.227484882E-2,1.825242946E-1
7.599502417E0,1.208343636E-2,1.483062804E-1,2.937531844E-2,1.516696132E-1
7.609518417E0,1.752720401E-2,1.238142624E-1,-1.306827925E-2,1.257296878E-1
7.619534417E0,2.217623778E-2,1.052015945E-1,-5.213712901E-2,1.194882473E-1
7.629550417E0,3.186066449E-2,8.069683611E-2,-9.257772565E-2,1.268767772E-1
7.639566417E0,3.639709204E-2,5.744344741E-2,-1.330186278E-1,1.493936186E-1
7.649582417E0,4.306642711E-2,3.606925905E-2,-1.723270118E-1,1.812520554E-1
7.659598417E0,4.678979144E-2,1.506011747E-2,-2.091313601E-1,2.148302062E-1
7.669614417E0,5.428961664E-2,-4.914930090E-3,-2.431804836E-1,2.492153017E-1
7.679630417E0,5.534476042E-2,-2.754487470E-2,-2.744121850E-1,2.812895481E-1
7.689646417E0,5.975063145E-2,-5.178332329E-2,-2.983897030E-1,3.086876502E-1
7.699662417E0,6.209261715E-2,-7.200364023E-2,-3.237672448E-1,3.374392481E-1
7.709678417E0,5.870628357E-2,-9.055147320E-2,-3.461590111E-1,3.625907583E-1
7.719694417E0,5.696564168E-2,-1.084758788E-1,-3.632802069E-1,3.833857188E-1
7.729710417E0,5.713391677E-2,-1.304413229E-1,-3.763944805E-1,4.024326380E-1
7.739726417E0,5.084379762E-2,-1.499119699E-1,-3.840268254E-1,4.153736789E-1
7.749742417E0,4.308969527E-2,-1.678284705E-1,-3.879818916E-1,4.249153628E-1
7.759758417E0,3.490233794E-2,-1.902413815E-1,-3.916469216E-1,4.368034657E-1
7.769774417E0,2.442037873E-2,-2.068234682E-1,-3.838962018E-1,4.367477484E-1
7.779790417E0,1.115437504E-2,-2.187219411E-1,-3.739929795E-1,4.333987267E-1
7.789806417E0,2.241225215E-3,-2.368177325E-1,-3.619830608E-1,4.325729971E-1
7.799822417E0,-1.007935684E-2,-2.501343489E-1,-3.456419110E-1,4.267752530E-1
7.809838417E0,-2.213333547E-2,-2.644760609E-1,-3.224531114E-1,4.176283999E-1
7.819854417E0,-3.564647958E-2,-2.797021568E-1,-2.936837971E-1,4.071291450E-1
7.829870417E0,-5.068846419E-2,-2.922356427E-1,-2.671510577E-1,3.991749978E-1
7.839886417E0,-6.352836639E-2,-3.046390712E-1,-2.303855866E-1,3.871928919E-1
7.849902417E0,-7.652096450E-2,-3.152696490E-1,-1.944777071E-1,3.782485799E-1
7.859918417E0,-8.429286629E-2,-3.267236352E-1,-1.568381786E-1,3.720911654E-1
7.869934417E0,-9.358539432E-2,-3.337176144E-1,-1.156205311E-1,3.653680055E-1
7.879950417E0,-1.037269756E-1,-3.425025940E-1,-7.403367758E-2,3.654426053E-1
7.889966417E0,-1.070155129E-1,-3.485409617E-1,-2.871975675E-2,3.657293349E-1
7.899982417E0,-1.091012955E-1,-3.574615121E-1,1.411106344E-2,3.740066141E-1
7.909998417E0,-1.155253127E-1,-3.621835411E-1,5.868745595E-2,3.846650917E-1
7.920014417E0,-1.122059524E-1,-3.640597463E-1,1.043095365E-1,3.949812072E-1
7.930030417E0,-1.127548888E-1,-3.675751090E-1,1.467370093E-1,4.115299207E-1
7.940046417E0,-1.125253215E-1,-3.731517792E-1,1.891766191E-1,4.332343378E-1
7.950062417E0,-1.045175418E-1,-3.760256767E-1,2.275905162E-1,4.517927281E-1
7.960078417E0,-9.865752608E-2,-3.769708276E-1,2.631453276E-1,4.701975922E-1
7.970094417E0,-8.876919001E-2,-3.768109381E-1,2.977054715E-1,4.883594987E-1
7.980110417E0,-7.822626829E-2,-3.752852082E-1,3.308887184E-1,5.064046608E-1
7.990126417E0,-6.674626470E-2,-3.720894754E-1,3.552823961E-1,5.187785872E-1
8.000142417E0,-5.553008988E-2,-3.722218275E-1,3.788252771E-1,5.339862080E-1
8.010158417E0,-4.194254056E-2,-3.679022789E-1,3.969620466E-1,5.428536911E-1
8.020175417E0,-2.948187664E-2,-3.649301827E-1,4.111130238E-1,5.505062557E-1
8.030191417E0,-2.034141682E-2,-3.604086339E-1,4.188579619E-1,5.529467867E-1
8.040207417E0,-6.323867943E-3,-3.547976315E-1,4.223488271E-1,5.516338300E-1
8.050223417E0,2.098173602E-3,-3.450025618E-1,4.214851856E-1,5.446842495E-1
8.060239417E0,1.385496464E-2,-3.365110457E-1,4.135732055E-1,5.333614536E-1
8.070255417E0,2.045319229E-2,-3.305471838E-1,4.007772803E-1,5.199059551E-1
8.080271417E0,3.035588935E-2,-3.193890750E-1,3.886119723E-1,5.039346449E-1
8.090287417E0,3.480027243E-2,-3.080340922E-1,3.681983352E-1,4.813170212E-1
8.100303417E0,3.934362531E-2,-2.993029058E-1,3.448461294E-1,4.583110333E-1
8.110319417E0,4.151211679E-2,-2.845800817E-1,3.162077665E-1,4.274300298E-1
8.120335417E0,3.913258016E-2,-2.706048787E-1,2.859761119E-1,3.956522409E-1
8.130351417E0,3.715321794E-2,-2.597783804E-1,2.525421977E-1,3.642014966E-1
8.140367417E0,3.488393873E-2,-2.404001504E-1,2.165783495E-1,3.254463135E-1
8.150383417E0,3.282677010E-2,-2.260811478E-1,1.760374755E-1,2.884085210E-1
8.160399417E0,2.315763198E-2,-2.089088261E-1,1.392957121E-1,2.521556443E-1
8.170415417E0,1.376982406E-2,-1.904968023E-1,9.585762769E-2,2.136991449E-1
8.180431417E0,3.254332580E-3,-1.754832417E-1,5.574749038E-2,1.841541242E-1
8.190447417E0,-7.777341176E-3,-1.553976238E-1,1.416059863E-2,1.562351787E-1
8.200463417E0,-2.064813301E-2,-1.348577291E-1,-2.911577001E-2,1.395015432E-1
8.210479417E0,-2.995714918E-2,-1.152726263E-1,-7.234789431E-2,1.393536041E-1
8.220495417E0,-4.579789937E-2,-9.250632674E-2,-1.131770834E-1,1.531793729E-1
8.230511417E0,-5.654082447E-2,-7.095868886E-2,-1.546342373E-1,1.792867750E-1
8.240527417E0,-6.452311575E-2,-5.184997618E-2,-1.917901337E-1,2.088901814E-1
8.250543417E0,-7.906448096E-2,-3.300640732E-2,-2.273574173E-1,2.429650392E-1
8.260559417E0,-8.884441108E-2,-9.002003819E-3,-2.612637281E-1,2.761034246E-1
8.270575417E0,-9.547969699E-2,1.401603781E-2,-2.910875082E-1,3.066671800E-1
8.280591417E0,-1.001085341E-1,3.210981935E-2,-3.183798492E-1,3.352886629E-1
8.290607417E0,-1.027568281E-1,5.047529936E-2,-3.396796286E-1,3.584535837E-1
8.300623417E0,-1.107170135E-1,6.834990531E-2,-3.590828776E-1,3.819299407E-1
8.310639417E0,-1.085574776E-1,8.978736401E-2,-3.755698502E-1,4.011224365E-1
8.320655417E0,-1.063148305E-1,1.123571172E-1,-3.886614144E-1,4.183116781E-1
8.330671417E0,-1.031346694E-1,1.346747428E-1,-3.969075680E-1,4.316360317E-1
8.340687417E0,-9.711512178E-2,1.542428583E-1,-4.007539749E-1,4.402566917E-1
8.350703417E0,-8.652332425E-2,1.703508049E-1,-3.991569281E-1,4.425290223E-1
8.360719417E0,-7.638946176E-2,1.887186319E-1,-3.988272548E-1,4.477870599E-1
8.370735417E0,-6.683164090E-2,2.091306001E-1,-3.880585730E-1,4.458604403E-1
8.380751417E0,-5.385432392E-2,2.257543206E-1,-3.762357235E-1,4.420617843E-1
8.390767417E0,-3.678715229E-2,2.428599298E-1,-3.575975895E-1,4.338320828E-1
8.400783417E0,-2.376642451E-2,2.569813430E-1,-3.374814093E-1,4.248505093E-1
8.410799417E0,-6.012461148E-3,2.712015510E-1,-3.096287549E-1,4.116508190E-1
8.420815417E0,7.830383256E-3,2.839154899E-1,-2.821103036E-1,4.003193022E-1
8.430832417E0,2.705387957E-2,2.976051867E-1,-2.528259158E-1,3.914354395E-1
8.440848417E0,4.470903799E-2,3.113401830E-1,-2.162258327E-1,3.816873306E-1
8.450864417E0,5.695138127E-2,3.213662207E-1,-1.757517755E-1,3.706863826E-1
8.460880417E0,7.062192261E-2,3.312899470E-1,-1.386177242E-1,3.659991235E-1
8.470896417E0,8.318386972E-2,3.373574913E-1,-9.418627620E-2,3.600009552E-1
8.480912417E0,9.498540312E-2,3.472812176E-1,-5.664369464E-2,3.644653331E-1
8.490928417E0,1.057947502E-1,3.536631763E-1,-1.174951531E-2,3.693348380E-1
8.500943875E0,1.125035137E-1,3.613299131E-1,3.231967241E-2,3.798169400E-1
8.510959875E0,1.182940230E-1,3.649702668E-1,7.248049974E-2,3.904487090E-1
8.520975875E0,1.220538691E-1,3.682888448E-1,1.158383638E-1,4.049102946E-1
8.530991875E0,1.217898354E-1,3.709733188E-1,1.555624306E-1,4.203018405E-1
8.541007875E0,1.232588291E-1,3.773987293E-1,1.946091652E-1,4.421484672E-1
8.551023875E0,1.235853732E-1,3.744137287E-1,2.299727499E-1,4.564498334E-1
8.561039875E0,1.174294800E-1,3.776529133E-1,2.609125674E-1,4.738003520E-1
8.571055875E0,1.141947061E-1,3.771050274E-1,2.909820080E-1,4.898154362E-1
8.581071875E0,1.090108603E-1,3.751510680E-1,3.176594377E-1,5.035168416E-1
8.591087875E0,9.718493372E-2,3.754386604E-1,3.375675678E-1,5.141507191E-1
8.601103875E0,8.749129623E-2,3.733608723E-1,3.540908992E-1,5.219515617E-1
8.611119875E0,7.833363861E-2,3.702497780E-1,3.666637242E-1,5.269377038E-1
8.621135875E0,7.234285772E-2,3.665194809E-1,3.765387237E-1,5.304257058E-1
8.631151875E0,6.041583046E-2,3.623743355E-1,3.797579408E-1,5.283761210E-1
8.641167875E0,5.237734690E-2,3.513408601E-1,3.811696768E-1,5.210317735E-1
8.651183875E0,4.186229780E-2,3.461688161E-1,3.738423884E-1,5.112175981E-1
8.661199875E0,3.270022571E-2,3.342799246E-1,3.619340658E-1,4.937698257E-1
8.671215875E0,2.328054607E-2,3.262848258E-1,3.507609367E-1,4.796217323E-1
8.681231875E0,1.660746336E-2,3.161142170E-1,3.322540820E-1,4.589082490E-1
8.691247875E0,1.427834854E-2,3.028882146E-1,3.075682521E-1,4.319066699E-1
8.701263875E0,1.006576046E-2,2.913503349E-1,2.835870087E-1,4.067037358E-1
8.711279875E0,4.695335869E-3,2.781181335E-1,2.548485100E-1,3.772525751E-1
8.721295875E0,3.905176185E-3,2.563773990E-1,2.231286913E-1,3.398985643E-1
8.731311875E0,3.302316181E-3,2.451454103E-1,1.923131496E-1,3.115951299E-1
8.741327875E0,4.336954094E-3,2.291922867E-1,1.518876851E-1,2.749868767E-1
8.751343875E0,7.767409086E-3,2.109758407E-1,1.165451258E-1,2.411512064E-1
8.761360875E0,8.282198571E-3,1.932224184E-1,7.542619109E-2,2.075875914E-1
8.771376875E0,1.613013260E-2,1.740804911E-1,3.840770945E-2,1.789953929E-1
8.781392875E0,2.098960243E-2,1.517482996E-1,-5.105945282E-3,1.532781149E-1
8.791408875E0,2.460266836E-2,1.312334090E-1,-4.228784516E-2,1.400562772E-1
8.801424875E0,3.127894551E-2,1.132482737E-1,-8.032577485E-2,1.423227812E-1
8.811440875E0,3.843868896E-2,9.171988815E-2,-1.197288185E-1,1.556440191E-1
8.821456875E0,4.343797639E-2,7.147905976E-2,-1.574279964E-1,1.782685834E-1
8.831472875E0,4.748025537E-2,4.607923329E-2,-1.905619949E-1,2.017214522E-1
8.841488875E0,5.270617455E-2,2.761180699E-2,-2.231905013E-1,2.309856113E-1
8.851504875E0,5.731929466E-2,5.610471591E-3,-2.552727461E-1,2.616890403E-1
8.861520875E0,5.928630382E-2,-1.510625891E-2,-2.832670808E-1,2.897987300E-1
8.871536875E0,6.085878238E-2,-3.665363044E-2,-3.050074279E-1,3.131721749E-1
8.881552875E0,6.126491353E-2,-5.591787398E-2,-3.267419934E-1,3.371061087E-1
8.891568875E0,5.847078189E-2,-7.743616402E-2,-3.446292877E-1,3.580286829E-1
8.901584875E0,5.600709096E-2,-1.003513336E-1,-3.567325473E-1,3.747869991E-1
8.911600875E0,5.210764706E-2,-1.179050505E-1,-3.636758626E-1,3.858457474E-1
8.921616875E0,4.857762530E-2,-1.343529969E-1,-3.712903559E-1,3.978279048E-1
8.931632875E0,3.926556557E-2,-1.503695548E-1,-3.741882741E-1,4.051785435E-1
8.941648875E0,3.089631349E-2,-1.702958643E-1,-3.712611794E-1,4.096219317E-1
8.951664875E0,1.865122467E-2,-1.898361146E-1,-3.633070290E-1,4.103384163E-1
8.961680875E0,1.138825063E-2,-2.075463980E-1,-3.514200151E-1,4.082906154E-1
8.971696875E0,-2.272717422E-3,-2.210208625E-1,-3.326150179E-1,3.993596587E-1
8.981712875E0,-1.040228270E-2,-2.365657240E-1,-3.134999275E-1,3.928788030E-1
8.991728875E0,-2.499715798E-2,-2.515033782E-1,-2.922037840E-1,3.863442228E-1
9.001744875E0,-3.845570982E-2,-2.639629841E-1,-2.610575855E-1,3.732376743E-1
9.011760875E0,-4.814032465E-2,-2.790163159E-1,-2.332813889E-1,3.668621019E-1
9.021776875E0,-6.208250672E-2,-2.890242040E-1,-1.956487894E-1,3.544963708E-1
9.031793875E0,-7.162681967E-2,-3.018666506E-1,-1.605796516E-1,3.493418105E-1
9.041809875E0,-8.295244724E-2,-3.129962683E-1,-1.208487526E-1,3.456185664E-1
9.051825875E0,-8.940208703E-2,-3.202235699E-1,-8.058815449E-2,3.420969431E-1
9.061841875E0,-9.694096446E-2,-3.301678002E-1,-3.624571860E-2,3.460087846E-1
9.071857875E0,-1.056902632E-1,-3.355113864E-1,2.525520744E-3,3.517736494E-1
9.081873875E0,-1.117108688E-1,-3.443229795E-1,4.671162367E-2,3.649926139E-1
9.091889875E0,-1.119222417E-1,-3.472639918E-1,9.041978419E-2,3.758917472E-1
9.101905875E0,-1.109174266E-1,-3.584615290E-1,1.309331208E-1,3.974176965E-1
9.111921875E0,-1.098240092E-1,-3.617592752E-1,1.762015671E-1,4.171067950E-1
9.121937875E0,-1.070788205E-1,-3.637657166E-1,2.119531780E-1,4.344139961E-1
9.131953875E0,-9.980707616E-2,-3.634341061E-1,2.465650886E-1,4.503777802E-1
9.141969875E0,-9.425304830E-2,-3.682253957E-1,2.825275958E-1,4.735983757E-1
9.151985875E0,-8.390310407E-2,-3.665795922E-1,3.111320436E-1,4.880814244E-1
9.162001875E0,-7.393781841E-2,-3.671572208E-1,3.394156098E-1,5.054445390E-1
9.172017875E0,-6.412462890E-2,-3.667693138E-1,3.624322712E-1,5.196045119E-1
9.182033875E0,-5.352791771E-2,-3.663898110E-1,3.797324300E-1,5.303804766E-1
9.192049875E0,-4.516568407E-2,-3.600491285E-1,3.934915662E-1,5.352671544E-1
9.202065875E0,-3.223683685E-2,-3.584493697E-1,4.059929848E-1,5.425453603E-1
9.212081875E0,-2.051502466E-2,-3.542019427E-1,4.083180726E-1,5.409283971E-1
9.222097875E0,-8.190714754E-3,-3.488998711E-1,4.109439552E-1,5.391411153E-1
9.232113875E0,4.626497102E-4,-3.434009552E-1,4.040912092E-1,5.302962714E-1
9.242129875E0,1.069478132E-2,-3.342420757E-1,3.959994614E-1,5.183123739E-1
9.252145875E0,1.808392070E-2,-3.274198771E-1,3.817060292E-1,5.032199288E-1
9.262161875E0,2.400146425E-2,-3.204746246E-1,3.645523489E-1,4.859819651E-1
9.272177875E0,2.881530114E-2,-3.091977537E-1,3.440411389E-1,4.634629194E-1
9.282193875E0,3.000573441E-2,-2.992708087E-1,3.194505572E-1,4.387619167E-1
9.292209875E0,3.162155300E-2,-2.846134901E-1,2.879730463E-1,4.061197321E-1
9.302226875E0,3.167375177E-2,-2.752005458E-1,2.562236190E-1,3.773448156E-1
9.312242875E0,2.974168956E-2,-2.616030276E-1,2.179321945E-1,3.417823189E-1
9.322258875E0,2.261746675E-2,-2.456261963E-1,1.831609011E-1,3.072323124E-1
9.332274875E0,1.654497534E-2,-2.297763079E-1,1.487590820E-1,2.742264618E-1
9.342290875E0,1.065512840E-2,-2.146375775E-1,1.051421091E-1,2.392439854E-1
9.352306875E0,5.666212179E-3,-1.960342675E-1,6.498496979E-2,2.066024838E-1
9.362322875E0,-6.971286144E-3,-1.812478602E-1,2.421597391E-2,1.829912540E-1
9.372338875E0,-1.765009388E-2,-1.632949114E-1,-1.908919215E-2,1.653515986E-1
9.382354875E0,-3.032647446E-2,-1.426610053E-1,-5.848613381E-2,1.571384273E-1
9.392370875E0,-4.209819064E-2,-1.283757389E-1,-9.648876637E-2,1.660200892E-1
9.402386875E0,-5.225841701E-2,-1.045130268E-1,-1.392149329E-1,1.817545390E-1
9.412402875E0,-6.059677526E-2,-8.198321611E-2,-1.747537404E-1,2.023167978E-1
9.422418875E0,-7.169683278E-2,-6.265345216E-2,-2.083380669E-1,2.290647093E-1
9.432434875E0,-8.397177607E-2,-4.313719645E-2,-2.415431440E-1,2.593360123E-1
9.442450875E0,-9.174554795E-2,-2.464313991E-2,-2.715335190E-1,2.876716564E-1
9.452466875E0,-1.001517102E-1,-4.869201221E-3,-3.001694977E-1,3.164740140E-1
9.462482875E0,-1.043395251E-1,1.793731004E-2,-3.222936988E-1,3.392369553E-1
9.472498875E0,-1.072672457E-1,3.665371984E-2,-3.442848921E-1,3.624663351E-1
9.482514875E0,-1.089029610E-1,5.705593526E-2,-3.603346944E-1,3.807313050E-1
9.492530875E0,-1.095357388E-1,7.682096958E-2,-3.735234141E-1,3.967609864E-1
9.502546750E0,-1.056829467E-1,9.816433489E-2,-3.838751316E-1,4.100795515E-1
9.512562750E0,-9.826662391E-2,1.195311248E-1,-3.875291348E-1,4.172803008E-1
9.522578750E0,-9.149899334E-2,1.386630088E-1,-3.905382752E-1,4.244050426E-1
9.532594750E0,-8.473335952E-2,1.559304744E-1,-3.865008950E-1,4.252963636E-1
9.542611750E0,-7.236537337E-2,1.728015989E-1,-3.786847591E-1,4.224917593E-1
9.552627750E0,-6.214920804E-2,1.955191344E-1,-3.680059910E-1,4.213296398E-1
9.562643750E0,-4.796760902E-2,2.115023583E-1,-3.515769541E-1,4.130865451E-1
9.572659750E0,-3.373691440E-2,2.260157615E-1,-3.314872086E-1,4.026227432E-1
9.582675750E0,-1.583674178E-2,2.449503243E-1,-3.087539375E-1,3.944368868E-1
9.592691750E0,-3.007570922E-4,2.592080534E-1,-2.826206982E-1,3.834884150E-1
9.602707750E0,1.386805903E-2,2.738141716E-1,-2.527131438E-1,3.728678810E-1
9.612723750E0,3.052572533E-2,2.848454118E-1,-2.200403512E-1,3.612291304E-1
9.622739750E0,4.607565701E-2,3.000579178E-1,-1.838320196E-1,3.548970719E-1
9.632755750E0,6.226474792E-2,3.100272119E-1,-1.474396586E-1,3.489014530E-1
9.642771750E0,7.413765043E-2,3.179517090E-1,-1.058855429E-1,3.432221273E-1
9.652787750E0,8.675158769E-2,3.255077004E-1,-6.589160115E-2,3.432532653E-1
9.662803750E0,9.600553662E-2,3.354013562E-1,-2.608266659E-2,3.498448775E-1
9.672819750E0,1.052676663E-1,3.431438208E-1,1.916854456E-2,3.594390023E-1
9.682835750E0,1.129141375E-1,3.509846926E-1,5.837719887E-2,3.732931211E-1
9.692851750E0,1.156545803E-1,3.574732244E-1,9.906569123E-2,3.885577168E-1
9.702867750E0,1.187041700E-1,3.600951135E-1,1.377441138E-1,4.034013035E-1
9.712883750E0,1.221143603E-1,3.618820310E-1,1.766873598E-1,4.208193727E-1
9.722899750E0,1.217324585E-1,3.660397530E-1,2.127391100E-1,4.405244841E-1
9.732915750E0,1.164743602E-1,3.694523573E-1,2.444740534E-1,4.580708282E-1
9.742931750E0,1.151563600E-1,3.696840405E-1,2.725751996E-1,4.735235121E-1
9.752948750E0,1.113810688E-1,3.710997701E-1,2.990163863E-1,4.894196370E-1
9.762964750E0,1.038219482E-1,3.707487881E-1,3.213714957E-1,5.015110159E-1
9.772980750E0,9.645318985E-2,3.714774549E-1,3.397936225E-1,5.125996715E-1
9.782996750E0,8.769644797E-2,3.679058850E-1,3.542780280E-1,5.182261363E-1
9.793012750E0,8.025471121E-2,3.632890880E-1,3.646834791E-1,5.209739149E-1
9.803028750E0,6.949500740E-2,3.595646620E-1,3.697615862E-1,5.204228404E-1
9.813044750E0,6.045921892E-2,3.558594286E-1,3.701082766E-1,5.169829654E-1
9.823060750E0,5.185561255E-2,3.511674702E-1,3.642303944E-1,5.085974605E-1
9.833076750E0,4.492515326E-2,3.431442082E-1,3.567043543E-1,4.969951845E-1
9.843092750E0,3.662035242E-2,3.354790807E-1,3.445675075E-1,4.823007682E-1
9.853108750E0,2.846796252E-2,3.226079047E-1,3.269223571E-1,4.601787833E-1
9.863124750E0,2.313951030E-2,3.113698959E-1,3.073763549E-1,4.381402431E-1
9.873140750E0,1.672555320E-2,3.051048219E-1,2.834744751E-1,4.168050798E-1
9.883156750E0,1.128151920E-2,2.962284982E-1,2.574708462E-1,3.926446644E-1
9.893172750E0,1.092462707E-2,2.775513232E-1,2.282032818E-1,3.594868875E-1
9.903188750E0,1.110998262E-2,2.590029538E-1,1.960586607E-1,3.250307066E-1
9.913204750E0,7.886352949E-3,2.470332980E-1,1.605777144E-1,2.947420012E-1
9.923220750E0,8.161989972E-3,2.317062616E-1,1.251028031E-1,2.634485170E-1
9.933236750E0,1.359969564E-2,2.129136026E-1,8.547633141E-2,2.298333247E-1
9.943252750E0,1.959393919E-2,1.972454339E-1,4.805998504E-2,2.039594220E-1
9.953269750E0,1.840032265E-2,1.830129027E-1,9.429087862E-3,1.841770945E-1
9.963285750E0,2.503984980E-2,1.588567048E-1,-3.103364818E-2,1.637850239E-1
9.973301750E0,3.192774579E-2,1.351068616E-1,-6.527350098E-2,1.534075452E-1
9.983317750E0,3.649666533E-2,1.138897240E-1,-1.054475531E-1,1.594429750E-1
9.993333750E0,3.854656592E-2,9.666594863E-2,-1.399418414E-1,1.743957062E-1
1.000334975E1,4.925327003E-2,7.880119979E-2,-1.765216887E-1,1.994878951E-1
1.001336575E1,5.413993075E-2,5.718234181E-2,-2.095126957E-1,2.238225234E-1
1.002338175E1,5.924361199E-2,3.545946628E-2,-2.390847057E-1,2.488547283E-1
1.003339775E1,5.652498081E-2,1.409730036E-2,-2.682235539E-1,2.744771069E-1
1.004341375E1,6.054502353E-2,-8.633046411E-3,-2.950597107E-1,3.013311505E-1
1.005342975E1,6.660106778E-2,-2.481154539E-2,-3.152181208E-1,3.231312097E-1
1.006344575E1,6.468172371E-2,-4.295752570E-2,-3.325521052E-1,3.414966721E-1
1.007346175E1,6.093924865E-2,-6.381891668E-2,-3.484530151E-1,3.594522915E-1
1.008347775E1,6.178560108E-2,-8.521315455E-2,-3.607664108E-1,3.758073248E-1
1.009349375E1,5.435742438E-2,-1.071545035E-1,-3.652748466E-1,3.845289725E-1
1.010350975E1,4.777169228E-2,-1.250410825E-1,-3.674722314E-1,3.910923775E-1
1.011352575E1,4.144361615E-2,-1.418358833E-1,-3.668892086E-1,3.955283586E-1
1.012354175E1,3.118405677E-2,-1.566928625E-1,-3.599125147E-1,3.937792742E-1
1.013355875E1,2.270009741E-2,-1.706482023E-1,-3.505968750E-1,3.905819659E-1
1.014357475E1,1.266583893E-2,-1.893521100E-1,-3.353129923E-1,3.852913805E-1
1.015359075E1,-2.979027340E-3,-2.084870785E-1,-3.166725636E-1,3.791533318E-1
1.016360675E1,-1.242685784E-2,-2.251915038E-1,-2.931014597E-1,3.698298337E-1
1.017362275E1,-2.678848617E-2,-2.381448448E-1,-2.702920139E-1,3.612317301E-1
1.018363875E1,-3.707911447E-2,-2.528917789E-1,-2.370421737E-1,3.485944703E-1
1.019365475E1,-4.875665903E-2,-2.628407776E-1,-2.078738809E-1,3.386355512E-1
1.020367075E1,-6.035152823E-2,-2.777190506E-1,-1.700204909E-1,3.311753997E-1
1.021368675E1,-6.937364489E-2,-2.879859507E-1,-1.354580671E-1,3.257261094E-1
1.022370275E1,-8.290010691E-2,-2.989405990E-1,-9.366667271E-2,3.240545556E-1
1.023371875E1,-9.231153876E-2,-3.076364696E-1,-5.363563448E-2,3.256353772E-1
1.024373475E1,-9.744531661E-2,-3.187511861E-1,-1.205596887E-2,3.335314899E-1
1.025375075E1,-1.048315465E-1,-3.234095275E-1,2.963947132E-2,3.412651080E-1
1.026376675E1,-1.043369994E-1,-3.363229334E-1,7.369773835E-2,3.597647587E-1
1.027378275E1,-1.082380414E-1,-3.397118449E-1,1.154663041E-1,3.747693672E-1
1.028379875E1,-1.084361821E-1,-3.436927497E-1,1.528019458E-1,3.914480125E-1
1.029381475E1,-1.082097515E-1,-3.476518393E-1,1.950522512E-1,4.130575412E-1
1.030383075E1,-1.033148617E-1,-3.517802656E-1,2.307095826E-1,4.331861348E-1
1.031384775E1,-9.583798796E-2,-3.554292619E-1,2.666551471E-1,4.545545596E-1
1.032386375E1,-9.019874036E-2,-3.565193117E-1,2.961504757E-1,4.721725708E-1
1.033387975E1,-8.303108811E-2,-3.592790365E-1,3.288749158E-1,4.940994818E-1
1.034389575E1,-7.309749722E-2,-3.598289788E-1,3.506323993E-1,5.077038679E-1
1.035391175E1,-6.337889284E-2,-3.591036797E-1,3.737919033E-1,5.221998887E-1
1.036392775E1,-5.326128006E-2,-3.559116125E-1,3.869053125E-1,5.283990545E-1
1.037394375E1,-4.171952233E-2,-3.556649685E-1,3.983470798E-1,5.356477241E-1
1.038395975E1,-3.080588952E-2,-3.517184556E-1,4.063123167E-1,5.382792709E-1
1.039397575E1,-1.854274981E-2,-3.482476473E-1,4.078338444E-1,5.366085184E-1
1.040399175E1,-8.693848737E-3,-3.452614546E-1,4.065068066E-1,5.334124472E-1
1.041400775E1,-2.322900342E-3,-3.412463665E-1,3.995857835E-1,5.254743351E-1
1.042402375E1,8.864240721E-3,-3.358923495E-1,3.889800310E-1,5.140113907E-1
1.043403975E1,1.155483443E-2,-3.217554986E-1,3.697161973E-1,4.902552209E-1
1.044405575E1,2.174541913E-2,-3.163895011E-1,3.507190645E-1,4.728414553E-1
1.045407175E1,2.383995987E-2,-3.096144795E-1,3.309363425E-1,4.538153065E-1
1.046408775E1,2.646770142E-2,-2.978886068E-1,3.005286455E-1,4.239759758E-1
1.047410475E1,2.542525716E-2,-2.867713571E-1,2.701920271E-1,3.948265270E-1
1.048412075E1,2.579969727E-2,-2.756079137E-1,2.366439402E-1,3.641781170E-1
1.049413675E1,2.433964424E-2,-2.615581155E-1,1.994005889E-1,3.297963931E-1
1.050415325E1,1.818907261E-2,-2.481688261E-1,1.640415341E-1,2.980406575E-1
1.051416925E1,1.327308081E-2,-2.350708097E-1,1.250112653E-1,2.665750864E-1
1.052418525E1,3.100071568E-3,-2.191672027E-1,8.079559356E-2,2.336060811E-1
1.053420125E1,-7.022337522E-3,-2.043187469E-1,3.993631527E-2,2.083035594E-1
1.054421725E1,-1.499504223E-2,-1.887147576E-1,-2.766177058E-4,1.893097661E-1
1.055423325E1,-2.381697670E-2,-1.717485636E-1,-4.036339000E-2,1.780281459E-1
1.056424925E1,-3.459611908E-2,-1.511556655E-1,-7.870039344E-2,1.738927215E-1
1.057426525E1,-4.688411951E-2,-1.335219741E-1,-1.177024692E-1,1.840655033E-1
1.058428125E1,-6.060951948E-2,-1.136910245E-1,-1.584171504E-1,2.041939187E-1
1.059429725E1,-7.182612270E-2,-9.380385280E-2,-1.935506910E-1,2.267598392E-1
1.060431325E1,-7.872610539E-2,-7.660888880E-2,-2.293065637E-1,2.542601457E-1
1.061432925E1,-8.846903592E-2,-5.885801464E-2,-2.591139376E-1,2.800554746E-1
1.062434525E1,-9.736106545E-2,-3.879429400E-2,-2.887128592E-1,3.071470159E-1
1.063436225E1,-1.019006670E-1,-1.842414401E-2,-3.125007749E-1,3.292110710E-1
1.064437825E1,-1.068570763E-1,3.450794145E-3,-3.346987367E-1,3.513596264E-1
1.065439425E1,-1.081999689E-1,2.692107297E-2,-3.533287048E-1,3.705039151E-1
1.066441025E1,-1.091469899E-1,4.500686377E-2,-3.678290844E-1,3.863119446E-1
1.067442625E1,-1.084008664E-1,6.365324557E-2,-3.767412901E-1,3.971605257E-1
1.068444225E1,-1.050713882E-1,8.507385105E-2,-3.856937885E-1,4.087019149E-1
1.069445825E1,-1.005276218E-1,1.019490212E-1,-3.865765929E-1,4.122388481E-1
1.070447425E1,-9.229632467E-2,1.230268776E-1,-3.881838024E-1,4.175414813E-1
1.071449025E1,-8.667491376E-2,1.419523209E-1,-3.818555176E-1,4.165052682E-1
1.072450625E1,-7.335831225E-2,1.624701172E-1,-3.714931607E-1,4.120499356E-1
1.073452225E1,-6.429359317E-2,1.814254075E-1,-3.577417731E-1,4.062364101E-1
1.074453825E1,-4.790690169E-2,1.982672364E-1,-3.414155245E-1,3.977053289E-1
1.075455425E1,-3.134537488E-2,2.138825804E-1,-3.181301057E-1,3.846232636E-1
1.076457025E1,-1.711770147E-2,2.312503904E-1,-2.929954529E-1,3.736523708E-1
1.077458725E1,-4.432466812E-4,2.459042668E-1,-2.663958967E-1,3.625408648E-1
1.078460325E1,1.451279968E-2,2.624076009E-1,-2.319220603E-1,3.505085054E-1
1.079461925E1,3.009941615E-2,2.737639248E-1,-1.980272532E-1,3.392159406E-1
1.080463525E1,4.604269937E-2,2.842919230E-1,-1.613728404E-1,3.301257659E-1
1.081465125E1,6.123217568E-2,2.966797352E-1,-1.249182448E-1,3.276779097E-1
1.082466725E1,7.577809691E-2,3.093031347E-1,-8.485285193E-2,3.295614595E-1
1.083468325E1,8.585695177E-2,3.176076114E-1,-4.364604875E-2,3.318900248E-1
1.084469925E1,9.382246435E-2,3.269153535E-1,-7.353327237E-4,3.401129870E-1
1.085471525E1,1.038256213E-1,3.344206214E-1,3.772768006E-2,3.521935398E-1
1.086473125E1,1.121860892E-1,3.402563930E-1,8.513194323E-2,3.682493439E-1
1.087474725E1,1.166522279E-1,3.464569151E-1,1.197625697E-1,3.846858581E-1
1.088476325E1,1.221079752E-1,3.518170714E-1,1.586468518E-1,4.047893686E-1
1.089477925E1,1.206016615E-1,3.584402800E-1,1.950310767E-1,4.255130032E-1
1.090479525E1,1.226546988E-1,3.589428067E-1,2.290060818E-1,4.430890420E-1
1.091481225E1,1.201796234E-1,3.621459901E-1,2.593319118E-1,4.613522521E-1
1.092482825E1,1.136982888E-1,3.653028905E-1,2.874149382E-1,4.785194347E-1
1.093484425E1,1.076899543E-1,3.661088943E-1,3.087698221E-1,4.908886349E-1
1.094486025E1,1.045753881E-1,3.652279079E-1,3.312887251E-1,5.040631468E-1
1.095487625E1,9.695918858E-2,3.641213477E-1,3.475356698E-1,5.126075320E-1
1.096489225E1,8.995719999E-2,3.604682684E-1,3.585142791E-1,5.162965802E-1
1.097490825E1,7.832967490E-2,3.598397374E-1,3.663663566E-1,5.194655733E-1
1.098492425E1,7.025790215E-2,3.552146256E-1,3.701712191E-1,5.178226864E-1
1.099494025E1,6.146487221E-2,3.498284817E-1,3.668783307E-1,5.106443054E-1
1.100495625E1,5.084391683E-2,3.503627181E-1,3.604827523E-1,5.052592927E-1
1.101497225E1,4.261086881E-2,3.395393491E-1,3.510561287E-1,4.902479589E-1
1.102498825E1,3.751091287E-2,3.322398961E-1,3.341751397E-1,4.727191990E-1
1.103500425E1,2.726353891E-2,3.209452331E-1,3.182448745E-1,4.528012183E-1
1.104502025E1,2.442540973E-2,3.124071360E-1,2.963763177E-1,4.313162888E-1
1.105503725E1,2.351321094E-2,3.000186980E-1,2.722019553E-1,4.057807224E-1
1.106505325E1,1.468776166E-2,2.948729396E-1,2.422917336E-1,3.819307071E-1
1.107506925E1,1.167646144E-2,2.794431746E-1,2.107811719E-1,3.502192599E-1
1.108508525E1,1.117765065E-2,2.617898881E-1,1.782927513E-1,3.169340477E-1
1.109510125E1,1.513282210E-2,2.470705956E-1,1.416958869E-1,2.852202761E-1
1.110511725E1,1.370696630E-2,2.318066806E-1,1.042529047E-1,2.545405394E-1
1.111513325E1,1.480833068E-2,2.163052559E-1,6.697729230E-2,2.269211494E-1
1.112514925E1,2.413605340E-2,1.984788626E-1,2.804507874E-2,2.018983270E-1
1.113516525E1,2.291572094E-2,1.830291450E-1,-1.055146009E-2,1.847596587E-1
1.114518125E1,3.237926215E-2,1.607696563E-1,-4.909832031E-2,1.711897896E-1
1.115519725E1,3.378853947E-2,1.431191266E-1,-8.479494601E-2,1.697496175E-1
1.116521325E1,3.749246523E-2,1.227677763E-1,-1.206370965E-1,1.761559561E-1
1.117523025E1,4.497068375E-2,1.058486626E-1,-1.608510464E-1,1.977355833E-1
1.118524625E1,4.823332280E-2,8.493219316E-2,-1.961595118E-1,2.191312048E-1
1.119526225E1,5.591440573E-2,6.412256509E-2,-2.274078131E-1,2.428012306E-1
1.120527825E1,5.845053494E-2,4.611826316E-2,-2.561635673E-1,2.667641888E-1
1.121529425E1,5.983543769E-2,2.522122115E-2,-2.845702171E-1,2.918845629E-1
1.122531025E1,6.465709209E-2,4.621400498E-3,-3.056265116E-1,3.124251294E-1
1.123532625E1,6.603262573E-2,-1.478890609E-2,-3.268763721E-1,3.338071030E-1
1.124534225E1,6.655780226E-2,-3.161662072E-2,-3.411767483E-1,3.490431568E-1
1.125535825E1,6.469684094E-2,-5.123317242E-2,-3.560112417E-1,3.654511231E-1
1.126537425E1,5.986054242E-2,-7.124176621E-2,-3.643392324E-1,3.760342406E-1
1.127539025E1,5.487037823E-2,-9.079901129E-2,-3.694721460E-1,3.844019843E-1
1.128540625E1,4.840954766E-2,-1.102989465E-1,-3.706982434E-1,3.897775385E-1
1.129542325E1,4.108732939E-2,-1.268714517E-1,-3.669005930E-1,3.903851676E-1
1.130543925E1,3.114867769E-2,-1.450842768E-1,-3.582317233E-1,3.877494746E-1
1.131545525E1,2.493478730E-2,-1.631664038E-1,-3.424186110E-1,3.801256689E-1
1.132547125E1,9.794984013E-3,-1.780105978E-1,-3.275765479E-1,3.729478641E-1
1.133548725E1,-1.848828746E-3,-1.957123876E-1,-3.080295622E-1,3.649506378E-1
1.134550325E1,-1.089825016E-2,-2.116671056E-1,-2.835575044E-1,3.540149626E-1
1.135551925E1,-2.390040457E-2,-2.245295495E-1,-2.539342344E-1,3.398048606E-1
1.136553525E1,-3.506623954E-2,-2.367308140E-1,-2.259028703E-1,3.290945552E-1
1.137555125E1,-4.925763607E-2,-2.524881661E-1,-1.908194274E-1,3.202946184E-1
1.138556725E1,-6.127861515E-2,-2.637959421E-1,-1.568510830E-1,3.129626655E-1
1.139558325E1,-7.147352397E-2,-2.730807662E-1,-1.168500856E-1,3.055086120E-1
1.140559925E1,-8.333284408E-2,-2.849566042E-1,-7.720014453E-2,3.067645539E-1
1.141561625E1,-8.835110813E-2,-2.972156107E-1,-3.622105718E-2,3.121778380E-1
1.142563225E1,-9.530275315E-2,-3.072890043E-1,7.614040282E-3,3.218184590E-1
1.143564825E1,-1.027966887E-1,-3.136863708E-1,4.641056433E-2,3.333470248E-1
1.144566425E1,-1.044723466E-1,-3.229112923E-1,9.125553817E-2,3.514452264E-1
1.145568025E1,-1.080151573E-1,-3.246029019E-1,1.325480193E-1,3.668832179E-1
1.146569625E1,-1.067112759E-1,-3.338219821E-1,1.763439775E-1,3.923284473E-1
1.147571225E1,-1.034166664E-1,-3.363675475E-1,2.117928863E-1,4.107241904E-1
1.148572825E1,-1.008131579E-1,-3.445509076E-1,2.481026947E-1,4.363869474E-1
1.149574425E1,-9.283659607E-2,-3.471907079E-1,2.831158042E-1,4.575091035E-1
1.150575987E1,-8.751639724E-2,-3.504176736E-1,3.120904565E-1,4.773385788E-1
1.151577587E1,-8.186138421E-2,-3.507692218E-1,3.388626277E-1,4.945383844E-1
1.152579187E1,-7.190328836E-2,-3.505617678E-1,3.618241549E-1,5.089011249E-1
1.153580888E1,-6.320519745E-2,-3.495683670E-1,3.817254603E-1,5.214472814E-1
1.154582488E1,-5.068914592E-2,-3.491585255E-1,3.970964253E-1,5.311935960E-1
1.155584088E1,-4.191935807E-2,-3.486452997E-1,4.051156342E-1,5.361244768E-1
1.156585688E1,-2.966855280E-2,-3.485938907E-1,4.118340015E-1,5.403750258E-1
1.157587288E1,-1.910465769E-2,-3.441751301E-1,4.127239883E-1,5.377384110E-1
1.158588888E1,-1.022434607E-2,-3.402541578E-1,4.056365192E-1,5.295454795E-1
1.159590488E1,-7.858434692E-4,-3.361577988E-1,3.989745080E-1,5.217119332E-1
1.160592088E1,8.341075853E-3,-3.299065530E-1,3.876813650E-1,5.091215455E-1
1.161593688E1,1.103972644E-2,-3.240696192E-1,3.675548434E-1,4.901423840E-1
1.162595288E1,1.971444115E-2,-3.159030378E-1,3.460951149E-1,4.690044958E-1
1.163596988E1,2.138936892E-2,-3.079636395E-1,3.211691976E-1,4.454758824E-1
1.164598588E1,2.466159500E-2,-2.964241803E-1,2.923569679E-1,4.170708400E-1
1.165600188E1,2.172279544E-2,-2.884258926E-1,2.595034242E-1,3.885915626E-1
1.166601788E1,2.081146277E-2,-2.750219405E-1,2.244703621E-1,3.556081104E-1
1.167603388E1,1.735108532E-2,-2.646634579E-1,1.876219660E-1,3.248842997E-1
1.168604988E1,1.725814119E-2,-2.518155575E-1,1.508959085E-1,2.940722592E-1
1.169606588E1,9.068124928E-3,-2.376516014E-1,1.069632620E-1,2.607712675E-1
1.170608188E1,-2.012732584E-4,-2.213128507E-1,6.616763026E-2,2.309925836E-1
1.171609788E1,-1.184188854E-2,-2.090624571E-1,2.643915452E-2,2.110601103E-1
1.172611388E1,-1.855118945E-2,-1.925138384E-1,-1.674293727E-2,1.941289534E-1
1.173612988E1,-2.833930776E-2,-1.762095690E-1,-5.860778317E-2,1.878504746E-1
1.174614688E1,-4.004336521E-2,-1.576087326E-1,-9.789580107E-2,1.898093031E-1
1.175616288E1,-5.040785670E-2,-1.386148632E-1,-1.385437101E-1,2.023595610E-1
1.176617888E1,-6.129432470E-2,-1.225434765E-1,-1.732830554E-1,2.209092917E-1
1.177619488E1,-7.454255223E-2,-1.036346108E-1,-2.078112513E-1,2.438898128E-1
1.178621088E1,-8.290781081E-2,-8.657094091E-2,-2.408427000E-1,2.690231199E-1
1.179622688E1,-9.293660522E-2,-6.646002829E-2,-2.730782926E-1,2.960167256E-1
1.180624288E1,-9.790260345E-2,-4.716356099E-2,-3.014862537E-1,3.204735285E-1
1.181625888E1,-1.058538780E-1,-2.843869478E-2,-3.225286901E-1,3.406443288E-1
1.182627488E1,-1.102057472E-1,-9.751824662E-3,-3.463647664E-1,3.636054952E-1
1.183629088E1,-1.127444059E-1,1.239676867E-2,-3.613183200E-1,3.787029302E-1
1.184630687E1,-1.135151237E-1,3.083410114E-2,-3.763151169E-1,3.942708362E-1
1.185632388E1,-1.110775322E-1,5.199054629E-2,-3.830932081E-1,4.022457472E-1
1.186633988E1,-1.077776030E-1,7.446949184E-2,-3.918749988E-1,4.131921243E-1
1.187635588E1,-1.015968099E-1,9.368224442E-2,-3.911641836E-1,4.148586425E-1
1.188637188E1,-9.397483617E-2,1.106756106E-1,-3.858391941E-1,4.122526462E-1
1.189638788E1,-8.579713851E-2,1.304831356E-1,-3.801617622E-1,4.109865729E-1
1.190640388E1,-7.204111665E-2,1.484126002E-1,-3.676662147E-1,4.029822177E-1
1.191641988E1,-5.950395018E-2,1.671050489E-1,-3.511222303E-1,3.933848473E-1
1.192643588E1,-4.800681770E-2,1.857815385E-1,-3.328066170E-1,3.841610065E-1
1.193645188E1,-3.134780750E-2,2.029194832E-1,-3.091914952E-1,3.711581636E-1
1.194646888E1,-1.666553691E-2,2.193679512E-1,-2.838475108E-1,3.591231648E-1
1.195648488E1,1.497484394E-3,2.337185293E-1,-2.532401383E-1,3.446116090E-1
1.196650088E1,1.832200401E-2,2.459232658E-1,-2.212838233E-1,3.313313733E-1
1.197651688E1,3.344477341E-2,2.607126832E-1,-1.863528341E-1,3.222065096E-1
1.198653288E1,4.550010338E-2,2.766050994E-1,-1.476629525E-1,3.168359007E-1
1.199654888E1,5.937582999E-2,2.887513340E-1,-1.091498360E-1,3.143509325E-1
1.200656488E1,7.308791578E-2,2.977203429E-1,-6.970548630E-2,3.143852745E-1
1.201658088E1,8.632948250E-2,3.063973486E-1,-2.591180243E-2,3.193799247E-1
1.202659688E1,9.524708241E-2,3.157975078E-1,1.491072774E-2,3.301854061E-1
1.203661288E1,1.044547632E-1,3.256269097E-1,5.374072492E-2,3.461672246E-1
1.204662988E1,1.096420661E-1,3.332185149E-1,9.343647212E-2,3.630238775E-1
1.205664588E1,1.158175394E-1,3.353862166E-1,1.369629949E-1,3.803373223E-1
1.206666188E1,1.197433025E-1,3.453983665E-1,1.725803912E-1,4.042554656E-1
1.207667788E1,1.232741252E-1,3.485963345E-1,2.083169073E-1,4.243958626E-1
1.208669388E1,1.206021756E-1,3.528605700E-1,2.456794530E-1,4.465577905E-1
1.209670988E1,1.171813458E-1,3.544505239E-1,2.738197446E-1,4.629728871E-1
1.210672588E1,1.136886105E-1,3.579775691E-1,2.969399989E-1,4.787968286E-1
1.211674188E1,1.089280099E-1,3.578891158E-1,3.205870390E-1,4.926722847E-1
1.212675788E1,1.042530984E-1,3.590928614E-1,3.398675025E-1,5.052982395E-1
1.213677388E1,9.486565739E-2,3.595051765E-1,3.576323688E-1,5.158918260E-1
1.214679088E1,8.770521730E-2,3.573602438E-1,3.653059900E-1,5.185045953E-1
1.215680688E1,7.924728096E-2,3.532587588E-1,3.716173470E-1,5.188172460E-1
1.216682288E1,7.062876225E-2,3.506869376E-1,3.707065284E-1,5.151631591E-1
1.217683888E1,6.167528033E-2,3.487819433E-1,3.691575825E-1,5.115955482E-1
1.218685488E1,5.411110446E-2,3.438929021E-1,3.627460301E-1,5.027673638E-1
1.219687088E1,4.449575394E-2,3.364418745E-1,3.494962752E-1,4.871556768E-1
1.220688688E1,3.773691505E-2,3.281123042E-1,3.347082734E-1,4.702248262E-1
1.221690288E1,2.904049866E-2,3.221064508E-1,3.142292500E-1,4.509278631E-1
1.222691888E1,2.471738867E-2,3.122794032E-1,2.902395129E-1,4.270460746E-1
1.223693588E1,2.267354913E-2,3.052069843E-1,2.611346245E-1,4.023141623E-1
1.224695188E1,1.878293604E-2,2.913300395E-1,2.352406979E-1,3.749188933E-1
1.225696788E1,1.507601608E-2,2.789682746E-1,1.996975839E-1,3.434089537E-1
1.226698388E1,1.372020040E-2,2.657600641E-1,1.659143120E-1,3.135988114E-1
1.227699988E1,1.457668003E-2,2.480239570E-1,1.295841187E-1,2.802149294E-1
1.228701588E1,1.708218083E-2,2.350735366E-1,9.318695962E-2,2.534465979E-1
1.229703188E1,2.081673220E-2,2.193984687E-1,5.289652199E-2,2.266430375E-1
1.230704788E1,2.172913030E-2,2.067021132E-1,1.138982549E-2,2.081529409E-1
1.231706388E1,2.719786391E-2,1.891641915E-1,-2.556291223E-2,1.928115080E-1
1.232708088E1,3.136757761E-2,1.647501886E-1,-6.681527942E-2,1.805293082E-1
1.233709688E1,3.422854468E-2,1.483340114E-1,-1.028897837E-1,1.837413394E-1
1.234711288E1,3.906857222E-2,1.314969659E-1,-1.403101236E-1,1.962262372E-1
1.235712888E1,4.555217549E-2,1.110432446E-1,-1.782829911E-1,2.149195844E-1
1.236714488E1,5.404659733E-2,9.446053952E-2,-2.105224133E-1,2.369884273E-1
1.237716088E1,5.800717697E-2,7.513535023E-2,-2.417793572E-1,2.597448960E-1
1.238717688E1,6.328476220E-2,5.395549536E-2,-2.692461610E-1,2.817971820E-1
1.239719288E1,6.415781379E-2,2.945464291E-2,-2.956146598E-1,3.039273402E-1
1.240720888E1,6.656344980E-2,1.296967454E-2,-3.194451630E-1,3.265641093E-1
1.241722588E1,6.528286636E-2,-5.983146839E-3,-3.375093937E-1,3.438171629E-1
1.242724188E1,6.776279956E-2,-1.973970607E-2,-3.526683748E-1,3.596615570E-1
1.243725788E1,6.805250794E-2,-4.117290676E-2,-3.634642363E-1,3.720653210E-1
1.244727388E1,6.310196221E-2,-5.914285406E-2,-3.725719452E-1,3.824782205E-1
1.245728988E1,5.427623168E-2,-7.825853676E-2,-3.748011291E-1,3.867120302E-1
1.246730588E1,5.065939203E-2,-1.010578647E-1,-3.740929961E-1,3.907999946E-1
1.247732188E1,4.653920978E-2,-1.194161251E-1,-3.673977256E-1,3.891107782E-1
1.248733788E1,3.312326968E-2,-1.336083710E-1,-3.569203019E-1,3.825447029E-1
1.249735525E1,2.317896485E-2,-1.490165442E-1,-3.457096219E-1,3.771714962E-1
1.250737125E1,1.215933729E-2,-1.637827009E-1,-3.279942870E-1,3.668144966E-1
1.251738725E1,2.668773057E-3,-1.811647117E-1,-3.068532646E-1,3.563519343E-1
1.252740325E1,-9.612128139E-3,-1.949132830E-1,-2.809604108E-1,3.420852720E-1
1.253741925E1,-2.528283000E-2,-2.120354176E-1,-2.498892248E-1,3.286987442E-1
1.254743525E1,-3.517754003E-2,-2.277984023E-1,-2.191659361E-1,3.180617534E-1
1.255745125E1,-4.644252732E-2,-2.405640036E-1,-1.830990911E-1,3.058647173E-1
1.256746725E1,-5.845285207E-2,-2.512163818E-1,-1.448441148E-1,2.958145094E-1
1.257748425E1,-7.044316083E-2,-2.628457248E-1,-1.093129516E-1,2.932566032E-1
1.258750025E1,-7.833757252E-2,-2.757354081E-1,-6.596441567E-2,2.941395836E-1
1.259751625E1,-8.789487183E-2,-2.823339701E-1,-2.403172664E-2,2.966740687E-1
1.260753225E1,-9.516876191E-2,-2.951656282E-1,1.860841177E-2,3.106865209E-1
1.261754825E1,-9.868258983E-2,-3.019134104E-1,5.712284893E-2,3.227274094E-1
1.262756425E1,-1.031524390E-1,-3.103822768E-1,1.057345867E-1,3.437402889E-1
1.263758025E1,-1.061001047E-1,-3.187693357E-1,1.467174739E-1,3.666021533E-1
1.264759625E1,-1.019626185E-1,-3.263942301E-1,1.849048138E-1,3.887407352E-1
1.265761225E1,-1.023434028E-1,-3.288578093E-1,2.247377187E-1,4.112525660E-1
1.266762925E1,-9.966719151E-2,-3.336898386E-1,2.607734799E-1,4.350692650E-1
1.267764525E1,-9.512002766E-2,-3.360624611E-1,2.942690253E-1,4.567056565E-1
1.268766125E1,-8.982433379E-2,-3.383485079E-1,3.237797916E-1,4.768453388E-1
1.269767725E1,-8.025538176E-2,-3.421945274E-1,3.489331305E-1,4.952699773E-1
1.270769325E1,-7.236310095E-2,-3.453447819E-1,3.716520369E-1,5.124691925E-1
1.271770925E1,-6.047537923E-2,-3.426006734E-1,3.900117576E-1,5.226295667E-1
1.272772525E1,-5.283397064E-2,-3.430606127E-1,4.060682356E-1,5.342035421E-1
1.273774125E1,-4.274857789E-2,-3.433918953E-1,4.123631418E-1,5.383203464E-1
1.274775825E1,-3.036159091E-2,-3.426169157E-1,4.179209769E-1,5.412634479E-1
1.275777425E1,-2.145884931E-2,-3.399615586E-1,4.169613123E-1,5.384153410E-1
1.276779025E1,-1.128024794E-2,-3.372960091E-1,4.127881229E-1,5.331884058E-1
1.277780625E1,-2.014500555E-3,-3.292405009E-1,4.006914794E-1,5.186106703E-1
1.278782225E1,1.494480530E-3,-3.243408203E-1,3.839828074E-1,5.026350541E-1
1.279783825E1,1.214905735E-2,-3.173948228E-1,3.701384366E-1,4.877392084E-1
1.280785425E1,1.730573736E-2,-3.159428537E-1,3.458999395E-1,4.687922178E-1
1.281787025E1,2.047789842E-2,-3.068671227E-1,3.153891861E-1,4.405191415E-1
1.282788725E1,2.084727772E-2,-2.941374779E-1,2.881535888E-1,4.122911054E-1
1.283790325E1,2.203158662E-2,-2.865693569E-1,2.548518181E-1,3.841312748E-1
1.284791925E1,2.151466534E-2,-2.758522630E-1,2.184552103E-1,3.525337299E-1
1.285793525E1,1.756567135E-2,-2.666541338E-1,1.819223762E-1,3.232781014E-1
1.286795125E1,1.416508108E-2,-2.540107667E-1,1.398963630E-1,2.903327600E-1
1.287796725E1,1.820530510E-3,-2.392986715E-1,9.925918281E-2,2.590744176E-1
1.288798325E1,-4.253607243E-3,-2.246781886E-1,5.416494235E-2,2.311541100E-1
1.289800025E1,-1.464020181E-2,-2.116372138E-1,1.192374714E-2,2.124778142E-1
1.290801625E1,-2.140436508E-2,-1.953077763E-1,-2.710913867E-2,1.983385483E-1
1.291803225E1,-3.399289772E-2,-1.827899814E-1,-6.919054687E-2,1.983810126E-1
1.292804825E1,-4.247719422E-2,-1.636676788E-1,-1.093723178E-1,2.013795546E-1
1.293806425E1,-5.455776677E-2,-1.477939934E-1,-1.488042921E-1,2.167079411E-1
1.294808025E1,-6.808955967E-2,-1.308533698E-1,-1.872928292E-1,2.384059487E-1
1.295809625E1,-7.447509468E-2,-1.103509888E-1,-2.199532837E-1,2.571056737E-1
1.296811225E1,-8.959146589E-2,-9.445511550E-2,-2.522486448E-1,2.838622525E-1
1.297812925E1,-9.483046830E-2,-7.594600320E-2,-2.859179080E-1,3.106600444E-1
1.298814525E1,-1.019112840E-1,-5.858325958E-2,-3.123598993E-1,3.337463330E-1
1.299816125E1,-1.098296568E-1,-3.772564977E-2,-3.356244862E-1,3.551472566E-1
1.300817725E1,-1.108770818E-1,-1.737749949E-2,-3.555270731E-1,3.728206063E-1
1.301819325E1,-1.121036559E-1,2.847578377E-3,-3.690692782E-1,3.857297895E-1
1.302820925E1,-1.132757142E-1,2.064068802E-2,-3.820734918E-1,3.990458352E-1
1.303822525E1,-1.114173234E-1,4.130880907E-2,-3.905948102E-1,4.082701844E-1
1.304824225E1,-1.115478203E-1,5.820417032E-2,-3.917261362E-1,4.114365169E-1
1.305825825E1,-1.059598923E-1,8.289004117E-2,-3.955112994E-1,4.177648210E-1
1.306827425E1,-9.621085972E-2,9.738402814E-2,-3.872030377E-1,4.106901154E-1
1.307829025E1,-8.441922814E-2,1.179083735E-1,-3.796718717E-1,4.064230810E-1
1.308830625E1,-7.447018474E-2,1.384133846E-1,-3.668956161E-1,3.991446687E-1
1.309832225E1,-6.197105721E-2,1.519992799E-1,-3.504806459E-1,3.870153436E-1
1.310833825E1,-4.834020138E-2,1.731359959E-1,-3.306329250E-1,3.763389154E-1
1.311835425E1,-3.373461217E-2,1.892438829E-1,-3.036072254E-1,3.593447072E-1
1.312837125E1,-1.640276238E-2,2.037482560E-1,-2.767319381E-1,3.440391954E-1
1.313838725E1,-1.479328639E-4,2.203582376E-1,-2.460751534E-1,3.303191727E-1
1.314840325E1,1.743052900E-2,2.370149940E-1,-2.150439918E-1,3.205056148E-1
1.315841925E1,3.140844777E-2,2.509999275E-1,-1.767260432E-1,3.085766494E-1
1.316843525E1,4.390772805E-2,2.635061443E-1,-1.379304528E-1,3.006462813E-1
1.317845125E1,5.926291645E-2,2.739215493E-1,-9.897538275E-2,2.972225342E-1
1.318846725E1,7.192651182E-2,2.852288187E-1,-5.971798673E-2,3.001585248E-1
1.319848425E1,8.482160419E-2,2.946687639E-1,-1.408152469E-2,3.069571212E-1
1.320850025E1,9.617758542E-2,3.047754467E-1,2.565736510E-2,3.206189346E-1
1.321851625E1,1.021488383E-1,3.143650591E-1,6.910058111E-2,3.376901922E-1
1.322853225E1,1.075795516E-1,3.225140870E-1,1.073845848E-1,3.565391217E-1
1.323854825E1,1.129792780E-1,3.285638988E-1,1.476587355E-1,3.775204034E-1
1.324856425E1,1.184475496E-1,3.353517652E-1,1.864839047E-1,4.015804715E-1
1.325858025E1,1.216152161E-1,3.382335901E-1,2.201296538E-1,4.214846222E-1
1.326859725E1,1.204743162E-1,3.420174122E-1,2.537912130E-1,4.426058641E-1
1.327861325E1,1.185020879E-1,3.460851908E-1,2.819173634E-1,4.618388289E-1
1.328862925E1,1.117925197E-1,3.513406813E-1,3.096517920E-1,4.814790485E-1
1.329864525E1,1.089124978E-1,3.513198793E-1,3.304278255E-1,4.944392153E-1
1.330866125E1,1.047768742E-1,3.526128531E-1,3.479847014E-1,5.063668333E-1
1.331867725E1,9.453223646E-2,3.531751335E-1,3.647828996E-1,5.164645026E-1
1.332869425E1,9.082538635E-2,3.528653979E-1,3.720778227E-1,5.207736034E-1
1.333871025E1,7.824651152E-2,3.483046889E-1,3.734217584E-1,5.166067001E-1
1.334872625E1,7.008418441E-2,3.433645368E-1,3.769773245E-1,5.147066166E-1
1.335874225E1,6.285779923E-2,3.424612880E-1,3.723711073E-1,5.097951336E-1
1.336875825E1,5.445232987E-2,3.410945535E-1,3.650623262E-1,5.025744250E-1
1.337877425E1,4.652402923E-2,3.333637118E-1,3.516585827E-1,4.867849715E-1
1.338879025E1,3.643943742E-2,3.291285038E-1,3.322379887E-1,4.690794024E-1
1.339880725E1,3.074057586E-2,3.171244562E-1,3.121547401E-1,4.460420221E-1
1.340882325E1,2.479400299E-2,3.080635667E-1,2.881399691E-1,4.225429511E-1
1.341883925E1,1.976164058E-2,2.995963991E-1,2.607534826E-1,3.976693393E-1
1.342885525E1,2.052836306E-2,2.927829623E-1,2.282123417E-1,3.717850852E-1
1.343887125E1,1.663748547E-2,2.815377712E-1,1.955806315E-1,3.432085459E-1
1.344888725E1,1.492827013E-2,2.636858225E-1,1.594822705E-1,3.085249760E-1
1.345890325E1,1.870369352E-2,2.504267693E-1,1.224697977E-1,2.793962173E-1
1.346892025E1,1.429189928E-2,2.353197187E-1,8.346780390E-2,2.500929881E-1
1.347893625E1,2.025485784E-2,2.195402086E-1,4.552215338E-2,2.251231416E-1
1.348895225E1,2.287301049E-2,2.045804262E-1,4.685238935E-3,2.059084186E-1
1.349896792E1,2.394030057E-2,1.900613159E-1,-3.624990582E-2,1.949628105E-1
1.350898392E1,3.551945463E-2,1.757484227E-1,-7.562367618E-2,1.945972254E-1
1.351899992E1,3.804422542E-2,1.541855782E-1,-1.160888225E-1,1.967159636E-1
1.352901692E1,4.295775667E-2,1.359314770E-1,-1.530598998E-1,2.091651697E-1
1.353903292E1,4.833739623E-2,1.181317046E-1,-1.867932081E-1,2.262372783E-1
1.354904892E1,5.265145004E-2,9.659045935E-2,-2.213266790E-1,2.471586350E-1
1.355906492E1,5.955773965E-2,7.788239419E-2,-2.519190013E-1,2.703256830E-1
1.356908092E1,6.427580118E-2,6.254658103E-2,-2.826042175E-1,2.964938400E-1
1.357909692E1,6.677778065E-2,4.525210708E-2,-3.101419210E-1,3.204606628E-1
1.358911292E1,6.747259945E-2,2.299607173E-2,-3.281030655E-1,3.357573418E-1
1.359912992E1,6.935750693E-2,6.143203937E-3,-3.473396599E-1,3.542499712E-1
1.360914592E1,6.805362552E-2,-1.508618519E-2,-3.621795774E-1,3.688264296E-1
1.361916192E1,6.628108025E-2,-3.288337961E-2,-3.724821806E-1,3.797597571E-1
1.362917792E1,6.406266987E-2,-4.911348224E-2,-3.787853420E-1,3.872912278E-1
1.363919392E1,6.042324379E-2,-6.832331419E-2,-3.785874248E-1,3.894194164E-1
1.364920992E1,5.170512199E-2,-8.791938424E-2,-3.785210848E-1,3.920222562E-1
1.365922692E1,4.349270090E-2,-1.042028964E-1,-3.741006553E-1,3.907699566E-1
1.366924292E1,3.820712492E-2,-1.234386414E-1,-3.638448417E-1,3.861087301E-1
1.367925892E1,2.538220584E-2,-1.372188777E-1,-3.470988274E-1,3.741000838E-1
1.368927492E1,1.522144768E-2,-1.524750590E-1,-3.277949095E-1,3.618422844E-1
1.369929092E1,5.982323550E-3,-1.698373258E-1,-3.006349206E-1,3.453431061E-1
1.370930692E1,-9.499963373E-3,-1.846993715E-1,-2.766611278E-1,3.327844449E-1
1.371932392E1,-2.243360505E-2,-1.995662004E-1,-2.491685301E-1,3.200232669E-1
1.372933992E1,-3.504793346E-2,-2.144652456E-1,-2.148140222E-1,3.055630268E-1
1.373935592E1,-4.620416090E-2,-2.265855372E-1,-1.769220978E-1,2.911653462E-1
1.374937192E1,-5.711885914E-2,-2.368496209E-1,-1.389339715E-1,2.804691702E-1
1.375938792E1,-6.607424468E-2,-2.526923716E-1,-9.964524209E-2,2.795503796E-1
1.376940392E1,-7.582567632E-2,-2.619718909E-1,-5.631401762E-2,2.784781381E-1
1.377942092E1,-8.712645620E-2,-2.742392421E-1,-1.368634589E-2,2.880720350E-1
1.378943692E1,-8.951397985E-2,-2.829845548E-1,2.693644911E-2,2.980244673E-1
1.379945292E1,-9.547344595E-2,-2.913679779E-1,7.120914757E-2,3.147716952E-1
1.380946892E1,-1.013968438E-1,-2.979172170E-1,1.152226776E-1,3.351302039E-1
1.381948492E1,-1.047242507E-1,-3.081631064E-1,1.545891464E-1,3.603185716E-1
1.382950092E1,-1.023945138E-1,-3.136002123E-1,1.938728988E-1,3.826439997E-1
1.383951792E1,-1.001768410E-1,-3.181544244E-1,2.333804667E-1,4.070922248E-1
1.384953392E1,-9.772247076E-2,-3.262983561E-1,2.706902921E-1,4.350787661E-1
1.385954992E1,-9.328168631E-2,-3.280148208E-1,3.052843213E-1,4.577048312E-1
1.386956592E1,-8.624561876E-2,-3.324550986E-1,3.319777250E-1,4.776755272E-1
1.387958192E1,-7.984769344E-2,-3.360754550E-1,3.594444096E-1,4.985204601E-1
1.388959792E1,-7.140014321E-2,-3.362538815E-1,3.802506328E-1,5.125965245E-1
1.389961492E1,-6.105211750E-2,-3.359125555E-1,3.989163041E-1,5.250703035E-1
1.390963092E1,-4.871129617E-2,-3.356553018E-1,4.120382369E-1,5.336785368E-1
1.391964692E1,-4.023540020E-2,-3.361870050E-1,4.192627668E-1,5.389080232E-1
1.392966292E1,-3.257348388E-2,-3.370717168E-1,4.227342010E-1,5.416480211E-1
1.393967892E1,-2.121478505E-2,-3.341910541E-1,4.218961895E-1,5.386372828E-1
1.394969492E1,-1.291690767E-2,-3.321121931E-1,4.162356555E-1,5.326513646E-1
1.395971192E1,-2.229885897E-3,-3.281859756E-1,4.030865729E-1,5.197978378E-1
1.396972792E1,2.513204003E-3,-3.230157197E-1,3.910485506E-1,5.072124212E-1
1.397974392E1,9.137913585E-3,-3.154820800E-1,3.680118620E-1,4.848145778E-1
1.398975992E1,1.332786493E-2,-3.124423623E-1,3.479841053E-1,4.678576699E-1
1.399977592E1,1.747321896E-2,-3.041049242E-1,3.177759945E-1,4.401893922E-1
1.400979192E1,2.047273703E-2,-2.971668541E-1,2.874231339E-1,4.139315524E-1
1.401980892E1,2.365502343E-2,-2.871538401E-1,2.515687346E-1,3.824966879E-1
1.402982492E1,2.012127452E-2,-2.756457627E-1,2.155308425E-1,3.504839458E-1
1.403984092E1,1.464068331E-2,-2.639174163E-1,1.776420027E-1,3.184704592E-1
1.404985692E1,8.976671845E-3,-2.558829486E-1,1.357443482E-1,2.897985371E-1
1.405987292E1,2.631254960E-3,-2.417811006E-1,9.300944954E-2,2.590671377E-1
1.406988892E1,-4.874065518E-3,-2.284644991E-1,5.092218146E-2,2.341214480E-1
1.407990592E1,-1.292518899E-2,-2.132642418E-1,1.022247504E-2,2.138999681E-1
1.408992192E1,-2.268514223E-2,-1.978898197E-1,-3.363472968E-2,2.020056719E-1
1.409993792E1,-3.537135199E-2,-1.854436100E-1,-7.680270076E-2,2.038114812E-1
1.410995392E1,-4.592385888E-2,-1.700332314E-1,-1.186465546E-1,2.123612618E-1
1.411996992E1,-5.481581390E-2,-1.551709920E-1,-1.578801870E-1,2.280547383E-1
1.412998692E1,-6.510360539E-2,-1.344673038E-1,-1.967293173E-1,2.470270420E-1
1.414000292E1,-7.752088457E-2,-1.194187701E-1,-2.315187305E-1,2.717926650E-1
1.415001892E1,-8.702784032E-2,-1.043077335E-1,-2.609783709E-1,2.942170259E-1
1.416003492E1,-9.570698440E-2,-8.230749518E-2,-2.904784083E-1,3.167207861E-1
1.417005092E1,-1.044301689E-1,-6.702734530E-2,-3.211939633E-1,3.443310721E-1
1.418006692E1,-1.103920937E-1,-4.702440649E-2,-3.421936333E-1,3.626212788E-1
1.419008392E1,-1.140297055E-1,-2.615960501E-2,-3.589531481E-1,3.775373640E-1
1.420009992E1,-1.138734147E-1,-7.682194933E-3,-3.770077825E-1,3.939048600E-1
1.421011592E1,-1.155874282E-1,1.091998443E-2,-3.872002363E-1,4.042322632E-1
1.422013192E1,-1.141401976E-1,3.106365353E-2,-3.948230147E-1,4.121627691E-1
1.423014792E1,-1.119295061E-1,4.805835336E-2,-3.990973830E-1,4.172727415E-1
1.424016492E1,-1.069346666E-1,6.988119334E-2,-3.983918130E-1,4.183711759E-1
1.425018092E1,-9.676805139E-2,8.889482915E-2,-3.939941227E-1,4.153284425E-1
1.426019692E1,-8.831658959E-2,1.050843522E-1,-3.818158507E-1,4.057411551E-1
1.427021292E1,-7.303243876E-2,1.236417890E-1,-3.684654236E-1,3.954589706E-1
1.428022892E1,-6.504854560E-2,1.434289664E-1,-3.528462350E-1,3.863983013E-1
1.429024492E1,-5.057852343E-2,1.591147184E-1,-3.301861882E-1,3.699981075E-1
1.430026192E1,-3.575023636E-2,1.790462881E-1,-3.026809990E-1,3.534847095E-1
1.431027792E1,-2.187569812E-2,1.961009055E-1,-2.786489129E-1,3.414371509E-1
1.432029392E1,-2.877515042E-3,2.114874274E-1,-2.444062829E-1,3.232176405E-1
1.433030992E1,1.227826811E-2,2.248162925E-1,-2.104901373E-1,3.082194335E-1
1.434032592E1,2.702939138E-2,2.404332310E-1,-1.750636846E-1,2.986402857E-1
1.435034292E1,4.327041283E-2,2.505870461E-1,-1.332901269E-1,2.871105262E-1
1.436035892E1,5.717021972E-2,2.626466155E-1,-8.989255130E-2,2.834296199E-1
1.437037492E1,7.101279497E-2,2.766532600E-1,-5.166580528E-2,2.902571252E-1
1.438039092E1,8.134476840E-2,2.861098349E-1,-8.398441598E-3,2.975673752E-1
1.439040692E1,9.357187897E-2,2.969084084E-1,3.191222996E-2,3.129356003E-1
1.440042292E1,1.032315567E-1,3.016453683E-1,7.520985603E-2,3.275716792E-1
1.441043992E1,1.082425639E-1,3.099318147E-1,1.178979352E-1,3.488181554E-1
1.442045592E1,1.144923046E-1,3.174701333E-1,1.586534530E-1,3.729164672E-1
1.443047192E1,1.192774773E-1,3.252476156E-1,1.952692568E-1,3.976722403E-1
1.444048792E1,1.185703203E-1,3.313943744E-1,2.279984951E-1,4.193619749E-1
1.445050392E1,1.200086921E-1,3.348367810E-1,2.638116181E-1,4.428479716E-1
1.446052092E1,1.157589480E-1,3.399026394E-1,2.888623178E-1,4.608420304E-1
1.447053692E1,1.169760153E-1,3.417828381E-1,3.180868030E-1,4.813295241E-1
1.448055292E1,1.079625338E-1,3.438597023E-1,3.384752870E-1,4.944298975E-1
1.449056892E1,1.028969362E-1,3.450115323E-1,3.540603518E-1,5.049549184E-1
1.450058563E1,9.605856985E-2,3.485401571E-1,3.698711097E-1,5.172157458E-1
1.451060262E1,8.782274276E-2,3.448759019E-1,3.779567182E-1,5.191372677E-1
1.452061862E1,7.611787319E-2,3.444750011E-1,3.827771544E-1,5.205528858E-1
1.453063462E1,7.076198608E-2,3.451506197E-1,3.801518083E-1,5.183161258E-1
1.454065063E1,6.313838065E-2,3.387530148E-1,3.766696453E-1,5.105096295E-1
1.455066663E1,5.641629174E-2,3.369471133E-1,3.657815754E-1,5.005120539E-1
1.456068363E1,4.634181038E-2,3.310858905E-1,3.571192324E-1,4.891825594E-1
1.457069963E1,4.215345532E-2,3.217554986E-1,3.370174170E-1,4.678506749E-1
1.458071563E1,3.537880257E-2,3.149077296E-1,3.137349784E-1,4.459239560E-1
1.459073163E1,2.806016803E-2,3.069661856E-1,2.908262014E-1,4.237870828E-1
1.460074763E1,2.092454769E-2,3.006451130E-1,2.590078413E-1,3.973793937E-1
1.461076463E1,1.987286657E-2,2.896505296E-1,2.288779318E-1,3.696991585E-1
1.462078063E1,1.730779372E-2,2.790722549E-1,1.943489015E-1,3.405178097E-1
1.463079663E1,1.668061875E-2,2.654640377E-1,1.587522924E-1,3.097606958E-1
1.464081263E1,1.366032753E-2,2.576026320E-1,1.204456612E-1,2.846978713E-1
1.465082863E1,1.665265486E-2,2.378398478E-1,7.629471272E-2,2.503317545E-1
1.466084563E1,2.006707340E-2,2.210612446E-1,3.859545290E-2,2.253006220E-1
1.467086163E1,2.361813188E-2,2.060665786E-1,-2.390326932E-3,2.074294209E-1
1.468087763E1,2.706158906E-2,1.905956119E-1,-4.351820052E-2,1.973647655E-1
1.469089363E1,3.479380906E-2,1.744318306E-1,-8.252285421E-2,1.960793058E-1
1.470090963E1,3.848304600E-2,1.608950645E-1,-1.227848902E-1,2.060201346E-1
1.471092663E1,4.646746814E-2,1.410691589E-1,-1.614681035E-1,2.193893380E-1
1.472094263E1,4.567821324E-2,1.203830391E-1,-1.954811960E-1,2.340757853E-1
1.473095863E1,5.467783287E-2,1.050568148E-1,-2.311933786E-1,2.597633116E-1
1.474097463E1,5.993583053E-2,8.636686206E-2,-2.618456781E-1,2.821607658E-1
1.475099063E1,6.300432980E-2,7.020200789E-2,-2.889326811E-1,3.039407207E-1
1.476100763E1,6.918094307E-2,5.016127229E-2,-3.139920831E-1,3.254123298E-1
1.477102363E1,6.730740517E-2,3.337163851E-2,-3.374223113E-1,3.456844937E-1
1.478103962E1,6.978011131E-2,1.091875695E-2,-3.544231057E-1,3.613920600E-1
1.479105562E1,6.836677343E-2,-3.507053480E-3,-3.693122864E-1,3.756033546E-1
1.480107162E1,6.839364022E-2,-2.308957651E-2,-3.794969618E-1,3.863013883E-1
1.481108863E1,6.600558013E-2,-3.898012638E-2,-3.847519159E-1,3.923139351E-1
1.482110463E1,6.325266510E-2,-5.769376457E-2,-3.862202466E-1,3.955951832E-1
1.483112063E1,5.624508858E-2,-7.373398542E-2,-3.831032813E-1,3.941679017E-1
1.484113663E1,4.716739804E-2,-9.362530708E-2,-3.774042130E-1,3.916942705E-1
1.485115363E1,3.820772469E-2,-1.143239290E-1,-3.667656779E-1,3.860658667E-1
1.486116963E1,2.965776250E-2,-1.296628118E-1,-3.490922749E-1,3.735738803E-1
1.487118563E1,1.925013028E-2,-1.422952563E-1,-3.302011490E-1,3.600712516E-1
1.488120163E1,7.422746625E-3,-1.603493840E-1,-3.066435754E-1,3.461174720E-1
1.489121763E1,-5.074669607E-3,-1.731607765E-1,-2.769815326E-1,3.266943161E-1
1.490123463E1,-1.375902817E-2,-1.893503368E-1,-2.500525713E-1,3.139572412E-1
1.491125063E1,-2.755739912E-2,-2.044073194E-1,-2.154154927E-1,2.982374842E-1
1.492126663E1,-4.182193428E-2,-2.147471458E-1,-1.768943518E-1,2.813485783E-1
1.493128263E1,-5.179334432E-2,-2.295458019E-1,-1.400612295E-1,2.738447985E-1
1.494129863E1,-6.240235642E-2,-2.395583987E-1,-9.969899803E-2,2.668748221E-1
1.495131563E1,-7.048425078E-2,-2.526225150E-1,-5.533792078E-2,2.680456121E-1
1.496133163E1,-8.236331493E-2,-2.629030347E-1,-1.200332865E-2,2.757640317E-1
1.497134763E1,-8.936769515E-2,-2.723109126E-1,3.343179822E-2,2.885437631E-1
1.498136363E1,-9.542916715E-2,-2.806475163E-1,7.674077153E-2,3.062007517E-1
1.499138063E1,-1.001749188E-1,-2.884125113E-1,1.207990423E-1,3.283431127E-1
1.500139663E1,-1.022033319E-1,-2.954359353E-1,1.602552682E-1,3.512971162E-1
1.501141263E1,-1.045852602E-1,-3.018943667E-1,2.024884671E-1,3.782589915E-1
1.502142863E1,-1.019430310E-1,-3.076943755E-1,2.397979051E-1,4.032012470E-1
1.503144463E1,-9.852965921E-2,-3.148241937E-1,2.754158080E-1,4.297397282E-1
1.504146163E1,-9.275946766E-2,-3.178394735E-1,3.103989065E-1,4.538432889E-1
1.505147763E1,-8.577532321E-2,-3.253136575E-1,3.391048610E-1,4.776803205E-1
1.506149363E1,-7.948497683E-2,-3.242384493E-1,3.672653139E-1,4.963186923E-1
1.507150963E1,-7.382868975E-2,-3.265026510E-1,3.889269233E-1,5.131459911E-1
1.508152563E1,-6.274198741E-2,-3.289027214E-1,4.043506384E-1,5.249885674E-1
1.509154262E1,-5.207895488E-2,-3.300838470E-1,4.175245166E-1,5.347843356E-1
1.510155862E1,-4.228049517E-2,-3.292342722E-1,4.242452681E-1,5.386714154E-1
1.511157462E1,-3.135195002E-2,-3.313096762E-1,4.333513975E-1,5.463904099E-1
1.512159062E1,-2.346675284E-2,-3.291822374E-1,4.278252423E-1,5.403203419E-1
1.513160763E1,-1.238054689E-2,-3.257931173E-1,4.212621450E-1,5.326877397E-1
1.514162363E1,-4.404075909E-3,-3.193580508E-1,4.092997015E-1,5.191678015E-1
1.515163963E1,4.478365183E-3,-3.185077012E-1,3.921486735E-1,5.052205396E-1
1.516165563E1,9.365189821E-3,-3.131512403E-1,3.768703341E-1,4.900843345E-1
1.517167163E1,1.456341334E-2,-3.079266548E-1,3.504541516E-1,4.667430022E-1
1.518168863E1,1.653761417E-2,-3.022526503E-1,3.211760521E-1,4.413436458E-1
1.519170463E1,1.849344000E-2,-2.944671810E-1,2.877568305E-1,4.121370178E-1
1.520172063E1,2.076370828E-2,-2.839704156E-1,2.555270493E-1,3.825760074E-1
1.521173663E1,1.645098627E-2,-2.754349709E-1,2.151703238E-1,3.499047390E-1
1.522175363E1,1.498160604E-2,-2.654488981E-1,1.744423211E-1,3.179900775E-1
1.523176963E1,9.586840868E-3,-2.539725304E-1,1.349449903E-1,2.877570227E-1
1.524178563E1,3.285953775E-3,-2.450977862E-1,9.530220181E-2,2.629947375E-1
1.525180163E1,-5.874787457E-3,-2.306509465E-1,5.069612339E-2,2.362296958E-1
1.526181863E1,-1.344535500E-2,-2.150886357E-1,2.977742581E-3,2.155290368E-1
1.527183463E1,-2.345750853E-2,-1.994068921E-1,-4.043630883E-2,2.048132280E-1
1.528185063E1,-3.443501890E-2,-1.868247390E-1,-8.194943517E-2,2.068936044E-1
1.529186663E1,-4.794896394E-2,-1.717400700E-1,-1.222798079E-1,2.162084786E-1
1.530188263E1,-5.679944903E-2,-1.581510156E-1,-1.632456183E-1,2.342798606E-1
1.531189963E1,-6.737717986E-2,-1.429857016E-1,-1.977891624E-1,2.531899445E-1
1.532191563E1,-7.695633918E-2,-1.217700690E-1,-2.349243611E-1,2.755715575E-1
1.533193163E1,-8.985802531E-2,-1.047780365E-1,-2.670397162E-1,3.006045770E-1
1.534194763E1,-9.744677693E-2,-9.106456488E-2,-3.010009229E-1,3.292266467E-1
1.535196463E1,-1.016223505E-1,-7.361659408E-2,-3.232154250E-1,3.467199389E-1
1.536198063E1,-1.130080894E-1,-5.253027752E-2,-3.481846154E-1,3.698145274E-1
1.537199663E1,-1.122600064E-1,-3.573611751E-2,-3.671572506E-1,3.855954173E-1
1.538201263E1,-1.172987372E-1,-1.686965860E-2,-3.827379048E-1,4.006643020E-1
1.539202962E1,-1.164696962E-1,6.227828562E-4,-3.936493993E-1,4.105184862E-1
1.540204563E1,-1.154713109E-1,2.026488632E-2,-4.024204612E-1,4.191497547E-1
1.541206163E1,-1.111213043E-1,3.916347772E-2,-4.048732221E-1,4.216681731E-1
1.542207763E1,-1.053677425E-1,5.645306036E-2,-4.019052386E-1,4.193055330E-1
1.543209363E1,-9.785415977E-2,7.692531496E-2,-3.986774683E-1,4.176561557E-1
1.544211063E1,-8.831042796E-2,9.511235356E-2,-3.857404292E-1,4.069898895E-1
1.545212663E1,-7.868017256E-2,1.128316820E-1,-3.748795390E-1,3.993197050E-1
1.546214263E1,-6.748849899E-2,1.317566484E-1,-3.540978134E-1,3.837965259E-1
1.547215863E1,-5.332181230E-2,1.490131319E-1,-3.330503106E-1,3.687419674E-1
1.548217563E1,-3.800245374E-2,1.664058715E-1,-3.068518639E-1,3.511312674E-1
1.549219163E1,-2.201869339E-2,1.853236258E-1,-2.779003680E-1,3.347510772E-1
1.550220679E1,-4.012968391E-3,1.983078718E-1,-2.465211600E-1,3.164092260E-1
1.551222279E1,1.187491789E-2,2.138705850E-1,-2.066174150E-1,2.976111506E-1
1.552223979E1,2.470874228E-2,2.272439301E-1,-1.722272187E-1,2.862036698E-1
1.553225579E1,4.000993446E-2,2.418463230E-1,-1.335874200E-1,2.791702663E-1
1.554227179E1,5.522073433E-2,2.527893782E-1,-9.103266150E-2,2.742968186E-1
1.555228779E1,6.616233289E-2,2.647331357E-1,-4.807027802E-2,2.770773160E-1
1.556230479E1,8.111605793E-2,2.762147486E-1,-4.512356594E-3,2.879145074E-1
1.557232079E1,9.071036428E-2,2.837834656E-1,3.994139656E-2,3.005939798E-1
1.558233679E1,9.750044346E-2,2.947078347E-1,8.163925260E-2,3.209735377E-1
1.559235279E1,1.082649454E-1,3.015649319E-1,1.236631349E-1,3.434461784E-1
1.560236979E1,1.137029156E-1,3.085241318E-1,1.627827436E-1,3.668974169E-1
1.561238579E1,1.154198572E-1,3.170369267E-1,2.010070980E-1,3.927314729E-1
1.562240179E1,1.160706207E-1,3.226990700E-1,2.335575670E-1,4.149171193E-1
1.563241779E1,1.179073974E-1,3.276930451E-1,2.662004530E-1,4.383464012E-1
1.564243479E1,1.168446541E-1,3.327686191E-1,2.966823876E-1,4.608774958E-1
1.565245079E1,1.111164615E-1,3.363462985E-1,3.228543401E-1,4.792813635E-1
1.566246679E1,1.102129221E-1,3.392665386E-1,3.444775045E-1,4.958965855E-1
1.567248279E1,1.019954756E-1,3.408484757E-1,3.605206609E-1,5.065134819E-1
1.568249979E1,9.588078409E-2,3.416467905E-1,3.760107756E-1,5.170104037E-1
1.569251579E1,8.772032708E-2,3.429173827E-1,3.831080794E-1,5.215927412E-1
1.570253179E1,8.332304657E-2,3.389443159E-1,3.880031705E-1,5.218931305E-1
1.571254779E1,7.295163721E-2,3.364571929E-1,3.868327141E-1,5.178464374E-1
1.572256479E1,6.488080323E-2,3.315764666E-1,3.824174106E-1,5.102896704E-1
1.573258079E1,5.350244790E-2,3.280189931E-1,3.757446110E-1,5.016402939E-1
1.574259679E1,4.699765518E-2,3.265323937E-1,3.588202596E-1,4.874260584E-1
1.575261279E1,4.098450392E-2,3.192095160E-1,3.421704471E-1,4.697393528E-1
1.576262979E1,3.369259089E-2,3.157546818E-1,3.162265718E-1,4.481466886E-1
1.577264579E1,2.810101770E-2,3.049113452E-1,2.910197675E-1,4.224370968E-1
1.578266179E1,2.277109027E-2,2.944472432E-1,2.610136867E-1,3.941393741E-1
1.579267779E1,1.895824261E-2,2.858127654E-1,2.280280292E-1,3.661217474E-1
1.580269479E1,1.736237854E-2,2.751308084E-1,1.953241527E-1,3.378608272E-1
1.581271079E1,1.642574370E-2,2.648339868E-1,1.563328058E-1,3.079720633E-1
1.582272679E1,1.401040051E-2,2.533230186E-1,1.183209568E-1,2.799440871E-1
1.583274279E1,1.885788701E-2,2.406658232E-1,7.763770968E-2,2.535808990E-1
1.584275979E1,2.111865766E-2,2.239580750E-1,3.978981450E-2,2.284435300E-1
1.585277579E1,2.566387318E-2,2.103551775E-1,-4.674590193E-3,2.119664759E-1
1.586279179E1,2.793543972E-2,1.936152428E-1,-4.579980299E-2,2.009101118E-1
1.587280779E1,3.343513235E-2,1.790062040E-1,-8.731448650E-2,2.019528378E-1
1.588282479E1,4.145356640E-2,1.639522165E-1,-1.255287677E-1,2.106091142E-1
1.589284079E1,4.208100587E-2,1.458485723E-1,-1.662972420E-1,2.251608087E-1
1.590285679E1,4.630155116E-2,1.275143921E-1,-1.993961632E-1,2.411692015E-1
1.591287279E1,4.983796552E-2,1.083633378E-1,-2.343317717E-1,2.629407063E-1
1.592288979E1,6.065680459E-2,9.099300951E-2,-2.655582428E-1,2.871935863E-1
1.593290579E1,6.020806357E-2,7.452295721E-2,-2.972812951E-1,3.123377186E-1
1.594292179E1,6.812427938E-2,5.708733201E-2,-3.198024035E-1,3.319238741E-1
1.595293779E1,7.003509998E-2,4.137175530E-2,-3.451977670E-1,3.546519924E-1
1.596295479E1,7.095363736E-2,2.060605586E-2,-3.614124954E-1,3.688875438E-1
1.597297079E1,6.859780848E-2,2.937848680E-3,-3.761445582E-1,3.823598030E-1
1.598298679E1,6.879324466E-2,-1.555318106E-2,-3.851985931E-1,3.916023086E-1
1.599300379E1,6.289274991E-2,-2.950468287E-2,-3.931460083E-1,3.992365315E-1
1.600301979E1,6.229155138E-2,-4.904587567E-2,-3.932685554E-1,4.011806226E-1
1.601303579E1,5.447703600E-2,-6.532018632E-2,-3.878341019E-1,3.970513377E-1
1.602305179E1,4.891417921E-2,-8.318461478E-2,-3.812832832E-1,3.933055036E-1
1.603306879E1,4.143282771E-2,-1.013324559E-1,-3.683970273E-1,3.843192885E-1
1.604308479E1,2.943154052E-2,-1.179890633E-1,-3.524043858E-1,3.727955013E-1
1.605310079E1,2.269427665E-2,-1.338101029E-1,-3.340274990E-1,3.605475612E-1
1.606311679E1,1.197687164E-2,-1.478845924E-1,-3.107059598E-1,3.443130720E-1
1.607313379E1,-2.540019341E-3,-1.645692885E-1,-2.815731168E-1,3.261486203E-1
1.608314979E1,-1.425037906E-2,-1.771263778E-1,-2.508870959E-1,3.074429409E-1
1.609316579E1,-2.548199520E-2,-1.925266385E-1,-2.159376442E-1,2.904219427E-1
1.610318279E1,-4.073046893E-2,-2.064369023E-1,-1.792549193E-1,2.764190511E-1
1.611319879E1,-5.002596974E-2,-2.182205915E-1,-1.400920600E-1,2.640996204E-1
1.612321479E1,-5.863568187E-2,-2.292898744E-1,-9.828374535E-2,2.562648714E-1
1.613323079E1,-6.937620789E-2,-2.412293702E-1,-5.410616100E-2,2.567725529E-1
1.614324779E1,-7.889859378E-2,-2.522171736E-1,-9.307367727E-3,2.644335793E-1
1.615326379E1,-8.591122925E-2,-2.630051076E-1,3.369815648E-2,2.787256567E-1
1.616327979E1,-9.218424559E-2,-2.722922862E-1,7.493452728E-2,2.970794635E-1
1.617329579E1,-9.442742914E-2,-2.791134417E-1,1.184745431E-1,3.175800215E-1
1.618331279E1,-9.842507541E-2,-2.883110642E-1,1.619161069E-1,3.450037549E-1
1.619332879E1,-9.971696883E-2,-2.944352627E-1,2.046582401E-1,3.721835475E-1
1.620334479E1,-9.797804058E-2,-3.022280633E-1,2.436012477E-1,4.003536769E-1
1.621336179E1,-9.556175023E-2,-3.075463772E-1,2.808303535E-1,4.272967466E-1
1.622337779E1,-9.289675206E-2,-3.128227890E-1,3.137658834E-1,4.526996062E-1
1.623339379E1,-8.445347100E-2,-3.145940602E-1,3.446476161E-1,4.742191379E-1
1.624340979E1,-8.098065108E-2,-3.202795684E-1,3.700684309E-1,4.960720828E-1
1.625342679E1,-6.964384019E-2,-3.235627115E-1,3.905524015E-1,5.119319008E-1
1.626344279E1,-6.405522674E-2,-3.205024004E-1,4.113803804E-1,5.254128644E-1
1.627345879E1,-5.377328768E-2,-3.230694234E-1,4.225755036E-1,5.346358341E-1
1.628347579E1,-4.481793568E-2,-3.213099241E-1,4.305938780E-1,5.391287439E-1
1.629349179E1,-3.268351033E-2,-3.238308728E-1,4.351097941E-1,5.433738851E-1
1.630350779E1,-2.508164570E-2,-3.202936351E-1,4.305282831E-1,5.371887045E-1
1.631352379E1,-1.363830827E-2,-3.210891187E-1,4.249812067E-1,5.328163395E-1
1.632354079E1,-7.428752258E-3,-3.174752295E-1,4.124212563E-1,5.205160904E-1
1.633355679E1,-1.104010851E-3,-3.159162402E-1,3.959051371E-1,5.065028798E-1
1.634357279E1,8.680840023E-3,-3.075789511E-1,3.779522777E-1,4.873685385E-1
1.635358879E1,1.198955160E-2,-3.003647029E-1,3.540059328E-1,4.644167359E-1
1.636360579E1,1.466035563E-2,-2.979113460E-1,3.237547576E-1,4.402081771E-1
1.637362179E1,2.001304366E-2,-2.924212217E-1,2.910029292E-1,4.130295360E-1
1.638363779E1,1.857795194E-2,-2.828314900E-1,2.537077367E-1,3.804029544E-1
1.639365479E1,1.705888472E-2,-2.720483541E-1,2.196972966E-1,3.500974360E-1
1.640367079E1,1.345450059E-2,-2.647977471E-1,1.776512265E-1,3.191532998E-1
1.641368679E1,9.831536561E-3,-2.517277300E-1,1.352406591E-1,2.859257684E-1
1.642370279E1,2.444436075E-3,-2.425285280E-1,9.134041518E-2,2.591700862E-1
1.643371979E1,-4.237434827E-3,-2.281892598E-1,4.866006225E-2,2.333582992E-1
1.644373579E1,-1.340376865E-2,-2.159656286E-1,4.247858189E-3,2.164228686E-1
1.645375179E1,-2.237808891E-2,-2.050642371E-1,-3.710917011E-2,2.095929644E-1
1.646376879E1,-3.345638886E-2,-1.910941005E-1,-8.344753087E-2,2.111865895E-1
1.647378479E1,-4.536844417E-2,-1.758501679E-1,-1.225435287E-1,2.190855853E-1
1.648380079E1,-5.739514530E-2,-1.619276702E-1,-1.628942043E-1,2.367473228E-1
1.649381779E1,-6.777241826E-2,-1.460144967E-1,-2.012889832E-1,2.577413213E-1
1.650383392E1,-7.628241181E-2,-1.321881413E-1,-2.380289435E-1,2.827551751E-1
1.651384992E1,-8.824426681E-2,-1.160091683E-1,-2.705764771E-1,3.073382627E-1
1.652386592E1,-9.744301438E-2,-9.536496550E-2,-2.995001376E-1,3.290743838E-1
1.653388292E1,-1.034724116E-1,-8.134421706E-2,-3.291499019E-1,3.544898863E-1
1.654389892E1,-1.057546660E-1,-6.259722263E-2,-3.501240909E-1,3.710651435E-1
1.655391492E1,-1.119385287E-1,-4.493460804E-2,-3.709108531E-1,3.900310426E-1
1.656393192E1,-1.160566732E-1,-2.667209134E-2,-3.847554624E-1,4.027621106E-1
1.657394792E1,-1.168127432E-1,-5.597432144E-3,-3.984488845E-1,4.152566216E-1
1.658396392E1,-1.159349680E-1,1.131713390E-2,-4.047263265E-1,4.211560206E-1
1.659397992E1,-1.121876314E-1,3.049588762E-2,-4.091141522E-1,4.253121834E-1
1.660399692E1,-1.077608690E-1,4.604639113E-2,-4.021303058E-1,4.188573240E-1
1.661401292E1,-9.580247849E-2,6.646111608E-2,-3.989361227E-1,4.156263043E-1
1.662402892E1,-9.080377966E-2,8.420488983E-2,-3.891890943E-1,4.084163819E-1
1.663404592E1,-8.170881867E-2,1.048664898E-1,-3.766948581E-1,3.994650521E-1
1.664406192E1,-6.729783863E-2,1.207471415E-1,-3.538182378E-1,3.798634184E-1
1.665407792E1,-5.280838534E-2,1.377325058E-1,-3.336362839E-1,3.647905408E-1
1.666409492E1,-4.249566048E-2,1.536247730E-1,-3.084260523E-1,3.471787462E-1
1.667411092E1,-2.354540490E-2,1.711654216E-1,-2.772167325E-1,3.266513499E-1
1.668412692E1,-8.323846385E-3,1.852027476E-1,-2.445244789E-1,3.068575645E-1
1.669414292E1,8.265250362E-3,2.021990418E-1,-2.096964568E-1,2.914195787E-1
1.670415992E1,2.260917053E-2,2.168181539E-1,-1.726229787E-1,2.780647033E-1
1.671417592E1,3.798972443E-2,2.306111902E-1,-1.309565008E-1,2.679073446E-1
1.672419192E1,5.300963297E-2,2.421186715E-1,-9.173531085E-2,2.642855266E-1
1.673420892E1,6.336852908E-2,2.530733347E-1,-4.736811668E-2,2.651516956E-1
1.674422492E1,7.899907976E-2,2.617321014E-1,-4.564428702E-3,2.734325905E-1
1.675424092E1,8.787938952E-2,2.743216455E-1,3.652122244E-2,2.903600385E-1
1.676425792E1,9.618716687E-2,2.854785025E-1,8.404255658E-2,3.127508558E-1
1.677427392E1,1.048967689E-1,2.921856642E-1,1.245274022E-1,3.344889660E-1
1.678428992E1,1.117957458E-1,3.004641235E-1,1.651059687E-1,3.606063771E-1
1.679430692E1,1.156599894E-1,3.062964380E-1,2.041500360E-1,3.858393166E-1
1.680432292E1,1.194893569E-1,3.131271601E-1,2.380367219E-1,4.110812642E-1
1.681433892E1,1.178235486E-1,3.166521192E-1,2.704290152E-1,4.327618345E-1
1.682435592E1,1.163772121E-1,3.219501674E-1,2.999062240E-1,4.551255970E-1
1.683437192E1,1.147992834E-1,3.265395761E-1,3.279503584E-1,4.768211486E-1
1.684438792E1,1.094868258E-1,3.311478496E-1,3.505954146E-1,4.945335257E-1
1.685440392E1,1.037884578E-1,3.329971433E-1,3.642073572E-1,5.042877556E-1
1.686442092E1,9.893551469E-2,3.321758211E-1,3.782446682E-1,5.130283045E-1
1.687443692E1,9.059716016E-2,3.317273557E-1,3.883343339E-1,5.187045776E-1
1.688445292E1,7.915008813E-2,3.334770799E-1,3.925153613E-1,5.210950087E-1
1.689446992E1,7.400379330E-2,3.333122432E-1,3.928945959E-1,5.205187570E-1
1.690448592E1,6.215382740E-2,3.279532790E-1,3.856789470E-1,5.100634290E-1
1.691450192E1,5.566237122E-2,3.245569468E-1,3.759919703E-1,4.998054351E-1
1.692451892E1,4.690496996E-2,3.225337267E-1,3.590181172E-1,4.848938951E-1
1.693453492E1,4.041404650E-2,3.154840767E-1,3.413690627E-1,4.665793981E-1
1.694455092E1,3.390413150E-2,3.080597818E-1,3.209822476E-1,4.461837318E-1
1.695456792E1,3.018822707E-2,3.062956929E-1,2.927202582E-1,4.247511391E-1
1.696458392E1,2.508221753E-2,2.963685393E-1,2.643829882E-1,3.979469728E-1
1.697459992E1,2.036256343E-2,2.882128656E-1,2.302505523E-1,3.694544718E-1
1.698461692E1,1.888883859E-2,2.741891742E-1,1.969783157E-1,3.381374696E-1
1.699463292E1,1.506027766E-2,2.642470598E-1,1.623292565E-1,3.104901095E-1
1.700464892E1,1.741825417E-2,2.555344999E-1,1.181970537E-1,2.820847740E-1
1.701466492E1,1.924997568E-2,2.417366505E-1,7.901822776E-2,2.550510734E-1
1.702468192E1,2.223199792E-2,2.250292450E-1,3.627376258E-2,2.290157390E-1
1.703469792E1,2.328873985E-2,2.073503882E-1,-7.346153725E-3,2.087834161E-1
1.704471392E1,2.660521120E-2,1.953897476E-1,-4.704704508E-2,2.027274406E-1
1.705473092E1,2.832215093E-2,1.819274575E-1,-8.732522279E-2,2.037779148E-1
1.706474692E1,3.786608577E-2,1.660130620E-1,-1.264182180E-1,2.120748525E-1
1.707476292E1,4.458311200E-2,1.526642442E-1,-1.644984931E-1,2.288094831E-1
1.708477992E1,4.663687199E-2,1.348364949E-1,-1.994104981E-1,2.451946675E-1
1.709479592E1,5.314962938E-2,1.139788702E-1,-2.382843941E-1,2.694355553E-1
1.710481192E1,5.650274828E-2,9.643959254E-2,-2.685474455E-1,2.908795044E-1
1.711482892E1,6.156009063E-2,8.059111983E-2,-2.962920070E-1,3.131669311E-1
1.712484492E1,6.692028791E-2,6.627240777E-2,-3.239952624E-1,3.374067086E-1
1.713486092E1,7.140319049E-2,4.824360460E-2,-3.464864492E-1,3.570416229E-1
1.714487792E1,7.147720456E-2,2.920690179E-2,-3.670328259E-1,3.750668330E-1
1.715489392E1,6.780337542E-2,6.923167966E-3,-3.789496720E-1,3.850299753E-1
1.716490992E1,6.977479160E-2,-9.123722091E-3,-3.893740177E-1,3.956815506E-1
1.717492692E1,6.765624136E-2,-2.395353466E-2,-3.957816064E-1,4.022365210E-1
1.718494292E1,6.218831614E-2,-4.163538292E-2,-3.957453072E-1,4.027595312E-1
1.719495892E1,5.742472410E-2,-5.570938811E-2,-3.935223818E-1,4.015731563E-1
1.720497592E1,5.145968869E-2,-7.474873215E-2,-3.853203952E-1,3.958627028E-1
1.721499192E1,4.328937829E-2,-9.359539300E-2,-3.729074001E-1,3.869030847E-1
1.722500792E1,3.229640052E-2,-1.082300916E-1,-3.594599664E-1,3.767867801E-1
1.723502492E1,2.317587659E-2,-1.215970367E-1,-3.389421999E-1,3.608389883E-1
1.724504092E1,1.217062864E-2,-1.372457594E-1,-3.137649298E-1,3.426849192E-1
1.725505692E1,-2.492203843E-3,-1.505759507E-1,-2.838986516E-1,3.213685927E-1
1.726507392E1,-1.145639736E-2,-1.671669781E-1,-2.544675171E-1,3.046797743E-1
1.727508992E1,-2.300412953E-2,-1.824972034E-1,-2.181979418E-1,2.853852852E-1
1.728510592E1,-3.650927171E-2,-1.952648759E-1,-1.795337647E-1,2.677567391E-1
1.729512292E1,-4.531368241E-2,-2.072235346E-1,-1.416905075E-1,2.550904213E-1
1.730513892E1,-5.791987851E-2,-2.190248966E-1,-1.017598584E-1,2.483579805E-1
1.731515492E1,-6.808809191E-2,-2.285161316E-1,-5.605122447E-2,2.449435658E-1
1.732517192E1,-7.291896641E-2,-2.400423884E-1,-1.256935205E-2,2.511882014E-1
1.733518792E1,-8.328212798E-2,-2.522447109E-1,3.061327338E-2,2.673957358E-1
1.734520392E1,-8.762315661E-2,-2.614064515E-1,7.626111805E-2,2.860540309E-1
1.735522092E1,-9.133774042E-2,-2.723038495E-1,1.211929023E-1,3.117365696E-1
1.736523692E1,-9.592839330E-2,-2.768550813E-1,1.618155688E-1,3.347167026E-1
1.737525292E1,-9.752522409E-2,-2.843478918E-1,2.038003057E-1,3.631796491E-1
1.738526992E1,-9.889685363E-2,-2.929659784E-1,2.450386882E-1,3.945296071E-1
1.739528592E1,-9.218116105E-2,-2.980590165E-1,2.795228958E-1,4.188909083E-1
1.740530192E1,-9.170242399E-2,-3.038158119E-1,3.129220009E-1,4.456832516E-1
1.741531892E1,-8.748131245E-2,-3.068848550E-1,3.442801833E-1,4.694253284E-1
1.742533492E1,-7.838232070E-2,-3.097033799E-1,3.715450168E-1,4.900057869E-1
1.743535092E1,-7.143227011E-2,-3.145098686E-1,3.930284679E-1,5.084195150E-1
1.744536792E1,-6.348981708E-2,-3.156816065E-1,4.130243659E-1,5.237126697E-1
1.745538392E1,-5.223716423E-2,-3.178390563E-1,4.231502414E-1,5.317955564E-1
1.746540092E1,-4.224203900E-2,-3.171972632E-1,4.344847798E-1,5.396068176E-1
1.747541692E1,-3.517027944E-2,-3.164694011E-1,4.390595555E-1,5.423680703E-1
1.748543292E1,-2.515179478E-2,-3.183365166E-1,4.352094829E-1,5.397944466E-1
1.749544992E1,-1.751757599E-2,-3.173881769E-1,4.305625260E-1,5.351880129E-1
1.750546638E1,-6.041401066E-3,-3.127216399E-1,4.141385853E-1,5.189817824E-1
1.751548238E1,-1.188056427E-3,-3.095005453E-1,4.049381614E-1,5.096733400E-1
1.752549938E1,-5.235738754E-1,-2.060069442E-1,3.265503049E-1,6.505409793E-1
1.753551537E1,-3.198888898E-1,-5.750126839E-1,1.224517524E-1,6.693003213E-1
1.754553137E1,-9.988006949E-2,-6.359769106E-1,-1.584364921E-1,6.629817351E-1
1.755554838E1,-1.247885544E-2,-3.287634254E-1,-4.684060812E-1,5.724031521E-1
1.756556438E1,8.457197994E-2,-2.199137397E-2,-7.179988623E-1,7.232969007E-1
1.757558038E1,6.988783926E-2,5.385864526E-2,-8.053297997E-1,8.101488443E-1
1.758559738E1,-3.562471271E-2,-8.714757115E-2,-7.939356565E-1,7.994983715E-1
1.759561338E1,-1.278758198E-1,-2.493852228E-1,-7.724093199E-1,8.216820383E-1