"Time (s)","Gyroscope x (rad/s)","Gyroscope y (rad/s)","Gyroscope z (rad/s)","Absolute (rad/s)"
3.264583327E-3,2.819546685E-2,-1.093143001E-1,3.571462035E-1,3.745637613E-1
1.328058333E-2,5.436528847E-2,-2.011065930E-2,3.884100914E-1,3.927116274E-1
2.329658333E-2,1.310175806E-1,5.873260647E-2,4.032475948E-1,4.280464323E-1
3.331258333E-2,1.980301738E-1,1.491498500E-1,4.148693383E-1,4.832992813E-1
4.332758333E-2,2.205923200E-1,2.396654487E-1,4.364943802E-1,5.446355138E-1
5.334358333E-2,2.037222534E-1,2.792362869E-1,4.649838209E-1,5.793838228E-1
6.335958334E-2,1.897221655E-1,2.622908056E-1,4.918855727E-1,5.888483535E-1
7.337558334E-2,1.913184673E-1,2.198485285E-1,5.134909749E-1,5.904312938E-1
8.339158334E-2,1.997698247E-1,1.794061661E-1,5.295771956E-1,5.937563149E-1
9.340658333E-2,1.944789141E-1,1.901064813E-1,5.427441597E-1,6.070698026E-1
1.034225833E-1,1.789575666E-1,2.430846393E-1,5.498686433E-1,6.272730485E-1
1.134385833E-1,1.763452739E-1,2.951121628E-1,5.494539738E-1,6.481423559E-1
1.234545833E-1,1.881961823E-1,3.117696643E-1,5.485115647E-1,6.583943068E-1
1.334705833E-1,1.890728921E-1,3.008709550E-1,5.425152183E-1,6.485326916E-1
1.434865833E-1,1.643448770E-1,3.018180728E-1,5.378561020E-1,6.382731187E-1
1.535015833E-1,1.367121786E-1,3.150998056E-1,5.276793242E-1,6.296217725E-1
1.635175833E-1,1.336521357E-1,3.235983253E-1,5.114786029E-1,6.198299208E-1
1.735335833E-1,1.367113143E-1,3.219935000E-1,4.876649380E-1,6.001557208E-1
1.835495833E-1,1.244006380E-1,3.143550754E-1,4.651905596E-1,5.750625087E-1
1.935655833E-1,9.523236752E-2,3.125872910E-1,4.405078292E-1,5.484771334E-1
2.035805833E-1,7.708805799E-2,3.120574355E-1,4.116353691E-1,5.222701301E-1
2.135965833E-1,7.528163493E-2,3.273668885E-1,3.781924546E-1,5.058319256E-1
2.236125833E-1,7.837230712E-2,3.462165594E-1,3.414074183E-1,4.925110656E-1
2.336285833E-1,7.100707293E-2,3.607206643E-1,3.029742837E-1,4.763977525E-1
2.436445833E-1,5.565636232E-2,3.550977409E-1,2.649053335E-1,4.465051758E-1
2.536605833E-1,4.774331301E-2,3.346076608E-1,2.240870595E-1,4.055326384E-1
2.636755833E-1,3.768576682E-2,3.107749820E-1,1.785915494E-1,3.604112206E-1
2.736915833E-1,3.632462770E-2,2.962029576E-1,1.363761872E-1,3.281068959E-1
2.837075833E-1,3.605496511E-2,2.978112996E-1,9.379217774E-2,3.143063844E-1
2.937235833E-1,3.637481108E-2,3.074910939E-1,4.832269251E-2,3.133831238E-1
3.037395833E-1,4.109597579E-2,3.164644241E-1,6.675613113E-3,3.191914391E-1
3.137545833E-1,5.170414224E-2,3.122504950E-1,-3.608543426E-2,3.185527405E-1
3.237705833E-1,5.542646348E-2,3.005470634E-1,-7.801996171E-2,3.154167791E-1
3.337865833E-1,6.233550236E-2,2.880166173E-1,-1.182659194E-1,3.175312810E-1
3.438025833E-1,6.527127326E-2,2.757038474E-1,-1.557837725E-1,3.233288332E-1
3.538185833E-1,7.556838542E-2,2.611885369E-1,-1.914520264E-1,3.325415930E-1
3.638345833E-1,8.735650033E-2,2.447073162E-1,-2.227154672E-1,3.422207008E-1
3.738495833E-1,9.541469812E-2,2.343202084E-1,-2.531428933E-1,3.578983782E-1
3.838655833E-1,1.080228239E-1,2.317283452E-1,-2.816159427E-1,3.803610070E-1
3.938815833E-1,1.217700616E-1,2.259695232E-1,-3.019124269E-1,3.962843510E-1
4.038975833E-1,1.367623359E-1,2.247063816E-1,-3.219127655E-1,4.157219299E-1
4.139135833E-1,1.424652189E-1,2.212362885E-1,-3.395431638E-1,4.295711746E-1
4.239285833E-1,1.561272293E-1,2.052247226E-1,-3.524684310E-1,4.367229023E-1
4.339445833E-1,1.633377373E-1,1.873346716E-1,-3.595713377E-1,4.371098747E-1
4.439605833E-1,1.656065136E-1,1.667219698E-1,-3.663867712E-1,4.352711783E-1
4.539765833E-1,1.693272144E-1,1.511408836E-1,-3.686158359E-1,4.328890235E-1
4.639925833E-1,1.700328141E-1,1.374049783E-1,-3.708634675E-1,4.305008681E-1
4.740085833E-1,1.778529286E-1,1.337125003E-1,-3.643472493E-1,4.269187452E-1
4.840235833E-1,1.803984344E-1,1.342302561E-1,-3.573835492E-1,4.222373243E-1
4.940395833E-1,1.780617833E-1,1.312858611E-1,-3.472571671E-1,4.117396217E-1
5.040555833E-1,1.732087582E-1,1.137745306E-1,-3.305392861E-1,3.901309234E-1
5.140715833E-1,1.663849354E-1,9.941876680E-2,-3.159273267E-1,3.706455364E-1
5.240875833E-1,1.572845280E-1,8.097498864E-2,-2.951620519E-1,3.441162717E-1
5.341025833E-1,1.438520849E-1,6.455153972E-2,-2.739808857E-1,3.161105018E-1
5.441185833E-1,1.296642274E-1,5.546145886E-2,-2.504861355E-1,2.874579784E-1
5.541345833E-1,1.182557717E-1,4.765839875E-2,-2.266050428E-1,2.600107612E-1
5.641505833E-1,1.027333513E-1,4.021500051E-2,-2.004590183E-1,2.288125997E-1
5.741665833E-1,8.633653075E-2,2.766405419E-2,-1.709679663E-1,1.935183246E-1
5.841825833E-1,6.949254870E-2,1.889177412E-2,-1.437024027E-1,1.607373448E-1
5.941975833E-1,4.558908194E-2,7.594645023E-3,-1.122001335E-1,1.213462524E-1
6.042135833E-1,3.029970638E-2,-6.715620868E-3,-8.134150505E-2,8.706096838E-2
6.142295833E-1,1.024850179E-2,-2.348687872E-2,-5.035616085E-2,5.650139995E-2
6.242455833E-1,-8.550219238E-3,-3.779044747E-2,-1.909091510E-2,4.319360148E-2
6.342619167E-1,-3.314664215E-2,-5.009105802E-2,1.235435810E-2,6.132246035E-2
6.442769167E-1,-5.165439844E-2,-6.120475009E-2,4.447641969E-2,9.160977142E-2
6.542929167E-1,-6.919211149E-2,-6.834761798E-2,7.412698865E-2,1.222855495E-1
6.643089167E-1,-8.598640561E-2,-7.869091630E-2,1.066487730E-1,1.579869711E-1
6.743249167E-1,-1.063444093E-1,-8.414506912E-2,1.346348673E-1,1.910917935E-1
6.843409167E-1,-1.179516912E-1,-9.593731910E-2,1.628021151E-1,2.227579388E-1
6.943559167E-1,-1.336616725E-1,-1.120497137E-1,1.887887120E-1,2.570248214E-1
7.043719167E-1,-1.461326778E-1,-1.289578676E-1,2.151284516E-1,2.902845876E-1
7.143879167E-1,-1.566202044E-1,-1.364072710E-1,2.383267134E-1,3.161272756E-1
7.244039167E-1,-1.647963524E-1,-1.476693600E-1,2.605227232E-1,3.418130585E-1
7.344199167E-1,-1.687151939E-1,-1.533264518E-1,2.800008059E-1,3.610737719E-1
7.444359167E-1,-1.736050993E-1,-1.608481705E-1,2.968868315E-1,3.796744068E-1
7.544509167E-1,-1.730519682E-1,-1.711857617E-1,3.096915781E-1,3.939040775E-1
7.644669167E-1,-1.752148271E-1,-1.836277544E-1,3.161747158E-1,4.054452352E-1
7.744829167E-1,-1.760047227E-1,-1.939999759E-1,3.257698119E-1,4.180186879E-1
7.844989167E-1,-1.708582044E-1,-2.009870559E-1,3.304586411E-1,4.228371271E-1
7.945149167E-1,-1.662961990E-1,-2.115451545E-1,3.303718269E-1,4.260883971E-1
8.045299167E-1,-1.610093713E-1,-2.217403203E-1,3.293883204E-1,4.284733982E-1
8.145459167E-1,-1.523969769E-1,-2.297676206E-1,3.238140643E-1,4.252923068E-1
8.245619167E-1,-1.440171897E-1,-2.378990650E-1,3.155294359E-1,4.205897538E-1
8.345779167E-1,-1.346002519E-1,-2.455103695E-1,3.013417125E-1,4.113385431E-1
8.445939167E-1,-1.219229922E-1,-2.496499121E-1,2.826166451E-1,3.963110681E-1
8.546099167E-1,-1.132014096E-1,-2.568891943E-1,2.633571923E-1,3.849202878E-1
8.646249167E-1,-1.044452563E-1,-2.649124563E-1,2.442386150E-1,3.751531982E-1
8.746409167E-1,-9.412337095E-2,-2.721496224E-1,2.170626670E-1,3.606117405E-1
8.846569167E-1,-8.672551811E-2,-2.794034183E-1,1.886394769E-1,3.480983164E-1
8.946729167E-1,-7.823775709E-2,-2.860445380E-1,1.600552499E-1,3.369871027E-1
9.046889167E-1,-7.046762854E-2,-2.902401686E-1,1.265167594E-1,3.243632725E-1
9.147039167E-1,-6.247947738E-2,-2.947230637E-1,9.311991185E-2,3.153358327E-1
9.247199167E-1,-5.678006634E-2,-2.968915105E-1,5.736817047E-2,3.076680873E-1
9.347359167E-1,-5.172432214E-2,-3.014606833E-1,1.828282140E-2,3.064118318E-1
9.447519167E-1,-5.022552237E-2,-3.044483960E-1,-1.809611171E-2,3.090936722E-1
9.547679167E-1,-4.917836562E-2,-3.049999475E-1,-5.618783832E-2,3.140072496E-1
9.647839167E-1,-4.984304309E-2,-3.065861166E-1,-9.543455392E-2,3.249417331E-1
9.747989167E-1,-5.555792153E-2,-3.083134592E-1,-1.319337040E-1,3.399270128E-1
9.848149167E-1,-5.989910290E-2,-3.100144863E-1,-1.691086143E-1,3.581823665E-1
9.948309167E-1,-6.323072314E-2,-3.077619672E-1,-2.063779533E-1,3.759087820E-1
1.004846917E0,-7.087722421E-2,-3.076508641E-1,-2.420668751E-1,3.978303748E-1
1.014862917E0,-7.795031369E-2,-3.043975532E-1,-2.744461000E-1,4.171987339E-1
1.024877917E0,-8.703718334E-2,-2.987181544E-1,-3.042069077E-1,4.351434818E-1
1.034893917E0,-9.350440651E-2,-2.964658737E-1,-3.355664015E-1,4.574274785E-1
1.044909917E0,-1.010289714E-1,-2.911849320E-1,-3.611249328E-1,4.747701915E-1
1.054925917E0,-1.123474017E-1,-2.895452082E-1,-3.855777979E-1,4.951046399E-1
1.064941917E0,-1.258642524E-1,-2.828970850E-1,-4.056073129E-1,5.102841003E-1
1.074956917E0,-1.316342503E-1,-2.790767550E-1,-4.211972058E-1,5.221288129E-1
1.084972917E0,-1.406871974E-1,-2.697612047E-1,-4.363817275E-1,5.319708706E-1
1.094988917E0,-1.493054479E-1,-2.585173547E-1,-4.465321004E-1,5.371352308E-1
1.105004917E0,-1.556897908E-1,-2.486258596E-1,-4.529809356E-1,5.396719902E-1
1.115020917E0,-1.638366580E-1,-2.388533950E-1,-4.609083533E-1,5.443619246E-1
1.125036917E0,-1.658191234E-1,-2.302519083E-1,-4.579258859E-1,5.387096063E-1
1.135051917E0,-1.711326540E-1,-2.188320160E-1,-4.594651759E-1,5.369190668E-1
1.145067917E0,-1.710354388E-1,-2.099753022E-1,-4.522981942E-1,5.271777739E-1
1.155083917E0,-1.681011766E-1,-1.963247359E-1,-4.451873004E-1,5.147748440E-1
1.165099917E0,-1.669560224E-1,-1.812127233E-1,-4.313272834E-1,4.967449948E-1
1.175115917E0,-1.644774228E-1,-1.680300832E-1,-4.183281362E-1,4.798805695E-1
1.185130917E0,-1.573617458E-1,-1.532590091E-1,-3.990262151E-1,4.554920013E-1
1.195146917E0,-1.486521512E-1,-1.353106350E-1,-3.806858361E-1,4.304975445E-1
1.205162917E0,-1.388584971E-1,-1.216105968E-1,-3.565562069E-1,4.015011185E-1
1.215178917E0,-1.306772679E-1,-1.059805006E-1,-3.342368007E-1,3.741960098E-1
1.225194917E0,-1.138865575E-1,-8.727946132E-2,-3.065220416E-1,3.384429262E-1
1.235210917E0,-1.023199186E-1,-7.133963704E-2,-2.772264779E-1,3.039954433E-1
1.245225917E0,-8.230165392E-2,-5.330486968E-2,-2.441593111E-1,2.631135507E-1
1.255241917E0,-6.742151082E-2,-3.239931911E-2,-2.132243067E-1,2.259645569E-1
1.265257917E0,-4.938758537E-2,-1.676705666E-2,-1.793730855E-1,1.868019582E-1
1.275273917E0,-3.145226464E-2,4.196015187E-3,-1.412531286E-1,1.447732636E-1
1.285289917E0,-1.156818960E-2,2.219205722E-2,-1.066872552E-1,1.095832142E-1
1.295304917E0,8.906192146E-3,4.227894917E-2,-6.864639372E-2,8.111200387E-2
1.305320917E0,2.566682361E-2,6.241260469E-2,-3.015744314E-2,7.391610403E-2
1.315336917E0,4.874258488E-2,7.867705822E-2,7.773163263E-3,9.287809827E-2
1.325352917E0,6.716066599E-2,9.597101808E-2,4.568176717E-2,1.257291343E-1
1.335368917E0,8.397373557E-2,1.136573330E-1,8.503104001E-2,1.649237865E-1
1.345383917E0,1.016484499E-1,1.376700550E-1,1.234579831E-1,2.110149877E-1
1.355399917E0,1.157514900E-1,1.534708440E-1,1.602082700E-1,2.502366823E-1
1.365415917E0,1.290784329E-1,1.711870134E-1,1.988754719E-1,2.924340759E-1
1.375431917E0,1.449647099E-1,1.888938397E-1,2.358619869E-1,3.351514981E-1
1.385447917E0,1.525698602E-1,2.019470781E-1,2.731091976E-1,3.723557686E-1
1.395463917E0,1.598565280E-1,2.196216881E-1,3.059068322E-1,4.091048587E-1
1.405478917E0,1.699778289E-1,2.312232256E-1,3.373185098E-1,4.428774316E-1
1.415494917E0,1.760346591E-1,2.478730530E-1,3.666018248E-1,4.762626896E-1
1.425510917E0,1.797578484E-1,2.592985034E-1,3.955240846E-1,5.059524675E-1
1.435526917E0,1.830636263E-1,2.702227831E-1,4.179124832E-1,5.302673735E-1
1.445542917E0,1.778563708E-1,2.849647701E-1,4.399730563E-1,5.535468355E-1
1.455557917E0,1.765466332E-1,2.949143350E-1,4.607843161E-1,5.748611699E-1
1.465573917E0,1.752774864E-1,3.073843718E-1,4.754968882E-1,5.927095747E-1
1.475589917E0,1.673820168E-1,3.136689067E-1,4.892563820E-1,6.047947833E-1
1.485605917E0,1.616373509E-1,3.219420314E-1,4.958482683E-1,6.128937999E-1
1.495621917E0,1.539322883E-1,3.302446902E-1,5.051475167E-1,6.228408452E-1
1.505636917E0,1.417548656E-1,3.343948424E-1,5.032047629E-1,6.205879357E-1
1.515652917E0,1.349283904E-1,3.409736454E-1,5.033416748E-1,6.227531927E-1
1.525668917E0,1.225058064E-1,3.452755213E-1,4.969724417E-1,6.174175783E-1
1.535684917E0,1.105801761E-1,3.485629261E-1,4.898977578E-1,6.113296180E-1
1.545700917E0,9.799239784E-2,3.494304419E-1,4.731295109E-1,5.962848965E-1
1.555716917E0,8.619992435E-2,3.522107601E-1,4.598211646E-1,5.855923069E-1
1.565731917E0,7.865789533E-2,3.493392467E-1,4.409354031E-1,5.680220097E-1
1.575747917E0,6.859087944E-2,3.480742574E-1,4.198535383E-1,5.496702566E-1
1.585763917E0,5.725743622E-2,3.468722403E-1,3.931497037E-1,5.274139310E-1
1.595779917E0,4.908525944E-2,3.442231715E-1,3.653438985E-1,5.043561427E-1
1.605795917E0,4.216000438E-2,3.421649635E-1,3.361425102E-1,4.815040138E-1
1.615810917E0,3.844596073E-2,3.363890946E-1,3.022306263E-1,4.538491670E-1
1.625826917E0,3.162255883E-2,3.321988285E-1,2.669011950E-1,4.273081976E-1
1.635842417E0,3.023105487E-2,3.236048222E-1,2.323842347E-1,3.995452792E-1
1.645858417E0,3.465821221E-2,3.125309050E-1,1.949527711E-1,3.699774874E-1
1.655874417E0,3.033403493E-2,3.089122176E-1,1.565422714E-1,3.476383100E-1
1.665890417E0,3.244977444E-2,3.020232618E-1,1.190313175E-1,3.262506599E-1
1.675905417E0,3.524209931E-2,2.915447950E-1,8.064957708E-2,3.045401901E-1
1.685921417E0,4.102908820E-2,2.742723227E-1,4.249032959E-2,2.805603699E-1
1.695937417E0,4.556844756E-2,2.647677660E-1,7.177079096E-3,2.687563279E-1
1.705953417E0,5.258734524E-2,2.564260960E-1,-2.771373466E-2,2.632258017E-1
1.715969417E0,6.259151548E-2,2.436639667E-1,-6.247970089E-2,2.592171666E-1
1.725984417E0,6.917249411E-2,2.294346094E-1,-9.651409090E-2,2.583409446E-1
1.736000417E0,8.102515340E-2,2.166953683E-1,-1.289481968E-1,2.648576893E-1
1.746016417E0,9.077097476E-2,2.010545433E-1,-1.567038000E-1,2.705889505E-1
1.756032417E0,9.568130970E-2,1.860580146E-1,-1.882808954E-1,2.814643732E-1
1.766048417E0,1.025852486E-1,1.779671311E-1,-2.122096866E-1,2.953455334E-1
1.776063417E0,1.092926860E-1,1.625817865E-1,-2.323807329E-1,3.039383713E-1
1.786079417E0,1.207050458E-1,1.432066262E-1,-2.523365021E-1,3.142476032E-1
1.796095417E0,1.272596270E-1,1.300972104E-1,-2.716372311E-1,3.269664847E-1
1.806111417E0,1.305772513E-1,1.159096062E-1,-2.883736491E-1,3.371124692E-1
1.816127417E0,1.368694901E-1,9.633244574E-2,-3.006620109E-1,3.441087651E-1
1.826143417E0,1.412090808E-1,8.342555165E-2,-3.097344935E-1,3.504786493E-1
1.836158417E0,1.404447556E-1,7.026420534E-2,-3.169852197E-1,3.537533285E-1
1.846174417E0,1.379866898E-1,5.535539612E-2,-3.210014105E-1,3.537604443E-1
1.856190417E0,1.416077912E-1,3.703285009E-2,-3.251428902E-1,3.565699056E-1
1.866206417E0,1.342786998E-1,2.175288647E-2,-3.241156042E-1,3.515037441E-1
1.876222417E0,1.291976571E-1,1.145098079E-2,-3.221065104E-1,3.472402102E-1
1.886237417E0,1.250037551E-1,-3.737047315E-3,-3.154826462E-1,3.393658857E-1
1.896253417E0,1.190342829E-1,-1.752156764E-2,-3.062196374E-1,3.290085594E-1
1.906269417E0,1.081322804E-1,-3.316138312E-2,-2.957128584E-1,3.166044252E-1
1.916285417E0,9.452433139E-2,-4.605907202E-2,-2.855643630E-1,3.043078914E-1
1.926301417E0,8.092006296E-2,-6.117270142E-2,-2.722072899E-1,2.904943454E-1
1.936317417E0,7.093586773E-2,-7.375001162E-2,-2.566038370E-1,2.762543949E-1
1.946332417E0,5.372174829E-2,-8.424043655E-2,-2.354510128E-1,2.557726663E-1
1.956348417E0,4.058304057E-2,-9.663105756E-2,-2.173761427E-1,2.413232933E-1
1.966364417E0,2.409846708E-2,-1.107568815E-1,-1.960671842E-1,2.264733177E-1
1.976380417E0,8.763452992E-3,-1.238535047E-1,-1.768048108E-1,2.160472861E-1
1.986396417E0,-9.296084754E-3,-1.318030357E-1,-1.514263898E-1,2.009686765E-1
1.996411417E0,-2.445399947E-2,-1.452978104E-1,-1.273956150E-1,1.947796050E-1
2.006427417E0,-4.084218293E-2,-1.536929011E-1,-1.015856937E-1,1.887041200E-1
2.016443417E0,-5.635003746E-2,-1.620560139E-1,-7.475061715E-2,1.871500284E-1
2.026459417E0,-7.141191512E-2,-1.735560447E-1,-4.940056428E-2,1.940664268E-1
2.036475417E0,-8.400493860E-2,-1.825745702E-1,-2.432371117E-2,2.024399820E-1
2.046490417E0,-9.763623774E-2,-1.889713407E-1,6.896776613E-4,2.127051437E-1
2.056506417E0,-1.068193540E-1,-2.010570318E-1,2.683526091E-2,2.292475423E-1
2.066522417E0,-1.194453761E-1,-2.064700276E-1,5.203877389E-2,2.441415658E-1
2.076538417E0,-1.311776638E-1,-2.126144767E-1,7.596088201E-2,2.611178867E-1
2.086554417E0,-1.357998997E-1,-2.209877670E-1,9.808505327E-2,2.773046765E-1
2.096570417E0,-1.410095692E-1,-2.271138281E-1,1.192707643E-1,2.927283804E-1
2.106585417E0,-1.476683468E-1,-2.297347188E-1,1.445775628E-1,3.090091476E-1
2.116601417E0,-1.526085138E-1,-2.378091663E-1,1.589564979E-1,3.242063021E-1
2.126617417E0,-1.485268772E-1,-2.422224283E-1,1.795903146E-1,3.361318478E-1
2.136633417E0,-1.493593752E-1,-2.454613596E-1,1.914480478E-1,3.452707011E-1
2.146649417E0,-1.473468691E-1,-2.509274781E-1,2.035241127E-1,3.551024691E-1
2.156664417E0,-1.439856887E-1,-2.550034523E-1,2.181435376E-1,3.651646783E-1
2.166680417E0,-1.402755976E-1,-2.582080066E-1,2.186033428E-1,3.662458729E-1
2.176696417E0,-1.333750784E-1,-2.625358999E-1,2.272498310E-1,3.719630303E-1
2.186712417E0,-1.297651678E-1,-2.650998235E-1,2.303901017E-1,3.744282497E-1
2.196728417E0,-1.268061399E-1,-2.683310211E-1,2.263362259E-1,3.732417730E-1
2.206744417E0,-1.149136797E-1,-2.705610991E-1,2.257811576E-1,3.706556262E-1
2.216759417E0,-1.059944853E-1,-2.719073296E-1,2.212630957E-1,3.662318723E-1
2.226775417E0,-1.010567993E-1,-2.722685635E-1,2.104266733E-1,3.586391392E-1
2.236791417E0,-9.240419418E-2,-2.741242647E-1,1.987433881E-1,3.509723378E-1
2.246807417E0,-8.358530700E-2,-2.767182589E-1,1.871344447E-1,3.443527243E-1
2.256823417E0,-7.814100385E-2,-2.762663364E-1,1.725030392E-1,3.349423886E-1
2.266838417E0,-7.336077839E-2,-2.749741077E-1,1.518565416E-1,3.225724306E-1
2.276854417E0,-6.830929965E-2,-2.733413279E-1,1.338562369E-1,3.119280913E-1
2.286870417E0,-6.382679939E-2,-2.740309834E-1,1.092496291E-1,3.018316114E-1
2.296886417E0,-6.217005104E-2,-2.720234990E-1,8.711263537E-2,2.923191928E-1
2.306902417E0,-5.696369708E-2,-2.714371681E-1,6.597144902E-2,2.850881111E-1
2.316918417E0,-5.921220407E-2,-2.696477771E-1,4.119127244E-2,2.791285183E-1
2.326933417E0,-5.953432620E-2,-2.653278410E-1,1.696095616E-2,2.724534332E-1
2.336949417E0,-5.759741366E-2,-2.620742619E-1,-8.928431198E-3,2.684773691E-1
2.346965417E0,-5.978813022E-2,-2.559598982E-1,-3.648735583E-2,2.653703396E-1
2.356981417E0,-5.980037898E-2,-2.519870102E-1,-6.087045744E-2,2.660427621E-1
2.366997417E0,-6.480924040E-2,-2.470118850E-1,-8.943949640E-2,2.705818407E-1
2.377012417E0,-6.843113899E-2,-2.438126206E-1,-1.134447008E-1,2.774835399E-1
2.387028417E0,-7.126221061E-2,-2.390712500E-1,-1.358157396E-1,2.840409836E-1
2.397044417E0,-7.841972262E-2,-2.324620783E-1,-1.616414785E-1,2.937962531E-1
2.407060417E0,-7.979730517E-2,-2.243340462E-1,-1.816898435E-1,2.995072177E-1
2.417076417E0,-8.880491555E-2,-2.135242671E-1,-2.036910057E-1,3.081703287E-1
2.427091417E0,-9.064017236E-2,-2.072704434E-1,-2.224443555E-1,3.172667156E-1
2.437107417E0,-9.461253881E-2,-1.971584260E-1,-2.412686646E-1,3.256279257E-1
2.447123417E0,-1.009663790E-1,-1.844016910E-1,-2.566049099E-1,3.317292165E-1
2.457139417E0,-1.047059968E-1,-1.766169965E-1,-2.722176909E-1,3.409682984E-1
2.467155417E0,-1.092133522E-1,-1.675764471E-1,-2.831246257E-1,3.466539710E-1
2.477171417E0,-1.127108857E-1,-1.554539949E-1,-2.926965654E-1,3.500585203E-1
2.487186417E0,-1.135129929E-1,-1.428379267E-1,-3.002512753E-1,3.513384425E-1
2.497202417E0,-1.116280109E-1,-1.263316423E-1,-3.087912202E-1,3.518131810E-1
2.507218417E0,-1.083147898E-1,-1.140606999E-1,-3.114329576E-1,3.489017399E-1
2.517234417E0,-1.097611561E-1,-1.018237472E-1,-3.119839728E-1,3.460485315E-1
2.527250417E0,-1.091128439E-1,-9.124889970E-2,-3.129764795E-1,3.437822729E-1
2.537265417E0,-1.023257747E-1,-7.699033618E-2,-3.058890104E-1,3.316114635E-1
2.547281417E0,-1.011312678E-1,-5.769667029E-2,-3.050683141E-1,3.265319515E-1
2.557297417E0,-8.920323104E-2,-4.499925300E-2,-2.980144024E-1,3.143162949E-1
2.567313417E0,-8.210565150E-2,-2.680884860E-2,-2.874664366E-1,3.001616307E-1
2.577329417E0,-7.113423198E-2,-1.231432799E-2,-2.730310559E-1,2.824140208E-1
2.587345417E0,-6.139146909E-2,-4.373705015E-4,-2.607909441E-1,2.679198020E-1
2.597360417E0,-5.172233284E-2,1.686066017E-2,-2.471244037E-1,2.530414047E-1
2.607376417E0,-4.106995463E-2,3.294748440E-2,-2.265581489E-1,2.325959430E-1
2.617392417E0,-2.628860995E-2,5.103274435E-2,-2.089951336E-1,2.167357790E-1
2.627408417E0,-1.264953706E-2,6.831273437E-2,-1.892163754E-1,2.015675499E-1
2.637425292E0,1.414083177E-3,8.328688890E-2,-1.649997234E-1,1.848340180E-1
2.647440292E0,1.468926109E-2,9.540726244E-2,-1.423858255E-1,1.720233805E-1
2.657456292E0,2.950229496E-2,1.134259403E-1,-1.166530401E-1,1.653594905E-1
2.667472292E0,4.347331077E-2,1.302824914E-1,-9.059225023E-2,1.645308850E-1
2.677488292E0,5.857476220E-2,1.421985477E-1,-6.077043340E-2,1.653616501E-1
2.687504292E0,7.187396288E-2,1.612686813E-1,-3.350957111E-2,1.797118401E-1
2.697520292E0,8.547312766E-2,1.744065881E-1,-9.537590668E-4,1.942272462E-1
2.707535292E0,9.584536403E-2,1.878146976E-1,2.603726648E-2,2.124585458E-1
2.717551292E0,1.106978133E-1,2.030290663E-1,5.608171970E-2,2.379495050E-1
2.727567292E0,1.192145050E-1,2.176424116E-1,8.780177683E-2,2.632289299E-1
2.737583292E0,1.287779212E-1,2.305739224E-1,1.154802740E-1,2.882425721E-1
2.747599292E0,1.345166266E-1,2.434900999E-1,1.454381198E-1,3.139018927E-1
2.757614292E0,1.406650692E-1,2.557997406E-1,1.783518642E-1,3.420958293E-1
2.767630292E0,1.469692290E-1,2.650682330E-1,2.056642622E-1,3.662770961E-1
2.777646292E0,1.489785761E-1,2.757674754E-1,2.338042855E-1,3.910329405E-1
2.787662292E0,1.496824473E-1,2.842853367E-1,2.588987052E-1,4.126154715E-1
2.797678292E0,1.522715837E-1,2.957816720E-1,2.832432091E-1,4.369212151E-1
2.807694292E0,1.499329507E-1,3.043690622E-1,3.081149459E-1,4.583178325E-1
2.817709292E0,1.490498483E-1,3.107912838E-1,3.257562518E-1,4.742617579E-1
2.827725292E0,1.425756514E-1,3.166942000E-1,3.456622958E-1,4.900055668E-1
2.837741292E0,1.406946629E-1,3.229092062E-1,3.637866974E-1,5.063655841E-1
2.847757292E0,1.300962418E-1,3.290209472E-1,3.757956624E-1,5.161416431E-1
2.857773292E0,1.256772578E-1,3.344854712E-1,3.879537880E-1,5.274309862E-1
2.867788292E0,1.153959781E-1,3.380679488E-1,3.945667446E-1,5.322490824E-1
2.877804292E0,1.056826338E-1,3.399902284E-1,4.017167985E-1,5.367853954E-1
2.887820292E0,1.002693027E-1,3.402177989E-1,4.051773250E-1,5.384893207E-1
2.897836292E0,8.795084804E-2,3.436029255E-1,4.036494792E-1,5.373371606E-1
2.907852292E0,7.925015688E-2,3.421342671E-1,4.038764536E-1,5.352126997E-1
2.917868292E0,6.862653792E-2,3.419076502E-1,3.954115808E-1,5.272198415E-1
2.927883292E0,6.077311561E-2,3.382565677E-1,3.888115883E-1,5.189270935E-1
2.937899292E0,5.402493104E-2,3.348887265E-1,3.763439953E-1,5.066596048E-1
2.947915292E0,4.446424916E-2,3.320149779E-1,3.685131669E-1,4.980090051E-1
2.957931292E0,3.968733922E-2,3.266721368E-1,3.509304225E-1,4.810841208E-1
2.967947292E0,3.233701363E-2,3.216403723E-1,3.317298293E-1,4.631877494E-1
2.977962292E0,2.533902414E-2,3.166240454E-1,3.135700226E-1,4.463395695E-1
2.987978292E0,2.164117619E-2,3.083789349E-1,2.908012867E-1,4.244187747E-1
2.997994292E0,2.196235396E-2,2.970136106E-1,2.663657069E-1,3.995624103E-1
3.008010292E0,1.786716096E-2,2.877900600E-1,2.404717803E-1,3.754584281E-1
3.018026292E0,1.747807302E-2,2.793622017E-1,2.175006866E-1,3.544788731E-1
3.028042292E0,1.861763932E-2,2.694999874E-1,1.920643002E-1,3.314597337E-1
3.038057292E0,1.916598342E-2,2.563583553E-1,1.618715078E-1,3.037915836E-1
3.048073292E0,2.050879970E-2,2.430252135E-1,1.355065107E-1,2.790051607E-1
3.058089292E0,2.133997343E-2,2.330972254E-1,1.076178774E-1,2.576263156E-1
3.068105292E0,2.872009575E-2,2.119885981E-1,8.106867969E-2,2.287709345E-1
3.078121292E0,3.130495921E-2,1.997854561E-1,5.153901130E-2,2.086875622E-1
3.088136292E0,3.070878610E-2,1.911610812E-1,2.384433523E-2,1.950747058E-1
3.098152292E0,3.812702000E-2,1.724161655E-1,-3.779301653E-3,1.766218755E-1
3.108168292E0,4.745614156E-2,1.534324288E-1,-3.062726744E-2,1.634980890E-1
3.118184292E0,5.443282425E-2,1.391347051E-1,-5.303563550E-2,1.585376206E-1
3.128200292E0,5.537081137E-2,1.200583205E-1,-7.822874188E-2,1.536218185E-1
3.138216292E0,6.155999750E-2,1.024431065E-1,-1.043974906E-1,1.586917118E-1
3.148231292E0,6.708242744E-2,8.336631209E-2,-1.244297400E-1,1.641120174E-1
3.158247292E0,7.089101523E-2,6.961455196E-2,-1.460617930E-1,1.766515475E-1
3.168263292E0,7.576879114E-2,5.375028774E-2,-1.667299420E-1,1.908635028E-1
3.178279292E0,7.643351704E-2,3.499790281E-2,-1.852495670E-1,2.034314081E-1
3.188295292E0,7.932219654E-2,1.811561361E-2,-2.009052485E-1,2.167558654E-1
3.198311292E0,8.174620569E-2,-6.303777918E-4,-2.163630426E-1,2.312916032E-1
3.208326292E0,7.974316925E-2,-1.589148678E-2,-2.292603701E-1,2.432526047E-1
3.218342292E0,7.953117788E-2,-3.624602780E-2,-2.426507473E-1,2.579115506E-1
3.228358292E0,7.872842997E-2,-4.822367057E-2,-2.527594864E-1,2.690930064E-1
3.238374292E0,7.782961428E-2,-6.718671322E-2,-2.590192258E-1,2.786798569E-1
3.248390292E0,7.257815450E-2,-8.438019454E-2,-2.689183056E-1,2.910406515E-1
3.258405292E0,6.886330992E-2,-9.971734136E-2,-2.728749812E-1,2.985740427E-1
3.268421292E0,6.152499467E-2,-1.123693883E-1,-2.720686793E-1,3.007217496E-1
3.278437292E0,5.316719413E-2,-1.258015782E-1,-2.770645022E-1,3.088972742E-1
3.288453292E0,4.641788453E-2,-1.414229125E-1,-2.707675397E-1,3.089823955E-1
3.298469292E0,3.916396946E-2,-1.536702663E-1,-2.700807154E-1,3.131963603E-1
3.308485292E0,2.662455291E-2,-1.646117270E-1,-2.667411864E-1,3.145739150E-1
3.318500292E0,1.766994037E-2,-1.775357723E-1,-2.624092996E-1,3.173165892E-1
3.328516292E0,4.396656062E-3,-1.891968697E-1,-2.513199151E-1,3.146052857E-1
3.338532292E0,-2.500398550E-3,-2.016655207E-1,-2.420425266E-1,3.150552633E-1
3.348548292E0,-1.442094427E-2,-2.099603117E-1,-2.298554778E-1,3.116485790E-1
3.358564292E0,-2.738414705E-2,-2.176089287E-1,-2.176621854E-1,3.089989714E-1
3.368580292E0,-3.891161829E-2,-2.305802852E-1,-2.036951035E-1,3.101178440E-1
3.378595292E0,-5.036614090E-2,-2.361031473E-1,-1.917929053E-1,3.083276874E-1
3.388611292E0,-5.944807455E-2,-2.447648942E-1,-1.761573553E-1,3.073684123E-1
3.398627292E0,-7.176280022E-2,-2.522065639E-1,-1.577413380E-1,3.060071570E-1
3.408643292E0,-7.988692075E-2,-2.572835684E-1,-1.403107494E-1,3.037496684E-1
3.418659292E0,-9.007909894E-2,-2.621574104E-1,-1.213274822E-1,3.025906638E-1
3.428674292E0,-9.719178081E-2,-2.655474246E-1,-1.033537686E-1,3.010708860E-1
3.438690292E0,-1.071035340E-1,-2.710295618E-1,-8.074779063E-2,3.024043585E-1
3.448706292E0,-1.128340960E-1,-2.745048404E-1,-6.449116766E-2,3.037162348E-1
3.458722292E0,-1.178818569E-1,-2.779914439E-1,-4.373209551E-2,3.051030502E-1
3.468738292E0,-1.224925146E-1,-2.791666389E-1,-2.545678988E-2,3.059190686E-1
3.478754292E0,-1.224222034E-1,-2.821256816E-1,-6.732904352E-3,3.076157150E-1
3.488769292E0,-1.233117208E-1,-2.818389535E-1,1.103983168E-2,3.078325098E-1
3.498785292E0,-1.251871288E-1,-2.852280736E-1,2.540758625E-2,3.125258655E-1
3.508801292E0,-1.298394054E-1,-2.845748961E-1,4.295209050E-2,3.157309373E-1
3.518817292E0,-1.274681240E-1,-2.834238708E-1,6.037795171E-2,3.165797060E-1
3.528833292E0,-1.239556819E-1,-2.830595374E-1,7.272847742E-2,3.174541608E-1
3.538849292E0,-1.206384525E-1,-2.810275257E-1,8.673483878E-2,3.178884060E-1
3.548864292E0,-1.162507311E-1,-2.788229585E-1,9.674362838E-2,3.171999437E-1
3.558880292E0,-1.146115586E-1,-2.758966982E-1,1.041437536E-1,3.163869765E-1
3.568896292E0,-1.085975096E-1,-2.753696740E-1,1.129317060E-1,3.168208431E-1
3.578912292E0,-1.057726964E-1,-2.749363780E-1,1.182705462E-1,3.174362887E-1
3.588928292E0,-9.978792071E-2,-2.693367600E-1,1.248764321E-1,3.131996851E-1
3.598943292E0,-9.272947907E-2,-2.633385360E-1,1.279681027E-1,3.071185051E-1
3.608959292E0,-8.825727552E-2,-2.624775171E-1,1.320927739E-1,3.068098672E-1
3.618975292E0,-8.201802522E-2,-2.561248243E-1,1.301878244E-1,2.987904813E-1
3.628991292E0,-7.497498393E-2,-2.522440553E-1,1.274703592E-1,2.923987074E-1
3.639006708E0,-7.023855299E-2,-2.480256259E-1,1.248311624E-1,2.864140090E-1
3.649022708E0,-6.512869149E-2,-2.416705489E-1,1.181269512E-1,2.767677316E-1
3.659037708E0,-5.961621553E-2,-2.363932282E-1,1.126727983E-1,2.685721709E-1
3.669053708E0,-5.628321320E-2,-2.271999568E-1,1.080747247E-1,2.578134336E-1
3.679069708E0,-5.297396705E-2,-2.203226089E-1,9.728279710E-2,2.466013703E-1
3.689085708E0,-4.969996586E-2,-2.152907550E-1,8.867809176E-2,2.380840183E-1
3.699101708E0,-4.555102810E-2,-2.081071436E-1,7.729654014E-2,2.266235524E-1
3.709117708E0,-4.206122458E-2,-1.989511847E-1,6.628969312E-2,2.138809106E-1
3.719132708E0,-4.092112184E-2,-1.905523837E-1,5.288946629E-2,2.019456481E-1
3.729148708E0,-4.236279055E-2,-1.817324758E-1,4.034033418E-2,1.909152726E-1
3.739164708E0,-4.079232365E-2,-1.751342267E-1,2.823519893E-2,1.820253759E-1
3.749180708E0,-4.046738893E-2,-1.641874313E-1,1.397572644E-2,1.696774679E-1
3.759196708E0,-4.028869048E-2,-1.534056216E-1,-1.580862561E-3,1.586157699E-1
3.769211708E0,-3.999983519E-2,-1.402743459E-1,-1.589913480E-2,1.467298927E-1
3.779227708E0,-3.795745596E-2,-1.302445978E-1,-2.726417407E-2,1.383754274E-1
3.789243708E0,-3.822270781E-2,-1.171756685E-1,-4.231795669E-2,1.303147042E-1
3.799259708E0,-4.004164785E-2,-1.068647131E-1,-5.551312119E-2,1.269058986E-1
3.809275708E0,-4.067558050E-2,-9.523997456E-2,-6.873390079E-2,1.242960366E-1
3.819291708E0,-4.158505052E-2,-8.311539888E-2,-8.138844371E-2,1.235377057E-1
3.829306708E0,-4.150911793E-2,-7.200534642E-2,-9.455522150E-2,1.258906934E-1
3.839322708E0,-4.176744446E-2,-5.904773250E-2,-1.037591100E-1,1.264796704E-1
3.849338708E0,-3.949386626E-2,-4.462279379E-2,-1.172996759E-1,1.315681313E-1
3.859354708E0,-3.984540328E-2,-2.967686579E-2,-1.256705225E-1,1.351349427E-1
3.869370708E0,-4.090952128E-2,-1.619128510E-2,-1.347586513E-1,1.417590940E-1
3.879386708E0,-3.413230926E-2,-7.482748479E-3,-1.420903355E-1,1.463238514E-1
3.889401708E0,-3.558912873E-2,8.940885775E-3,-1.502272487E-1,1.546439516E-1
3.899417708E0,-3.225351870E-2,2.159010246E-2,-1.549801975E-1,1.597663407E-1
3.909433708E0,-2.801817656E-2,3.517254815E-2,-1.615931690E-1,1.677333557E-1
3.919449708E0,-2.083083801E-2,4.752748460E-2,-1.616192609E-1,1.697456070E-1
3.929465708E0,-1.802371629E-2,6.006531790E-2,-1.625156105E-1,1.741953513E-1
3.939481708E0,-1.296424493E-2,7.247805595E-2,-1.664914489E-1,1.820454416E-1
3.949496708E0,-5.876339972E-3,8.419120312E-2,-1.657700390E-1,1.860171924E-1
3.959512708E0,-1.507690409E-3,1.009126604E-1,-1.616133749E-1,1.905374533E-1
3.969528708E0,7.200501394E-3,1.144270077E-1,-1.576542407E-1,1.949365203E-1
3.979544708E0,1.466427650E-2,1.271332204E-1,-1.543343514E-1,2.004918671E-1
3.989560708E0,2.161400393E-2,1.376393586E-1,-1.468616575E-1,2.024354333E-1
3.999575708E0,2.961653657E-2,1.537877023E-1,-1.408889741E-1,2.106596773E-1
4.009591708E0,4.070717096E-2,1.623375416E-1,-1.277886778E-1,2.105718342E-1
4.019607708E0,4.560339451E-2,1.725124121E-1,-1.195342168E-1,2.147757689E-1
4.029623708E0,5.558082461E-2,1.875814199E-1,-1.076392606E-1,2.232985168E-1
4.039639708E0,6.641963124E-2,1.966369748E-1,-9.173938632E-2,2.269224147E-1
4.049655708E0,7.351956517E-2,2.072004378E-1,-7.968727499E-2,2.338529659E-1
4.059670708E0,8.236844838E-2,2.185873091E-1,-6.410086155E-2,2.422269462E-1
4.069686708E0,9.175231308E-2,2.284199744E-1,-4.654932395E-2,2.505214786E-1
4.079702708E0,9.839236736E-2,2.374246567E-1,-2.832132019E-2,2.585606752E-1
4.089718708E0,1.075457036E-1,2.419919670E-1,-1.018250268E-2,2.650091957E-1
4.099734708E0,1.111556217E-1,2.576806545E-1,9.251383133E-3,2.807854698E-1
4.109750708E0,1.154345199E-1,2.636855543E-1,2.768205479E-2,2.891738164E-1
4.119765708E0,1.204844117E-1,2.737245858E-1,4.602697492E-2,3.025890361E-1
4.129781708E0,1.251771450E-1,2.784497142E-1,6.889086962E-2,3.129688689E-1
4.139797708E0,1.278259307E-1,2.838141322E-1,8.825737983E-2,3.235417984E-1
4.149813708E0,1.258502901E-1,2.902626991E-1,1.071785390E-1,3.340328865E-1
4.159829708E0,1.253567934E-1,2.967408597E-1,1.277783513E-1,3.465498096E-1
4.169845708E0,1.268633306E-1,3.011165857E-1,1.460600197E-1,3.579092514E-1
4.179860708E0,1.236179993E-1,3.057006896E-1,1.661679596E-1,3.692507442E-1
4.189876708E0,1.204890534E-1,3.068551719E-1,1.802707314E-1,3.757329439E-1
4.199892708E0,1.168551669E-1,3.087819815E-1,2.003565580E-1,3.861919114E-1
4.209908708E0,1.131377593E-1,3.132416606E-1,2.135480344E-1,3.956301979E-1
4.219924708E0,1.086223722E-1,3.143694997E-1,2.291618735E-1,4.039086113E-1
4.229940708E0,9.913618118E-2,3.157406747E-1,2.432970107E-1,4.107476007E-1
4.239955708E0,9.428948909E-2,3.157390654E-1,2.549459338E-1,4.166282448E-1
4.249971708E0,8.912909776E-2,3.135734797E-1,2.643081546E-1,4.196797872E-1
4.259987708E0,7.807884365E-2,3.116237819E-1,2.719509006E-1,4.209073290E-1
4.270003708E0,6.816311926E-2,3.096515536E-1,2.804675400E-1,4.233111580E-1
4.280019708E0,6.143970415E-2,3.098710179E-1,2.824712992E-1,4.237746097E-1
4.290035708E0,5.399707332E-2,3.023315966E-1,2.889956236E-1,4.217090806E-1
4.300050708E0,4.907022789E-2,2.952617109E-1,2.905746102E-1,4.171582065E-1
4.310066708E0,4.148229957E-2,2.911886871E-1,2.897295356E-1,4.128617643E-1
4.320082708E0,3.397005424E-2,2.835131884E-1,2.874376178E-1,4.051593226E-1
4.330098708E0,2.640699223E-2,2.760557830E-1,2.872877121E-1,3.992973254E-1
4.340114708E0,1.987612247E-2,2.698908150E-1,2.778660059E-1,3.878732132E-1
4.350129708E0,1.360744517E-2,2.574662566E-1,2.719335854E-1,3.747291165E-1
4.360145708E0,2.193402965E-3,2.491311282E-1,2.646400034E-1,3.634631501E-1
4.370161708E0,1.907034311E-3,2.411313951E-1,2.501311600E-1,3.474386042E-1
4.380177708E0,2.088395646E-3,2.279322296E-1,2.404383272E-1,3.313126196E-1
4.390193708E0,-6.905058399E-3,2.171327621E-1,2.283030152E-1,3.151453363E-1
4.400209708E0,-6.561776623E-3,2.005551159E-1,2.117125839E-1,2.916978396E-1
4.410224708E0,-9.311223403E-3,1.861396879E-1,2.002143860E-1,2.735333300E-1
4.420240708E0,-1.038344298E-2,1.715057492E-1,1.823409498E-1,2.505399367E-1
4.430256708E0,-1.095882244E-2,1.576121449E-1,1.653698981E-1,2.287113622E-1
4.440272708E0,-1.018384285E-2,1.449634731E-1,1.463834196E-1,2.062673622E-1
4.450288708E0,-1.217230782E-2,1.269525737E-1,1.274967492E-1,1.803345283E-1
4.460304708E0,-1.013206039E-2,1.100947559E-1,1.071472615E-1,1.539611950E-1
4.470319708E0,-7.512388285E-3,9.410287440E-2,8.926155418E-2,1.299207913E-1
4.480335708E0,-5.841787439E-3,7.299093157E-2,6.743721664E-2,9.954687720E-2
4.490351708E0,-2.067444613E-3,5.505934358E-2,4.778796062E-2,7.293486699E-2
4.500367708E0,-1.329243532E-4,3.641268611E-2,2.685578167E-2,4.524526923E-2
4.510383708E0,4.843762144E-3,2.321799286E-2,7.471964229E-3,2.486699567E-2
4.520399708E0,6.571887061E-3,3.791296855E-3,-1.096243691E-2,1.333186612E-2
4.530414708E0,8.200793527E-3,-1.619486697E-2,-3.290563077E-2,3.758067677E-2
4.540430708E0,1.237529889E-2,-3.302897513E-2,-5.427030846E-2,6.472501527E-2
4.550446708E0,1.410871372E-2,-4.962918907E-2,-7.368235290E-2,8.995110527E-2
4.560462708E0,1.669943705E-2,-6.803882867E-2,-9.560283273E-2,1.185244913E-1
4.570478708E0,1.687246002E-2,-8.421765268E-2,-1.133181006E-1,1.421910154E-1
4.580494708E0,1.707858965E-2,-1.010938436E-1,-1.345906407E-1,1.691930376E-1
4.590509708E0,1.857093908E-2,-1.177166700E-1,-1.497866660E-1,1.914109179E-1
4.600525708E0,1.819463447E-2,-1.360147297E-1,-1.679832339E-1,2.169087788E-1
4.610541708E0,1.795450225E-2,-1.484336555E-1,-1.795916706E-1,2.336837230E-1
4.620557708E0,1.577044465E-2,-1.635758579E-1,-1.986311376E-1,2.577985590E-1
4.630573708E0,1.246397663E-2,-1.789537519E-1,-2.120757550E-1,2.777695482E-1
4.640589708E0,1.411114167E-2,-1.930408031E-1,-2.199866772E-1,2.930153820E-1
4.650604708E0,8.992533199E-3,-1.982904822E-1,-2.378799617E-1,3.098174578E-1
4.660620708E0,6.398081779E-3,-2.053118944E-1,-2.459267080E-1,3.204276129E-1
4.670636708E0,9.358701645E-4,-2.215018570E-1,-2.561230361E-1,3.386191934E-1
4.680652708E0,-4.185654689E-3,-2.401818037E-1,-2.586618364E-1,3.530024988E-1
4.690668708E0,-1.314377878E-2,-2.507223189E-1,-2.645908594E-1,3.647502748E-1
4.700684708E0,-2.024536580E-2,-2.559037507E-1,-2.722455859E-1,3.741847986E-1
4.710699708E0,-2.519743145E-2,-2.654976845E-1,-2.742102444E-1,3.825116850E-1
4.720715708E0,-3.204149008E-2,-2.684809566E-1,-2.751823068E-1,3.857900764E-1
4.730731708E0,-3.949893638E-2,-2.719340324E-1,-2.750433385E-1,3.887893029E-1
4.740747708E0,-4.986768588E-2,-2.869268358E-1,-2.702845633E-1,3.973254841E-1
4.750763708E0,-5.842486769E-2,-2.953542173E-1,-2.669838071E-1,4.024026989E-1
4.760779708E0,-6.631182134E-2,-2.925688028E-1,-2.643209100E-1,3.998240932E-1
4.770794708E0,-7.418256253E-2,-2.971706986E-1,-2.543002367E-1,3.980980873E-1
4.780810708E0,-7.857278734E-2,-3.043753505E-1,-2.487674952E-1,4.008781654E-1
4.790826708E0,-8.781198412E-2,-3.011098206E-1,-2.401406914E-1,3.950261008E-1
4.800842708E0,-9.596578777E-2,-3.086747825E-1,-2.250080705E-1,3.938504609E-1
4.810858708E0,-1.020622924E-1,-3.157976866E-1,-2.144315988E-1,3.951275755E-1
4.820874708E0,-1.050927043E-1,-3.077882230E-1,-2.007892877E-1,3.822229778E-1
4.830889708E0,-1.131106094E-1,-3.023320735E-1,-1.848538071E-1,3.719806750E-1
4.840905708E0,-1.156589910E-1,-3.068104684E-1,-1.689209044E-1,3.688413449E-1
4.850921708E0,-1.185734868E-1,-3.050542772E-1,-1.522909105E-1,3.609851870E-1
4.860937708E0,-1.205615327E-1,-3.000323474E-1,-1.342083067E-1,3.500947904E-1
4.870953708E0,-1.236117482E-1,-3.004440665E-1,-1.170924976E-1,3.453362918E-1
4.880969708E0,-1.243467852E-1,-2.958338559E-1,-9.841095656E-2,3.356553435E-1
4.890984708E0,-1.256805360E-1,-2.866355479E-1,-8.228100836E-2,3.236135022E-1
4.901000708E0,-1.236639917E-1,-2.826711535E-1,-6.313368678E-2,3.149311453E-1
4.911016708E0,-1.209387332E-1,-2.823947370E-1,-4.326807335E-2,3.102339292E-1
4.921032708E0,-1.157271937E-1,-2.717058957E-1,-2.760069817E-2,2.966119951E-1
4.931048708E0,-1.107910275E-1,-2.672738433E-1,-5.127877463E-3,2.893721725E-1
4.941064708E0,-1.066444889E-1,-2.562033534E-1,6.427844055E-3,2.775869638E-1
4.951079708E0,-1.000117138E-1,-2.473887801E-1,2.343660221E-2,2.678671793E-1
4.961095708E0,-9.566836804E-2,-2.424696535E-1,4.114342853E-2,2.638877625E-1
4.971111708E0,-9.006483108E-2,-2.355207652E-1,5.293363705E-2,2.576502951E-1
4.981127708E0,-8.273047954E-2,-2.292364985E-1,6.682655215E-2,2.527043580E-1
4.991143708E0,-7.280922681E-2,-2.156566978E-1,8.111145347E-2,2.416362197E-1
5.001159708E0,-6.862859428E-2,-2.032575607E-1,9.322697669E-2,2.339119260E-1
5.011174708E0,-6.010586396E-2,-1.918824613E-1,1.021278203E-1,2.255253545E-1
5.021190708E0,-5.628635734E-2,-1.851896793E-1,1.086456403E-1,2.219622637E-1
5.031206708E0,-4.425271600E-2,-1.768947840E-1,1.217684373E-1,2.192660936E-1
5.041222708E0,-3.713941202E-2,-1.655675769E-1,1.272391081E-1,2.120890121E-1
5.051238708E0,-2.942207269E-2,-1.523858458E-1,1.319951415E-1,2.037395930E-1
5.061254708E0,-2.014654875E-2,-1.364364475E-1,1.360021234E-1,1.936939988E-1
5.071269708E0,-1.539693400E-2,-1.241652966E-1,1.394934952E-1,1.873833548E-1
5.081285708E0,-8.637565188E-3,-1.168147027E-1,1.412213445E-1,1.834768390E-1
5.091301708E0,-4.218465183E-3,-1.069806591E-1,1.422564238E-1,1.780436659E-1
5.101317708E0,5.853445618E-4,-9.329813719E-2,1.393559873E-1,1.677050274E-1
5.111333708E0,5.974250846E-3,-7.621235400E-2,1.370512843E-1,1.569301409E-1
5.121349708E0,1.470835414E-2,-6.328777224E-2,1.332251132E-1,1.482248581E-1
5.131364708E0,1.196989231E-2,-5.016815662E-2,1.298587769E-1,1.397262474E-1
5.141380708E0,1.683042757E-2,-3.742572665E-2,1.234424263E-1,1.300845145E-1
5.151396708E0,2.066017129E-2,-2.612667345E-2,1.178835332E-1,1.224988700E-1
5.161412708E0,2.307832055E-2,-1.337172929E-2,1.096090898E-1,1.128076442E-1
5.171428708E0,2.653899603E-2,3.312412649E-3,1.030546278E-1,1.064685244E-1
5.181444708E0,2.828576416E-2,1.774781011E-2,9.218972921E-2,9.805108561E-2
5.191460708E0,2.864953689E-2,2.862519398E-2,8.405693620E-2,9.330469559E-2
5.201475708E0,2.943996340E-2,4.107067734E-2,7.183408737E-2,8.782737666E-2
5.211491708E0,2.775102109E-2,5.371183902E-2,6.359294057E-2,8.774476003E-2
5.221507708E0,2.888339758E-2,6.544812769E-2,5.171497539E-2,8.827313721E-2
5.231523708E0,3.264150023E-2,7.731863111E-2,4.284087569E-2,9.422833377E-2
5.241539708E0,3.055278026E-2,9.158544987E-2,2.858310752E-2,1.006894287E-1
5.251555708E0,3.174262866E-2,1.023486406E-1,1.962553896E-2,1.089403528E-1
5.261570708E0,3.099401854E-2,1.141669452E-1,4.156833515E-3,1.183722933E-1
5.271586708E0,3.168507293E-2,1.211448237E-1,-4.454924725E-3,1.252990763E-1
5.281602708E0,3.361267224E-2,1.331514120E-1,-1.599306986E-2,1.382566040E-1
5.291618708E0,3.633761778E-2,1.477071792E-1,-2.664571255E-2,1.544274174E-1
5.301634708E0,3.519219160E-2,1.558777690E-1,-3.846588731E-2,1.643654273E-1
5.311650708E0,3.859439865E-2,1.654881537E-1,-4.986727983E-2,1.770948961E-1
5.321665708E0,3.779678419E-2,1.743143946E-1,-5.868154392E-2,1.877701485E-1
5.331681708E0,4.371748492E-2,1.803747416E-1,-6.588193029E-2,1.969433792E-1
5.341697708E0,4.505679011E-2,1.915293932E-1,-7.525786012E-2,2.106593656E-1
5.351713708E0,4.843204841E-2,2.009147704E-1,-8.154360950E-2,2.221750853E-1
5.361729708E0,5.015484616E-2,2.065095454E-1,-8.761242032E-2,2.298643886E-1
5.371745708E0,5.757879093E-2,2.143738419E-1,-9.352615476E-2,2.408705106E-1
5.381760708E0,6.151733920E-2,2.183880210E-1,-9.824474901E-2,2.472442951E-1
5.391776708E0,6.499210000E-2,2.279273868E-1,-1.013581976E-1,2.577757765E-1
5.401792708E0,6.825739890E-2,2.317852378E-1,-1.012261063E-1,2.619736505E-1
5.411808708E0,7.681490481E-2,2.389768809E-1,-1.045603752E-1,2.719252678E-1
5.421824708E0,7.976275682E-2,2.468374819E-1,-1.021595299E-1,2.787963583E-1
5.431840708E0,8.507058769E-2,2.490335256E-1,-1.011273786E-1,2.819245439E-1
5.441855708E0,8.864028752E-2,2.534404993E-1,-9.939472377E-2,2.863014118E-1
5.451871708E0,9.467910230E-2,2.600288689E-1,-8.966454864E-2,2.908932388E-1
5.461887708E0,9.984856844E-2,2.642944455E-1,-8.582666516E-2,2.952753071E-1
5.471903708E0,1.042398140E-1,2.686522603E-1,-7.679322362E-2,2.982233642E-1
5.481919708E0,1.066414565E-1,2.707667947E-1,-6.809853017E-2,2.988719913E-1
5.491935708E0,1.121301651E-1,2.712352276E-1,-5.997488275E-2,2.995641987E-1
5.501951708E0,1.133504286E-1,2.771738172E-1,-4.569102079E-2,3.029213000E-1
5.511966708E0,1.161186323E-1,2.787237465E-1,-3.296129033E-2,3.037382266E-1
5.521982708E0,1.164328828E-1,2.813816071E-1,-1.781216636E-2,3.050401585E-1
5.531998708E0,1.201224625E-1,2.793074548E-1,-6.530751940E-3,3.041129906E-1
5.542014708E0,1.158502176E-1,2.794328928E-1,1.001120731E-2,3.026619216E-1
5.552030708E0,1.140484437E-1,2.814848721E-1,2.142266929E-2,3.044662732E-1
5.562046708E0,1.136396453E-1,2.763481736E-1,4.008850083E-2,3.014786393E-1
5.572061708E0,1.110757515E-1,2.777511179E-1,5.787835643E-2,3.046857565E-1
5.582077708E0,1.083867550E-1,2.776720226E-1,7.171853632E-2,3.065827608E-1
5.592093708E0,9.946390986E-2,2.763644755E-1,8.887691796E-2,3.068704926E-1
5.602109708E0,9.317112714E-2,2.705260217E-1,1.031384096E-1,3.041425963E-1
5.612125708E0,9.065393358E-2,2.641303241E-1,1.190187261E-1,3.035595839E-1
5.622141708E0,8.092407882E-2,2.604287863E-1,1.363998502E-1,3.049209380E-1
5.632156708E0,6.989634037E-2,2.596633434E-1,1.479114443E-1,3.069011986E-1
5.642172792E0,6.373112649E-2,2.540544569E-1,1.638645828E-1,3.089610413E-1
5.652188792E0,5.694950372E-2,2.462394983E-1,1.758679003E-1,3.079068931E-1
5.662204792E0,4.550296813E-2,2.374390811E-1,1.874105781E-1,3.058930567E-1
5.672220792E0,3.911719099E-2,2.299411446E-1,1.966827810E-1,3.051019517E-1
5.682236792E0,2.927361429E-2,2.225114554E-1,2.068925351E-1,3.052422208E-1
5.692252792E0,1.938889362E-2,2.138965726E-1,2.163390815E-1,3.048446673E-1
5.702267792E0,1.019672584E-2,2.094997019E-1,2.224736661E-1,3.057591052E-1
5.712283792E0,2.125550294E-3,1.949948668E-1,2.277370393E-1,2.998194042E-1
5.722299792E0,-3.337658243E-3,1.809094101E-1,2.322066128E-1,2.943794586E-1
5.732315792E0,-1.663923264E-2,1.696349084E-1,2.358717471E-1,2.910126240E-1
5.742331792E0,-2.450487949E-2,1.579652131E-1,2.339540124E-1,2.833513324E-1
5.752347792E0,-2.930342779E-2,1.444138885E-1,2.353370935E-1,2.776645631E-1
5.762362792E0,-3.540712595E-2,1.298770159E-1,2.338281423E-1,2.698097551E-1
5.772378792E0,-4.094553739E-2,1.152135059E-1,2.307801992E-1,2.611708049E-1
5.782394792E0,-4.600075260E-2,1.007317677E-1,2.258480191E-1,2.515358543E-1
5.792410792E0,-5.196513236E-2,8.450154215E-2,2.185188979E-1,2.399820709E-1
5.802426792E0,-5.175554007E-2,6.831511110E-2,2.113254368E-1,2.280439225E-1
5.812442792E0,-5.818546191E-2,5.377507955E-2,2.002238184E-1,2.153297114E-1
5.822458792E0,-5.725601688E-2,3.877802193E-2,1.890068501E-1,2.012599708E-1
5.832473792E0,-5.988167971E-2,2.128488570E-2,1.780727804E-1,1.890734699E-1
5.842489792E0,-6.027795747E-2,4.541589878E-3,1.645436585E-1,1.752959604E-1
5.852505792E0,-5.822443962E-2,-1.262573525E-2,1.487491280E-1,1.602366925E-1
5.862521792E0,-5.477777869E-2,-2.936210483E-2,1.328772306E-1,1.466938876E-1
5.872537792E0,-5.404695868E-2,-4.747135565E-2,1.173004135E-1,1.376008371E-1
5.882553792E0,-5.324294791E-2,-5.828432366E-2,9.949345887E-2,1.270071740E-1
5.892568792E0,-4.816673324E-2,-7.790902257E-2,7.884181291E-2,1.208547949E-1
5.902584792E0,-4.699733853E-2,-9.297879040E-2,5.956051871E-2,1.200052527E-1
5.912600792E0,-4.253091663E-2,-1.098971814E-1,3.726842627E-2,1.235929001E-1
5.922616792E0,-3.953992203E-2,-1.244891733E-1,1.755810715E-2,1.317924384E-1
5.932632792E0,-3.511640802E-2,-1.431488693E-1,-5.432428792E-3,1.474932953E-1
5.942648792E0,-3.267722204E-2,-1.556244493E-1,-2.708019875E-2,1.613074927E-1
5.952664792E0,-2.747628279E-2,-1.692020744E-1,-4.911729693E-2,1.783165639E-1
5.962679792E0,-2.716948651E-2,-1.826912463E-1,-7.372011244E-2,1.988691214E-1
5.972695792E0,-2.068310976E-2,-1.992769092E-1,-9.679457545E-2,2.225045335E-1
5.982711792E0,-2.048763447E-2,-2.089479119E-1,-1.214365363E-1,2.425403170E-1
5.992727792E0,-1.971999370E-2,-2.221680582E-1,-1.408409327E-1,2.637872107E-1
6.002743792E0,-1.804326847E-2,-2.357451171E-1,-1.625688672E-1,2.869319716E-1
6.012759792E0,-1.841442846E-2,-2.451286465E-1,-1.852966398E-1,3.078343536E-1
6.022774792E0,-2.165363170E-2,-2.513886690E-1,-2.061007172E-1,3.257954087E-1
6.032790792E0,-2.318423241E-2,-2.640396655E-1,-2.251252830E-1,3.477583164E-1
6.042806792E0,-2.456934191E-2,-2.760167122E-1,-2.443514466E-1,3.694543374E-1
6.052822792E0,-2.688737586E-2,-2.841132879E-1,-2.624993324E-1,3.877488761E-1
6.062838792E0,-3.295458853E-2,-2.894233763E-1,-2.766281962E-1,4.017151411E-1
6.072854792E0,-3.475733101E-2,-2.947337627E-1,-2.900210917E-1,4.149557767E-1
6.082870792E0,-4.300993681E-2,-3.009839356E-1,-3.044157326E-1,4.302442590E-1
6.092885792E0,-4.409281164E-2,-3.078014851E-1,-3.131239116E-1,4.412850714E-1
6.102901792E0,-5.451748893E-2,-3.139334023E-1,-3.224383295E-1,4.533131522E-1
6.112917792E0,-6.455272436E-2,-3.139047325E-1,-3.289744854E-1,4.592683827E-1
6.122933792E0,-6.795252115E-2,-3.144224584E-1,-3.317660093E-1,4.621122293E-1
6.132949792E0,-7.918968052E-2,-3.176078796E-1,-3.323777020E-1,4.664983467E-1
6.142965792E0,-8.484197408E-2,-3.176651597E-1,-3.352872133E-1,4.696028425E-1
6.152980792E0,-9.057243168E-2,-3.190626502E-1,-3.322232962E-1,4.694429237E-1
6.162996792E0,-9.918748587E-2,-3.185952902E-1,-3.259912431E-1,4.664883781E-1
6.173012792E0,-1.060850769E-1,-3.153936267E-1,-3.221530914E-1,4.631520243E-1
6.183028792E0,-1.119895726E-1,-3.119605482E-1,-3.133553565E-1,4.561278630E-1
6.193044792E0,-1.194332689E-1,-3.103890717E-1,-2.990650237E-1,4.472645413E-1
6.203060792E0,-1.224799231E-1,-3.039013445E-1,-2.901594043E-1,4.376640706E-1
6.213076792E0,-1.258172244E-1,-2.999229729E-1,-2.724104226E-1,4.242537000E-1
6.223091792E0,-1.288481653E-1,-2.983791232E-1,-2.565390468E-1,4.140582488E-1
6.233107792E0,-1.286171824E-1,-2.900550365E-1,-2.381920964E-1,3.967490121E-1
6.243123792E0,-1.288776398E-1,-2.846123278E-1,-2.177520692E-1,3.808275027E-1
6.253139792E0,-1.347834617E-1,-2.719101310E-1,-1.984707713E-1,3.626187363E-1
6.263155792E0,-1.309825927E-1,-2.685830295E-1,-1.757449508E-1,3.466692531E-1
6.273171792E0,-1.278506368E-1,-2.576702535E-1,-1.535267234E-1,3.260524493E-1
6.283187792E0,-1.245818809E-1,-2.461268008E-1,-1.311740130E-1,3.054597662E-1
6.293202792E0,-1.179396212E-1,-2.372201085E-1,-1.084534526E-1,2.862608697E-1
6.303218792E0,-1.087045744E-1,-2.256516069E-1,-8.222051710E-2,2.636200782E-1
6.313234792E0,-1.036718041E-1,-2.161068469E-1,-5.767582357E-2,2.465289291E-1
6.323250792E0,-9.629617631E-2,-2.010653168E-1,-3.712793812E-2,2.260059711E-1
6.333266792E0,-8.529315889E-2,-1.910281628E-1,-1.017316803E-2,2.094520835E-1
6.343282792E0,-7.612656057E-2,-1.756611913E-1,1.233400498E-2,1.918442990E-1
6.353297792E0,-6.670904160E-2,-1.648212671E-1,3.561041877E-2,1.813401452E-1
6.363313792E0,-5.375968665E-2,-1.490153968E-1,5.640118569E-2,1.681570282E-1
6.373329792E0,-4.430274665E-2,-1.376467496E-1,7.928007096E-2,1.649081280E-1
6.383345792E0,-3.508714586E-2,-1.210374087E-1,1.003765687E-1,1.611105759E-1
6.393361792E0,-2.407001518E-2,-1.099879071E-1,1.196255758E-1,1.642771552E-1
6.403377792E0,-8.008756675E-3,-9.502813220E-2,1.345603168E-1,1.649271504E-1
6.413393792E0,2.522331895E-3,-8.019519597E-2,1.522584409E-1,1.721053876E-1
6.423408792E0,1.029370166E-2,-6.693584472E-2,1.683753580E-1,1.814845139E-1
6.433424792E0,1.986308768E-2,-5.164124817E-2,1.824812293E-1,1.906849753E-1
6.443440792E0,3.170749918E-2,-3.522418812E-2,1.947514862E-1,2.004351524E-1
6.453456792E0,3.920146078E-2,-2.268225700E-2,2.061153352E-1,2.110326295E-1
6.463472792E0,4.857099429E-2,-5.694484338E-3,2.125985324E-1,2.181506466E-1
6.473488792E0,5.664394051E-2,9.731478989E-3,2.245481163E-1,2.317867430E-1
6.483504792E0,6.210874394E-2,2.699621953E-2,2.260528058E-1,2.359791579E-1
6.493519792E0,6.796365976E-2,3.987742215E-2,2.326952219E-1,2.456752616E-1
6.503535792E0,7.439918816E-2,5.102088302E-2,2.346411943E-1,2.513858783E-1
6.513551792E0,7.693593949E-2,6.352154166E-2,2.359604090E-1,2.561863378E-1
6.523567792E0,7.795033604E-2,7.806133479E-2,2.326461077E-1,2.574762869E-1
6.533583792E0,8.256849647E-2,9.082750231E-2,2.301176935E-1,2.608090195E-1
6.543599792E0,8.467213064E-2,1.066698506E-1,2.273767740E-1,2.650434381E-1
6.553615792E0,8.527404815E-2,1.176433787E-1,2.215796411E-1,2.649701213E-1
6.563630792E0,8.458988369E-2,1.281623393E-1,2.159760743E-1,2.650032044E-1
6.573646792E0,8.362452686E-2,1.410053074E-1,2.059750110E-1,2.632513312E-1
6.583662792E0,8.312411606E-2,1.487990469E-1,1.951519251E-1,2.591043205E-1
6.593678792E0,8.004844934E-2,1.618281305E-1,1.815180033E-1,2.560173502E-1
6.603694792E0,7.977014780E-2,1.687986851E-1,1.725862920E-1,2.542485020E-1
6.613710792E0,7.429818809E-2,1.824254245E-1,1.542433947E-1,2.501804970E-1
6.623726792E0,7.080492377E-2,1.869181693E-1,1.404314488E-1,2.442800259E-1
6.633741792E0,6.991755217E-2,1.938927323E-1,1.249062791E-1,2.410071250E-1
6.643757917E0,6.659313291E-2,2.030838281E-1,1.081802994E-1,2.395426137E-1
6.653773917E0,6.517938524E-2,2.113581747E-1,9.180670232E-2,2.394767230E-1
6.663789917E0,6.431598961E-2,2.186307460E-1,7.374114543E-2,2.395280905E-1
6.673805917E0,6.007949635E-2,2.253638357E-1,5.420594662E-2,2.394508070E-1
6.683821917E0,5.879159272E-2,2.308222502E-1,3.737343848E-2,2.411060690E-1
6.693837917E0,5.957947671E-2,2.320922911E-1,1.863020658E-2,2.403406546E-1
6.703852917E0,5.928093940E-2,2.370651960E-1,3.406810574E-4,2.443649996E-1
6.713868917E0,6.200105697E-2,2.428907454E-1,-1.902679354E-2,2.514002071E-1
6.723884917E0,5.930300802E-2,2.485733926E-1,-3.855122626E-2,2.584410481E-1
6.733900917E0,6.306879967E-2,2.522726059E-1,-5.246498436E-2,2.652766778E-1
6.743916917E0,6.483873725E-2,2.518843412E-1,-6.682793796E-2,2.685437702E-1
6.753932917E0,6.603556126E-2,2.552364469E-1,-8.405885845E-2,2.767168785E-1
6.763948917E0,7.057811320E-2,2.541104555E-1,-9.829132259E-2,2.814508443E-1
6.773963917E0,7.490412146E-2,2.558283508E-1,-1.075118929E-1,2.874327393E-1
6.783979917E0,8.107147366E-2,2.583442330E-1,-1.208916157E-1,2.965284292E-1
6.793995917E0,8.522174507E-2,2.604516149E-1,-1.279255450E-1,3.024280651E-1
6.804011917E0,9.013847262E-2,2.624132931E-1,-1.349578947E-1,3.085438607E-1
6.814027917E0,9.366109967E-2,2.611555755E-1,-1.396161467E-1,3.105918618E-1
6.824043917E0,1.008265987E-1,2.597193122E-1,-1.445730925E-1,3.138813521E-1
6.834059917E0,1.031362265E-1,2.586160600E-1,-1.462756842E-1,3.145090198E-1
6.844074917E0,1.071650609E-1,2.566027045E-1,-1.471100599E-1,3.145960393E-1
6.854090917E0,1.078681797E-1,2.583481073E-1,-1.466208100E-1,3.160331481E-1
6.864106917E0,1.145119667E-1,2.530673444E-1,-1.434313953E-1,3.126157969E-1
6.874122917E0,1.177992448E-1,2.516431510E-1,-1.351703107E-1,3.089853564E-1
6.884138917E0,1.188727692E-1,2.505808175E-1,-1.281624734E-1,3.055275780E-1
6.894154917E0,1.217635795E-1,2.483960092E-1,-1.185277253E-1,3.009580841E-1
6.904170917E0,1.211648956E-1,2.421894968E-1,-1.052425429E-1,2.905385983E-1
6.914185917E0,1.217376739E-1,2.353190780E-1,-9.307356179E-2,2.808163414E-1
6.924201917E0,1.207171530E-1,2.354929745E-1,-8.204008639E-2,2.770562178E-1
6.934217917E0,1.168236136E-1,2.279231250E-1,-6.637199968E-2,2.645788162E-1
6.944233917E0,1.098085791E-1,2.239411771E-1,-5.061326921E-2,2.544980901E-1
6.954249917E0,1.052033305E-1,2.172973007E-1,-3.184855729E-2,2.435162997E-1
6.964265917E0,1.008242890E-1,2.138743401E-1,-1.479047537E-2,2.369103813E-1
6.974281917E0,9.502545744E-2,2.045186758E-1,3.202036954E-3,2.255393078E-1
6.984296917E0,8.404470980E-2,1.990248263E-1,2.000471950E-2,2.169667798E-1
6.994312917E0,7.500161231E-2,1.913625598E-1,4.122143611E-2,2.096284283E-1
7.004328917E0,6.671332568E-2,1.833909154E-1,5.663261563E-2,2.031997757E-1
7.014344917E0,5.608612299E-2,1.749018580E-1,7.637373358E-2,1.989202360E-1
7.024360917E0,4.708330706E-2,1.628960669E-1,9.432530403E-2,1.940340934E-1
7.034376917E0,3.213150799E-2,1.554476321E-1,1.116189510E-1,1.940494533E-1
7.044392917E0,1.852408610E-2,1.446016431E-1,1.268266588E-1,1.932298588E-1
7.054407917E0,9.426282719E-3,1.348612309E-1,1.441997141E-1,1.976612353E-1
7.064423917E0,-1.171767479E-3,1.229853928E-1,1.597033143E-1,2.015736304E-1
7.074439917E0,-1.543925796E-2,1.113086790E-1,1.745683104E-1,2.076104229E-1
7.084455917E0,-2.513342910E-2,1.017420739E-1,1.862545311E-1,2.137145040E-1
7.094471917E0,-3.752099350E-2,8.499948680E-2,1.961540878E-1,2.170464555E-1
7.104487917E0,-4.571980238E-2,7.484751940E-2,2.064948827E-1,2.243492547E-1
7.114503917E0,-5.801565945E-2,6.117877364E-2,2.160664201E-1,2.319339496E-1
7.124518917E0,-6.652072817E-2,4.865792394E-2,2.230686694E-1,2.378071322E-1
7.134534917E0,-7.368174195E-2,3.481974453E-2,2.282262444E-1,2.423399108E-1
7.144550917E0,-7.972098887E-2,1.891347952E-2,2.300497144E-1,2.442048871E-1
7.154566917E0,-8.639441431E-2,4.981745034E-3,2.366482168E-1,2.519745843E-1
7.164582917E0,-9.053429961E-2,-9.007839486E-3,2.339680046E-1,2.510351126E-1
7.174598917E0,-9.385749698E-2,-2.132677846E-2,2.310589850E-1,2.503044462E-1
7.184614917E0,-9.561731666E-2,-3.559812531E-2,2.277721018E-1,2.495797029E-1
7.194630917E0,-9.596897662E-2,-5.097034574E-2,2.230686545E-1,2.481282839E-1
7.204645917E0,-9.657751024E-2,-6.525713950E-2,2.200243920E-1,2.489908489E-1
7.214661917E0,-9.708625078E-2,-7.920250297E-2,2.073673904E-1,2.422808518E-1
7.224677917E0,-9.639436007E-2,-9.483632445E-2,1.959661394E-1,2.380935297E-1
7.234693917E0,-9.185723960E-2,-1.074352711E-1,1.845958382E-1,2.324988461E-1
7.244709917E0,-8.977465332E-2,-1.231282130E-1,1.699822843E-1,2.282849583E-1
7.254725917E0,-8.587755263E-2,-1.341675967E-1,1.502930522E-1,2.190066200E-1
7.264741917E0,-8.160264045E-2,-1.490549445E-1,1.325950176E-1,2.155407295E-1
7.274756917E0,-7.766109705E-2,-1.613942981E-1,1.115512103E-1,2.110048292E-1
7.284772917E0,-7.064393908E-2,-1.744264811E-1,9.311094880E-2,2.099638355E-1
7.294788917E0,-6.681799889E-2,-1.888146400E-1,7.063078135E-2,2.123777779E-1
7.304804917E0,-6.313644350E-2,-1.971383542E-1,4.541357234E-2,2.119248304E-1
7.314820917E0,-5.289765075E-2,-2.119161189E-1,2.004203200E-2,2.193360115E-1
7.324836917E0,-5.273253471E-2,-2.212944478E-1,-3.298711497E-3,2.275144706E-1
7.334852917E0,-4.696535319E-2,-2.345434427E-1,-3.251699731E-2,2.413995154E-1
7.344868917E0,-4.379619285E-2,-2.446006089E-1,-5.669983104E-2,2.548772945E-1
7.354883917E0,-4.198250547E-2,-2.537320852E-1,-8.391220123E-2,2.705249699E-1
7.364899917E0,-3.767856956E-2,-2.622006536E-1,-1.129007116E-1,2.879503916E-1
7.374915917E0,-3.699483350E-2,-2.712477744E-1,-1.369847506E-1,3.061189225E-1
7.384931917E0,-3.887582198E-2,-2.769280374E-1,-1.652408838E-1,3.248153585E-1
7.394947917E0,-3.796167672E-2,-2.862826884E-1,-1.908949614E-1,3.461787874E-1
7.404963917E0,-3.956490010E-2,-2.946338058E-1,-2.151273340E-1,3.669526272E-1
7.414979917E0,-4.102224484E-2,-2.983298302E-1,-2.407516241E-1,3.855448828E-1
7.424994917E0,-4.714218900E-2,-3.036401868E-1,-2.617333233E-1,4.036385531E-1
7.435010917E0,-5.120004714E-2,-3.077596128E-1,-2.840618789E-1,4.219343256E-1
7.445026917E0,-5.799163878E-2,-3.084813356E-1,-3.041919172E-1,4.371000882E-1
7.455042917E0,-6.095486507E-2,-3.115154803E-1,-3.172290921E-1,4.487668514E-1
7.465058917E0,-7.155904174E-2,-3.122443855E-1,-3.340173960E-1,4.628011166E-1
7.475074917E0,-7.741995156E-2,-3.144945800E-1,-3.487437963E-1,4.759442460E-1
7.485090917E0,-8.225491643E-2,-3.168421388E-1,-3.586488962E-1,4.855757850E-1
7.495105917E0,-9.193787724E-2,-3.142599463E-1,-3.662710786E-1,4.912905354E-1
7.505121917E0,-9.740295261E-2,-3.136362433E-1,-3.747873306E-1,4.983177415E-1
7.515137917E0,-1.063534096E-1,-3.086090684E-1,-3.722958565E-1,4.951311034E-1
7.525153917E0,-1.115178168E-1,-3.058117032E-1,-3.752405047E-1,4.967519076E-1
7.535169917E0,-1.156734228E-1,-3.025294840E-1,-3.676805198E-1,4.899932592E-1
7.545185917E0,-1.246482804E-1,-2.970569730E-1,-3.656322658E-1,4.873058514E-1
7.555201917E0,-1.290882975E-1,-2.910481989E-1,-3.575179875E-1,4.787399649E-1
7.565217917E0,-1.319964677E-1,-2.839974761E-1,-3.461888731E-1,4.668237031E-1
7.575232917E0,-1.356683075E-1,-2.779869437E-1,-3.345773816E-1,4.556584849E-1
7.585248917E0,-1.383128315E-1,-2.679407001E-1,-3.173336983E-1,4.377480259E-1
7.595264917E0,-1.360568553E-1,-2.588277459E-1,-3.014935553E-1,4.200019450E-1
7.605280917E0,-1.350672245E-1,-2.483364791E-1,-2.823832333E-1,3.995678321E-1
7.615296917E0,-1.364961565E-1,-2.342440337E-1,-2.620311975E-1,3.770435207E-1
7.625312917E0,-1.345456690E-1,-2.246420085E-1,-2.391242832E-1,3.546082230E-1
7.635328917E0,-1.258789450E-1,-2.124837339E-1,-2.155114859E-1,3.277804853E-1
7.645344167E0,-1.179959923E-1,-2.001780570E-1,-1.898830831E-1,3.000831450E-1
7.655360167E0,-1.107903942E-1,-1.885912418E-1,-1.655922979E-1,2.743391643E-1
7.665376167E0,-1.027569696E-1,-1.730839163E-1,-1.400664300E-1,2.452256954E-1
7.675392167E0,-9.343886375E-2,-1.600503922E-1,-1.119868457E-1,2.165363778E-1
7.685408167E0,-8.230338991E-2,-1.466520280E-1,-8.148379624E-2,1.868696721E-1
7.695424167E0,-7.206955552E-2,-1.304185390E-1,-5.897929519E-2,1.602547142E-1
7.705440167E0,-6.099320203E-2,-1.145580858E-1,-2.878304571E-2,1.329367874E-1
7.715456167E0,-4.694621637E-2,-1.008254141E-1,-2.328042174E-3,1.112435667E-1
7.725471167E0,-3.764912114E-2,-8.551517129E-2,2.740295418E-2,9.737157049E-2
7.735487167E0,-1.725677773E-2,-6.765080988E-2,5.327970162E-2,8.782456980E-2
7.745503167E0,-8.700842038E-3,-5.027953908E-2,8.229111880E-2,9.682750093E-2
7.755519167E0,6.203817669E-3,-3.420377895E-2,1.069702208E-1,1.124767264E-1
7.765535167E0,2.075399831E-2,-2.096813545E-2,1.303708851E-1,1.336673440E-1
7.775551167E0,3.169746324E-2,-5.257882178E-3,1.560203284E-1,1.592944361E-1
7.785567167E0,4.547665641E-2,1.080124639E-2,1.765775234E-1,1.826592865E-1
7.795583167E0,5.868469179E-2,2.959686890E-2,2.017232925E-1,2.121606807E-1
7.805598167E0,6.885769963E-2,4.700249061E-2,2.177493870E-1,2.331639176E-1
7.815614167E0,7.717130333E-2,6.156770885E-2,2.349098772E-1,2.548109951E-1
7.825630167E0,8.773180097E-2,7.745745778E-2,2.497585863E-1,2.758185601E-1
7.835646167E0,9.133537859E-2,8.875083178E-2,2.649871111E-1,2.940017527E-1
7.845662167E0,1.011842787E-1,1.017941982E-1,2.787532508E-1,3.135341957E-1
7.855678167E0,1.079504788E-1,1.167722419E-1,2.878051400E-1,3.288173672E-1
7.865694167E0,1.105872765E-1,1.334276646E-1,2.955589294E-1,3.426186921E-1
7.875709167E0,1.123268157E-1,1.459539980E-1,3.010414541E-1,3.529105271E-1
7.885725167E0,1.165652350E-1,1.553703994E-1,3.059227765E-1,3.623757168E-1
7.895741167E0,1.148271486E-1,1.683191508E-1,3.086720407E-1,3.698581340E-1
7.905757167E0,1.165294424E-1,1.771323532E-1,3.089194298E-1,3.746814588E-1
7.915773167E0,1.141590476E-1,1.877344698E-1,3.049232364E-1,3.758386614E-1
7.925789167E0,1.139614359E-1,2.000800818E-1,3.013628721E-1,3.792608979E-1
7.935805167E0,1.104748771E-1,2.097971439E-1,2.969516516E-1,3.799997677E-1
7.945821167E0,1.076663136E-1,2.149559557E-1,2.888923883E-1,3.758416023E-1
7.955836167E0,1.026832461E-1,2.228298783E-1,2.756575346E-1,3.690312725E-1
7.965852167E0,9.809675068E-2,2.316119075E-1,2.642339170E-1,3.648103769E-1
7.975868167E0,9.066857398E-2,2.377064675E-1,2.482057512E-1,3.554310762E-1
7.985884167E0,9.075965732E-2,2.408814877E-1,2.335458398E-1,3.475699438E-1
7.995900167E0,8.364129812E-2,2.500466108E-1,2.150005251E-1,3.402122869E-1
8.005916167E0,8.079464734E-2,2.529883385E-1,1.962598562E-1,3.302253861E-1
8.015932167E0,7.411599904E-2,2.561332881E-1,1.758981794E-1,3.194332671E-1
8.025948167E0,7.125975937E-2,2.614409626E-1,1.559452415E-1,3.126471630E-1
8.035963167E0,6.901614368E-2,2.638008893E-1,1.322156191E-1,3.030430781E-1
8.045979167E0,6.441446394E-2,2.655990422E-1,1.074716449E-1,2.936702723E-1
8.055995167E0,6.430318952E-2,2.674826682E-1,8.627424389E-2,2.883142784E-1
8.066011167E0,5.861467868E-2,2.658972740E-1,5.970735103E-2,2.787508003E-1
8.076027167E0,6.104464829E-2,2.677473128E-1,3.827055916E-2,2.772719032E-1
8.086043167E0,6.047952548E-2,2.682573199E-1,1.350795571E-2,2.753220434E-1
8.096059167E0,6.166862324E-2,2.683150768E-1,-1.108853891E-2,2.755339457E-1
8.106075167E0,6.435655057E-2,2.663773596E-1,-3.405830264E-2,2.761496538E-1
8.116090167E0,6.652179360E-2,2.647766471E-1,-5.486777797E-2,2.784641717E-1
8.126106167E0,7.224598527E-2,2.637284398E-1,-7.552937418E-2,2.836844351E-1
8.136122167E0,7.742603123E-2,2.589749992E-1,-9.482771903E-2,2.864526781E-1
8.146138167E0,7.671576738E-2,2.570218146E-1,-1.112945750E-1,2.903997324E-1
8.156154167E0,8.282230794E-2,2.543436587E-1,-1.291941553E-1,2.970544751E-1
8.166170167E0,8.910124004E-2,2.489755452E-1,-1.431102306E-1,3.006798815E-1
8.176186167E0,9.372765571E-2,2.460207939E-1,-1.549487561E-1,3.054835863E-1
8.186202167E0,9.940338880E-2,2.386851013E-1,-1.629675329E-1,3.056305417E-1
8.196217167E0,1.055407673E-1,2.348476797E-1,-1.734848619E-1,3.104662357E-1
8.206233167E0,1.090699881E-1,2.311610729E-1,-1.796929538E-1,3.124440135E-1
8.216249167E0,1.115124226E-1,2.273234278E-1,-1.852490753E-1,3.137326587E-1
8.226265167E0,1.185431629E-1,2.169083357E-1,-1.839883327E-1,3.081451187E-1
8.236281167E0,1.168081537E-1,2.137905657E-1,-1.862847358E-1,3.066798878E-1
8.246297167E0,1.165455654E-1,2.064024359E-1,-1.816545576E-1,2.986355850E-1
8.256313167E0,1.214575842E-1,1.973815858E-1,-1.770684719E-1,2.916584971E-1
8.266329167E0,1.222911477E-1,1.933397055E-1,-1.715562493E-1,2.859491444E-1
8.276344167E0,1.222737134E-1,1.882249117E-1,-1.592056006E-1,2.751833963E-1
8.286360167E0,1.196542308E-1,1.795856059E-1,-1.510597914E-1,2.634144745E-1
8.296376167E0,1.142010540E-1,1.683227569E-1,-1.388619244E-1,2.462865511E-1
8.306392167E0,1.090150774E-1,1.588389724E-1,-1.266023368E-1,2.305260461E-1
8.316408167E0,1.012580246E-1,1.529660523E-1,-1.116365790E-1,2.147429311E-1
8.326424167E0,9.368878603E-2,1.402356178E-1,-9.428821504E-2,1.932197832E-1
8.336440167E0,8.702550083E-2,1.303887367E-1,-7.868624479E-2,1.754029235E-1
8.346456167E0,7.569907606E-2,1.232908890E-1,-6.122389436E-2,1.570966539E-1
8.356472167E0,6.726887822E-2,1.141249463E-1,-4.265216738E-2,1.391718820E-1
8.366487167E0,5.616749078E-2,1.010461599E-1,-2.539168485E-2,1.183632168E-1
8.376503167E0,4.220478609E-2,8.635282516E-2,-5.822708365E-3,9.629100849E-2
8.386519167E0,3.280169517E-2,7.628634572E-2,1.633825339E-2,8.463153238E-2
8.396535167E0,1.892267168E-2,7.039528340E-2,3.485565260E-2,8.079900956E-2
8.406551167E0,6.337904371E-3,5.968911201E-2,5.331987888E-2,8.028678974E-2
8.416567167E0,-6.459230557E-3,4.651144892E-2,7.214212418E-2,8.607858398E-2
8.426583167E0,-1.878274232E-2,3.528169543E-2,9.200531244E-2,1.003123470E-1
8.436599167E0,-3.187367320E-2,2.171390876E-2,1.061925590E-1,1.129791329E-1
8.446614167E0,-3.968685493E-2,7.530978881E-3,1.248243004E-1,1.311978204E-1
8.456630167E0,-5.364695191E-2,-2.104300074E-3,1.411766410E-1,1.510406154E-1
8.466646167E0,-6.646580994E-2,-1.165519468E-2,1.546484977E-1,1.687296811E-1
8.476662167E0,-7.525678724E-2,-2.145848051E-2,1.701051295E-1,1.872426380E-1
8.486678167E0,-8.318688720E-2,-3.912402689E-2,1.828989536E-1,2.047016729E-1
8.496694167E0,-9.123953432E-2,-5.093751475E-2,1.921124011E-1,2.186926101E-1
8.506710167E0,-9.881702811E-2,-6.287593395E-2,2.006502301E-1,2.323331723E-1
8.516726167E0,-1.042155027E-1,-7.458879799E-2,2.074343562E-1,2.438306214E-1
8.526741167E0,-1.086091921E-1,-8.698768169E-2,2.119550705E-1,2.535503210E-1
8.536757167E0,-1.117292792E-1,-9.448183328E-2,2.151267380E-1,2.601725620E-1
8.546773167E0,-1.142446399E-1,-1.089047194E-1,2.176242471E-1,2.688352443E-1
8.556789167E0,-1.146989539E-1,-1.208524704E-1,2.188114524E-1,2.750265830E-1
8.566805167E0,-1.149719283E-1,-1.343730688E-1,2.152049989E-1,2.785459701E-1
8.576821167E0,-1.143122241E-1,-1.425019950E-1,2.107004374E-1,2.788705389E-1
8.586837167E0,-1.093006879E-1,-1.541069746E-1,2.030806094E-1,2.773757991E-1
8.596853167E0,-1.060930490E-1,-1.648325324E-1,1.972071677E-1,2.780578462E-1
8.606869167E0,-1.048655957E-1,-1.752122045E-1,1.852373183E-1,2.756972503E-1
8.616884167E0,-9.930211306E-2,-1.857743561E-1,1.723658293E-1,2.721819248E-1
8.626900167E0,-9.124951810E-2,-1.959393770E-1,1.587032825E-1,2.681519082E-1
8.636916167E0,-8.748993278E-2,-2.073947042E-1,1.405522525E-1,2.653714140E-1
8.646931917E0,-8.169861883E-2,-2.163857967E-1,1.221636534E-1,2.615749138E-1
8.656947917E0,-7.634783536E-2,-2.230810970E-1,9.999159724E-2,2.561103030E-1
8.666963917E0,-7.003267854E-2,-2.328125536E-1,7.974358648E-2,2.558618783E-1
8.676979917E0,-6.801494956E-2,-2.405403256E-1,5.519779027E-2,2.559931204E-1
8.686995917E0,-6.503753364E-2,-2.479705513E-1,3.232469782E-2,2.583876180E-1
8.697011917E0,-6.183242425E-2,-2.561714649E-1,8.178883232E-3,2.636550061E-1
8.707026917E0,-5.417130888E-2,-2.626642585E-1,-1.984449476E-2,2.689253565E-1
8.717042917E0,-5.135634542E-2,-2.686262727E-1,-4.673842713E-2,2.774563554E-1
8.727058917E0,-5.121892691E-2,-2.745512724E-1,-7.277855277E-2,2.886147907E-1
8.737074917E0,-5.202561617E-2,-2.789039612E-1,-1.011933908E-1,3.012211590E-1
8.747090917E0,-5.052679032E-2,-2.867056727E-1,-1.276127547E-1,3.178649312E-1
8.757106917E0,-5.281219259E-2,-2.878149450E-1,-1.545042396E-1,3.309050170E-1
8.767122917E0,-5.503406748E-2,-2.869707346E-1,-1.829177737E-1,3.447315812E-1
8.777138917E0,-5.896049738E-2,-2.921966910E-1,-2.043369412E-1,3.613984395E-1
8.787153917E0,-6.163031608E-2,-2.949152589E-1,-2.302380353E-1,3.791871025E-1
8.797169917E0,-6.603530794E-2,-2.969325483E-1,-2.480522096E-1,3.925041386E-1
8.807185917E0,-7.337790728E-2,-2.938792408E-1,-2.692142427E-1,4.052476205E-1
8.817201917E0,-7.667317986E-2,-2.945114076E-1,-2.876905799E-1,4.187858826E-1
8.827217917E0,-8.230709285E-2,-2.946687937E-1,-3.056296110E-1,4.324507077E-1
8.837233917E0,-8.739732206E-2,-2.910530865E-1,-3.213493526E-1,4.422845210E-1
8.847249917E0,-9.828938544E-2,-2.867235839E-1,-3.346265256E-1,4.514932209E-1
8.857265917E0,-1.066551432E-1,-2.829694748E-1,-3.427275121E-1,4.570658495E-1
8.867281917E0,-1.070676669E-1,-2.818275094E-1,-3.498935401E-1,4.618611477E-1
8.877296917E0,-1.156072766E-1,-2.745288908E-1,-3.560139239E-1,4.641950757E-1
8.887312917E0,-1.208249480E-1,-2.695122957E-1,-3.548349440E-1,4.616745424E-1
8.897328917E0,-1.261084825E-1,-2.591464221E-1,-3.566068411E-1,4.585069864E-1
8.907344917E0,-1.279615015E-1,-2.523830533E-1,-3.530302048E-1,4.524396943E-1
8.917360917E0,-1.296497136E-1,-2.474069446E-1,-3.484993279E-1,4.466217931E-1
8.927376917E0,-1.316433549E-1,-2.360613346E-1,-3.412059844E-1,4.352889274E-1
8.937392917E0,-1.331240982E-1,-2.235382050E-1,-3.319927156E-1,4.217944023E-1
8.947408917E0,-1.322647035E-1,-2.128932923E-1,-3.194670677E-1,4.060501361E-1
8.957423917E0,-1.293784380E-1,-2.038416862E-1,-3.042676151E-1,3.884185820E-1
8.967439917E0,-1.248119101E-1,-1.898507774E-1,-2.896995842E-1,3.681673257E-1
8.977455917E0,-1.212271303E-1,-1.771629006E-1,-2.698122263E-1,3.447917457E-1
8.987471917E0,-1.175796688E-1,-1.643115431E-1,-2.503019273E-1,3.216742398E-1
8.997487917E0,-1.098549515E-1,-1.498838365E-1,-2.280831933E-1,2.942026816E-1
9.007503917E0,-9.984119236E-2,-1.389268041E-1,-2.043155432E-1,2.664840741E-1
9.017519917E0,-8.894435316E-2,-1.220664605E-1,-1.812596023E-1,2.359371997E-1
9.027535917E0,-7.910583913E-2,-1.051993296E-1,-1.569694430E-1,2.048512601E-1
9.037551917E0,-6.841666251E-2,-8.930307627E-2,-1.303214133E-1,1.721614065E-1
9.047567917E0,-5.391894281E-2,-7.367165387E-2,-1.059119478E-1,1.398288442E-1
9.057582917E0,-4.346213117E-2,-5.803299323E-2,-7.902849466E-2,1.072487208E-1
9.067598917E0,-2.989252657E-2,-4.258346185E-2,-5.114279687E-2,7.295546614E-2
9.077614917E0,-1.777764410E-2,-2.608938888E-2,-2.673738077E-2,4.137134724E-2
9.087630917E0,-4.507644568E-3,-1.008698624E-2,4.344371147E-3,1.187180321E-2
9.097646917E0,1.406843681E-2,9.703496471E-3,3.238186240E-2,3.661507573E-2
9.107662917E0,2.332425304E-2,2.250744030E-2,6.007154658E-2,6.825830614E-2
9.117678917E0,3.796316683E-2,4.084381089E-2,8.686111122E-2,1.032195309E-1
9.127694917E0,4.827812314E-2,5.565684661E-2,1.140818149E-1,1.358054573E-1
9.137710917E0,6.299351156E-2,7.058634609E-2,1.397988349E-1,1.688026333E-1
9.147725917E0,7.520437241E-2,8.738503605E-2,1.613070667E-1,1.982720654E-1
9.157741917E0,8.531416208E-2,1.030157134E-1,1.880507320E-1,2.307678948E-1
9.167757917E0,9.444054961E-2,1.167448387E-1,2.089869082E-1,2.573400524E-1
9.177773917E0,1.013011709E-1,1.308545023E-1,2.295569181E-1,2.829862305E-1
9.187789917E0,1.089465693E-1,1.445165277E-1,2.498001456E-1,3.084712215E-1
9.197805917E0,1.155729145E-1,1.573189348E-1,2.676624954E-1,3.312847072E-1
9.207821917E0,1.202004254E-1,1.702278107E-1,2.794496417E-1,3.485939645E-1
9.217837917E0,1.255660504E-1,1.837121248E-1,2.959873080E-1,3.703045562E-1
9.227853917E0,1.253641844E-1,1.915199757E-1,3.121963739E-1,3.871209833E-1
9.237868917E0,1.273379326E-1,2.057650387E-1,3.181285262E-1,3.996998367E-1
9.247884917E0,1.262891889E-1,2.168363333E-1,3.258740604E-1,4.112916944E-1
9.257900917E0,1.249164492E-1,2.244321257E-1,3.303453922E-1,4.184518807E-1
9.267916917E0,1.242639795E-1,2.333340049E-1,3.349292278E-1,4.266894445E-1
9.277932917E0,1.189552546E-1,2.417414635E-1,3.352704644E-1,4.301111160E-1
9.287948917E0,1.176226139E-1,2.490507811E-1,3.320943713E-1,4.314487714E-1
9.297964917E0,1.136313826E-1,2.548168898E-1,3.289118111E-1,4.313081473E-1
9.307980917E0,1.075796112E-1,2.605988979E-1,3.233782947E-1,4.290206054E-1
9.317996917E0,1.004853323E-1,2.661243677E-1,3.142535388E-1,4.238806056E-1
9.328011917E0,9.802936763E-2,2.709950209E-1,3.037958145E-1,4.187361403E-1
9.338027917E0,8.907031268E-2,2.749585807E-1,2.899786234E-1,4.094182992E-1
9.348043917E0,8.509580791E-2,2.749617696E-1,2.755629420E-1,3.984723407E-1
9.358059917E0,8.126050234E-2,2.813134193E-1,2.576733232E-1,3.900462160E-1
9.368075917E0,7.370086014E-2,2.809533775E-1,2.399963439E-1,3.767822477E-1
9.378091917E0,7.382255048E-2,2.836623490E-1,2.178793550E-1,3.652198112E-1
9.388107917E0,6.699047983E-2,2.841217220E-1,1.996074021E-1,3.536325667E-1
9.398123917E0,6.319522113E-2,2.830205262E-1,1.764511913E-1,3.394543815E-1
9.408139917E0,6.090356782E-2,2.799938321E-1,1.557280570E-1,3.261242376E-1
9.418155917E0,5.929287523E-2,2.831688523E-1,1.282735765E-1,3.164717277E-1
9.428170917E0,5.699403211E-2,2.813121080E-1,1.022907123E-1,3.047100452E-1
9.438186917E0,6.009842455E-2,2.735254467E-1,7.927099615E-2,2.910530560E-1
9.448202917E0,5.817561969E-2,2.724343538E-1,5.404846743E-2,2.837712401E-1
9.458218917E0,6.102355942E-2,2.707087696E-1,3.082285635E-2,2.792080966E-1
9.468234917E0,6.372107565E-2,2.609416544E-1,7.220590487E-3,2.687062698E-1
9.478250917E0,6.515396386E-2,2.589676380E-1,-1.849616505E-2,2.676777627E-1
9.488266917E0,6.711964309E-2,2.542895377E-1,-4.010532051E-2,2.660388171E-1
9.498282917E0,7.296129316E-2,2.466810346E-1,-5.947490409E-2,2.640305803E-1
9.508298917E0,7.871238887E-2,2.405110300E-1,-8.359409124E-2,2.665129786E-1
9.518314917E0,8.234147727E-2,2.350981534E-1,-9.890114516E-2,2.680162254E-1
9.528329917E0,8.615006506E-2,2.270862907E-1,-1.189566106E-1,2.704453592E-1
9.538345917E0,9.266128391E-2,2.155413330E-1,-1.333154291E-1,2.698465923E-1
9.548361917E0,9.610288590E-2,2.104728073E-1,-1.464445442E-1,2.738258056E-1
9.558377917E0,9.861177206E-2,2.011122108E-1,-1.581681669E-1,2.742035228E-1
9.568393917E0,1.011055559E-1,1.938239485E-1,-1.693803370E-1,2.765497333E-1
9.578409917E0,1.026386321E-1,1.862373054E-1,-1.759417355E-1,2.759973134E-1
9.588425917E0,1.051473320E-1,1.764784157E-1,-1.804387420E-1,2.734204313E-1
9.598441917E0,1.100301221E-1,1.626882255E-1,-1.834924966E-1,2.687816638E-1
9.608457917E0,1.097321138E-1,1.506145298E-1,-1.867988110E-1,2.638553944E-1
9.618473917E0,1.087003052E-1,1.434938014E-1,-1.855985820E-1,2.585595889E-1
9.628488917E0,1.058922708E-1,1.347959191E-1,-1.824483424E-1,2.503407887E-1
9.638504917E0,1.050864160E-1,1.221481785E-1,-1.782380790E-1,2.402751446E-1
9.648521417E0,1.004141718E-1,1.103719547E-1,-1.746720970E-1,2.297287874E-1
9.658537417E0,9.786561131E-2,9.679803252E-2,-1.677850634E-1,2.170238800E-1
9.668553417E0,8.894694597E-2,8.798030764E-2,-1.585146040E-1,2.019380435E-1
9.678569417E0,8.304874599E-2,7.477267832E-2,-1.484612375E-1,1.858192312E-1
9.688585417E0,7.582651824E-2,6.498555839E-2,-1.345273107E-1,1.675421768E-1
9.698601417E0,6.586778909E-2,5.277315527E-2,-1.264942139E-1,1.520669514E-1
9.708617417E0,5.711664259E-2,3.895081580E-2,-1.106454656E-1,1.304679883E-1
9.718633417E0,4.860208929E-2,2.500858158E-2,-9.602624923E-2,1.104926820E-1
9.728648417E0,3.709723428E-2,1.563212276E-2,-7.830823958E-2,8.804969301E-2
9.738664417E0,2.643339336E-2,4.316078499E-3,-6.377746165E-2,6.917309761E-2
9.748680417E0,1.495410223E-2,-8.075344376E-3,-4.776654020E-2,5.069988878E-2
9.758696417E0,3.352481406E-3,-1.817825064E-2,-2.949202992E-2,3.480614539E-2
9.768712417E0,-1.198546216E-2,-2.767215297E-2,-1.234819554E-2,3.258645863E-2
9.778728417E0,-2.280226164E-2,-4.153332114E-2,4.995047580E-3,4.764357670E-2
9.788744417E0,-3.396463394E-2,-5.267784745E-2,2.161450312E-2,6.630036738E-2
9.798760417E0,-4.535504431E-2,-6.604437530E-2,3.898433596E-2,8.909948374E-2
9.808776417E0,-5.534695834E-2,-7.597929239E-2,5.491376668E-2,1.088653317E-1
9.818792417E0,-6.520060450E-2,-8.482101560E-2,7.046852261E-2,1.281075181E-1
9.828807417E0,-7.502473891E-2,-9.557539225E-2,8.664056659E-2,1.492312127E-1
9.838823417E0,-8.232557029E-2,-1.085596010E-1,1.012103856E-1,1.697239778E-1
9.848839417E0,-8.779303730E-2,-1.173999608E-1,1.122334749E-1,1.846258949E-1
9.858855417E0,-9.501473606E-2,-1.282604635E-1,1.273425370E-1,2.041927234E-1
9.868871417E0,-1.045576483E-1,-1.351777613E-1,1.357709169E-1,2.182637644E-1
9.878887417E0,-1.043746993E-1,-1.461718380E-1,1.510297954E-1,2.346705844E-1
9.888903417E0,-1.084155142E-1,-1.553866416E-1,1.552274674E-1,2.449377447E-1
9.898919417E0,-1.111073196E-1,-1.623633653E-1,1.646271199E-1,2.565322347E-1
9.908935417E0,-1.106252894E-1,-1.727550179E-1,1.671552658E-1,2.646188462E-1
9.918951417E0,-1.108911857E-1,-1.776453406E-1,1.704471707E-1,2.700128888E-1
9.928966417E0,-1.106602922E-1,-1.889824122E-1,1.685208976E-1,2.763319477E-1
9.938982417E0,-1.084966213E-1,-1.958789825E-1,1.725156754E-1,2.826689776E-1
9.948998417E0,-1.069048494E-1,-2.028479427E-1,1.670410186E-1,2.836875686E-1
9.959014417E0,-1.022926345E-1,-2.098390907E-1,1.622847021E-1,2.843106604E-1
9.969030417E0,-1.020891666E-1,-2.176695764E-1,1.555266529E-1,2.863403259E-1
9.979046417E0,-9.486944228E-2,-2.255599350E-1,1.475616246E-1,2.857480156E-1
9.989062417E0,-9.078654647E-2,-2.308156788E-1,1.354311854E-1,2.825945516E-1
9.999078417E0,-8.720582724E-2,-2.357969284E-1,1.249458492E-1,2.807427879E-1
1.000909442E1,-7.931408286E-2,-2.424353808E-1,1.076986864E-1,2.768838108E-1
1.001911042E1,-7.769806683E-2,-2.465306520E-1,9.552148730E-2,2.755697852E-1
1.002912642E1,-7.677661628E-2,-2.495722473E-1,7.697443664E-2,2.722242078E-1
1.003914142E1,-6.905570626E-2,-2.559422553E-1,5.993853882E-2,2.717862341E-1
1.004915742E1,-6.679707766E-2,-2.594054341E-1,4.175394401E-2,2.711022329E-1
1.005917342E1,-6.110423803E-2,-2.608861327E-1,1.734414324E-2,2.685072093E-1
1.006918942E1,-6.519778818E-2,-2.639602423E-1,-2.882031258E-3,2.719081962E-1
1.007920542E1,-6.015976518E-2,-2.696386576E-1,-2.601715736E-2,2.774907124E-1
1.008922142E1,-5.905055627E-2,-2.709777057E-1,-4.884950444E-2,2.816063907E-1
1.009923742E1,-6.168768927E-2,-2.705167234E-1,-6.899891794E-2,2.859117334E-1
1.010925342E1,-6.113614887E-2,-2.719473541E-1,-9.109436721E-2,2.932425205E-1
1.011926942E1,-6.204608083E-2,-2.708346844E-1,-1.157659590E-1,3.010031556E-1
1.012928542E1,-6.697000563E-2,-2.724554837E-1,-1.355082244E-1,3.115757550E-1
1.013930142E1,-6.903071702E-2,-2.703094482E-1,-1.548822373E-1,3.190939441E-1
1.014931642E1,-7.214501500E-2,-2.690681219E-1,-1.755912453E-1,3.292944622E-1
1.015933242E1,-7.797775418E-2,-2.653137743E-1,-1.929629147E-1,3.372041154E-1
1.016934842E1,-8.021374792E-2,-2.641020417E-1,-2.133874893E-1,3.488815765E-1
1.017936442E1,-8.573533595E-2,-2.578036487E-1,-2.290255576E-1,3.553392396E-1
1.018938042E1,-9.307260811E-2,-2.529260814E-1,-2.424114048E-1,3.624877960E-1
1.019939642E1,-9.328129888E-2,-2.485337704E-1,-2.549631000E-1,3.680714851E-1
1.020941242E1,-9.977301955E-2,-2.418726683E-1,-2.659989595E-1,3.731118995E-1
1.021942842E1,-1.041749567E-1,-2.349657714E-1,-2.740310431E-1,3.757051343E-1
1.022944442E1,-1.075246781E-1,-2.271975875E-1,-2.833081782E-1,3.787397840E-1
1.023946042E1,-1.069581211E-1,-2.201759666E-1,-2.879401445E-1,3.779246258E-1
1.024947642E1,-1.115531400E-1,-2.128437459E-1,-2.910768092E-1,3.774549934E-1
1.025949142E1,-1.140925735E-1,-2.024127394E-1,-2.921310961E-1,3.732674775E-1
1.026950742E1,-1.147722080E-1,-1.918855309E-1,-2.920903563E-1,3.678443869E-1
1.027952342E1,-1.096015275E-1,-1.799887568E-1,-2.880291939E-1,3.568883073E-1
1.028953942E1,-1.116087511E-1,-1.704184264E-1,-2.836373746E-1,3.492121328E-1
1.029955542E1,-1.086253747E-1,-1.566303819E-1,-2.795710266E-1,3.383674149E-1
1.030957142E1,-1.057534218E-1,-1.460600346E-1,-2.704630196E-1,3.250654779E-1
1.031958742E1,-1.005991325E-1,-1.311410964E-1,-2.597756982E-1,3.078986619E-1
1.032960342E1,-9.577215463E-2,-1.172822788E-1,-2.476838827E-1,2.903011269E-1
1.033961942E1,-9.080632031E-2,-1.033811569E-1,-2.352449894E-1,2.725319366E-1
1.034963542E1,-8.111454546E-2,-8.920329064E-2,-2.196215540E-1,2.505402633E-1
1.035965142E1,-7.271493971E-2,-7.487045228E-2,-2.021152079E-1,2.274722057E-1
1.036966742E1,-6.498032063E-2,-5.967631564E-2,-1.863242686E-1,2.061563430E-1
1.037968242E1,-5.422385409E-2,-4.713742808E-2,-1.646527648E-1,1.796460309E-1
1.038969842E1,-4.344391078E-2,-2.913312614E-2,-1.457003802E-1,1.548054043E-1
1.039971442E1,-3.257055208E-2,-1.198049448E-2,-1.247657761E-1,1.295024015E-1
1.040973042E1,-2.244068682E-2,4.291420802E-3,-1.044328138E-1,1.069028219E-1
1.041974642E1,-7.715109270E-3,1.823232695E-2,-8.255501091E-2,8.489564467E-2
1.042976242E1,2.985471860E-3,3.324003890E-2,-5.560195446E-2,6.484898278E-2
1.043977842E1,1.569679007E-2,4.818046466E-2,-3.231694922E-2,6.010101164E-2
1.044979442E1,2.516033314E-2,6.359457970E-2,-6.840351038E-3,6.873211282E-2
1.045981042E1,4.126777127E-2,8.205329627E-2,1.535939891E-2,9.312187449E-2
1.046982642E1,5.267702043E-2,9.649401903E-2,4.109192640E-2,1.173648610E-1
1.047984242E1,6.153820455E-2,1.107042134E-1,6.594100595E-2,1.427956223E-1
1.048985842E1,7.225316763E-2,1.224548817E-1,8.582603186E-2,1.660777710E-1
1.049987342E1,8.124697953E-2,1.379312724E-1,1.124968231E-1,1.956569518E-1
1.050988942E1,9.108735621E-2,1.490560919E-1,1.353118569E-1,2.209613622E-1
1.051990542E1,9.672883898E-2,1.650532633E-1,1.584016383E-1,2.483749726E-1
1.052992142E1,1.073077172E-1,1.750379801E-1,1.795908064E-1,2.727748126E-1
1.053993742E1,1.105863377E-1,1.895179749E-1,1.977225691E-1,2.953652234E-1
1.054995342E1,1.168282554E-1,1.964230239E-1,2.165782899E-1,3.148602884E-1
1.055996942E1,1.191766784E-1,2.085322589E-1,2.313198149E-1,3.334631020E-1
1.056998542E1,1.221538261E-1,2.192498893E-1,2.521635890E-1,3.557787891E-1
1.058000142E1,1.215351745E-1,2.291160971E-1,2.659198940E-1,3.714544045E-1
1.059001742E1,1.260351241E-1,2.404270917E-1,2.786247730E-1,3.890010322E-1
1.060003342E1,1.236645356E-1,2.456201166E-1,2.911361456E-1,4.004777326E-1
1.061004942E1,1.215542406E-1,2.509233057E-1,2.986798286E-1,4.085921913E-1
1.062006542E1,1.207492724E-1,2.583072782E-1,3.063575923E-1,4.185188301E-1
1.063008042E1,1.152320057E-1,2.656906247E-1,3.092830777E-1,4.237050216E-1
1.064009642E1,1.114941984E-1,2.731671333E-1,3.123425841E-1,4.296616446E-1
1.065011204E1,1.061489657E-1,2.768271565E-1,3.126767874E-1,4.308916927E-1
1.066012804E1,1.011655033E-1,2.829348147E-1,3.098277152E-1,4.316014151E-1
1.067014404E1,9.396751225E-2,2.849825323E-1,3.075501919E-1,4.296883261E-1
1.068016004E1,9.242314845E-2,2.862337828E-1,3.033117056E-1,4.271648482E-1
1.069017604E1,8.675833791E-2,2.861477733E-1,2.927445471E-1,4.184577962E-1
1.070019204E1,8.000196517E-2,2.885213494E-1,2.865934372E-1,4.144643311E-1
1.071020804E1,7.374619693E-2,2.928271592E-1,2.764633000E-1,4.094120210E-1
1.072022404E1,6.774266809E-2,2.905597687E-1,2.614130378E-1,3.966747088E-1
1.073024004E1,6.484222412E-2,2.864542007E-1,2.442905158E-1,3.820188205E-1
1.074025604E1,5.932873487E-2,2.896928787E-1,2.269219458E-1,3.727404355E-1
1.075027204E1,5.609272793E-2,2.876052260E-1,2.122628391E-1,3.618268550E-1
1.076028704E1,5.618306249E-2,2.863447666E-1,1.918592751E-1,3.492274951E-1
1.077030304E1,5.508584157E-2,2.799853981E-1,1.722357720E-1,3.333038167E-1
1.078031904E1,4.979413748E-2,2.749885023E-1,1.527701914E-1,3.184915445E-1
1.079033504E1,4.868439957E-2,2.726664841E-1,1.294989586E-1,3.057567049E-1
1.080035104E1,5.192269385E-2,2.639231086E-1,1.106799990E-1,2.908632592E-1
1.081036704E1,5.307131633E-2,2.559745908E-1,8.884234726E-2,2.761023694E-1
1.082038304E1,5.224537104E-2,2.544937432E-1,6.698699296E-2,2.682981575E-1
1.083039904E1,5.537911132E-2,2.432375997E-1,4.352613539E-2,2.532309230E-1
1.084041504E1,5.658615753E-2,2.331529260E-1,2.435655706E-2,2.411545604E-1
1.085043104E1,5.790548772E-2,2.266350985E-1,3.653942840E-3,2.339441486E-1
1.086044704E1,6.028678268E-2,2.182584554E-1,-1.480422448E-2,2.269149942E-1
1.087046304E1,6.534305960E-2,2.081674635E-1,-3.277124092E-2,2.206294689E-1
1.088047904E1,7.013850659E-2,1.989394128E-1,-5.046907812E-2,2.168949698E-1
1.089049404E1,6.915793568E-2,1.879448146E-1,-6.850240380E-2,2.116569222E-1
1.090051004E1,7.429953665E-2,1.735405177E-1,-8.385705948E-2,2.065641277E-1
1.091052604E1,7.912438363E-2,1.630130410E-1,-9.889326990E-2,2.064310986E-1
1.092054204E1,8.219218999E-2,1.543618143E-1,-1.106130853E-1,2.069260265E-1
1.093055804E1,7.821528614E-2,1.440194249E-1,-1.213975474E-1,2.039524216E-1
1.094057404E1,8.149757981E-2,1.269304901E-1,-1.306091845E-1,1.995293560E-1
1.095059004E1,8.078811318E-2,1.141057760E-1,-1.399219930E-1,1.978004334E-1
1.096060604E1,8.181758225E-2,1.037810519E-1,-1.464556605E-1,1.972660234E-1
1.097062204E1,8.126844466E-2,8.973234892E-2,-1.542017311E-1,1.960475157E-1
1.098063804E1,7.888278365E-2,8.182165772E-2,-1.563085020E-1,1.932605107E-1
1.099065404E1,7.931847870E-2,6.612605602E-2,-1.604292095E-1,1.907920533E-1
1.100067004E1,7.520218194E-2,4.984301329E-2,-1.633209288E-1,1.865835468E-1
1.101068604E1,6.712108850E-2,3.478709981E-2,-1.630442291E-1,1.797186788E-1
1.102070204E1,6.487380713E-2,2.255594730E-2,-1.595935225E-1,1.737454289E-1
1.103071704E1,5.791337416E-2,9.280621074E-3,-1.548629552E-1,1.655977770E-1
1.104073304E1,5.486410856E-2,-5.121193826E-4,-1.508761644E-1,1.605426724E-1
1.105074904E1,4.662348703E-2,-1.478959247E-2,-1.477235258E-1,1.556108018E-1
1.106076504E1,3.675775230E-2,-3.155408427E-2,-1.409932673E-1,1.490835135E-1
1.107078104E1,2.836107276E-2,-4.230366647E-2,-1.334754229E-1,1.428623084E-1
1.108079704E1,2.098395675E-2,-5.600379035E-2,-1.225015968E-1,1.363209162E-1
1.109081304E1,1.354468241E-2,-6.713287532E-2,-1.144077107E-1,1.333394377E-1
1.110082904E1,4.983578809E-3,-7.853905857E-2,-1.032270715E-1,1.298038831E-1
1.111084504E1,-4.987562075E-3,-8.925428987E-2,-9.173446894E-2,1.280875358E-1
1.112086104E1,-1.645508222E-2,-9.989706427E-2,-7.905358821E-2,1.284510140E-1
1.113087704E1,-2.840442024E-2,-1.105454490E-1,-6.875620782E-2,1.332461012E-1
1.114089304E1,-3.454747796E-2,-1.224306747E-1,-5.479609221E-2,1.385114077E-1
1.115090904E1,-4.343897477E-2,-1.316366941E-1,-4.243582860E-2,1.449688356E-1
1.116092504E1,-4.842558503E-2,-1.406763047E-1,-2.917884290E-2,1.516122187E-1
1.117094104E1,-5.895678699E-2,-1.487091929E-1,-1.751126908E-2,1.609253595E-1
1.118095604E1,-6.647866964E-2,-1.624754369E-1,-4.981026053E-3,1.756203056E-1
1.119097204E1,-7.482928038E-2,-1.697282791E-1,6.881759502E-3,1.856191492E-1
1.120098804E1,-8.031640202E-2,-1.774254739E-1,1.949544996E-2,1.957309270E-1
1.121100404E1,-8.541315794E-2,-1.849414408E-1,3.082134016E-2,2.060308207E-1
1.122102004E1,-9.007491171E-2,-1.898418367E-1,3.806184232E-2,2.135465207E-1
1.123103604E1,-9.324221313E-2,-1.966057420E-1,5.239364505E-2,2.238147049E-1
1.124105204E1,-9.577035159E-2,-2.078481019E-1,6.212280318E-2,2.371329508E-1
1.125106804E1,-9.775627404E-2,-2.113986313E-1,6.786271930E-2,2.425922899E-1
1.126108404E1,-1.000491530E-1,-2.191508412E-1,7.342206687E-2,2.518486135E-1
1.127110004E1,-1.012038961E-1,-2.227844596E-1,8.126507699E-2,2.578355227E-1
1.128111604E1,-9.901951998E-2,-2.268363833E-1,8.532100171E-2,2.618000830E-1
1.129113204E1,-9.929835051E-2,-2.329403460E-1,9.032242000E-2,2.688484829E-1
1.130114804E1,-1.000244841E-1,-2.357624620E-1,9.310246259E-2,2.725012008E-1
1.131116404E1,-9.661803395E-2,-2.424145043E-1,9.275198728E-2,2.769526449E-1
1.132118004E1,-9.334863722E-2,-2.428970784E-1,9.114210308E-2,2.757169594E-1
1.133119604E1,-9.111850709E-2,-2.438241243E-1,8.795084059E-2,2.747510442E-1
1.134121204E1,-8.865863830E-2,-2.473587096E-1,8.387707174E-2,2.758297455E-1
1.135122704E1,-8.670841157E-2,-2.534259260E-1,8.045145124E-2,2.796703141E-1
1.136124304E1,-8.351986855E-2,-2.541851103E-1,7.526643574E-2,2.779400567E-1
1.137125904E1,-7.986415178E-2,-2.551068366E-1,6.481086463E-2,2.750604097E-1
1.138127504E1,-7.793308049E-2,-2.566881478E-1,5.753481388E-2,2.743585702E-1
1.139129104E1,-7.373167574E-2,-2.557288706E-1,4.749736190E-2,2.703509102E-1
1.140130704E1,-7.434026897E-2,-2.563932538E-1,3.367038816E-2,2.690681535E-1
1.141132304E1,-7.031916082E-2,-2.557935119E-1,2.333652601E-2,2.663075263E-1
1.142133904E1,-7.025145739E-2,-2.539385557E-1,9.460059926E-3,2.636466387E-1
1.143135504E1,-6.622688472E-2,-2.537292242E-1,-7.052253932E-4,2.622308464E-1
1.144137104E1,-6.815273315E-2,-2.508059144E-1,-1.750334911E-2,2.604894796E-1
1.145138704E1,-6.796710938E-2,-2.477872223E-1,-2.847024612E-2,2.585122635E-1
1.146140304E1,-6.653880328E-2,-2.457485050E-1,-4.253739491E-2,2.581262676E-1
1.147141904E1,-6.616223603E-2,-2.452949733E-1,-5.617544428E-2,2.601975133E-1
1.148143504E1,-6.948126853E-2,-2.393705249E-1,-6.928055733E-2,2.587000009E-1
1.149145104E1,-7.260941714E-2,-2.360796630E-1,-8.123016357E-2,2.600078349E-1
1.150146704E1,-6.922868639E-2,-2.317292392E-1,-9.817464650E-2,2.610159239E-1
1.151148304E1,-7.316909730E-2,-2.248947769E-1,-1.089378148E-1,2.603820750E-1
1.152149804E1,-7.524057478E-2,-2.178883851E-1,-1.212428585E-1,2.604540711E-1
1.153151404E1,-7.493031770E-2,-2.133000344E-1,-1.351831704E-1,2.634121234E-1
1.154153004E1,-7.541155070E-2,-2.023295462E-1,-1.443932801E-1,2.597567451E-1
1.155154604E1,-8.004385233E-2,-1.953009367E-1,-1.543633640E-1,2.614909603E-1
1.156156204E1,-8.076795936E-2,-1.865337044E-1,-1.631993055E-1,2.606766186E-1
1.157157804E1,-8.167982846E-2,-1.802566350E-1,-1.705650687E-1,2.612594333E-1
1.158159404E1,-8.212770522E-2,-1.707298011E-1,-1.796956211E-1,2.611209321E-1
1.159161004E1,-8.159587532E-2,-1.588363945E-1,-1.844051480E-1,2.566946546E-1
1.160162604E1,-8.105642349E-2,-1.488629580E-1,-1.872397065E-1,2.525649060E-1
1.161164204E1,-8.147852868E-2,-1.373754144E-1,-1.903162003E-1,2.484572623E-1
1.162165804E1,-7.670716196E-2,-1.248008981E-1,-1.898699850E-1,2.398121433E-1
1.163167404E1,-7.583124936E-2,-1.142446622E-1,-1.941896379E-1,2.377221838E-1
1.164169004E1,-7.316042483E-2,-1.016595960E-1,-1.932234615E-1,2.302659925E-1
1.165170592E1,-6.976968795E-2,-9.018536657E-2,-1.923906952E-1,2.236412066E-1
1.166172192E1,-6.745726615E-2,-7.664506137E-2,-1.877706498E-1,2.137352688E-1
1.167173792E1,-6.089097261E-2,-6.155718490E-2,-1.830331534E-1,2.024799566E-1
1.168175392E1,-5.744237453E-2,-5.076739192E-2,-1.795345396E-1,1.952168163E-1
1.169176992E1,-4.889921844E-2,-3.597566113E-2,-1.714310646E-1,1.818625626E-1
1.170178592E1,-4.232421145E-2,-2.054450288E-2,-1.618138850E-1,1.685145360E-1
1.171180092E1,-3.508999944E-2,-5.476337858E-3,-1.590079665E-1,1.629258474E-1
1.172181692E1,-2.883109450E-2,8.222197182E-3,-1.426029354E-1,1.457203957E-1
1.173183292E1,-1.852332987E-2,2.144452557E-2,-1.322730631E-1,1.352743310E-1
1.174184892E1,-8.074733429E-3,3.472504765E-2,-1.176822633E-1,1.229640002E-1
1.175186492E1,-3.622726770E-3,4.764324427E-2,-1.064605042E-1,1.166912243E-1
1.176188092E1,7.054680027E-3,6.174537539E-2,-9.225270897E-2,1.112331884E-1
1.177189692E1,1.536134630E-2,7.729717344E-2,-7.747615874E-2,1.105141582E-1
1.178191292E1,2.698450536E-2,8.916082233E-2,-6.117821485E-2,1.114476996E-1
1.179192892E1,3.408289701E-2,1.054037064E-1,-4.391960055E-2,1.191659201E-1
1.180194492E1,4.306979105E-2,1.171832010E-1,-2.741391771E-2,1.278218776E-1
1.181196092E1,5.251682177E-2,1.289631724E-1,-1.155505888E-2,1.397248575E-1
1.182197692E1,6.161028519E-2,1.425634027E-1,6.445503328E-3,1.554403279E-1
1.183199292E1,7.015343755E-2,1.538983434E-1,2.290570363E-2,1.706776968E-1
1.184200892E1,7.579313219E-2,1.649575830E-1,4.167228937E-2,1.862583764E-1
1.185202492E1,8.449075371E-2,1.781617999E-1,6.049790978E-2,2.062530278E-1
1.186204092E1,9.145417064E-2,1.873379350E-1,7.827108353E-2,2.226785345E-1
1.187205692E1,9.604039788E-2,1.973226666E-1,9.668604285E-2,2.398086397E-1
1.188207292E1,1.043896675E-1,2.084134668E-1,1.146617681E-1,2.597704696E-1
1.189208892E1,1.037403867E-1,2.166796625E-1,1.308425963E-1,2.735542523E-1
1.190210492E1,1.097392216E-1,2.246993929E-1,1.449492127E-1,2.890376934E-1
1.191212092E1,1.107019559E-1,2.325751632E-1,1.625247449E-1,3.045659572E-1
1.192213692E1,1.109001338E-1,2.417832613E-1,1.748104841E-1,3.183028282E-1
1.193215192E1,1.141364053E-1,2.479290366E-1,1.900956929E-1,3.326143392E-1
1.194216792E1,1.125910357E-1,2.530632317E-1,2.025703341E-1,3.431508135E-1
1.195218392E1,1.132373884E-1,2.624570131E-1,2.149428427E-1,3.576406234E-1
1.196219992E1,1.066280454E-1,2.670966685E-1,2.235374749E-1,3.642515244E-1
1.197221592E1,1.067974195E-1,2.726434767E-1,2.321373671E-1,3.736681836E-1
1.198223192E1,1.055936664E-1,2.769542634E-1,2.395245284E-1,3.810848805E-1
1.199224792E1,1.000774652E-1,2.802818716E-1,2.456889451E-1,3.859228994E-1
1.200226392E1,9.791467339E-2,2.799842060E-1,2.488617897E-1,3.871829403E-1
1.201227992E1,9.278595448E-2,2.867028117E-1,2.514114976E-1,3.924480561E-1
1.202229592E1,8.761350065E-2,2.841522396E-1,2.515143454E-1,3.894587099E-1
1.203231192E1,8.420652151E-2,2.862266004E-1,2.512629628E-1,3.900634327E-1
1.204232792E1,8.123669028E-2,2.859057784E-1,2.507331371E-1,3.888555259E-1
1.205234392E1,7.357636839E-2,2.853518426E-1,2.471612990E-1,3.846139152E-1
1.206235992E1,6.874684989E-2,2.848208547E-1,2.422277778E-1,3.801622614E-1
1.207237592E1,6.484984607E-2,2.806726992E-1,2.353943735E-1,3.720123354E-1
1.208239192E1,5.681199953E-2,2.815320492E-1,2.254962772E-1,3.651526654E-1
1.209240792E1,5.331713334E-2,2.786760628E-1,2.186034769E-1,3.581766949E-1
1.210242392E1,5.257059634E-2,2.726288736E-1,2.122984082E-1,3.495150704E-1
1.211243992E1,5.309390649E-2,2.643989027E-1,1.977104098E-1,3.343877222E-1
1.212245592E1,4.822617024E-2,2.627646923E-1,1.845273226E-1,3.246865871E-1
1.213247192E1,4.350065812E-2,2.584208250E-1,1.705284119E-1,3.126556721E-1
1.214248792E1,4.301653430E-2,2.485783398E-1,1.572349370E-1,2.972615660E-1
1.215250392E1,3.958851472E-2,2.392447591E-1,1.439321786E-1,2.819960590E-1
1.216251992E1,3.980132565E-2,2.347568125E-1,1.283593327E-1,2.705014322E-1
1.217253592E1,3.759036958E-2,2.255292237E-1,1.126613319E-1,2.548902554E-1
1.218255192E1,3.775553778E-2,2.185160220E-1,1.002241448E-1,2.433507996E-1
1.219256692E1,3.740533069E-2,2.057916969E-1,8.332665265E-2,2.251504215E-1
1.220258292E1,3.649559245E-2,1.973592490E-1,6.643457711E-2,2.114146506E-1
1.221259892E1,3.928498551E-2,1.837595552E-1,4.977596924E-2,1.943927245E-1
1.222261492E1,4.030202702E-2,1.717032641E-1,3.830854595E-2,1.804821570E-1
1.223263092E1,3.914168850E-2,1.618546396E-1,2.287499793E-2,1.680840911E-1
1.224264692E1,4.104283452E-2,1.526888758E-1,5.538840778E-3,1.582058337E-1
1.225266292E1,4.147187248E-2,1.336768419E-1,-7.647534832E-3,1.401709636E-1
1.226267892E1,4.188606888E-2,1.209595874E-1,-2.012990788E-2,1.295796193E-1
1.227269492E1,4.400541261E-2,1.067100763E-1,-3.418660536E-2,1.203837228E-1
1.228271092E1,4.339331761E-2,9.618701786E-2,-4.613743350E-2,1.151676395E-1
1.229272692E1,4.365910217E-2,8.141233027E-2,-5.656450614E-2,1.083218726E-1
1.230274292E1,4.529920965E-2,6.590304524E-2,-6.761892140E-2,1.047260631E-1
1.231275892E1,4.203177616E-2,5.128388852E-2,-7.775251567E-2,1.021868931E-1
1.232277492E1,4.064956307E-2,3.199908137E-2,-8.677311987E-2,1.010242670E-1
1.233279092E1,3.955926374E-2,2.035307884E-2,-9.411332756E-2,1.040985187E-1
1.234280692E1,3.901086375E-2,9.021630511E-3,-1.046735942E-1,1.120705074E-1
1.235282292E1,3.348533437E-2,-7.360803895E-3,-1.110044569E-1,1.161784769E-1
1.236283892E1,3.373892605E-2,-2.031312510E-2,-1.159126312E-1,1.224200810E-1
1.237285492E1,2.753668837E-2,-3.734590486E-2,-1.262576729E-1,1.345138870E-1
1.238287092E1,2.602943964E-2,-5.097052827E-2,-1.245706677E-1,1.370889410E-1
1.239288692E1,1.954730600E-2,-6.345143169E-2,-1.300131083E-1,1.459848954E-1
1.240290292E1,1.801394857E-2,-7.618378848E-2,-1.301526129E-1,1.518821076E-1
1.241291892E1,1.129505783E-2,-8.957123011E-2,-1.324035078E-1,1.602537752E-1
1.242293492E1,6.567651872E-3,-1.020942852E-1,-1.324556470E-1,1.673644990E-1
1.243295092E1,3.995043808E-4,-1.151032895E-1,-1.310018301E-1,1.743857974E-1
1.244296692E1,-6.645338144E-3,-1.282587945E-1,-1.310316324E-1,1.834768857E-1
1.245298292E1,-1.036976930E-2,-1.378823966E-1,-1.311115324E-1,1.905500494E-1
1.246299892E1,-1.779134199E-2,-1.464963853E-1,-1.257687062E-1,1.938955653E-1
1.247301492E1,-2.506043948E-2,-1.588246822E-1,-1.237542927E-1,2.029000500E-1
1.248303092E1,-3.202882409E-2,-1.680840850E-1,-1.186108068E-1,2.081985319E-1
1.249304692E1,-3.719802201E-2,-1.786091626E-1,-1.149771959E-1,2.156494409E-1
1.250306292E1,-4.282694682E-2,-1.882794052E-1,-1.127765700E-1,2.236109044E-1
1.251307892E1,-4.798468947E-2,-1.972281635E-1,-1.046057269E-1,2.283502507E-1
1.252309492E1,-5.565764382E-2,-2.041752934E-1,-9.682715684E-2,2.327247775E-1
1.253311092E1,-6.007210165E-2,-2.120116502E-1,-9.074715525E-2,2.383120715E-1
1.254312692E1,-6.605803967E-2,-2.180391103E-1,-8.374417573E-2,2.427299017E-1
1.255314292E1,-7.293725014E-2,-2.277673781E-1,-7.964610308E-2,2.520740421E-1
1.256315792E1,-7.591155171E-2,-2.312545478E-1,-7.230933011E-2,2.539091743E-1
1.257317392E1,-7.843809575E-2,-2.376621217E-1,-6.200423464E-2,2.578378251E-1
1.258318992E1,-7.891288400E-2,-2.407089919E-1,-5.775733665E-2,2.598152651E-1
1.259320592E1,-8.733113855E-2,-2.455583364E-1,-5.055162311E-2,2.654827507E-1
1.260322192E1,-8.703434467E-2,-2.481210828E-1,-4.141912237E-2,2.661852599E-1
1.261323792E1,-8.742555976E-2,-2.538799047E-1,-3.553247079E-2,2.708519725E-1
1.262325392E1,-8.813617378E-2,-2.546450794E-1,-2.867347188E-2,2.709875819E-1
1.263326992E1,-9.518849105E-2,-2.584555149E-1,-2.434556745E-2,2.765010102E-1
1.264328592E1,-9.519616514E-2,-2.589788735E-1,-2.063761093E-2,2.766916655E-1
1.265330221E1,-9.273700416E-2,-2.598720789E-1,-1.437066216E-2,2.762972408E-1
1.266331821E1,-9.367772192E-2,-2.592905760E-1,-7.574695162E-3,2.757979231E-1
1.267333421E1,-9.039112180E-2,-2.605537176E-1,-5.228716880E-3,2.758371515E-1
1.268335021E1,-9.202171862E-2,-2.581345141E-1,-2.118373523E-3,2.740545777E-1
1.269336621E1,-9.003207088E-2,-2.563326359E-1,-6.307314616E-4,2.716847287E-1
1.270338221E1,-8.774074167E-2,-2.580644488E-1,5.567738321E-3,2.726292303E-1
1.271339821E1,-8.770132810E-2,-2.557275295E-1,3.186872229E-3,2.703668775E-1
1.272341421E1,-8.508376032E-2,-2.536333799E-1,2.730286447E-3,2.675380200E-1
1.273343021E1,-8.423500508E-2,-2.512192130E-1,3.661327530E-3,2.649906307E-1
1.274344621E1,-8.317201585E-2,-2.455877662E-1,4.143970553E-3,2.593224009E-1
1.275346221E1,-7.995465398E-2,-2.441621870E-1,3.147415584E-3,2.569393439E-1
1.276347821E1,-8.036735654E-2,-2.404483557E-1,2.658959245E-3,2.535377562E-1
1.277349421E1,-7.428842783E-2,-2.339265347E-1,7.835612632E-4,2.454404370E-1
1.278351021E1,-7.370564342E-2,-2.288917154E-1,-2.826474374E-3,2.404826984E-1
1.279352621E1,-7.153463364E-2,-2.220939994E-1,-3.036597976E-3,2.333498860E-1
1.280354221E1,-7.078139484E-2,-2.164240330E-1,-6.616265513E-3,2.278006648E-1
1.281355821E1,-6.540500373E-2,-2.127970606E-1,-1.202461310E-2,2.229461703E-1
1.282357421E1,-6.643093377E-2,-2.061194927E-1,-1.412527822E-2,2.170203624E-1
1.283359021E1,-6.514702737E-2,-1.984421313E-1,-1.803266816E-2,2.096391942E-1
1.284360621E1,-5.990229174E-2,-1.891211867E-1,-2.143713832E-2,1.995361088E-1
1.285362221E1,-6.026102230E-2,-1.798499227E-1,-2.558474615E-2,1.913947876E-1
1.286363821E1,-5.948137492E-2,-1.739116013E-1,-3.074967861E-2,1.863567057E-1
1.287365421E1,-5.672553554E-2,-1.637106240E-1,-3.622194380E-2,1.770056044E-1
1.288367021E1,-5.302595720E-2,-1.566487700E-1,-4.180682451E-2,1.705825309E-1
1.289368621E1,-5.067278445E-2,-1.446605474E-1,-4.333281517E-2,1.592863394E-1
1.290370221E1,-5.239661038E-2,-1.339787245E-1,-4.923479632E-2,1.520518614E-1
1.291371821E1,-4.678346589E-2,-1.256579459E-1,-5.123376474E-2,1.435392305E-1
1.292373421E1,-4.454797134E-2,-1.124759540E-1,-5.776718259E-2,1.340612150E-1
1.293375021E1,-4.468059912E-2,-9.977773577E-2,-5.910995230E-2,1.242816920E-1
1.294376621E1,-4.170854762E-2,-9.108611941E-2,-6.477807462E-2,1.192999709E-1
1.295378221E1,-3.776733577E-2,-7.998606563E-2,-6.834324449E-2,1.117807739E-1
1.296379821E1,-3.870809823E-2,-6.482389569E-2,-7.099149376E-2,1.036351606E-1
1.297381421E1,-3.241957352E-2,-5.308947340E-2,-7.228632271E-2,9.536683587E-2
1.298383021E1,-2.785499208E-2,-4.063043743E-2,-7.174193114E-2,8.702664944E-2
1.299384621E1,-2.410685830E-2,-2.695536986E-2,-7.280506939E-2,8.129151684E-2
1.300386221E1,-2.281428874E-2,-1.386779360E-2,-7.643388957E-2,8.096262684E-2
1.301387821E1,-1.865549758E-2,-2.160804346E-3,-7.402984798E-2,7.637483262E-2
1.302389421E1,-1.218018029E-2,9.339398704E-3,-7.666469365E-2,7.818603720E-2
1.303391021E1,-8.726060390E-3,2.329463139E-2,-7.702022791E-2,8.093762715E-2
1.304392621E1,-1.006850624E-3,3.352266550E-2,-7.674022019E-2,8.374869698E-2
1.305394221E1,1.038190676E-3,4.845980555E-2,-7.373217493E-2,8.823754424E-2
1.306395821E1,6.608020980E-3,5.768963695E-2,-7.126700878E-2,9.192794294E-2
1.307397421E1,1.136176288E-2,7.010742277E-2,-6.759450585E-2,9.804671134E-2
1.308399021E1,1.795830019E-2,8.506595343E-2,-6.472742558E-2,1.083898362E-1
1.309400621E1,2.456826530E-2,9.795138985E-2,-6.162085012E-2,1.183013254E-1
1.310402221E1,3.004014865E-2,1.089066416E-1,-5.452706665E-2,1.254442829E-1
1.311403821E1,3.696729615E-2,1.193558276E-1,-5.111555755E-2,1.350007214E-1
1.312405421E1,4.257808253E-2,1.308150291E-1,-4.483997077E-2,1.446930819E-1
1.313407021E1,4.546574876E-2,1.427995265E-1,-3.985213488E-2,1.550710538E-1
1.314408621E1,5.451013148E-2,1.502987444E-1,-3.322545066E-2,1.632942056E-1
1.315410221E1,5.854801461E-2,1.645951271E-1,-2.335843816E-2,1.762527802E-1
1.316411821E1,6.398926675E-2,1.726513058E-1,-1.469153911E-2,1.847131316E-1
1.317413421E1,6.916991621E-2,1.830472350E-1,-1.001902390E-2,1.959365928E-1
1.318415021E1,7.469137013E-2,1.911080629E-1,2.624115441E-4,2.051856752E-1
1.319416621E1,7.976948470E-2,1.982778162E-1,1.096299291E-2,2.140033885E-1
1.320418221E1,8.461935818E-2,2.094595134E-1,1.964819059E-2,2.267592885E-1
1.321419821E1,8.631365746E-2,2.142627835E-1,2.991414443E-2,2.329236869E-1
1.322421421E1,9.048047662E-2,2.241169065E-1,4.006621987E-2,2.449906252E-1
1.323423021E1,9.472369403E-2,2.309465855E-1,4.825810343E-2,2.542395487E-1
1.324424621E1,9.621766210E-2,2.357112765E-1,5.982550979E-2,2.615276964E-1
1.325426221E1,9.587544948E-2,2.423369586E-1,6.932500005E-2,2.696762114E-1
1.326427821E1,1.004523411E-1,2.476189584E-1,8.074206859E-2,2.791506816E-1
1.327429421E1,9.973967820E-2,2.523463666E-1,8.923222125E-2,2.856380253E-1
1.328431021E1,1.003842056E-1,2.586014867E-1,9.685376287E-2,2.938237040E-1
1.329432621E1,1.014840901E-1,2.613642216E-1,1.075695232E-1,3.003023130E-1
1.330434221E1,1.010788307E-1,2.645027936E-1,1.157467291E-1,3.059018848E-1
1.331435821E1,1.031148210E-1,2.660596967E-1,1.267799437E-1,3.122396237E-1
1.332437421E1,9.958346933E-2,2.685766220E-1,1.338290572E-1,3.161652824E-1
1.333439021E1,9.856614470E-2,2.692038119E-1,1.434353441E-1,3.205614998E-1
1.334440621E1,9.103677422E-2,2.733820081E-1,1.466612667E-1,3.233186412E-1
1.335442221E1,8.908601105E-2,2.749266624E-1,1.527726799E-1,3.268952108E-1
1.336443821E1,8.642319590E-2,2.719497979E-1,1.596939415E-1,3.269981900E-1
1.337445421E1,8.486231416E-2,2.703737319E-1,1.659329385E-1,3.283859122E-1
1.338447021E1,7.884313166E-2,2.702255249E-1,1.677964926E-1,3.277098360E-1
1.339448621E1,7.532402873E-2,2.724061012E-1,1.707384884E-1,3.301975541E-1
1.340450221E1,7.046438754E-2,2.657906711E-1,1.752154082E-1,3.260526798E-1
1.341451821E1,6.868113577E-2,2.636303306E-1,1.750351191E-1,3.238137466E-1
1.342453421E1,6.409198046E-2,2.625210881E-1,1.763555408E-1,3.226861950E-1
1.343455021E1,5.830466747E-2,2.582576275E-1,1.749999970E-1,3.173664055E-1
1.344456621E1,5.382847413E-2,2.482498288E-1,1.772638112E-1,3.097546463E-1
1.345458221E1,5.181619152E-2,2.423277497E-1,1.736365855E-1,3.025844011E-1
1.346459821E1,4.386818036E-2,2.368803471E-1,1.708566993E-1,2.953450995E-1
1.347461421E1,4.055334255E-2,2.274423838E-1,1.718596518E-1,2.879415764E-1
1.348463021E1,3.645047918E-2,2.212718427E-1,1.618709415E-1,2.765719934E-1
1.349464621E1,3.198995069E-2,2.145516127E-1,1.600703746E-1,2.695890879E-1
1.350466221E1,2.984754182E-2,2.043318003E-1,1.544411629E-1,2.578651454E-1
1.351467821E1,2.447807789E-2,1.940253675E-1,1.469108015E-1,2.445972263E-1
1.352469421E1,2.271390893E-2,1.848945916E-1,1.391190439E-1,2.324995485E-1
1.353471021E1,1.741554961E-2,1.764987111E-1,1.341189593E-1,2.223578009E-1
1.354472621E1,1.629459113E-2,1.662160605E-1,1.252974123E-1,2.087887305E-1
1.355474221E1,1.669592969E-2,1.549365073E-1,1.138119996E-1,1.929695484E-1
1.356475821E1,1.128430292E-2,1.385197192E-1,1.071192324E-1,1.754695930E-1
1.357477421E1,6.226426922E-3,1.240358651E-1,1.005249768E-1,1.597777681E-1
1.358479021E1,9.348543361E-3,1.113548055E-1,8.983466029E-2,1.433790576E-1
1.359480621E1,6.225719582E-3,1.017208248E-1,7.551351190E-2,1.268391748E-1
1.360482221E1,5.740608089E-3,8.858523518E-2,6.710785627E-2,1.112823564E-1
1.361483821E1,4.233259242E-3,7.333277911E-2,5.638490245E-2,9.260061663E-2
1.362485421E1,-1.232346287E-3,5.605445802E-2,4.588112980E-2,7.244790551E-2
1.363487021E1,1.085552503E-4,3.900223598E-2,3.352699429E-2,5.143195059E-2
1.364488617E1,-2.567844349E-4,2.838044800E-2,2.321894839E-2,3.666926958E-2
1.365490217E1,-6.163112121E-4,1.468860358E-2,1.432372350E-2,2.052569048E-2
1.366491917E1,-1.504429383E-3,4.001101479E-4,1.827797270E-3,2.400882913E-3
1.367493517E1,-2.584873699E-3,-1.547259558E-2,-6.538789719E-3,1.699525101E-2
1.368495117E1,-4.403945059E-3,-3.268077597E-2,-2.055674605E-2,3.885881700E-2
1.369496717E1,-4.295288119E-3,-4.473184422E-2,-3.139660880E-2,5.481910644E-2
1.370498317E1,-5.027300213E-3,-6.063504517E-2,-4.014255852E-2,7.289243757E-2
1.371499917E1,-6.235842593E-3,-7.235029340E-2,-5.310522765E-2,8.996452574E-2
1.372501517E1,-6.862963084E-3,-8.601754159E-2,-6.188125908E-2,1.061857238E-1
1.373503117E1,-1.082015410E-2,-9.838446230E-2,-7.266785949E-2,1.227892339E-1
1.374504717E1,-8.384097368E-3,-1.157929301E-1,-8.005074412E-2,1.410192093E-1
1.375506317E1,-9.618472308E-3,-1.287436187E-1,-9.239209443E-2,1.587568376E-1
1.376507917E1,-1.292943582E-2,-1.394343823E-1,-1.004912704E-1,1.723589647E-1
1.377509517E1,-1.675586775E-2,-1.503243148E-1,-1.068514436E-1,1.851901448E-1
1.378511117E1,-2.026263066E-2,-1.617873609E-1,-1.159972847E-1,2.001027096E-1
1.379512717E1,-2.274815738E-2,-1.762413979E-1,-1.253327131E-1,2.174552781E-1
1.380514317E1,-2.673982084E-2,-1.864348352E-1,-1.289965212E-1,2.282828690E-1
1.381515917E1,-2.715873718E-2,-1.968328804E-1,-1.365074366E-1,2.410706537E-1
1.382517517E1,-3.217338026E-2,-2.052679062E-1,-1.437704116E-1,2.526657297E-1
1.383519117E1,-3.688051924E-2,-2.119314075E-1,-1.495380253E-1,2.619860973E-1
1.384520717E1,-4.025308415E-2,-2.220097780E-1,-1.542529613E-1,2.733178157E-1
1.385522317E1,-4.289440811E-2,-2.316096723E-1,-1.548588276E-1,2.818939996E-1
1.386523917E1,-4.717170820E-2,-2.384162247E-1,-1.587614566E-1,2.902975480E-1
1.387525517E1,-4.979971424E-2,-2.457809299E-1,-1.602874398E-1,2.976244957E-1
1.388527117E1,-5.345389992E-2,-2.503141165E-1,-1.626768708E-1,3.032791464E-1
1.389528717E1,-5.918582156E-2,-2.547725141E-1,-1.633298844E-1,3.083644703E-1
1.390530317E1,-6.446240097E-2,-2.594464123E-1,-1.624288410E-1,3.128113975E-1
1.391531917E1,-6.666164100E-2,-2.651464045E-1,-1.623737067E-1,3.179805196E-1
1.392533517E1,-7.113992423E-2,-2.680327296E-1,-1.593361199E-1,3.198287543E-1
1.393535117E1,-7.591310889E-2,-2.718391716E-1,-1.579430252E-1,3.234274796E-1
1.394536717E1,-8.215351403E-2,-2.727150917E-1,-1.527988464E-1,3.232185152E-1
1.395538317E1,-8.160730451E-2,-2.732828856E-1,-1.524257362E-1,3.233835072E-1
1.396539917E1,-8.612162620E-2,-2.749281824E-1,-1.448320001E-1,3.224573588E-1
1.397541517E1,-8.639913052E-2,-2.748253942E-1,-1.407778710E-1,3.206434406E-1
1.398543217E1,-9.134026617E-2,-2.720631659E-1,-1.358997673E-1,3.175376469E-1
1.399544817E1,-9.352725744E-2,-2.727486491E-1,-1.300290972E-1,3.163016592E-1
1.400546417E1,-9.438472986E-2,-2.705416381E-1,-1.245694384E-1,3.124400745E-1
1.401548017E1,-9.826654941E-2,-2.686324120E-1,-1.160198972E-1,3.086750784E-1
1.402549617E1,-9.435697645E-2,-2.631556392E-1,-1.113169491E-1,3.009079470E-1
1.403551217E1,-9.539241344E-2,-2.607872784E-1,-1.000246182E-1,2.951518954E-1
1.404552817E1,-9.497432411E-2,-2.577015460E-1,-9.103269875E-2,2.893391803E-1
1.405554417E1,-9.649978578E-2,-2.508673370E-1,-8.474923670E-2,2.818316209E-1
1.406556017E1,-9.520427138E-2,-2.468641400E-1,-7.480096072E-2,2.749562522E-1
1.407557617E1,-9.173204005E-2,-2.401148826E-1,-6.621519476E-2,2.654324321E-1
1.408559217E1,-8.891725540E-2,-2.353663296E-1,-5.836991966E-2,2.582840199E-1
1.409560817E1,-9.211412072E-2,-2.259097099E-1,-5.001425371E-2,2.490414300E-1
1.410562417E1,-8.556454629E-2,-2.226421684E-1,-3.954331204E-2,2.417736550E-1
1.411564017E1,-8.270591497E-2,-2.132547945E-1,-3.263214231E-2,2.310470351E-1
1.412565617E1,-8.123024553E-2,-2.086225301E-1,-2.306874841E-2,2.250641686E-1
1.413567217E1,-7.253236324E-2,-1.964979619E-1,-1.470296178E-2,2.099727835E-1
1.414568817E1,-6.950479746E-2,-1.867258996E-1,-6.496562622E-3,1.993481471E-1
1.415570417E1,-6.450364739E-2,-1.759012043E-1,-7.451998536E-4,1.873566373E-1
1.416572017E1,-6.016639248E-2,-1.679283082E-1,6.627852563E-3,1.785044535E-1
1.417573617E1,-5.412634462E-2,-1.589324176E-1,1.212088950E-2,1.683332722E-1
1.418575217E1,-5.264893174E-2,-1.502814740E-1,1.954209432E-2,1.604316829E-1
1.419576817E1,-4.619849101E-2,-1.407065988E-1,2.423458360E-2,1.500665271E-1
1.420578417E1,-4.384884611E-2,-1.259097606E-1,2.764684893E-2,1.361629075E-1
1.421580117E1,-3.433790058E-2,-1.131508350E-1,3.212149069E-2,1.225316002E-1
1.422581717E1,-3.168662637E-2,-1.025432199E-1,3.751119599E-2,1.136936413E-1
1.423583317E1,-2.546361648E-2,-9.239284694E-2,4.156212881E-2,1.044616891E-1
1.424584917E1,-2.005873248E-2,-7.799393684E-2,4.248571396E-2,9.105186886E-2
1.425586517E1,-1.167643256E-2,-6.963240355E-2,4.778194055E-2,8.525329639E-2
1.426588117E1,-7.993788458E-3,-5.651427805E-2,4.842385650E-2,7.485074586E-2
1.427589717E1,-4.125280771E-3,-4.227595404E-2,5.058048293E-2,6.605043137E-2
1.428591317E1,-9.809364565E-4,-3.215979412E-2,4.997523502E-2,5.943684639E-2
1.429592917E1,2.978651552E-3,-1.919392869E-2,5.137126148E-2,5.492072259E-2
1.430594517E1,8.291900158E-3,-6.453827024E-3,4.825447872E-2,4.938524282E-2
1.431596117E1,1.170287654E-2,6.127744913E-3,4.939803854E-2,5.113387124E-2
1.432597717E1,1.860947348E-2,2.090550587E-2,4.975481331E-2,5.708672461E-2
1.433599317E1,2.069020085E-2,3.061219677E-2,4.712920263E-2,5.988616488E-2
1.434600917E1,2.393717319E-2,4.284740984E-2,4.504536837E-2,6.661812068E-2
1.435602517E1,2.548180707E-2,5.469688028E-2,4.396678880E-2,7.466022851E-2
1.436604117E1,2.983083203E-2,6.777873635E-2,4.004701227E-2,8.418787818E-2
1.437605717E1,3.331930563E-2,7.849343121E-2,3.940332681E-2,9.393623920E-2
1.438607317E1,3.650262207E-2,8.889310062E-2,3.521466628E-2,1.023449924E-1
1.439608917E1,3.817268834E-2,1.009420455E-1,3.071312606E-2,1.122040409E-1
1.440610517E1,3.959623352E-2,1.127146855E-1,2.979153581E-2,1.231259422E-1
1.441612217E1,4.285940528E-2,1.226352230E-1,2.456881106E-2,1.322117733E-1
1.442613817E1,4.652667418E-2,1.328931749E-1,2.353790775E-2,1.427562974E-1
1.443615417E1,4.956321046E-2,1.424041092E-1,1.980708539E-2,1.520781470E-1
1.444617017E1,5.071537942E-2,1.530539840E-1,1.571580023E-2,1.620017226E-1
1.445618617E1,5.309198424E-2,1.622165889E-1,1.110080909E-2,1.710444634E-1
1.446620217E1,5.555238947E-2,1.674358398E-1,8.135842159E-3,1.765984721E-1
1.447621817E1,5.832101032E-2,1.766357273E-1,5.839398131E-3,1.861064721E-1
1.448623417E1,6.188421696E-2,1.851821095E-1,1.945314929E-3,1.952584293E-1
1.449625017E1,6.455723941E-2,1.922751814E-1,6.747432053E-7,2.028235256E-1
1.450626617E1,6.821371615E-2,1.993511766E-1,1.426835777E-3,2.107036747E-1
1.451628217E1,6.997060776E-2,2.060213387E-1,-4.661949351E-3,2.176290691E-1
1.452629817E1,7.095509768E-2,2.120775878E-1,-4.228571430E-3,2.236725508E-1
1.453631417E1,7.348057628E-2,2.193480134E-1,-7.997742854E-3,2.314668658E-1
1.454633017E1,7.684806734E-2,2.240445912E-1,-6.324404851E-3,2.369421921E-1
1.455634617E1,7.848645002E-2,2.296516001E-1,-6.095106713E-3,2.427697069E-1
1.456636217E1,8.349604160E-2,2.337902784E-1,-7.728017867E-3,2.483731175E-1
1.457637817E1,8.376608044E-2,2.381139100E-1,-4.384951666E-3,2.524563688E-1
1.458639517E1,8.776012808E-2,2.421830595E-1,-6.517905276E-4,2.575944471E-1
1.459641117E1,9.092635661E-2,2.427681386E-1,-4.677663092E-4,2.592377100E-1
1.460642717E1,8.967364579E-2,2.474592924E-1,2.272858284E-3,2.632159380E-1
1.461644317E1,8.992557973E-2,2.507016957E-1,4.374092445E-3,2.663777070E-1
1.462645917E1,9.247380495E-2,2.502653003E-1,7.331209257E-3,2.669042370E-1
1.463647517E1,9.680250287E-2,2.521612048E-1,1.506769191E-2,2.705236276E-1
1.464649117E1,9.269852936E-2,2.568480968E-1,1.907871477E-2,2.737297199E-1
1.465650717E1,9.636756033E-2,2.566169500E-1,2.287158929E-2,2.750674014E-1
1.466652317E1,9.431102872E-2,2.558524609E-1,2.833489887E-2,2.741494453E-1
1.467653917E1,9.388598800E-2,2.555765510E-1,3.694996238E-2,2.747712719E-1
1.468655517E1,9.199848771E-2,2.569219470E-1,4.318413138E-2,2.762923774E-1
1.469657117E1,9.187997878E-2,2.554177940E-1,4.829766974E-2,2.757042707E-1
1.470658717E1,8.842705935E-2,2.548068464E-1,5.527205765E-2,2.753195855E-1
1.471660317E1,8.759349585E-2,2.458767295E-1,6.268016994E-2,2.684339590E-1
1.472661917E1,8.330938965E-2,2.471966147E-1,6.982346624E-2,2.700406214E-1
1.473663617E1,8.046380430E-2,2.432306409E-1,7.659695297E-2,2.673998161E-1
1.474665217E1,7.985080034E-2,2.352633774E-1,8.648905158E-2,2.630691223E-1
1.475666817E1,7.391541451E-2,2.312081754E-1,9.247796983E-2,2.597554307E-1
1.476668417E1,6.641493738E-2,2.273464352E-1,9.587159753E-2,2.555165527E-1
1.477670017E1,6.148302555E-2,2.223985493E-1,1.012338698E-1,2.519713745E-1
1.478671617E1,5.756805837E-2,2.147766948E-1,1.117532626E-1,2.488612096E-1
1.479673217E1,5.114531144E-2,2.088455707E-1,1.171155348E-1,2.448435496E-1
1.480674817E1,4.563855007E-2,2.052635103E-1,1.250241548E-1,2.446365165E-1
1.481676417E1,3.803549334E-2,1.936579794E-1,1.280441880E-1,2.352560856E-1
1.482678017E1,3.202030063E-2,1.845699400E-1,1.318987757E-1,2.291040144E-1
1.483679617E1,2.599276975E-2,1.776036471E-1,1.365491897E-1,2.255312855E-1
1.484681217E1,1.860769838E-2,1.677995920E-1,1.422735751E-1,2.207820638E-1
1.485682817E1,1.805242896E-2,1.539325118E-1,1.421579868E-1,2.103092998E-1
1.486684517E1,9.213414975E-3,1.430563778E-1,1.429982930E-1,2.024809276E-1
1.487686117E1,3.042337717E-3,1.326623410E-1,1.457871497E-1,1.971356019E-1
1.488687717E1,-3.247815650E-3,1.219080538E-1,1.455100328E-1,1.898559757E-1
1.489689317E1,-7.593561895E-3,1.078178063E-1,1.465364248E-1,1.820858735E-1
1.490690917E1,-1.191408653E-2,1.008601338E-1,1.419154406E-1,1.745127626E-1
1.491692517E1,-1.807237975E-2,8.679917455E-2,1.422089189E-1,1.675830667E-1
1.492694117E1,-1.900658384E-2,7.219336927E-2,1.384905279E-1,1.573300960E-1
1.493695717E1,-2.651563287E-2,5.800458416E-2,1.358806342E-1,1.501038218E-1
1.494697317E1,-2.652506530E-2,4.649046808E-2,1.303524077E-1,1.409137783E-1
1.495698917E1,-3.075017035E-2,3.332779557E-2,1.249637678E-1,1.329370460E-1
1.496700517E1,-3.303080797E-2,1.598114334E-2,1.165859252E-1,1.222240123E-1
1.497702117E1,-3.688227013E-2,5.287220702E-3,1.096068472E-1,1.157666511E-1
1.498703817E1,-3.862178698E-2,-1.062788442E-2,1.016602814E-1,1.092675944E-1
1.499705417E1,-3.825320303E-2,-2.547048032E-2,9.492834657E-2,1.054677386E-1
1.500707017E1,-4.012582824E-2,-4.016906023E-2,8.413324505E-2,1.014989577E-1
1.501708617E1,-3.863898665E-2,-5.046750605E-2,7.302120328E-2,9.680927943E-2
1.502710217E1,-4.239306971E-2,-6.628453732E-2,6.176354364E-2,1.000277340E-1
1.503711817E1,-4.206363857E-2,-8.045974374E-2,4.774306715E-2,1.025793376E-1
1.504713417E1,-3.731913492E-2,-9.330280870E-2,3.638562933E-2,1.068739723E-1
1.505715017E1,-3.774497658E-2,-1.056489572E-1,2.307434753E-2,1.145373779E-1
1.506716617E1,-3.710783646E-2,-1.190550998E-1,1.322094724E-2,1.254029575E-1
1.507718217E1,-3.714805096E-2,-1.335341781E-1,-4.899199586E-3,1.386915880E-1
1.508719817E1,-3.620034084E-2,-1.479109228E-1,-1.825098693E-2,1.533662423E-1
1.509721517E1,-3.475770727E-2,-1.580956578E-1,-3.553117067E-2,1.657250715E-1
1.510723117E1,-3.532871976E-2,-1.699029505E-1,-4.656985030E-2,1.796771605E-1
1.511724717E1,-3.442484140E-2,-1.791795492E-1,-6.360556185E-2,1.932253815E-1
1.512726317E1,-3.649468347E-2,-1.920636743E-1,-7.584349066E-2,2.096963328E-1
1.513727917E1,-3.542462736E-2,-2.002779394E-1,-9.246747196E-2,2.234197633E-1
1.514729517E1,-3.558277339E-2,-2.123729587E-1,-1.051976681E-1,2.396559131E-1
1.515731117E1,-3.647146747E-2,-2.220207900E-1,-1.187568903E-1,2.544142255E-1
1.516732717E1,-3.933499008E-2,-2.300519496E-1,-1.327991188E-1,2.685269948E-1
1.517734317E1,-3.842232376E-2,-2.379831076E-1,-1.470294595E-1,2.823648286E-1
1.518735917E1,-4.022949189E-2,-2.469063103E-1,-1.638119221E-1,2.990242196E-1
1.519737517E1,-4.284524918E-2,-2.533468902E-1,-1.736879945E-1,3.101417121E-1
1.520739217E1,-4.563058540E-2,-2.568772435E-1,-1.847429872E-1,3.196842815E-1
1.521740817E1,-4.744126648E-2,-2.661205232E-1,-1.959998906E-1,3.338963368E-1
1.522742417E1,-5.202384666E-2,-2.688083649E-1,-2.043322474E-1,3.416373588E-1
1.523744017E1,-5.677119642E-2,-2.731663585E-1,-2.097395211E-1,3.490465512E-1
1.524745617E1,-6.026792526E-2,-2.770516574E-1,-2.207975090E-1,3.593624684E-1
1.525747217E1,-6.754714251E-2,-2.799531519E-1,-2.231243104E-1,3.643087175E-1
1.526748817E1,-6.849979609E-2,-2.825431228E-1,-2.292998284E-1,3.702718590E-1
1.527750417E1,-7.422532886E-2,-2.839479446E-1,-2.342224121E-1,3.754943049E-1
1.528752017E1,-7.941965759E-2,-2.824198902E-1,-2.372528017E-1,3.773027541E-1
1.529753617E1,-8.070809394E-2,-2.835203111E-1,-2.354415953E-1,3.772668923E-1
1.530755317E1,-8.635559678E-2,-2.825570703E-1,-2.348863184E-1,3.774484993E-1
1.531756917E1,-9.088908881E-2,-2.826198936E-1,-2.328322232E-1,3.772872577E-1
1.532758517E1,-9.397672862E-2,-2.787284553E-1,-2.278629094E-1,3.720788664E-1
1.533760117E1,-9.408111870E-2,-2.729669511E-1,-2.227054387E-1,3.646367038E-1
1.534761717E1,-1.011750922E-1,-2.713440061E-1,-2.153002173E-1,3.608575238E-1
1.535763317E1,-1.026797742E-1,-2.648072541E-1,-2.099778950E-1,3.532091933E-1
1.536764917E1,-1.063939109E-1,-2.600978613E-1,-1.997536570E-1,3.447783131E-1
1.537766517E1,-1.062780619E-1,-2.542831302E-1,-1.918861568E-1,3.358202404E-1
1.538768117E1,-1.031859964E-1,-2.460023910E-1,-1.822523326E-1,3.230796170E-1
1.539769717E1,-1.032776088E-1,-2.420614511E-1,-1.702369452E-1,3.134336103E-1
1.540771417E1,-1.021244824E-1,-2.316937000E-1,-1.537824720E-1,2.962438678E-1
1.541773017E1,-1.013822556E-1,-2.246152759E-1,-1.417082250E-1,2.842738203E-1
1.542774617E1,-9.811586887E-2,-2.166373134E-1,-1.259509772E-1,2.691135410E-1
1.543776217E1,-9.845408797E-2,-2.049649507E-1,-1.107046455E-1,2.529018722E-1
1.544777817E1,-9.269716591E-2,-1.968901008E-1,-9.584843367E-2,2.377927640E-1
1.545779417E1,-8.470395207E-2,-1.849610060E-1,-8.230226487E-2,2.194515802E-1
1.546781017E1,-7.913038880E-2,-1.766244918E-1,-6.754374504E-2,2.049877729E-1
1.547782617E1,-7.298700511E-2,-1.648535877E-1,-5.077035725E-2,1.873003937E-1
1.548784217E1,-6.797350198E-2,-1.525650024E-1,-3.579755127E-2,1.708155193E-1
1.549785817E1,-6.202053279E-2,-1.420782804E-1,-1.673064940E-2,1.559252991E-1
1.550787517E1,-5.509938300E-2,-1.306475699E-1,-3.088504076E-3,1.418247806E-1
1.551789117E1,-4.653066024E-2,-1.198694855E-1,1.526520308E-2,1.294867650E-1
1.552790717E1,-3.862874582E-2,-1.048652232E-1,2.464426309E-2,1.144387816E-1
1.553792317E1,-3.246405721E-2,-9.338966012E-2,3.884769976E-2,1.062294093E-1
1.554793917E1,-2.446776628E-2,-8.005890250E-2,5.190039426E-2,9.849746383E-2
1.555795517E1,-1.345799305E-2,-6.899346411E-2,6.604364514E-2,9.645195037E-2
1.556797117E1,-4.746345803E-3,-5.403991416E-2,7.646916062E-2,9.375698719E-2
1.557798717E1,1.371201593E-3,-4.177206382E-2,8.819745481E-2,9.759906016E-2
1.558800417E1,8.937176317E-3,-2.734459564E-2,9.872141480E-2,1.028276119E-1
1.559802017E1,1.694050804E-2,-1.506901998E-2,1.108622402E-1,1.131569374E-1
1.560803617E1,2.228581160E-2,9.045237675E-4,1.174744442E-1,1.195730764E-1
1.561805217E1,3.037835844E-2,1.393324044E-2,1.243951991E-1,1.288066202E-1
1.562806817E1,3.771428019E-2,2.581002377E-2,1.331948638E-1,1.408168882E-1
1.563808417E1,4.152819142E-2,3.967311233E-2,1.336255074E-1,1.454452569E-1
1.564810004E1,4.544509947E-2,4.800197482E-2,1.406060755E-1,1.553689645E-1
1.565811604E1,5.335628241E-2,6.009911746E-2,1.406827718E-1,1.620198725E-1
1.566813204E1,5.529161543E-2,7.558266073E-2,1.482310742E-1,1.753349728E-1
1.567814904E1,5.963230133E-2,8.505845070E-2,1.505741179E-1,1.829303594E-1
1.568816504E1,6.225410476E-2,9.461987019E-2,1.488149464E-1,1.870143889E-1
1.569818104E1,6.356704235E-2,1.070190072E-1,1.464695036E-1,1.922164204E-1
1.570819704E1,6.550236791E-2,1.192969531E-1,1.463393271E-1,1.998437436E-1
1.571821304E1,6.479902565E-2,1.284270585E-1,1.416170150E-1,2.018608481E-1
1.572822904E1,6.932187825E-2,1.401156336E-1,1.360409260E-1,2.072318680E-1
1.573824504E1,7.086704671E-2,1.496052742E-1,1.334041357E-1,2.126041858E-1
1.574826104E1,6.872840226E-2,1.591091454E-1,1.266625077E-1,2.146688246E-1
1.575827704E1,6.854277849E-2,1.675090194E-1,1.213244647E-1,2.178921976E-1
1.576829404E1,6.927958876E-2,1.745599210E-1,1.142636761E-1,2.198340627E-1
1.577831004E1,6.713707745E-2,1.813837290E-1,1.069754064E-1,2.210230347E-1
1.578832604E1,6.973098218E-2,1.881353110E-1,9.800456464E-2,2.232984546E-1
1.579834204E1,6.984017044E-2,1.971890032E-1,8.792477101E-2,2.269183064E-1
1.580835804E1,7.235400379E-2,2.040086091E-1,7.948705554E-2,2.305922948E-1
1.581837404E1,6.992573291E-2,2.099943310E-1,7.016759366E-2,2.321868178E-1
1.582839004E1,6.806758046E-2,2.142692953E-1,5.993807316E-2,2.326738040E-1
1.583840704E1,6.771897525E-2,2.209969610E-1,4.858421534E-2,2.361904790E-1
1.584842304E1,6.957359612E-2,2.252945751E-1,3.865585476E-2,2.389401723E-1
1.585843904E1,7.250732929E-2,2.271550596E-1,2.883038856E-2,2.401831076E-1
1.586845504E1,6.899289787E-2,2.307101935E-1,1.914068311E-2,2.415648548E-1
1.587847104E1,7.266912609E-2,2.351630032E-1,8.837179281E-3,2.462935966E-1
1.588848704E1,7.183241844E-2,2.387316972E-1,2.756825648E-3,2.493197138E-1
1.589850304E1,7.627989352E-2,2.398451716E-1,-7.075831294E-3,2.517824376E-1
1.590851904E1,7.815609127E-2,2.436199337E-1,-1.570047997E-2,2.563309419E-1
1.591853604E1,7.811667770E-2,2.421498746E-1,-2.321139164E-2,2.554947079E-1
1.592855204E1,7.737565041E-2,2.459538579E-1,-2.965990640E-2,2.595380541E-1
1.593856804E1,7.985211909E-2,2.455434501E-1,-3.623658419E-2,2.607317335E-1
1.594858404E1,8.430673182E-2,2.471951246E-1,-3.936628997E-2,2.641264081E-1
1.595860004E1,8.633153141E-2,2.469037771E-1,-4.587425664E-2,2.655542428E-1
1.596861604E1,8.811252564E-2,2.443640530E-1,-4.988189414E-2,2.645105120E-1
1.597863204E1,9.101217240E-2,2.429762781E-1,-4.875724018E-2,2.640037039E-1
1.598864804E1,9.422806650E-2,2.406649143E-1,-4.818096012E-2,2.629067028E-1
1.599866504E1,9.189593792E-2,2.432215661E-1,-4.693566635E-2,2.642055079E-1
1.600868104E1,9.310374409E-2,2.383324653E-1,-4.775187001E-2,2.602900541E-1
1.601869704E1,9.380975366E-2,2.323794961E-1,-4.329959676E-2,2.543134978E-1
1.602871304E1,9.014710784E-2,2.303371727E-1,-4.124500975E-2,2.507645610E-1
1.603872904E1,9.231678396E-2,2.286817431E-1,-3.688248619E-2,2.493552607E-1
1.604874504E1,9.407760203E-2,2.224770337E-1,-2.938906848E-2,2.433317552E-1
1.605876104E1,9.244854003E-2,2.150151283E-1,-2.305313945E-2,2.351801122E-1
1.606877804E1,8.766610175E-2,2.111025304E-1,-1.649310254E-2,2.291760157E-1
1.607879404E1,8.242686838E-2,2.082793117E-1,-9.482597932E-3,2.241971899E-1
1.608881004E1,7.954818755E-2,2.018101066E-1,-2.861319110E-3,2.169410529E-1
1.609882604E1,7.796174288E-2,1.929436475E-1,8.237138391E-3,2.082621783E-1
1.610884204E1,7.252284139E-2,1.882569939E-1,1.862801053E-2,2.026012365E-1
1.611885804E1,6.516852230E-2,1.808824390E-1,2.648167126E-2,1.940790353E-1
1.612887404E1,5.821892992E-2,1.707990617E-1,3.841993585E-2,1.844935087E-1
1.613889104E1,5.421992764E-2,1.637645960E-1,4.666721448E-2,1.787077848E-1
1.614890704E1,4.516378418E-2,1.561126262E-1,5.674877763E-2,1.721375706E-1
1.615892304E1,4.084626958E-2,1.465710551E-1,6.726320088E-2,1.663605425E-1
1.616893904E1,3.287323192E-2,1.311808228E-1,8.005418628E-2,1.571551157E-1
1.617895504E1,2.250767499E-2,1.264451891E-1,8.692114800E-2,1.550814859E-1
1.618897104E1,1.490408275E-2,1.159088835E-1,9.553331882E-2,1.509424260E-1
1.619898804E1,8.180666715E-3,1.029494181E-1,1.062805057E-1,1.481926175E-1
1.620900404E1,2.153267153E-3,9.599574655E-2,1.146693453E-1,1.495622903E-1
1.621902004E1,-9.047456086E-3,8.669812232E-2,1.220582873E-1,1.499888208E-1
1.622903604E1,-1.349512860E-2,7.312463969E-2,1.273261756E-1,1.474492672E-1
1.623905204E1,-2.277251519E-2,5.743196234E-2,1.337715685E-1,1.473494157E-1
1.624906804E1,-2.959413826E-2,4.695818201E-2,1.389626861E-1,1.496379363E-1
1.625908404E1,-3.654871508E-2,3.584933653E-2,1.393371373E-1,1.484446744E-1
1.626910104E1,-4.082189128E-2,2.364764176E-2,1.474836320E-1,1.548452759E-1
1.627911704E1,-4.728991166E-2,9.666845202E-3,1.480881721E-1,1.557558678E-1
1.628913304E1,-5.146860704E-2,1.473659649E-4,1.494764984E-1,1.580894139E-1
1.629914904E1,-5.435600877E-2,-1.332157105E-2,1.497875601E-1,1.599010729E-1
1.630916504E1,-5.653441325E-2,-2.564420551E-2,1.457826048E-1,1.584497808E-1
1.631918104E1,-6.418088078E-2,-3.716264293E-2,1.458904594E-1,1.636590164E-1
1.632919704E1,-6.608422846E-2,-4.874264449E-2,1.410441250E-1,1.632066660E-1
1.633921404E1,-6.619048864E-2,-6.278122962E-2,1.355457604E-1,1.633870152E-1
1.634923004E1,-6.785356998E-2,-7.800392061E-2,1.307161599E-1,1.666596324E-1
1.635924604E1,-6.852149218E-2,-8.946962655E-2,1.216907129E-1,1.658572837E-1
1.636926204E1,-6.486504525E-2,-1.017450094E-1,1.139963642E-1,1.659960604E-1
1.637927804E1,-6.349724531E-2,-1.132488027E-1,1.026281267E-1,1.654984105E-1
1.638929404E1,-6.172050908E-2,-1.256309301E-1,9.560780972E-2,1.695093069E-1
1.639931104E1,-6.294822693E-2,-1.365320385E-1,8.162461221E-2,1.710732420E-1
1.640932704E1,-6.127188727E-2,-1.471764445E-1,6.683745235E-2,1.728652511E-1
1.641934304E1,-5.883216858E-2,-1.623101383E-1,5.241350830E-2,1.804244466E-1
1.642935904E1,-5.635097250E-2,-1.744591892E-1,3.729099035E-2,1.870883715E-1
1.643937504E1,-5.477278307E-2,-1.825096607E-1,2.329261601E-2,1.919697372E-1
1.644939104E1,-5.461417884E-2,-1.933596581E-1,4.036147613E-3,2.009650627E-1
1.645940804E1,-5.123542994E-2,-2.024623454E-1,-1.053933334E-2,2.091103731E-1
1.646942404E1,-4.850090295E-2,-2.135092318E-1,-3.137610480E-2,2.211854191E-1
1.647944004E1,-4.781008139E-2,-2.208518386E-1,-4.969465733E-2,2.313674512E-1
1.648945604E1,-4.623056948E-2,-2.302002013E-1,-6.639470160E-2,2.440033906E-1
1.649947204E1,-4.629368708E-2,-2.377087176E-1,-8.609303832E-2,2.570224720E-1
1.650948804E1,-4.346746206E-2,-2.458714843E-1,-1.032947078E-1,2.702073347E-1
1.651950504E1,-4.588667676E-2,-2.526705563E-1,-1.237879992E-1,2.850815074E-1
1.652952104E1,-4.640041292E-2,-2.576744854E-1,-1.379015893E-1,2.959155067E-1
1.653953704E1,-4.800230265E-2,-2.629488707E-1,-1.585775763E-1,3.107944294E-1
1.654955304E1,-4.961762577E-2,-2.672018707E-1,-1.725932807E-1,3.219428350E-1
1.655956904E1,-5.251461267E-2,-2.739809453E-1,-1.913933307E-1,3.383116167E-1
1.656958504E1,-5.689911172E-2,-2.761430740E-1,-2.034064382E-1,3.476588635E-1
1.657960204E1,-5.937611684E-2,-2.791771889E-1,-2.191973925E-1,3.598790393E-1
1.658961804E1,-6.156370789E-2,-2.805524468E-1,-2.319632620E-1,3.691974004E-1
1.659963404E1,-6.604474038E-2,-2.812131941E-1,-2.392464727E-1,3.750755164E-1
1.660965004E1,-7.373054326E-2,-2.807084322E-1,-2.530758083E-1,3.850724369E-1
1.661966604E1,-7.843794674E-2,-2.811750174E-1,-2.597251832E-1,3.907288992E-1
1.662968204E1,-8.134650439E-2,-2.810067236E-1,-2.674038112E-1,3.963418105E-1
1.663969904E1,-8.784062415E-2,-2.777938843E-1,-2.697777450E-1,3.970710882E-1
1.664971529E1,-8.962869644E-2,-2.753335834E-1,-2.732953727E-1,3.981610806E-1
1.665973129E1,-9.448496997E-2,-2.706086040E-1,-2.757244408E-1,3.977189879E-1
1.666974729E1,-9.841217846E-2,-2.672577798E-1,-2.770035565E-1,3.972941581E-1
1.667976329E1,-1.029510051E-1,-2.620369196E-1,-2.722418308E-1,3.916348697E-1
1.668977929E1,-1.039940864E-1,-2.565339804E-1,-2.681123316E-1,3.853682336E-1
1.669979629E1,-1.081861630E-1,-2.518809140E-1,-2.641175687E-1,3.806656417E-1
1.670981229E1,-1.117673293E-1,-2.413817644E-1,-2.547040582E-1,3.682814811E-1
1.671982829E1,-1.061525866E-1,-2.366772890E-1,-2.459888458E-1,3.574842976E-1
1.672984429E1,-1.096344739E-1,-2.273596227E-1,-2.346057594E-1,3.446040891E-1
1.673986029E1,-1.083412394E-1,-2.171474695E-1,-2.242061198E-1,3.303925420E-1
1.674987629E1,-1.079908311E-1,-2.098127455E-1,-2.094717324E-1,3.155341732E-1
1.675989329E1,-1.052275375E-1,-1.963962764E-1,-1.958832294E-1,2.966724988E-1
1.676990929E1,-9.886993468E-2,-1.859043539E-1,-1.791839153E-1,2.764824918E-1
1.677992529E1,-9.639213234E-2,-1.761696935E-1,-1.633535624E-1,2.588659700E-1
1.678994129E1,-8.799712360E-2,-1.659068912E-1,-1.475909054E-1,2.388549051E-1
1.679995729E1,-8.605993539E-2,-1.525756419E-1,-1.304808855E-1,2.184282501E-1
1.680997429E1,-7.685554028E-2,-1.395763606E-1,-1.082274318E-1,1.926175264E-1
1.681999029E1,-7.270181179E-2,-1.283804327E-1,-8.743506670E-2,1.714992123E-1
1.683000629E1,-6.250467896E-2,-1.124363616E-1,-7.056813687E-2,1.467263857E-1
1.684002229E1,-5.539696664E-2,-1.024513766E-1,-5.061786622E-2,1.269932158E-1
1.685003829E1,-4.601198807E-2,-8.400765061E-2,-3.224898130E-2,1.010662417E-1
1.686005429E1,-3.733514249E-2,-7.498033345E-2,-1.292987633E-2,8.475343634E-2
1.687007129E1,-2.603968047E-2,-6.192093715E-2,7.422474213E-3,6.758225018E-2
1.688008729E1,-1.484188717E-2,-4.897158220E-2,2.593597025E-2,5.736873740E-2
1.689010329E1,-6.023336668E-3,-3.544337302E-2,4.652106389E-2,5.879389987E-2
1.690011929E1,1.492370153E-3,-2.045084350E-2,6.493149698E-2,6.809231578E-2
1.691013529E1,1.299934741E-2,-6.110835820E-3,8.152434230E-2,8.278009262E-2
1.692015229E1,2.365971543E-2,8.804463781E-3,9.805831313E-2,1.012557825E-1
1.693016829E1,2.906033956E-2,2.310563996E-2,1.133227572E-1,1.192494077E-1
1.694018429E1,3.909140080E-2,3.214786947E-2,1.292945445E-1,1.388477668E-1
1.695020029E1,4.749767855E-2,4.790370911E-2,1.431626529E-1,1.582603551E-1
1.696021629E1,5.276487768E-2,6.133962423E-2,1.530967802E-1,1.731626574E-1
1.697023329E1,5.979931355E-2,7.429637015E-2,1.677379161E-1,1.929557385E-1
1.698024929E1,6.496237963E-2,8.676049858E-2,1.780049354E-1,2.084064584E-1
1.699026529E1,7.193232328E-2,9.692494571E-2,1.892594248E-1,2.244723460E-1
1.700028129E1,7.656062394E-2,1.098287627E-1,1.984912753E-1,2.394215375E-1
1.701029729E1,8.062976599E-2,1.218045503E-1,2.006556243E-1,2.481938500E-1
1.702031429E1,8.503836393E-2,1.335229874E-1,2.064453363E-1,2.601530096E-1
1.703033029E1,8.676549792E-2,1.420740932E-1,2.121783793E-1,2.696904971E-1
1.704034629E1,8.752050251E-2,1.541938782E-1,2.131142169E-1,2.772242051E-1
1.705036229E1,8.902131766E-2,1.620407104E-1,2.133599073E-1,2.823197423E-1
1.706037829E1,8.829294890E-2,1.716137081E-1,2.121074200E-1,2.867690138E-1
1.707039429E1,8.949752897E-2,1.783944517E-1,2.099975199E-1,2.897125238E-1
1.708041129E1,8.613342792E-2,1.887589395E-1,2.068877518E-1,2.930041749E-1
1.709042729E1,8.574291319E-2,1.963402033E-1,2.019859850E-1,2.944480612E-1
1.710044329E1,8.618898690E-2,2.040396631E-1,1.954734921E-1,2.954159977E-1
1.711045929E1,8.573844284E-2,2.081248462E-1,1.890489757E-1,2.939499063E-1
1.712047629E1,8.066538721E-2,2.169649452E-1,1.802163273E-1,2.933574897E-1
1.713049229E1,7.946742326E-2,2.211921811E-1,1.704693884E-1,2.903461119E-1
1.714050829E1,7.705698907E-2,2.259006500E-1,1.600119472E-1,2.873546702E-1
1.715052429E1,7.701543719E-2,2.303154171E-1,1.483551413E-1,2.845800711E-1
1.716054029E1,7.448303699E-2,2.352305502E-1,1.349887252E-1,2.812527164E-1
1.717055729E1,7.451535761E-2,2.398601919E-1,1.241106987E-1,2.801587331E-1
1.718057329E1,7.110757381E-2,2.403957397E-1,1.091935337E-1,2.734403527E-1
1.719058929E1,6.970956922E-2,2.429688573E-1,9.381467849E-2,2.696191454E-1
1.720060529E1,7.052742690E-2,2.459012568E-1,8.065013587E-2,2.682274976E-1
1.721062129E1,6.972610205E-2,2.500147223E-1,6.465829164E-2,2.674879163E-1
1.722063829E1,7.057405263E-2,2.505228519E-1,4.573413357E-2,2.642612481E-1
1.723065429E1,7.000187039E-2,2.479813993E-1,3.501271829E-2,2.600402405E-1
1.724067029E1,6.968921423E-2,2.486887276E-1,1.942443661E-2,2.589980281E-1
1.725068629E1,6.908474863E-2,2.498298436E-1,6.162488833E-3,2.592790573E-1
1.726070229E1,7.201209664E-2,2.465642840E-1,-8.480636403E-3,2.570050766E-1
1.727071929E1,7.404335588E-2,2.461327761E-1,-1.796009578E-2,2.576554426E-1
1.728073529E1,7.687322795E-2,2.435889393E-1,-2.855494991E-2,2.570222747E-1
1.729075129E1,7.904158533E-2,2.431032211E-1,-3.854661435E-2,2.585199988E-1
1.730076729E1,8.113536239E-2,2.378381640E-1,-4.902136326E-2,2.560332661E-1
1.731078329E1,8.258979023E-2,2.371118516E-1,-5.674606562E-2,2.574164322E-1
1.732080029E1,8.387210220E-2,2.282549888E-1,-6.616246700E-2,2.520165500E-1
1.733081629E1,8.683090657E-2,2.247631997E-1,-7.302068919E-2,2.517739528E-1
1.734083229E1,8.362259716E-2,2.236968726E-1,-8.028872311E-2,2.519510044E-1
1.735084829E1,8.872245997E-2,2.162906229E-1,-7.967183739E-2,2.469836232E-1
1.736086429E1,8.973392844E-2,2.094098181E-1,-7.779111713E-2,2.407407479E-1
1.737088129E1,9.073970467E-2,2.040333748E-1,-8.041463047E-2,2.373390504E-1
1.738089729E1,9.080921113E-2,1.972865164E-1,-8.428446949E-2,2.329638474E-1
1.739091329E1,8.995122463E-2,1.902876943E-1,-7.944344729E-2,2.249708664E-1
1.740092929E1,8.711655438E-2,1.824614555E-1,-7.751665264E-2,2.165417009E-1
1.741094629E1,8.284547925E-2,1.779578328E-1,-7.398819923E-2,2.097775425E-1
1.742096229E1,8.311392367E-2,1.704711467E-1,-6.621629745E-2,2.008803978E-1
1.743097829E1,8.208677173E-2,1.574976742E-1,-6.177870557E-2,1.880435161E-1
1.744099429E1,7.320299745E-2,1.516397893E-1,-5.368615687E-2,1.767357009E-1
1.745101029E1,6.958547235E-2,1.432751119E-1,-4.402671382E-2,1.652520717E-1
1.746102729E1,6.674893945E-2,1.302549094E-1,-3.898854554E-2,1.514657355E-1
1.747104329E1,5.999359488E-2,1.234425977E-1,-2.659674548E-2,1.398023362E-1
1.748105929E1,5.223421007E-2,1.122243032E-1,-1.847623475E-2,1.251562151E-1
1.749107529E1,4.463043436E-2,1.026590839E-1,-7.884938270E-3,1.122182491E-1
1.750109229E1,3.596317768E-2,9.111507982E-2,7.627708837E-3,9.825217484E-2
1.751110829E1,2.925980464E-2,8.148264140E-2,1.563749462E-2,8.797777137E-2
1.752112429E1,2.175395191E-2,7.278049737E-2,2.542274818E-2,8.010337912E-2
1.753114029E1,1.454525255E-2,6.053511798E-2,3.340816125E-2,7.065529081E-2
1.754115629E1,2.842523158E-3,5.184202641E-2,4.633434489E-2,6.958841252E-2
1.755117329E1,-6.138132885E-3,3.927712888E-2,5.811677873E-2,7.041256634E-2
1.756118929E1,-1.282133628E-2,2.619994059E-2,6.770921499E-2,7.372490315E-2
1.757120529E1,-2.336683497E-2,1.592174172E-2,7.944368571E-2,8.432561909E-2
1.758122129E1,-2.811844647E-2,5.380683579E-3,8.675219864E-2,9.135394220E-2
1.759123829E1,-3.660415113E-2,-7.327868138E-3,9.664498270E-2,1.036041226E-1
1.760125429E1,-4.518751800E-2,-1.389495749E-2,1.050302088E-1,1.151795398E-1
1.761127029E1,-5.010428280E-2,-3.008974344E-2,1.126646101E-1,1.269218113E-1
1.762128629E1,-5.446147919E-2,-4.070856422E-2,1.173299253E-1,1.356080797E-1
1.763130229E1,-6.045258045E-2,-5.001647025E-2,1.230492592E-1,1.459358831E-1
1.764131929E1,-6.312932819E-2,-6.135514379E-2,1.262889951E-1,1.539437431E-1
1.765133529E1,-6.972646713E-2,-7.343407720E-2,1.321376562E-1,1.664773381E-1
1.766135129E1,-7.104313374E-2,-8.369470388E-2,1.318747997E-1,1.715893153E-1
1.767136729E1,-7.534586638E-2,-9.360415488E-2,1.346836537E-1,1.804949417E-1
1.768138429E1,-7.728092372E-2,-1.075146422E-1,1.342692524E-1,1.885735178E-1
1.769140029E1,-7.796216011E-2,-1.174263954E-1,1.291187108E-1,1.911509828E-1
1.770141629E1,-7.901863009E-2,-1.250233352E-1,1.260928214E-1,1.943558022E-1
1.771143229E1,-7.651545107E-2,-1.368749887E-1,1.195972860E-1,1.972127977E-1
1.772144929E1,-7.916956395E-2,-1.484647989E-1,1.148496643E-1,2.037156395E-1
1.773146529E1,-7.799429446E-2,-1.612934619E-1,1.080604568E-1,2.092265594E-1
1.774148129E1,-7.540410012E-2,-1.684746742E-1,9.889998287E-2,2.094055892E-1
1.775149729E1,-7.211636007E-2,-1.791649163E-1,9.109634906E-2,2.135401167E-1
1.776151429E1,-6.981139630E-2,-1.862190962E-1,7.851025462E-2,2.138107643E-1
1.777153029E1,-6.842146069E-2,-1.957230121E-1,6.422167271E-2,2.170562531E-1
1.778154629E1,-6.516440958E-2,-2.024389654E-1,4.909731820E-2,2.182624147E-1
1.779156229E1,-6.301435083E-2,-2.127901465E-1,3.668704256E-2,2.249364220E-1
1.780157929E1,-6.296614558E-2,-2.210653871E-1,1.881563105E-2,2.306266872E-1
1.781159529E1,-5.743895099E-2,-2.272399664E-1,3.521161387E-3,2.344133827E-1
1.782161129E1,-5.628074333E-2,-2.338984013E-1,-1.547756419E-2,2.410716474E-1
1.783162729E1,-5.668992922E-2,-2.399034053E-1,-3.585620597E-2,2.491045151E-1
1.784164429E1,-5.391624570E-2,-2.478428185E-1,-5.102424324E-2,2.587208875E-1
1.785166029E1,-5.726536736E-2,-2.510711551E-1,-6.880114228E-2,2.665513916E-1
1.786167629E1,-5.603285506E-2,-2.568315566E-1,-8.802516758E-2,2.772193345E-1
1.787169229E1,-5.389948562E-2,-2.610718608E-1,-1.061744019E-1,2.869436786E-1
1.788170929E1,-5.755867064E-2,-2.621965110E-1,-1.248231903E-1,2.960419561E-1
1.789172529E1,-5.685234815E-2,-2.673373222E-1,-1.434258372E-1,3.086622817E-1
1.790174129E1,-5.911789834E-2,-2.695799768E-1,-1.610202789E-1,3.195243653E-1
1.791175729E1,-6.530644000E-2,-2.698635459E-1,-1.772282273E-1,3.293950653E-1
1.792177329E1,-8.809670806E-2,-2.675305903E-1,-1.914993078E-1,3.405959947E-1
1.793179029E1,-1.522684813E0,-1.059761718E-1,-4.637837410E-1,1.595272812E0
1.794180629E1,-8.753329515E-1,-8.901380897E-1,-6.635043025E-1,1.413786248E0
1.795182229E1,-4.060906917E-2,-1.163122296E0,-9.148889780E-1,1.480379821E0
1.796183829E1,8.293947577E-1,-7.710690498E-1,-1.108547926E0,1.584715005E0
1.797185529E1,9.502803683E-1,-1.635211892E-2,-1.178504705E0,1.513992573E0
1.798187129E1,2.296934277E-1,5.769756436E-1,-1.124443889E0,1.284536501E0