"Time (s)","Gyroscope x (rad/s)","Gyroscope y (rad/s)","Gyroscope z (rad/s)","Absolute (rad/s)"
2.786416662E-3,3.425698355E-2,4.974353686E-2,3.374003768E-1,3.427637301E-1
1.280241666E-2,1.159198880E-1,5.967232957E-2,2.977555096E-1,3.250485362E-1
2.281941667E-2,1.363540739E-1,1.815469116E-1,2.635673583E-1,3.478785232E-1
3.283641666E-2,9.730228782E-2,2.627762556E-1,2.365253568E-1,3.666924326E-1
4.285341667E-2,5.612688512E-2,2.197267860E-1,2.151449621E-1,3.125978926E-1
5.287041666E-2,3.660353646E-2,1.271202117E-1,1.887670755E-1,2.305046115E-1
6.288641666E-2,3.924247622E-2,8.860852569E-2,1.565724015E-1,1.841367961E-1
7.290341666E-2,4.710386321E-2,1.196183786E-1,1.235681176E-1,1.783154792E-1
8.292041667E-2,4.996139184E-2,2.085896581E-1,8.884171396E-2,2.321607984E-1
9.293741666E-2,4.530911520E-2,3.034509122E-1,4.948125780E-2,3.107792897E-1
1.029544167E-1,5.052469298E-2,3.085976243E-1,1.899377070E-2,3.132826226E-1
1.129714167E-1,5.132710189E-2,2.229135931E-1,-1.572719216E-2,2.292864713E-1
1.229874167E-1,3.056657314E-2,1.285526454E-1,-4.475581646E-2,1.395105055E-1
1.330044167E-1,2.840344387E-4,1.208923236E-1,-7.800831646E-2,1.438760995E-1
1.430214167E-1,7.283852901E-4,1.913764626E-1,-1.117045805E-1,2.215928570E-1
1.530384167E-1,3.687866777E-2,2.462820709E-1,-1.467168927E-1,2.890341523E-1
1.630544167E-1,5.754478276E-2,2.522771060E-1,-1.764215380E-1,3.131767861E-1
1.730714167E-1,4.333176091E-2,2.234840542E-1,-2.009748220E-1,3.036669937E-1
1.830884167E-1,1.605567522E-2,2.022581398E-1,-2.248082310E-1,3.028281370E-1
1.931054167E-1,2.634266764E-2,2.017153949E-1,-2.478805333E-1,3.206677337E-1
2.031224167E-1,5.863572285E-2,2.161396742E-1,-2.695582509E-1,3.504513624E-1
2.131384167E-1,7.148841023E-2,2.312523127E-1,-2.888179719E-1,3.768342418E-1
2.231554167E-1,6.321335584E-2,2.126586586E-1,-3.045825064E-1,3.768157861E-1
2.331724167E-1,5.195830390E-2,1.741637290E-1,-3.107570410E-1,3.600036227E-1
2.431894167E-1,6.286539882E-2,1.663522273E-1,-3.201317191E-1,3.662095568E-1
2.532064167E-1,8.436802775E-2,1.977807283E-1,-3.278594017E-1,3.920803080E-1
2.632224167E-1,1.071771532E-1,2.359346300E-1,-3.327805102E-1,4.217759592E-1
2.732394167E-1,1.100845262E-1,2.467523962E-1,-3.283479512E-1,4.252266748E-1
2.832564167E-1,1.126509905E-1,2.362469584E-1,-3.251217306E-1,4.173811336E-1
2.932734167E-1,1.182369739E-1,2.056245953E-1,-3.158398271E-1,3.949889271E-1
3.032904167E-1,1.225273833E-1,1.816560328E-1,-3.014602363E-1,3.726796855E-1
3.133064167E-1,1.142164543E-1,1.721895635E-1,-2.901545763E-1,3.562082570E-1
3.233234167E-1,1.124471202E-1,1.777784079E-1,-2.741830051E-1,3.455804356E-1
3.333404167E-1,1.265895665E-1,1.934889257E-1,-2.554050684E-1,3.445208726E-1
3.433574167E-1,1.369170249E-1,2.060888112E-1,-2.316730320E-1,3.389561381E-1
3.533734167E-1,1.358589530E-1,2.090276182E-1,-2.085554600E-1,3.250316602E-1
3.633904167E-1,1.249177679E-1,2.001115084E-1,-1.801010817E-1,2.967919544E-1
3.734074167E-1,1.163642183E-1,1.879110485E-1,-1.501154900E-1,2.671813126E-1
3.834244167E-1,1.162300333E-1,1.758667231E-1,-1.213563532E-1,2.432403942E-1
3.934414167E-1,1.126235798E-1,1.665898561E-1,-9.113480151E-2,2.207754582E-1
4.034574167E-1,9.946736693E-2,1.626896113E-1,-5.657465011E-2,1.989028852E-1
4.134744167E-1,8.613265306E-2,1.640398353E-1,-2.766150795E-2,1.873314189E-1
4.234914167E-1,7.870554179E-2,1.604459286E-1,5.999466404E-3,1.788112186E-1
4.335084167E-1,7.207667083E-2,1.663789302E-1,4.018992931E-2,1.857208263E-1
4.435254167E-1,5.679350719E-2,1.662010550E-1,7.495743781E-2,1.909631133E-1
4.535414167E-1,4.751478881E-2,1.597154588E-1,1.064120382E-1,1.977124295E-1
4.635584167E-1,3.012259677E-2,1.450524032E-1,1.381915212E-1,2.025943411E-1
4.735754167E-1,1.258141920E-2,1.257719249E-1,1.703294814E-1,2.121061089E-1
4.835924167E-1,-4.143100698E-3,1.123121902E-1,1.956391931E-1,2.256233304E-1
4.936084167E-1,-1.768341102E-2,1.031482518E-1,2.260264009E-1,2.490787000E-1
5.036254167E-1,-3.076389432E-2,1.035156995E-1,2.477387190E-1,2.702524563E-1
5.136424167E-1,-3.997976333E-2,1.086651906E-1,2.742041647E-1,2.976481633E-1
5.236594167E-1,-5.127400160E-2,1.025792360E-1,2.936697900E-1,3.152672969E-1
5.336764167E-1,-6.502523273E-2,8.505190909E-2,3.121987283E-1,3.300456849E-1
5.436924167E-1,-7.680208981E-2,7.142582536E-2,3.282379210E-1,3.445872057E-1
5.537094167E-1,-8.846513927E-2,5.637816340E-2,3.456265032E-1,3.611955951E-1
5.637264167E-1,-9.495499730E-2,4.218431562E-2,3.585081995E-1,3.732614326E-1
5.737434167E-1,-1.064228341E-1,2.815718390E-2,3.645969927E-1,3.808537957E-1
5.837604167E-1,-1.129309982E-1,1.347912103E-2,3.712149858E-1,3.882469096E-1
5.937764167E-1,-1.149954796E-1,3.015827388E-3,3.741900027E-1,3.914731327E-1
6.037934167E-1,-1.168109179E-1,-3.758358769E-3,3.743241727E-1,3.921447463E-1
6.138104167E-1,-1.199363992E-1,-1.109590009E-2,3.698055744E-1,3.889267562E-1
6.238274167E-1,-1.168770567E-1,-2.274698205E-2,3.616792262E-1,3.807749128E-1
6.338434167E-1,-1.185279489E-1,-3.869239241E-2,3.516899943E-1,3.731378137E-1
6.438604167E-1,-1.165004894E-1,-5.910207704E-2,3.380633891E-1,3.624255435E-1
6.538774167E-1,-1.115869582E-1,-7.772422582E-2,3.235464990E-1,3.509630202E-1
6.638944167E-1,-1.095274389E-1,-9.354816377E-2,3.073712289E-1,3.394474793E-1
6.739114167E-1,-1.016729772E-1,-1.060836613E-1,2.840326130E-1,3.197900292E-1
6.839274167E-1,-9.543992579E-2,-1.150875092E-1,2.590001822E-1,2.990568651E-1
6.939444167E-1,-8.622857928E-2,-1.255942136E-1,2.324490100E-1,2.779241203E-1
7.039614167E-1,-7.703150809E-2,-1.343394071E-1,2.041482925E-1,2.562371068E-1
7.139784167E-1,-6.664490700E-2,-1.468322873E-1,1.724074036E-1,2.360626549E-1
7.239944167E-1,-6.305663288E-2,-1.608404815E-1,1.394432783E-1,2.220140250E-1
7.340114167E-1,-5.714122579E-2,-1.760047674E-1,1.055300534E-1,2.130243883E-1
7.440284167E-1,-4.774256796E-2,-1.923517734E-1,7.115767151E-2,2.105753351E-1
7.540454167E-1,-4.151982814E-2,-2.046989799E-1,2.966536023E-2,2.109635089E-1
7.640624167E-1,-3.591676429E-2,-2.128475904E-1,-8.232902735E-3,2.160136371E-1
7.740784167E-1,-2.876777202E-2,-2.163698971E-1,-4.574006796E-2,2.230149567E-1
7.840959167E-1,-2.220192365E-2,-2.248696536E-1,-8.903688937E-2,2.428720943E-1
7.941129167E-1,-1.961626112E-2,-2.334772646E-1,-1.265991777E-1,2.663151941E-1
8.041299167E-1,-1.581387222E-2,-2.423617840E-1,-1.627702862E-1,2.923755786E-1
8.141459167E-1,-1.305244025E-2,-2.530357242E-1,-2.033515424E-1,3.248835079E-1
8.241629167E-1,-1.731114462E-2,-2.581696212E-1,-2.395802289E-1,3.526328333E-1
8.341799167E-1,-1.797773317E-2,-2.677815259E-1,-2.772637010E-1,3.858825007E-1
8.441969167E-1,-2.089356259E-2,-2.743119299E-1,-3.115931153E-1,4.156607335E-1
8.542139167E-1,-2.247921005E-2,-2.767585814E-1,-3.406740427E-1,4.394990678E-1
8.642299167E-1,-2.910262533E-2,-2.758297920E-1,-3.725725114E-1,4.644774626E-1
8.742469167E-1,-3.653790429E-2,-2.784716487E-1,-4.006435573E-1,4.892818590E-1
8.842639167E-1,-4.083574563E-2,-2.802408934E-1,-4.240483344E-1,5.099210785E-1
8.942809167E-1,-5.104550719E-2,-2.803032100E-1,-4.464010298E-1,5.295747471E-1
9.042969167E-1,-5.707275122E-2,-2.840278447E-1,-4.636914134E-1,5.467529994E-1
9.143139167E-1,-6.613709033E-2,-2.856028378E-1,-4.767054617E-1,5.596348747E-1
9.243309167E-1,-7.774007320E-2,-2.834513485E-1,-4.882086515E-1,5.698560111E-1
9.343479167E-1,-8.349143714E-2,-2.801543772E-1,-4.952489734E-1,5.750902892E-1
9.443649167E-1,-9.181891382E-2,-2.796160281E-1,-4.968882501E-1,5.775065101E-1
9.543809167E-1,-1.056479067E-1,-2.741794586E-1,-5.004579425E-1,5.803395626E-1
9.643979167E-1,-1.143147498E-1,-2.672920525E-1,-4.954013526E-1,5.744000379E-1
9.744149167E-1,-1.184748784E-1,-2.641068995E-1,-4.890193343E-1,5.682681238E-1
9.844319167E-1,-1.242042556E-1,-2.612832487E-1,-4.754016995E-1,5.565091276E-1
9.944479167E-1,-1.312291473E-1,-2.529771328E-1,-4.633977711E-1,5.440183941E-1
1.004464917E0,-1.352081448E-1,-2.478488684E-1,-4.411098361E-1,5.237253015E-1
1.014481917E0,-1.383322924E-1,-2.414405048E-1,-4.205174744E-1,5.042462561E-1
1.024498917E0,-1.387355030E-1,-2.322904170E-1,-3.955585957E-1,4.792420893E-1
1.034515917E0,-1.379738301E-1,-2.224732041E-1,-3.694694936E-1,4.528121145E-1
1.044531917E0,-1.366619915E-1,-2.135769874E-1,-3.372262716E-1,4.219160909E-1
1.054548917E0,-1.305148900E-1,-2.011245787E-1,-3.049783111E-1,3.879394320E-1
1.064565917E0,-1.259398162E-1,-1.910886467E-1,-2.732966244E-1,3.564642382E-1
1.074582917E0,-1.173090339E-1,-1.792338490E-1,-2.344712019E-1,3.175892419E-1
1.084598917E0,-1.130946800E-1,-1.653864980E-1,-1.963906288E-1,2.805572659E-1
1.094615917E0,-1.047155783E-1,-1.556031108E-1,-1.568077952E-1,2.444716038E-1
1.104632917E0,-9.078773856E-2,-1.452715099E-1,-1.179979518E-1,2.080138017E-1
1.114649917E0,-7.853320241E-2,-1.308150738E-1,-7.593571395E-2,1.704296925E-1
1.124665917E0,-6.526166946E-2,-1.166179851E-1,-3.720221668E-2,1.387185816E-1
1.134682917E0,-5.097221956E-2,-9.790049493E-2,4.690372385E-3,1.104747648E-1
1.144699917E0,-3.821274638E-2,-8.285176754E-2,4.479251802E-2,1.016415222E-1
1.154716917E0,-2.302314341E-2,-6.941398978E-2,8.428773284E-2,1.115920652E-1
1.164733917E0,-4.511021078E-3,-5.633427575E-2,1.246179715E-1,1.368339824E-1
1.174749917E0,7.406092249E-3,-4.025996476E-2,1.607773155E-1,1.659067815E-1
1.184766917E0,2.273169160E-2,-2.442802675E-2,2.007761449E-1,2.035301418E-1
1.194783917E0,3.936978802E-2,-1.000860706E-2,2.350321114E-1,2.385167621E-1
1.204800917E0,5.153067037E-2,6.002057344E-3,2.656733692E-1,2.706912887E-1
1.214816917E0,6.595354527E-2,2.101562731E-2,2.958970368E-1,3.038858060E-1
1.224833917E0,7.940104604E-2,3.560160846E-2,3.244846463E-1,3.359498271E-1
1.234850917E0,8.942944556E-2,5.090120435E-2,3.523988426E-1,3.671151081E-1
1.244867917E0,1.012583077E-1,6.732062250E-2,3.755513430E-1,3.947456425E-1
1.254884917E0,1.093734950E-1,8.099675179E-2,3.975197673E-1,4.201725843E-1
1.264900917E0,1.178898662E-1,9.518963844E-2,4.149308503E-1,4.417314776E-1
1.274917917E0,1.235690564E-1,1.103824377E-1,4.306696057E-1,4.614432831E-1
1.284934917E0,1.243495122E-1,1.207843870E-1,4.414773285E-1,4.742930538E-1
1.294951917E0,1.285993904E-1,1.369428635E-1,4.511123896E-1,4.886650582E-1
1.304967917E0,1.284880638E-1,1.465193033E-1,4.570054412E-1,4.968209557E-1
1.314984917E0,1.335866898E-1,1.589991450E-1,4.609525204E-1,5.055723072E-1
1.325001917E0,1.286505014E-1,1.691579670E-1,4.580811560E-1,5.049789251E-1
1.335018917E0,1.246022210E-1,1.780305654E-1,4.523702860E-1,5.018560265E-1
1.345034917E0,1.229675487E-1,1.892256141E-1,4.449936450E-1,4.989455833E-1
1.355051917E0,1.169661134E-1,1.977490634E-1,4.340392649E-1,4.910965763E-1
1.365068917E0,1.094677672E-1,2.053149641E-1,4.192080200E-1,4.794505089E-1
1.375085917E0,1.027627289E-1,2.121819258E-1,4.022780359E-1,4.662713440E-1
1.385101917E0,9.627594799E-2,2.175507843E-1,3.821731210E-1,4.501707413E-1
1.395118917E0,9.160636365E-2,2.249887139E-1,3.581085205E-1,4.327278125E-1
1.405135917E0,8.499944210E-2,2.287265658E-1,3.323391676E-1,4.122985198E-1
1.415152917E0,7.592391968E-2,2.349482477E-1,3.030654192E-1,3.909140174E-1
1.425169917E0,6.633301824E-2,2.369201034E-1,2.756092250E-1,3.694477631E-1
1.435185917E0,6.032172590E-2,2.373326272E-1,2.419093102E-1,3.442173745E-1
1.445202917E0,5.071768537E-2,2.389849275E-1,2.068045139E-1,3.200846547E-1
1.455219917E0,4.720817134E-2,2.413000315E-1,1.726979464E-1,3.004644694E-1
1.465236917E0,4.192000628E-2,2.409401834E-1,1.365295947E-1,2.800888950E-1
1.475252917E0,4.054501653E-2,2.390210927E-1,9.887010604E-2,2.618210820E-1
1.485269917E0,3.815873340E-2,2.393220216E-1,5.992056802E-2,2.496429319E-1
1.495286917E0,3.671103716E-2,2.370359749E-1,2.325150371E-2,2.409862777E-1
1.505303917E0,3.181590140E-2,2.349300086E-1,-1.404318400E-2,2.374901505E-1
1.515319917E0,3.209260479E-2,2.316718847E-1,-5.214369670E-2,2.396262977E-1
1.525336917E0,3.613530844E-2,2.294216156E-1,-8.524633944E-2,2.474004378E-1
1.535353917E0,3.911591694E-2,2.243221849E-1,-1.227700114E-1,2.586947493E-1
1.545370917E0,4.377277195E-2,2.204498351E-1,-1.560093462E-1,2.735929485E-1
1.555387917E0,4.824901372E-2,2.173224837E-1,-1.872628629E-1,2.909027485E-1
1.565403917E0,5.456791446E-2,2.133975774E-1,-2.159180194E-1,3.084424978E-1
1.575420917E0,5.974616483E-2,2.097080350E-1,-2.421903759E-1,3.258883894E-1
1.585437917E0,6.757385284E-2,2.011926770E-1,-2.661346793E-1,3.404003326E-1
1.595454917E0,7.557984442E-2,1.982759833E-1,-2.895390689E-1,3.589687325E-1
1.605470917E0,8.308834583E-2,1.946537495E-1,-3.057326078E-1,3.718416100E-1
1.615487917E0,9.083122015E-2,1.873473674E-1,-3.198441565E-1,3.816407094E-1
1.625504917E0,9.744057804E-2,1.812863350E-1,-3.320867717E-1,3.906930067E-1
1.635521917E0,1.040817052E-1,1.776846796E-1,-3.432475626E-1,4.002795723E-1
1.645537917E0,1.125123501E-1,1.690532714E-1,-3.439976871E-1,3.994652003E-1
1.655554917E0,1.170527712E-1,1.652058065E-1,-3.460741639E-1,4.009509155E-1
1.665571917E0,1.230942234E-1,1.605388373E-1,-3.482078314E-1,4.027078345E-1
1.675588917E0,1.261781752E-1,1.561464816E-1,-3.384012878E-1,3.934692964E-1
1.685604917E0,1.306564361E-1,1.500145197E-1,-3.307406306E-1,3.859596160E-1
1.695621917E0,1.317565888E-1,1.400226057E-1,-3.192168772E-1,3.726466738E-1
1.705638917E0,1.288338453E-1,1.367452592E-1,-3.046362698E-1,3.579115568E-1
1.715655917E0,1.279406250E-1,1.287469864E-1,-2.885893881E-1,3.409229018E-1
1.725671917E0,1.255474836E-1,1.248818934E-1,-2.697320580E-1,3.226655251E-1
1.735688917E0,1.198480502E-1,1.170777678E-1,-2.475697547E-1,2.989340100E-1
1.745705917E0,1.130848601E-1,1.161072999E-1,-2.216665000E-1,2.745999416E-1
1.755722917E0,1.064501256E-1,1.072970182E-1,-1.973140240E-1,2.485500018E-1
1.765739917E0,9.750561416E-2,9.904780984E-2,-1.673571318E-1,2.175459101E-1
1.775755917E0,8.777468652E-2,9.242985398E-2,-1.391473413E-1,1.887052095E-1
1.785772292E0,7.681423426E-2,8.655080944E-2,-1.095517874E-1,1.593520107E-1
1.795789292E0,6.366939843E-2,7.744173706E-2,-7.556212693E-2,1.255414273E-1
1.805806292E0,5.221949518E-2,6.917128712E-2,-4.541377351E-2,9.784658125E-2
1.815822292E0,3.855001926E-2,6.425482780E-2,-1.378793456E-2,7.618985510E-2
1.825839292E0,2.157009579E-2,5.246432126E-2,1.802606508E-2,5.952069438E-2
1.835856292E0,4.738118965E-3,4.714252427E-2,4.941381514E-2,6.845869187E-2
1.845873292E0,-7.285252679E-3,3.775222972E-2,8.472836763E-2,9.304408652E-2
1.855889292E0,-2.224795707E-2,3.238542750E-2,1.102547646E-1,1.170465746E-1
1.865906292E0,-3.645449877E-2,2.085075527E-2,1.410382688E-1,1.471580026E-1
1.875923292E0,-4.870130867E-2,1.194247883E-2,1.703162640E-1,1.775445580E-1
1.885940292E0,-6.359878927E-2,1.436250284E-3,1.964301765E-1,2.064744126E-1
1.895956292E0,-7.483413070E-2,-6.950310431E-3,2.207477689E-1,2.331909762E-1
1.905973292E0,-8.696670085E-2,-1.601706259E-2,2.452217340E-1,2.606788296E-1
1.915990292E0,-9.611359239E-2,-2.557727881E-2,2.692181468E-1,2.870024920E-1
1.926007292E0,-1.041794568E-1,-3.233275935E-2,2.865990996E-1,3.066558502E-1
1.936023292E0,-1.117654741E-1,-4.461392760E-2,2.996240854E-1,3.228877766E-1
1.946040292E0,-1.189190820E-1,-5.741283298E-2,3.172723353E-1,3.436563926E-1
1.956057292E0,-1.222482994E-1,-6.861914694E-2,3.262722194E-1,3.551151858E-1
1.966074292E0,-1.248923317E-1,-7.790707052E-2,3.334448040E-1,3.644901143E-1
1.976090292E0,-1.268026233E-1,-8.683957905E-2,3.398747444E-1,3.730078547E-1
1.986107292E0,-1.270923465E-1,-9.738055617E-2,3.392818272E-1,3.751634251E-1
1.996124292E0,-1.274755746E-1,-1.069727316E-1,3.394472003E-1,3.780444276E-1
2.006141292E0,-1.258250326E-1,-1.170994341E-1,3.349917829E-1,3.765152200E-1
2.016158292E0,-1.189112142E-1,-1.270133108E-1,3.293653131E-1,3.724966677E-1
2.026174292E0,-1.151863486E-1,-1.370145828E-1,3.184508979E-1,3.653106420E-1
2.036191292E0,-1.107729599E-1,-1.464435011E-1,3.040448129E-1,3.551895211E-1
2.046208292E0,-1.028099358E-1,-1.573057473E-1,2.881798446E-1,3.440386662E-1
2.056225292E0,-9.753154963E-2,-1.676614583E-1,2.672519386E-1,3.302216929E-1
2.066241292E0,-8.966072649E-2,-1.775781810E-1,2.466157973E-1,3.168476096E-1
2.076258292E0,-8.381881565E-2,-1.848616600E-1,2.217080444E-1,3.005892283E-1
2.086275292E0,-7.438044995E-2,-1.940989941E-1,1.969008893E-1,2.863159637E-1
2.096292292E0,-6.584395468E-2,-2.012543827E-1,1.657690704E-1,2.689203184E-1
2.106308292E0,-6.096516177E-2,-2.099225372E-1,1.337859184E-1,2.562867428E-1
2.116325292E0,-5.350671336E-2,-2.145724148E-1,1.001001224E-1,2.427433296E-1
2.126342292E0,-4.786536470E-2,-2.229513228E-1,6.752229482E-2,2.378185144E-1
2.136359292E0,-4.524508119E-2,-2.279575318E-1,3.063858114E-2,2.344151794E-1
2.146375292E0,-3.912147880E-2,-2.348183095E-1,-4.314956721E-3,2.380939887E-1
2.156392292E0,-3.846048564E-2,-2.393028140E-1,-4.192518443E-2,2.459731019E-1
2.166409292E0,-3.310278431E-2,-2.447041124E-1,-7.898744196E-2,2.592583903E-1
2.176426292E0,-3.558911011E-2,-2.471619397E-1,-1.184472367E-1,2.763790099E-1
2.186442292E0,-3.557686135E-2,-2.513747811E-1,-1.537152082E-1,2.967884076E-1
2.196459292E0,-3.776784241E-2,-2.569650412E-1,-1.881360412E-1,3.207064269E-1
2.206476292E0,-3.989200294E-2,-2.563935816E-1,-2.218326926E-1,3.413777733E-1
2.216493292E0,-4.482577741E-2,-2.581507564E-1,-2.583068013E-1,3.679314704E-1
2.226509292E0,-4.701695591E-2,-2.593436241E-1,-2.881176174E-1,3.904887591E-1
2.236526292E0,-5.309775099E-2,-2.586597502E-1,-3.169002533E-1,4.124924340E-1
2.246543292E0,-6.158059835E-2,-2.589619160E-1,-3.438755274E-1,4.348606930E-1
2.256560292E0,-6.748775393E-2,-2.576580048E-1,-3.680253327E-1,4.542960377E-1
2.266576292E0,-7.437536120E-2,-2.562802732E-1,-3.894585669E-1,4.721114785E-1
2.276593292E0,-8.147268742E-2,-2.533382773E-1,-4.085685909E-1,4.875924272E-1
2.286610292E0,-8.942575753E-2,-2.511956990E-1,-4.249455035E-1,5.016721302E-1
2.296627292E0,-9.524317086E-2,-2.458219975E-1,-4.391574562E-1,5.122099056E-1
2.306643292E0,-1.027668640E-1,-2.410266995E-1,-4.450326562E-1,5.164387314E-1
2.316660292E0,-1.062268466E-1,-2.384216040E-1,-4.480881095E-1,5.185672165E-1
2.326677292E0,-1.142063960E-1,-2.322324514E-1,-4.512582719E-1,5.202009615E-1
2.336694292E0,-1.216350198E-1,-2.232671976E-1,-4.500827491E-1,5.169311372E-1
2.346710292E0,-1.249187738E-1,-2.157125473E-1,-4.453962147E-1,5.104061042E-1
2.356727292E0,-1.268913746E-1,-2.079539597E-1,-4.390893281E-1,5.021411239E-1
2.366744292E0,-1.293123364E-1,-1.991494596E-1,-4.262495041E-1,4.879250223E-1
2.376761292E0,-1.275511831E-1,-1.920017898E-1,-4.114058316E-1,4.715811169E-1
2.386777292E0,-1.259552538E-1,-1.811688840E-1,-3.912179470E-1,4.491529501E-1
2.396794292E0,-1.230196506E-1,-1.722158790E-1,-3.737920821E-1,4.295493732E-1
2.406811292E0,-1.196669713E-1,-1.598131955E-1,-3.478729725E-1,4.010935632E-1
2.416828292E0,-1.152336076E-1,-1.465863287E-1,-3.242552578E-1,3.740425221E-1
2.426844292E0,-1.099808067E-1,-1.358139217E-1,-2.950472534E-1,3.429199336E-1
2.436861292E0,-1.004259214E-1,-1.227846667E-1,-2.639194131E-1,3.079202765E-1
2.446878292E0,-8.646904677E-2,-1.087861508E-1,-2.344537973E-1,2.725434016E-1
2.456895292E0,-7.680789381E-2,-9.585756809E-2,-1.999946237E-1,2.347040166E-1
2.466911292E0,-6.882552803E-2,-8.114471287E-2,-1.622512043E-1,1.940280161E-1
2.476928292E0,-5.406043306E-2,-6.535376608E-2,-1.276751161E-1,1.532794194E-1
2.486945292E0,-3.862499446E-2,-5.069140717E-2,-8.973203599E-2,1.100606526E-1
2.496962292E0,-2.599548548E-2,-3.831809759E-2,-5.227947235E-2,6.983684628E-2
2.506978292E0,-1.174469199E-2,-2.098212019E-2,-1.357296482E-2,2.761181869E-2
2.516995292E0,4.207110032E-3,-7.778966334E-3,2.506098151E-2,2.657564461E-2
2.527012292E0,1.669781841E-2,8.521295153E-3,6.321571022E-2,6.593675477E-2
2.537029292E0,3.306827322E-2,2.655169368E-2,1.004280597E-1,1.090151288E-1
2.547045292E0,4.289821535E-2,4.234942794E-2,1.381116360E-1,1.506935796E-1
2.557062292E0,6.200399995E-2,5.864157900E-2,1.762496978E-1,1.958246327E-1
2.567079292E0,7.075382024E-2,6.970062852E-2,2.077604979E-1,2.302796239E-1
2.577096292E0,8.011642843E-2,8.652860671E-2,2.410334945E-1,2.683337238E-1
2.587112292E0,9.421091527E-2,1.037663594E-1,2.735183239E-1,3.073360171E-1
2.597129292E0,1.019556522E-1,1.155327335E-1,3.027276099E-1,3.396862866E-1
2.607146292E0,1.096420661E-1,1.287196577E-1,3.303733468E-1,3.711289280E-1
2.617163292E0,1.191531569E-1,1.453225166E-1,3.543247879E-1,4.010762570E-1
2.627179292E0,1.240038499E-1,1.548521072E-1,3.778271973E-1,4.267429213E-1
2.637196292E0,1.265690029E-1,1.695154756E-1,3.985218406E-1,4.511927153E-1
2.647213292E0,1.300643384E-1,1.805546582E-1,4.126085043E-1,4.687883259E-1
2.657230292E0,1.305535734E-1,1.915931851E-1,4.285840094E-1,4.872744988E-1
2.667246292E0,1.327250600E-1,2.022307664E-1,4.395558536E-1,5.017196158E-1
2.677263292E0,1.282967627E-1,2.113398463E-1,4.490998089E-1,5.126550773E-1
2.687280292E0,1.254455298E-1,2.185539603E-1,4.541042745E-1,5.193391056E-1
2.697297292E0,1.234095469E-1,2.273913920E-1,4.549738169E-1,5.233908057E-1
2.707313292E0,1.145927161E-1,2.372453660E-1,4.515740275E-1,5.228154135E-1
2.717330292E0,1.094405651E-1,2.425336093E-1,4.454785585E-1,5.188939536E-1
2.727347292E0,1.033399180E-1,2.491830885E-1,4.389835298E-1,5.152454655E-1
2.737364292E0,9.543804824E-2,2.524779439E-1,4.278075695E-1,5.058387586E-1
2.747380292E0,8.939418197E-2,2.551653087E-1,4.115594029E-1,4.924244071E-1
2.757397292E0,8.359248191E-2,2.605952322E-1,3.928110003E-1,4.787463421E-1
2.767414292E0,7.625007629E-2,2.611146271E-1,3.735813200E-1,4.621232794E-1
2.777431292E0,6.641741842E-2,2.635508776E-1,3.488168716E-1,4.422030625E-1
2.787447917E0,5.962390825E-2,2.610947490E-1,3.225265741E-1,4.192241279E-1
2.797464917E0,5.410211161E-2,2.619504333E-1,2.930802703E-1,3.967884988E-1
2.807481917E0,5.106003210E-2,2.618395388E-1,2.639245987E-1,3.752642599E-1
2.817498917E0,4.110859707E-2,2.579052448E-1,2.302574515E-1,3.481716905E-1
2.827514917E0,3.988042101E-2,2.579278052E-1,1.962199211E-1,3.265263513E-1
2.837531917E0,3.525557369E-2,2.534425259E-1,1.583859921E-1,3.009355278E-1
2.847548917E0,3.467018530E-2,2.511917949E-1,1.240688488E-1,2.822984570E-1
2.857565917E0,3.222673386E-2,2.440816909E-1,8.687701076E-2,2.610786265E-1
2.867581917E0,3.241134435E-2,2.370947748E-1,4.945966601E-2,2.443577010E-1
2.877598917E0,3.619143367E-2,2.303194404E-1,1.549317688E-2,2.336598019E-1
2.887615917E0,3.750773892E-2,2.261057496E-1,-2.241527662E-2,2.302891337E-1
2.897632917E0,4.077463970E-2,2.240199596E-1,-5.563821271E-2,2.343994971E-1
2.907648917E0,4.375078902E-2,2.154112458E-1,-9.284914285E-2,2.386149612E-1
2.917665917E0,5.255679786E-2,2.044203728E-1,-1.220115647E-1,2.437964884E-1
2.927682917E0,5.826734379E-2,1.976884902E-1,-1.540773958E-1,2.573240494E-1
2.937699917E0,6.180535257E-2,1.879948527E-1,-1.818941236E-1,2.687888361E-1
2.947715917E0,6.916638464E-2,1.818404347E-1,-2.113424689E-1,2.872552377E-1
2.957732917E0,7.391240448E-2,1.751481742E-1,-2.336805314E-1,3.012416259E-1
2.967749917E0,8.253598213E-2,1.666833162E-1,-2.572255433E-1,3.174279388E-1
2.977766917E0,9.071028978E-2,1.570003331E-1,-2.754317224E-1,3.297576306E-1
2.987782917E0,9.874998033E-2,1.493364573E-1,-2.923008800E-1,3.427721408E-1
2.997799917E0,1.013092771E-1,1.387557238E-1,-3.099214137E-1,3.543557579E-1
3.007816917E0,1.064028889E-1,1.322742552E-1,-3.189379275E-1,3.613024425E-1
3.017833917E0,1.133191213E-1,1.230517402E-1,-3.275071979E-1,3.677552429E-1
3.027849917E0,1.169893220E-1,1.121311933E-1,-3.308287263E-1,3.683850596E-1
3.037866917E0,1.195632666E-1,1.058975384E-1,-3.330487311E-1,3.693658358E-1
3.047883917E0,1.205365062E-1,9.588201344E-2,-3.316570520E-1,3.656758264E-1
3.057900917E0,1.209540889E-1,8.619769663E-2,-3.276966512E-1,3.597846991E-1
3.067916917E0,1.192980185E-1,7.574336231E-2,-3.211182952E-1,3.508361921E-1
3.077933917E0,1.151528060E-1,7.020478696E-2,-3.107263744E-1,3.387325798E-1
3.087950917E0,1.129405349E-1,5.726217106E-2,-2.971802950E-1,3.230335097E-1
3.097967917E0,1.075108871E-1,4.808598384E-2,-2.847579718E-1,3.081524869E-1
3.107983917E0,1.005053222E-1,3.986842558E-2,-2.674225569E-1,2.884538699E-1
3.118000917E0,9.011260420E-2,3.232928365E-2,-2.497343719E-1,2.674560161E-1
3.128017917E0,8.056749403E-2,2.371826768E-2,-2.282568067E-1,2.432176949E-1
3.138034917E0,7.351330668E-2,1.570881158E-2,-2.044398934E-1,2.178225035E-1
3.148050917E0,6.338687986E-2,5.563163199E-3,-1.800974756E-1,1.910077120E-1
3.158067917E0,5.045404285E-2,-6.438652053E-4,-1.542917192E-1,1.623328667E-1
3.168084917E0,3.442220017E-2,-1.315636374E-2,-1.274543405E-1,1.326747401E-1
3.178101917E0,2.211386710E-2,-2.056501061E-2,-1.012776047E-1,1.056839439E-1
3.188117917E0,1.184626762E-2,-2.836502343E-2,-7.050834596E-2,7.691771877E-2
3.198134917E0,-2.787269652E-3,-3.492412344E-2,-4.364291206E-2,5.596576671E-2
3.208151917E0,-1.834499836E-2,-4.314899072E-2,-1.564192399E-2,4.942716006E-2
3.218168917E0,-2.991510183E-2,-5.407274514E-2,1.672533713E-2,6.401962189E-2
3.228184917E0,-4.494944215E-2,-6.152266264E-2,4.619611055E-2,8.910427037E-2
3.238201917E0,-5.658426136E-2,-6.889748573E-2,7.153315842E-2,1.143050083E-1
3.248218917E0,-6.717137247E-2,-7.561390847E-2,9.963184595E-2,1.419716914E-1
3.258235917E0,-7.908608764E-2,-8.366677910E-2,1.235158741E-1,1.688517407E-1
3.268251917E0,-8.890942484E-2,-9.200247377E-2,1.495986134E-1,1.968478756E-1
3.278268917E0,-9.719211608E-2,-1.009568200E-1,1.717089713E-1,2.216360930E-1
3.288285917E0,-1.031629741E-1,-1.077554747E-1,1.964655668E-1,2.466831176E-1
3.298302917E0,-1.091689318E-1,-1.143116429E-1,2.150419056E-1,2.668857969E-1
3.308318917E0,-1.155715585E-1,-1.252376288E-1,2.314409614E-1,2.874128866E-1
3.318335917E0,-1.212805733E-1,-1.286664456E-1,2.467099279E-1,3.035289446E-1
3.328352917E0,-1.226586625E-1,-1.398927122E-1,2.622353733E-1,3.215315061E-1
3.338369917E0,-1.233966276E-1,-1.460904181E-1,2.709966302E-1,3.316750089E-1
3.348385917E0,-1.215315238E-1,-1.507610381E-1,2.817922235E-1,3.419146956E-1
3.358402917E0,-1.192569137E-1,-1.586088389E-1,2.851744294E-1,3.474239923E-1
3.368419917E0,-1.155067980E-1,-1.656379104E-1,2.886359692E-1,3.522619202E-1
3.378436917E0,-1.142551079E-1,-1.728111356E-1,2.880695164E-1,3.548266684E-1
3.388452917E0,-1.071733087E-1,-1.773294061E-1,2.851980329E-1,3.525191546E-1
3.398469917E0,-1.010110155E-1,-1.826759726E-1,2.782519758E-1,3.478475215E-1
3.408486917E0,-9.581916034E-2,-1.881367117E-1,2.699625492E-1,3.427192900E-1
3.418503917E0,-9.080070257E-2,-1.935924590E-1,2.593227029E-1,3.361116957E-1
3.428519917E0,-8.598948270E-2,-1.979889572E-1,2.446413487E-1,3.262563529E-1
3.438536917E0,-7.836858183E-2,-2.036870420E-1,2.263880372E-1,3.144544309E-1
3.448553917E0,-7.190135866E-2,-2.068407536E-1,2.036374658E-1,2.990336439E-1
3.458570917E0,-6.743976474E-2,-2.121028900E-1,1.840222180E-1,2.887904682E-1
3.468586917E0,-5.957549810E-2,-2.165883332E-1,1.594991386E-1,2.754990404E-1
3.478603917E0,-5.697545409E-2,-2.194285989E-1,1.345011145E-1,2.636013319E-1
3.488620917E0,-5.105585232E-2,-2.232432663E-1,1.072878465E-1,2.528931356E-1
3.498637917E0,-4.899110645E-2,-2.254014909E-1,7.761650532E-2,2.433727235E-1
3.508653917E0,-4.649562761E-2,-2.272249162E-1,4.592906311E-2,2.364370630E-1
3.518670917E0,-4.529374465E-2,-2.285991162E-1,1.862314157E-2,2.337860146E-1
3.528687917E0,-4.148743302E-2,-2.282570750E-1,-1.248739846E-2,2.323325945E-1
3.538704917E0,-4.285922647E-2,-2.278123349E-1,-4.722381011E-2,2.365702041E-1
3.548720917E0,-4.220810533E-2,-2.329088748E-1,-7.735745609E-2,2.490225775E-1
3.558737917E0,-4.336391762E-2,-2.292904556E-1,-1.077901945E-1,2.570472104E-1
3.568754917E0,-4.996468499E-2,-2.266233861E-1,-1.376923174E-1,2.698403290E-1
3.578771917E0,-5.124912784E-2,-2.286204994E-1,-1.682347804E-1,2.884384634E-1
3.588787917E0,-5.363650620E-2,-2.252943069E-1,-1.933552176E-1,3.016962706E-1
3.598804917E0,-5.823978037E-2,-2.207096815E-1,-2.234683782E-1,3.194413116E-1
3.608821917E0,-6.733834743E-2,-2.202472538E-1,-2.454174161E-1,3.365605651E-1
3.618837917E0,-7.140392810E-2,-2.172812968E-1,-2.696982622E-1,3.536196199E-1
3.628854917E0,-7.409742475E-2,-2.128201574E-1,-2.884768546E-1,3.660624856E-1
3.638871917E0,-8.204163611E-2,-2.062573284E-1,-3.109978735E-1,3.820897708E-1
3.648888917E0,-8.756525069E-2,-2.037748396E-1,-3.240232766E-1,3.926613581E-1
3.658904917E0,-8.952160925E-2,-1.949824244E-1,-3.409021199E-1,4.027983611E-1
3.668921917E0,-9.547837824E-2,-1.905450225E-1,-3.497116268E-1,4.095384575E-1
3.678938917E0,-9.730583429E-2,-1.808170229E-1,-3.604547977E-1,4.148383810E-1
3.688955917E0,-1.023689881E-1,-1.756886840E-1,-3.654896617E-1,4.182446846E-1
3.698971917E0,-1.059011370E-1,-1.631569266E-1,-3.703938723E-1,4.183621089E-1
3.708988917E0,-1.079839244E-1,-1.549315155E-1,-3.681506813E-1,4.137622826E-1
3.719005917E0,-1.068409011E-1,-1.466256678E-1,-3.664633036E-1,4.089124814E-1
3.729022917E0,-1.060735211E-1,-1.383135766E-1,-3.598369360E-1,3.998310366E-1
3.739038917E0,-1.017738432E-1,-1.263205558E-1,-3.521798253E-1,3.877440229E-1
3.749055917E0,-1.009614095E-1,-1.177934036E-1,-3.425742984E-1,3.760660076E-1
3.759072917E0,-9.552989155E-2,-1.045273989E-1,-3.308907449E-1,3.599175216E-1
3.769089917E0,-9.009326994E-2,-9.382881224E-2,-3.147483766E-1,3.405689121E-1
3.779105917E0,-8.442286402E-2,-7.955612242E-2,-2.934031487E-1,3.155024631E-1
3.789122667E0,-7.521595061E-2,-6.535053253E-2,-2.741645277E-1,2.917093066E-1
3.799139667E0,-6.901584566E-2,-5.321530998E-2,-2.523684204E-1,2.669922766E-1
3.809156667E0,-5.969379097E-2,-4.017536342E-2,-2.282862514E-1,2.393575173E-1
3.819172667E0,-4.529487714E-2,-2.671548352E-2,-2.018146962E-1,2.085533854E-1
3.829189667E0,-3.605593741E-2,-1.378586516E-2,-1.717086881E-1,1.759941882E-1
3.839206667E0,-2.329992875E-2,2.403491177E-3,-1.453745514E-1,1.472495285E-1
3.849223667E0,-1.053176727E-2,1.439489517E-2,-1.135053337E-1,1.148981806E-1
3.859239667E0,9.677620837E-4,2.959088981E-2,-8.440230787E-2,8.944443469E-2
3.869256667E0,1.419546641E-2,4.418755323E-2,-5.082289129E-2,6.882599368E-2
3.879273667E0,2.692111395E-2,5.736513436E-2,-1.668835804E-2,6.552866785E-2
3.889290667E0,3.554999828E-2,7.181616873E-2,1.367497072E-2,8.129187716E-2
3.899306667E0,4.955183342E-2,8.578045666E-2,4.659403861E-2,1.094745421E-1
3.909323667E0,5.970363319E-2,1.013181731E-1,7.966189086E-2,1.420419405E-1
3.919340667E0,7.238800079E-2,1.126936004E-1,1.109905168E-1,1.739504672E-1
3.929357667E0,8.050948381E-2,1.295101047E-1,1.430662572E-1,2.090994934E-1
3.939373667E0,9.093016386E-2,1.413225532E-1,1.765110344E-1,2.437139799E-1
3.949390667E0,9.838046134E-2,1.519781351E-1,2.061719447E-1,2.743773670E-1
3.959407667E0,1.063675433E-1,1.652007401E-1,2.347551137E-1,3.061295514E-1
3.969424667E0,1.092898995E-1,1.777508408E-1,2.615329921E-1,3.345730854E-1
3.979440667E0,1.143578961E-1,1.902828813E-1,2.889033556E-1,3.643493546E-1
3.989457667E0,1.168642715E-1,2.001389265E-1,3.116726279E-1,3.883975732E-1
3.999474667E0,1.205881685E-1,2.101358920E-1,3.281245828E-1,4.078778510E-1
4.009491667E0,1.192951798E-1,2.209743559E-1,3.517950475E-1,4.322276731E-1
4.019507667E0,1.199521869E-1,2.250854820E-1,3.684040904E-1,4.480776441E-1
4.029524667E0,1.165806428E-1,2.352124900E-1,3.801164031E-1,4.619571859E-1
4.039541667E0,1.128751263E-1,2.427383214E-1,3.920963705E-1,4.747654690E-1
4.049557667E0,1.069258153E-1,2.492127717E-1,4.016173482E-1,4.845994531E-1
4.059574667E0,1.038440019E-1,2.536267042E-1,4.053425789E-1,4.892981587E-1
4.069591667E0,9.911972284E-2,2.588944137E-1,4.090143144E-1,4.941090429E-1
4.079608667E0,9.486611933E-2,2.634026110E-1,4.067642093E-1,4.937991880E-1
4.089624667E0,8.692823350E-2,2.659169436E-1,4.030610323E-1,4.906389043E-1
4.099641667E0,8.074970543E-2,2.688147426E-1,3.973647952E-1,4.864983671E-1
4.109658667E0,7.410956919E-2,2.693969607E-1,3.888207972E-1,4.787990842E-1
4.119675667E0,6.708228588E-2,2.692874968E-1,3.735153377E-1,4.653273004E-1
4.129691667E0,5.806920305E-2,2.690021098E-1,3.589072824E-1,4.522704995E-1
4.139708667E0,5.137108639E-2,2.712319791E-1,3.411224186E-1,4.388283030E-1
4.149725667E0,4.555426165E-2,2.666480243E-1,3.212892115E-1,4.200037108E-1
4.159742667E0,4.163621739E-2,2.627054751E-1,2.962078154E-1,3.981040205E-1
4.169758667E0,3.688400239E-2,2.576015592E-1,2.726672888E-1,3.769170244E-1
4.179775667E0,3.314625472E-2,2.553187013E-1,2.457491159E-1,3.559198525E-1
4.189792667E0,2.899879217E-2,2.509837747E-1,2.182515860E-1,3.338675484E-1
4.199809667E0,2.766827680E-2,2.480643988E-1,1.895360500E-1,3.134093070E-1
4.209825667E0,3.005591966E-2,2.398494631E-1,1.592173874E-1,2.894499952E-1
4.219842667E0,2.756346762E-2,2.311425358E-1,1.265209615E-1,2.649418244E-1
4.229859667E0,3.049618937E-2,2.253516316E-1,9.673973173E-2,2.471273986E-1
4.239876667E0,2.769427747E-2,2.169397771E-1,6.371307373E-2,2.277920009E-1
4.249892667E0,3.274070099E-2,2.065419853E-1,3.595792130E-2,2.121898143E-1
4.259909667E0,3.638657182E-2,2.015032768E-1,6.143099163E-4,2.047631084E-1
4.269926667E0,4.007766396E-2,1.904941797E-1,-3.071500361E-2,1.970727356E-1
4.279943667E0,4.551343992E-2,1.797645688E-1,-5.976050347E-2,1.948283634E-1
4.289959667E0,5.267051235E-2,1.685172617E-1,-8.498468995E-2,1.959455228E-1
4.299976667E0,5.676911771E-2,1.551679075E-1,-1.152704209E-1,2.014623592E-1
4.309993667E0,6.096967682E-2,1.492515206E-1,-1.412104666E-1,2.143215197E-1
4.320009667E0,6.480329484E-2,1.384404302E-1,-1.668958515E-1,2.263171336E-1
4.330026667E0,7.278858870E-2,1.264929026E-1,-1.894021779E-1,2.391062903E-1
4.340043667E0,7.834234834E-2,1.174075305E-1,-2.102677822E-1,2.532480839E-1
4.350060667E0,8.169190586E-2,1.051887125E-1,-2.277139276E-1,2.638027019E-1
4.360076667E0,8.737216145E-2,9.549880028E-2,-2.460639179E-1,2.780312341E-1
4.370093667E0,9.114762396E-2,8.269482851E-2,-2.588936388E-1,2.866570080E-1
4.380110667E0,9.262674302E-2,6.922402978E-2,-2.720555067E-1,2.956110258E-1
4.390127667E0,9.214672446E-2,5.975745618E-2,-2.816593051E-1,3.023143009E-1
4.400143667E0,9.345992655E-2,5.076023191E-2,-2.878870964E-1,3.069044465E-1
4.410160667E0,9.396244586E-2,3.730507195E-2,-2.914628685E-1,3.084983198E-1
4.420177667E0,9.418188781E-2,2.683458850E-2,-2.958256602E-1,3.116137744E-1
4.430194667E0,8.981814981E-2,1.419559959E-2,-2.952348590E-1,3.089214092E-1
4.440210667E0,9.118781239E-2,5.483333953E-3,-2.908467650E-1,3.048559083E-1
4.450227667E0,8.397805691E-2,-7.221963257E-3,-2.863729894E-1,2.985196139E-1
4.460244667E0,8.079744130E-2,-1.518827677E-2,-2.795358598E-1,2.913746852E-1
4.470261667E0,7.438329607E-2,-2.613497525E-2,-2.713745832E-1,2.825952514E-1
4.480277667E0,6.526862830E-2,-3.877620026E-2,-2.592897117E-1,2.701753915E-1
4.490294667E0,5.482951552E-2,-4.678500444E-2,-2.469804138E-1,2.572827962E-1
4.500311667E0,4.858946428E-2,-5.450817198E-2,-2.329303622E-1,2.441078256E-1
4.510328667E0,3.675384074E-2,-6.587694585E-2,-2.127425373E-1,2.257210756E-1
4.520344667E0,2.501356229E-2,-7.394259423E-2,-1.973923445E-1,2.122661612E-1
4.530361667E0,1.656304114E-2,-8.340947330E-2,-1.765532196E-1,1.959655937E-1
4.540378667E0,7.743183058E-3,-9.264798462E-2,-1.555339545E-1,1.812026957E-1
4.550395667E0,-6.001705304E-3,-9.972654283E-2,-1.326503307E-1,1.660647887E-1
4.560411667E0,-1.819738559E-2,-1.085258946E-1,-1.120720804E-1,1.570642093E-1
4.570428667E0,-2.798864432E-2,-1.173730791E-1,-8.873255551E-2,1.497774025E-1
4.580445667E0,-4.038273171E-2,-1.229366884E-1,-6.426902115E-2,1.444807996E-1
4.590462667E0,-5.095390230E-2,-1.296215802E-1,-3.851157799E-2,1.445032728E-1
4.600478667E0,-6.168005243E-2,-1.383330375E-1,-1.535699144E-2,1.522376278E-1
4.610495667E0,-6.812746823E-2,-1.434382945E-1,7.279564627E-3,1.589619084E-1
4.620512667E0,-7.870447636E-2,-1.485486329E-1,3.127943724E-2,1.709955968E-1
4.630528667E0,-8.494286239E-2,-1.551266760E-1,5.630277097E-2,1.856059737E-1
4.640545667E0,-9.217760712E-2,-1.603265107E-1,7.622215897E-2,2.000277951E-1
4.650562667E0,-9.705273807E-2,-1.660745293E-1,9.730841964E-2,2.155664904E-1
4.660579667E0,-1.012110040E-1,-1.701406389E-1,1.156610623E-1,2.292792744E-1
4.670595667E0,-1.048258990E-1,-1.745588779E-1,1.366569400E-1,2.452231437E-1
4.680612667E0,-1.067255363E-1,-1.792058349E-1,1.529975682E-1,2.586761049E-1
4.690629667E0,-1.071657538E-1,-1.854930073E-1,1.687104255E-1,2.726817967E-1
4.700646667E0,-1.078669652E-1,-1.887338012E-1,1.807420552E-1,2.827073052E-1
4.710662667E0,-1.055887714E-1,-1.911758333E-1,1.932317019E-1,2.916087764E-1
4.720679667E0,-1.061781272E-1,-1.940432638E-1,2.026371807E-1,2.999806826E-1
4.730696667E0,-1.029270217E-1,-1.970296651E-1,2.099597156E-1,3.057740063E-1
4.740713667E0,-1.031368822E-1,-1.988350302E-1,2.152492851E-1,3.106522822E-1
4.750729667E0,-9.593720734E-2,-2.013421953E-1,2.181056291E-1,3.119498242E-1
4.760746667E0,-8.802974969E-2,-2.037435621E-1,2.161655128E-1,3.098196328E-1
4.770763667E0,-8.625424653E-2,-2.037497610E-1,2.130688429E-1,3.071678563E-1
4.780780667E0,-8.232661337E-2,-2.057141066E-1,2.121846676E-1,3.067870565E-1
4.790796208E0,-7.607683539E-2,-2.095448822E-1,2.044110149E-1,3.024576095E-1
4.800813208E0,-7.103520632E-2,-2.083382159E-1,1.951245666E-1,2.941503174E-1
4.810830208E0,-6.767249852E-2,-2.064704895E-1,1.828676313E-1,2.839897897E-1
4.820847208E0,-6.302235276E-2,-2.102423310E-1,1.716181636E-1,2.786152343E-1
4.830863208E0,-5.582642555E-2,-2.086410075E-1,1.549047083E-1,2.657877508E-1
4.840880208E0,-5.191078037E-2,-2.072535008E-1,1.418674737E-1,2.564666115E-1
4.850897208E0,-4.750528187E-2,-2.089054435E-1,1.204817072E-1,2.457927540E-1
4.860914208E0,-4.672950134E-2,-2.045863271E-1,1.001988128E-1,2.325489488E-1
4.870930208E0,-4.437209293E-2,-2.036782652E-1,8.376214653E-2,2.246548810E-1
4.880947208E0,-4.247965291E-2,-2.006566525E-1,6.251437962E-2,2.144193572E-1
4.890964208E0,-4.167327657E-2,-2.019643188E-1,3.825432062E-2,2.097370761E-1
4.900980208E0,-4.262242839E-2,-1.999323219E-1,1.745449752E-2,2.051688676E-1
4.910997208E0,-4.222413525E-2,-1.963158548E-1,-7.173991762E-3,2.009334681E-1
4.921014208E0,-4.143024608E-2,-1.918105930E-1,-3.087932244E-2,1.986486885E-1
4.931031208E0,-4.418867826E-2,-1.853005290E-1,-5.193288997E-2,1.974486019E-1
4.941047208E0,-4.761696607E-2,-1.812136471E-1,-7.472688705E-2,2.017172997E-1
4.951064208E0,-5.031276494E-2,-1.769642234E-1,-9.834288061E-2,2.086121589E-1
4.961081208E0,-4.864855483E-2,-1.738757491E-1,-1.214868128E-1,2.176200903E-1
4.971098208E0,-5.262866989E-2,-1.651987135E-1,-1.397317648E-1,2.226776997E-1
4.981114208E0,-5.784527212E-2,-1.605248600E-1,-1.573898494E-1,2.321333041E-1
4.991131208E0,-5.880383775E-2,-1.536776274E-1,-1.769190282E-1,2.416092859E-1
5.001148208E0,-6.568650901E-2,-1.468143910E-1,-1.943150610E-1,2.522449718E-1
5.011165208E0,-6.673833728E-2,-1.387558579E-1,-2.073915154E-1,2.582991181E-1
5.021181208E0,-6.686377525E-2,-1.303003132E-1,-2.240557075E-1,2.676749822E-1
5.031198208E0,-6.913556904E-2,-1.230638027E-1,-2.349080294E-1,2.740551199E-1
5.041215208E0,-7.038539648E-2,-1.122534946E-1,-2.438144386E-1,2.774895161E-1
5.051232208E0,-7.199072093E-2,-1.047603488E-1,-2.532093823E-1,2.833238180E-1
5.061248208E0,-6.934487075E-2,-9.361475706E-2,-2.609913945E-1,2.858127741E-1
5.071265208E0,-7.273726165E-2,-8.589679003E-2,-2.625420392E-1,2.856523938E-1
5.081282208E0,-6.937901676E-2,-7.648677379E-2,-2.660204172E-1,2.853603632E-1
5.091299208E0,-6.799317151E-2,-6.548202038E-2,-2.654235661E-1,2.817101983E-1
5.101315208E0,-6.624240428E-2,-5.375319719E-2,-2.646816075E-1,2.780895821E-1
5.111332208E0,-6.325645000E-2,-4.284214601E-2,-2.593641579E-1,2.703823115E-1
5.121349208E0,-5.867714435E-2,-2.873937786E-2,-2.566024661E-1,2.647900767E-1
5.131365208E0,-5.193798989E-2,-2.020840533E-2,-2.474481761E-1,2.536464751E-1
5.141382208E0,-4.288856685E-2,-1.076749898E-2,-2.387971431E-1,2.428568380E-1
5.151399208E0,-3.902294487E-2,3.462724388E-3,-2.244208157E-1,2.278145808E-1
5.161416208E0,-3.229500353E-2,1.708985306E-2,-2.128808051E-1,2.159936747E-1
5.171432208E0,-2.358539961E-2,2.964479290E-2,-1.969242096E-1,2.005348577E-1
5.181449208E0,-1.265823096E-2,4.070289060E-2,-1.785365194E-1,1.835544739E-1
5.191466208E0,-7.729807869E-3,5.236346275E-2,-1.600708663E-1,1.685952681E-1
5.201483208E0,5.047239829E-3,6.405953318E-2,-1.404297948E-1,1.544332402E-1
5.211499208E0,1.377023105E-2,7.518989593E-2,-1.188197732E-1,1.412843877E-1
5.221516208E0,2.349263243E-2,9.000879526E-2,-9.770090878E-2,1.349035010E-1
5.231533208E0,3.488912061E-2,1.005802825E-1,-7.143607736E-2,1.282059168E-1
5.241550208E0,4.338247329E-2,1.133229807E-1,-4.916938394E-2,1.309265644E-1
5.251566208E0,5.138953403E-2,1.249756441E-1,-2.168747038E-2,1.368581097E-1
5.261583208E0,6.075267494E-2,1.360855550E-1,4.917773418E-3,1.491118717E-1
5.271600208E0,6.933725625E-2,1.476102769E-1,2.703010663E-2,1.653090307E-1
5.281617208E0,7.746681571E-2,1.604411304E-1,5.512352660E-2,1.864968285E-1
5.291633208E0,8.478347212E-2,1.700603813E-1,7.943882793E-2,2.059594567E-1
5.301650208E0,8.703783900E-2,1.809156835E-1,1.042890474E-1,2.262350003E-1
5.311667208E0,9.343782067E-2,1.898771226E-1,1.301298141E-1,2.484305065E-1
5.321683208E0,9.681683779E-2,1.998189688E-1,1.537986398E-1,2.701020954E-1
5.331700208E0,1.000287086E-1,2.091171592E-1,1.774818152E-1,2.919512349E-1
5.341717208E0,1.017200872E-1,2.173806727E-1,2.043216825E-1,3.151962610E-1
5.351734208E0,1.032821462E-1,2.228042930E-1,2.224214971E-1,3.313310687E-1
5.361750208E0,1.014392376E-1,2.299825847E-1,2.425933331E-1,3.493328405E-1
5.371767208E0,1.016650721E-1,2.392501086E-1,2.614392042E-1,3.686825991E-1
5.381784208E0,1.007646620E-1,2.453277260E-1,2.760317326E-1,3.827959347E-1
5.391801208E0,9.565207362E-2,2.457800955E-1,2.905250192E-1,3.923798686E-1
5.401817208E0,9.284803271E-2,2.501833439E-1,3.033364117E-1,4.040116847E-1
5.411834208E0,9.043069929E-2,2.558921874E-1,3.111759126E-1,4.129031019E-1
5.421851208E0,8.446868509E-2,2.585212588E-1,3.197568953E-1,4.197769314E-1
5.431868208E0,7.876915485E-2,2.600251138E-1,3.269010782E-1,4.250670000E-1
5.441884208E0,7.648948580E-2,2.594996691E-1,3.296712935E-1,4.264667413E-1
5.451901208E0,6.749948114E-2,2.619658411E-1,3.292986751E-1,4.261688623E-1
5.461918208E0,6.203360856E-2,2.638007402E-1,3.290704191E-1,4.262937249E-1
5.471935208E0,5.382649973E-2,2.627055049E-1,3.253000975E-1,4.215822906E-1
5.481951208E0,5.087598041E-2,2.603115737E-1,3.190701604E-1,4.149171581E-1
5.491968208E0,4.750765860E-2,2.558045983E-1,3.106927276E-1,4.052442981E-1
5.501985208E0,3.763984889E-2,2.502260804E-1,3.013431728E-1,3.934940372E-1
5.512001208E0,3.680734709E-2,2.511081100E-1,2.885413766E-1,3.842735870E-1
5.522018208E0,3.305495530E-2,2.468188554E-1,2.736428678E-1,3.699899952E-1
5.532035208E0,2.847555280E-2,2.369733602E-1,2.548100948E-1,3.491352388E-1
5.542052208E0,2.458840422E-2,2.333882302E-1,2.384524345E-1,3.345657172E-1
5.552068208E0,1.927261055E-2,2.272596806E-1,2.220458239E-1,3.183123370E-1
5.562085208E0,1.766406186E-2,2.208952457E-1,1.970645785E-1,2.965487763E-1
5.572102208E0,1.847874373E-2,2.132685632E-1,1.783315241E-1,2.786163608E-1
5.582119208E0,2.089422941E-2,2.043264657E-1,1.536331028E-1,2.564936718E-1
5.592135208E0,1.776174828E-2,1.905736923E-1,1.305210888E-1,2.316669302E-1
5.602152208E0,1.963474788E-2,1.821972430E-1,1.063374430E-1,2.118702680E-1
5.612169208E0,2.192266472E-2,1.721792370E-1,7.999606431E-2,1.911168836E-1
5.622186208E0,2.206034958E-2,1.613076776E-1,5.821886286E-2,1.729053553E-1
5.632202208E0,3.159490600E-2,1.513122767E-1,3.383128345E-2,1.582346325E-1
5.642219208E0,2.773065865E-2,1.421723068E-1,8.565876633E-3,1.451045433E-1
5.652236208E0,3.119543567E-2,1.296178997E-1,-1.552102715E-2,1.342194375E-1
5.662253208E0,3.563119844E-2,1.167838573E-1,-3.890251741E-2,1.281462348E-1
5.672269208E0,3.928459808E-2,1.044562906E-1,-6.264530122E-2,1.279798033E-1
5.682286208E0,4.555687308E-2,9.342254698E-2,-8.464913070E-2,1.340472913E-1
5.692303208E0,4.571961612E-2,8.040510118E-2,-1.055579782E-1,1.403486742E-1
5.702319208E0,4.900835454E-2,6.909331679E-2,-1.266246438E-1,1.523466628E-1
5.712336208E0,5.420161039E-2,5.337590724E-2,-1.431131214E-1,1.620745741E-1
5.722353208E0,5.763655901E-2,4.028140754E-2,-1.626077294E-1,1.771604877E-1
5.732370208E0,5.539894849E-2,2.876795456E-2,-1.777016371E-1,1.883467827E-1
5.742386208E0,6.026747450E-2,1.434560586E-2,-1.903718859E-1,2.001984511E-1
5.752403208E0,5.837577954E-2,2.170026302E-3,-2.043078244E-1,2.124950064E-1
5.762420208E0,6.054944918E-2,-1.303955354E-2,-2.166507840E-1,2.253304861E-1
5.772437208E0,5.911849067E-2,-2.212747931E-2,-2.260054499E-1,2.346552464E-1
5.782453208E0,5.890463665E-2,-3.418866917E-2,-2.336505949E-1,2.433746532E-1
5.792470167E0,5.536110699E-2,-4.538651183E-2,-2.404298931E-1,2.508611591E-1
5.802487167E0,5.558587611E-2,-5.633609742E-2,-2.446600497E-1,2.571421502E-1
5.812504167E0,4.655848816E-2,-6.537933648E-2,-2.483851165E-1,2.610312559E-1
5.822520167E0,4.337228090E-2,-8.152101934E-2,-2.491132170E-1,2.656769208E-1
5.832537167E0,3.923115879E-2,-9.004870802E-2,-2.473582476E-1,2.661464941E-1
5.842554167E0,3.277326003E-2,-9.789811075E-2,-2.439438254E-1,2.648900085E-1
5.852570167E0,2.482704446E-2,-1.099070087E-1,-2.386511117E-1,2.639134059E-1
5.862587167E0,1.868153363E-2,-1.187180728E-1,-2.350664884E-1,2.640061258E-1
5.872604167E0,1.337232906E-2,-1.281121522E-1,-2.275272906E-1,2.614578564E-1
5.882621167E0,2.675742842E-3,-1.334720403E-1,-2.158290893E-1,2.537797094E-1
5.892637167E0,-6.442458834E-3,-1.426614970E-1,-2.071040571E-1,2.515668866E-1
5.902654167E0,-1.272858400E-2,-1.517367512E-1,-1.916129738E-1,2.447480138E-1
5.912671167E0,-2.179495618E-2,-1.590217948E-1,-1.788884848E-1,2.403415098E-1
5.922688167E0,-3.161483258E-2,-1.645965874E-1,-1.648847908E-1,2.351138628E-1
5.932704167E0,-3.786084056E-2,-1.700901836E-1,-1.512296498E-1,2.307260730E-1
5.942721167E0,-4.472913221E-2,-1.768745929E-1,-1.319089532E-1,2.251339353E-1
5.952738167E0,-5.417076498E-2,-1.828409135E-1,-1.176189557E-1,2.240524273E-1
5.962755167E0,-6.101562083E-2,-1.874905229E-1,-9.898374975E-2,2.206204543E-1
5.972771167E0,-6.869228184E-2,-1.923159361E-1,-8.028756827E-2,2.194314072E-1
5.982788167E0,-7.375495136E-2,-1.948035955E-1,-5.903447419E-2,2.165024315E-1
5.992805167E0,-8.110781759E-2,-1.991574913E-1,-4.312852770E-2,2.193222614E-1
6.002821167E0,-8.229266107E-2,-2.037562430E-1,-2.284589410E-2,2.209312642E-1
6.012838167E0,-9.095805138E-2,-2.050140500E-1,-7.389705162E-3,2.244075212E-1
6.022855167E0,-9.212105721E-2,-2.072172761E-1,1.429295354E-2,2.272214277E-1
6.032872167E0,-9.391129762E-2,-2.101443261E-1,2.940159664E-2,2.320440120E-1
6.042888167E0,-9.599842131E-2,-2.099978477E-1,4.420637339E-2,2.350935907E-1
6.052905167E0,-9.524094313E-2,-2.143439054E-1,6.051402912E-2,2.422314901E-1
6.062922167E0,-9.522443265E-2,-2.101606131E-1,7.440720499E-2,2.424285627E-1
6.072939167E0,-9.222934395E-2,-2.114205211E-1,9.074106812E-2,2.478685742E-1
6.082955167E0,-9.252309054E-2,-2.136991173E-1,1.009186059E-1,2.537959811E-1
6.092972167E0,-9.000344574E-2,-2.119930387E-1,1.124911010E-1,2.563121466E-1
6.102989167E0,-8.763562888E-2,-2.126226127E-1,1.247895807E-1,2.616501831E-1
6.113006167E0,-8.822868764E-2,-2.091793418E-1,1.293653697E-1,2.612961868E-1
6.123022167E0,-8.026317507E-2,-2.092184871E-1,1.363252699E-1,2.622958861E-1
6.133039167E0,-7.970116287E-2,-2.054857612E-1,1.427987963E-1,2.626179157E-1
6.143056167E0,-7.231967896E-2,-2.038857341E-1,1.460057646E-1,2.609927429E-1
6.153073167E0,-6.713457406E-2,-2.017253488E-1,1.461745948E-1,2.580061618E-1
6.163089167E0,-6.426448375E-2,-1.983857453E-1,1.466688812E-1,2.549482075E-1
6.173106167E0,-5.859180540E-2,-1.937822849E-1,1.468010396E-1,2.500702277E-1
6.183123167E0,-5.699364468E-2,-1.895422637E-1,1.422563493E-1,2.437445675E-1
6.193139167E0,-4.908139259E-2,-1.875856370E-1,1.394917220E-1,2.388625019E-1
6.203156167E0,-4.863957316E-2,-1.821527928E-1,1.306399107E-1,2.293735693E-1
6.213173167E0,-4.221402109E-2,-1.780577600E-1,1.262942702E-1,2.223439501E-1
6.223190167E0,-4.007124156E-2,-1.711471230E-1,1.182035878E-1,2.118233469E-1
6.233206167E0,-3.758881241E-2,-1.666498035E-1,1.092084423E-1,2.027598572E-1
6.243223167E0,-3.628546000E-2,-1.610923260E-1,9.538557380E-2,1.906981379E-1
6.253240167E0,-3.062151931E-2,-1.587963700E-1,8.565916866E-2,1.830067151E-1
6.263257167E0,-2.937356196E-2,-1.526093185E-1,7.412555069E-2,1.721830639E-1
6.273273167E0,-2.931172401E-2,-1.440889388E-1,5.871457607E-2,1.583294063E-1
6.283290167E0,-2.798227407E-2,-1.363266110E-1,4.489543289E-2,1.462311610E-1
6.293307167E0,-2.908471227E-2,-1.317013800E-1,3.150053695E-2,1.385043603E-1
6.303323167E0,-2.952440083E-2,-1.255611926E-1,1.749683917E-2,1.301669801E-1
6.313340167E0,-2.679477260E-2,-1.170850024E-1,9.481697343E-4,1.201155970E-1
6.323357167E0,-3.145024553E-2,-1.084872559E-1,-1.241930202E-2,1.136346853E-1
6.333374167E0,-2.881209925E-2,-1.023443192E-1,-2.641357109E-2,1.095544316E-1
6.343390167E0,-2.935964614E-2,-9.208369255E-2,-4.260985181E-2,1.056266762E-1
6.353407167E0,-2.850050293E-2,-8.494643122E-2,-5.709686130E-2,1.062460654E-1
6.363424167E0,-2.976630442E-2,-7.857375592E-2,-7.209578902E-2,1.107143658E-1
6.373441167E0,-3.128198162E-2,-6.721691787E-2,-8.310401440E-2,1.113685487E-1
6.383457167E0,-3.234724700E-2,-5.737866834E-2,-9.635803849E-2,1.167198678E-1
6.393474167E0,-3.144918382E-2,-4.872031510E-2,-1.087267101E-1,1.232242580E-1
6.403491167E0,-2.960600890E-2,-4.124668986E-2,-1.178525686E-1,1.283239382E-1
6.413508167E0,-3.210761026E-2,-3.280955553E-2,-1.265445501E-1,1.346138504E-1
6.423524167E0,-2.850382030E-2,-1.751635410E-2,-1.375780255E-1,1.415874413E-1
6.433541167E0,-2.883800119E-2,-8.346145041E-3,-1.450624466E-1,1.481364299E-1
6.443558167E0,-2.856689133E-2,1.226587221E-3,-1.523073167E-1,1.549680306E-1
6.453575167E0,-2.499842271E-2,1.014446933E-2,-1.564722508E-1,1.587809708E-1
6.463591167E0,-2.237707376E-2,1.656428352E-2,-1.577593535E-1,1.601971365E-1
6.473608167E0,-1.835255325E-2,2.986662649E-2,-1.668160707E-1,1.704594762E-1
6.483625167E0,-1.659992710E-2,4.161276668E-2,-1.641896516E-1,1.701923078E-1
6.493641167E0,-1.238898374E-2,5.013712868E-2,-1.630262285E-1,1.710110224E-1
6.503658167E0,-7.778252475E-3,5.968456343E-2,-1.632613838E-1,1.740029533E-1
6.513675167E0,-3.053614171E-3,7.169201970E-2,-1.618454903E-1,1.770396368E-1
6.523692167E0,3.894573310E-3,7.962770760E-2,-1.590116173E-1,1.778775814E-1
6.533708167E0,7.332108449E-3,9.059544653E-2,-1.513907611E-1,1.765798893E-1
6.543725167E0,1.413222402E-2,1.012917683E-1,-1.470942795E-1,1.791548747E-1
6.553742167E0,1.929393597E-2,1.123510078E-1,-1.374741048E-1,1.785892897E-1
6.563759167E0,2.927226946E-2,1.216600761E-1,-1.260749698E-1,1.776314665E-1
6.573775167E0,3.242151067E-2,1.284835041E-1,-1.145260110E-1,1.751438619E-1
6.583792167E0,4.076812044E-2,1.391406804E-1,-9.979180247E-2,1.760129894E-1
6.593809167E0,4.782324284E-2,1.480491310E-1,-8.899876475E-2,1.792383549E-1
6.603825167E0,5.379431695E-2,1.553323418E-1,-7.378039509E-2,1.801818849E-1
6.613842167E0,5.816301331E-2,1.629014611E-1,-5.901279673E-2,1.827630497E-1
6.623859167E0,6.761670113E-2,1.718531400E-1,-4.475183412E-2,1.900217005E-1
6.633876167E0,6.847007573E-2,1.816032529E-1,-2.754035220E-2,1.960264363E-1
6.643892167E0,7.627660036E-2,1.885506511E-1,-9.341109544E-3,2.036092437E-1
6.653909167E0,8.123436570E-2,1.952200681E-1,9.872213006E-3,2.116774852E-1
6.663926167E0,8.496385813E-2,2.052655220E-1,2.629992180E-2,2.237062306E-1
6.673943167E0,8.750315756E-2,2.085784227E-1,4.494023696E-2,2.306108971E-1
6.683959167E0,8.773671836E-2,2.115550339E-1,6.228087842E-2,2.373439950E-1
6.693976167E0,9.090718627E-2,2.175486833E-1,7.964980602E-2,2.488687158E-1
6.703993167E0,9.218257666E-2,2.268468440E-1,1.002775803E-1,2.645991519E-1
6.714010167E0,9.138428420E-2,2.292725444E-1,1.156463623E-1,2.725638790E-1
6.724026167E0,8.834135532E-2,2.299407274E-1,1.320764720E-1,2.795015700E-1
6.734043167E0,8.709952235E-2,2.341772765E-1,1.503175348E-1,2.915830669E-1
6.744060167E0,8.504036814E-2,2.370044887E-1,1.664925069E-1,3.018654447E-1
6.754076167E0,8.468049765E-2,2.378229350E-1,1.826282740E-1,3.115824474E-1
6.764093167E0,7.961383462E-2,2.435074300E-1,1.929038167E-1,3.206962950E-1
6.774110167E0,7.595070451E-2,2.433102578E-1,2.036172748E-1,3.262336366E-1
6.784127167E0,6.997164339E-2,2.455121428E-1,2.137266397E-1,3.329434181E-1
6.794143417E0,6.740362197E-2,2.413642406E-1,2.236019671E-1,3.358538143E-1
6.804160417E0,6.237770990E-2,2.432702482E-1,2.308497578E-1,3.411202178E-1
6.814177417E0,5.655628443E-2,2.405612022E-1,2.408774644E-1,3.450945641E-1
6.824194417E0,5.286115035E-2,2.358141392E-1,2.418356687E-1,3.418875548E-1
6.834210417E0,4.904733598E-2,2.320300639E-1,2.434242517E-1,3.398513764E-1
6.844227417E0,4.071430489E-2,2.304633260E-1,2.458317429E-1,3.394175085E-1
6.854244417E0,3.497228399E-2,2.270175368E-1,2.488745749E-1,3.386717831E-1
6.864260417E0,3.122787923E-2,2.189468294E-1,2.435383946E-1,3.289739263E-1
6.874277417E0,2.507374808E-2,2.136998475E-1,2.400733531E-1,3.223841381E-1
6.884294417E0,2.167049423E-2,2.084342539E-1,2.344881743E-1,3.144823563E-1
6.894311417E0,1.643926278E-2,2.035796493E-1,2.305257469E-1,3.079887059E-1
6.904327417E0,1.511354186E-2,1.930244863E-1,2.201828361E-1,2.932018976E-1
6.914344417E0,1.276560966E-2,1.852876991E-1,2.093324214E-1,2.798473778E-1
6.924361417E0,7.307461929E-3,1.779272556E-1,1.965809464E-1,2.652462550E-1
6.934378417E0,5.480287597E-3,1.677942723E-1,1.888025403E-1,2.526486703E-1
6.944394417E0,5.816112272E-3,1.568161845E-1,1.755439937E-1,2.354587790E-1
6.954411417E0,3.134921659E-3,1.495358348E-1,1.617636234E-1,2.203140110E-1
6.964428417E0,3.000165801E-3,1.392397881E-1,1.441465467E-1,2.004368891E-1
6.974445417E0,1.340700081E-3,1.241856068E-1,1.279921979E-1,1.783419893E-1
6.984461417E0,4.743687343E-3,1.123960614E-1,1.086749583E-1,1.564149090E-1
6.994478417E0,2.093502786E-3,1.039730534E-1,9.552900493E-2,1.412110809E-1
7.004495417E0,2.904701512E-3,9.078881145E-2,7.457925379E-2,1.175291907E-1
7.014511417E0,5.594417453E-3,7.461016625E-2,5.582063645E-2,9.334836832E-2
7.024528417E0,5.835966207E-3,6.328587234E-2,3.713749722E-2,7.360946841E-2
7.034545417E0,9.185471572E-3,5.281287432E-2,2.233308740E-2,5.807184666E-2
7.044562417E0,8.852575906E-3,4.038256779E-2,3.265889827E-4,4.134279311E-2
7.054578417E0,1.315668598E-2,2.342272550E-2,-1.760037430E-2,3.211690569E-2
7.064595417E0,1.335056406E-2,1.357249077E-2,-3.604356200E-2,4.076258613E-2
7.074612417E0,1.484924741E-2,8.871452883E-4,-5.321994424E-2,5.525983750E-2
7.084629417E0,1.771081425E-2,-1.197325997E-2,-7.190388441E-2,7.501466849E-2
7.094645417E0,1.960712485E-2,-3.056780063E-2,-8.836328238E-2,9.553480755E-2
7.104662417E0,1.761188358E-2,-3.737430647E-2,-1.058003306E-1,1.135813681E-1
7.114679417E0,1.814899780E-2,-5.144339800E-2,-1.201340929E-1,1.319394164E-1
7.124696417E0,1.973704062E-2,-6.164836884E-2,-1.336680204E-1,1.485167055E-1
7.134712417E0,1.863124408E-2,-7.651960105E-2,-1.499054730E-1,1.693340587E-1
7.144729417E0,1.731351204E-2,-8.645079285E-2,-1.634146273E-1,1.856820877E-1
7.154746417E0,1.601502672E-2,-1.002819687E-1,-1.739196628E-1,2.013976252E-1
7.164762417E0,1.486667246E-2,-1.122952178E-1,-1.878895462E-1,2.193939731E-1
7.174779417E0,1.448988635E-2,-1.226609051E-1,-1.947456896E-1,2.306112271E-1
7.184796417E0,9.786211886E-3,-1.303441226E-1,-2.025604695E-1,2.410728190E-1
7.194813417E0,7.683207747E-3,-1.417480260E-1,-2.139633894E-1,2.567720128E-1
7.204829417E0,4.476761911E-3,-1.517018527E-1,-2.162292004E-1,2.641752460E-1
7.214846417E0,-1.189014642E-3,-1.593882442E-1,-2.190444320E-1,2.708994082E-1
7.224863417E0,-8.052246645E-3,-1.686794758E-1,-2.254237682E-1,2.816619951E-1
7.234880417E0,-1.087698899E-2,-1.761808544E-1,-2.268450409E-1,2.874311656E-1
7.244896417E0,-1.466347091E-2,-1.829412878E-1,-2.263840437E-1,2.914314111E-1
7.254913417E0,-2.186564729E-2,-1.912562698E-1,-2.232621908E-1,2.947932718E-1
7.264930417E0,-2.617437579E-2,-1.951125264E-1,-2.197417617E-1,2.950261645E-1
7.274946417E0,-3.460759297E-2,-2.004794776E-1,-2.154366374E-1,2.963151214E-1
7.284963417E0,-3.986307606E-2,-2.072532177E-1,-2.120807916E-1,2.992009747E-1
7.294980417E0,-4.692827165E-2,-2.116911262E-1,-2.055243552E-1,2.987568513E-1
7.304997417E0,-5.189480260E-2,-2.142512202E-1,-1.961811930E-1,2.950995025E-1
7.315013417E0,-5.766461417E-2,-2.210765928E-1,-1.865115762E-1,2.949349685E-1
7.325030417E0,-6.269745529E-2,-2.233900875E-1,-1.746115088E-1,2.903847122E-1
7.335047417E0,-6.822467595E-2,-2.237344384E-1,-1.640390307E-1,2.856930327E-1
7.345064417E0,-7.202820480E-2,-2.262724340E-1,-1.517224461E-1,2.817924366E-1
7.355080417E0,-7.677984238E-2,-2.273524255E-1,-1.382184923E-1,2.769271044E-1
7.365097417E0,-8.024381101E-2,-2.292749584E-1,-1.260622293E-1,2.736745538E-1
7.375114417E0,-8.327800035E-2,-2.271389812E-1,-1.082109138E-1,2.650225349E-1
7.385131417E0,-8.562530577E-2,-2.250723690E-1,-9.569645673E-2,2.591275286E-1
7.395147417E0,-8.871043473E-2,-2.271076590E-1,-7.912056148E-2,2.563347289E-1
7.405164417E0,-8.918261528E-2,-2.220101058E-1,-6.297834218E-2,2.474031074E-1
7.415181417E0,-8.944750577E-2,-2.242407352E-1,-4.645534605E-2,2.458513022E-1
7.425197417E0,-8.909516782E-2,-2.208633274E-1,-2.952217124E-2,2.399794093E-1
7.435214417E0,-8.835131675E-2,-2.162669003E-1,-1.723386720E-2,2.342527129E-1
7.445231417E0,-8.607218415E-2,-2.144964337E-1,1.222637715E-3,2.311247192E-1
7.455248417E0,-8.478382975E-2,-2.127394974E-1,1.654476114E-2,2.296086250E-1
7.465264417E0,-8.160801232E-2,-2.060858458E-1,2.938172966E-2,2.235945651E-1
7.475281417E0,-7.902009040E-2,-2.010409236E-1,4.162982106E-2,2.199878852E-1
7.485298417E0,-7.550205290E-2,-1.971713454E-1,5.476346612E-2,2.181195467E-1
7.495315417E0,-6.928587705E-2,-1.939265430E-1,6.883396208E-2,2.171316448E-1
7.505331417E0,-6.453533471E-2,-1.878595948E-1,8.061151952E-2,2.143694332E-1
7.515348417E0,-5.928670242E-2,-1.823969632E-1,9.061674774E-2,2.121201552E-1
7.525365417E0,-5.545761064E-2,-1.741062701E-1,9.919212759E-2,2.079125250E-1
7.535382417E0,-4.940552264E-2,-1.675361097E-1,1.087544188E-1,2.057590273E-1
7.545398417E0,-4.691093788E-2,-1.617906094E-1,1.150906160E-1,2.040163897E-1
7.555415417E0,-4.119348899E-2,-1.523689032E-1,1.211711988E-1,1.989865463E-1
7.565432417E0,-3.891275823E-2,-1.453685164E-1,1.239323616E-1,1.949498361E-1
7.575448417E0,-3.293660283E-2,-1.350292563E-1,1.293187737E-1,1.898448449E-1
7.585465417E0,-2.511090785E-2,-1.290515214E-1,1.304420978E-1,1.852025749E-1
7.595482417E0,-2.374052070E-2,-1.231882498E-1,1.319091171E-1,1.820411283E-1
7.605499417E0,-1.826266386E-2,-1.111259982E-1,1.306049675E-1,1.724533847E-1
7.615515417E0,-1.374840923E-2,-1.047455519E-1,1.312465370E-1,1.684823518E-1
7.625532417E0,-1.042797975E-2,-9.254135191E-2,1.280619204E-1,1.583429823E-1
7.635549417E0,-4.612314515E-3,-8.371260762E-2,1.242716014E-1,1.499083221E-1
7.645566417E0,-2.219730755E-3,-7.720890641E-2,1.166301891E-1,1.398883249E-1
7.655582417E0,1.575049129E-3,-6.460640579E-2,1.143899858E-1,1.313831698E-1
7.665599417E0,2.893580357E-3,-5.776207894E-2,1.077057198E-1,1.222511867E-1
7.675616417E0,6.587441079E-3,-4.779293388E-2,9.802135080E-2,1.092508312E-1
7.685633417E0,7.097170223E-3,-3.919572011E-2,9.331341088E-2,1.014596814E-1
7.695649417E0,7.474466693E-3,-2.901333943E-2,8.152195066E-2,8.685315168E-2
7.705666417E0,7.063008845E-3,-2.169177681E-2,6.967993826E-2,7.331925443E-2
7.715683417E0,1.030274481E-2,-8.885169402E-3,6.014981866E-2,6.166922628E-2
7.725699417E0,1.092672348E-2,-1.671464182E-3,5.217817798E-2,5.333619162E-2
7.735716417E0,8.977555670E-3,1.055830345E-2,3.977743536E-2,4.212266185E-2
7.745733417E0,1.016398892E-2,1.723166183E-2,2.899530530E-2,3.522732703E-2
7.755750417E0,9.814368561E-3,2.686498500E-2,1.722349599E-2,3.338709427E-2
7.765766417E0,9.390659630E-3,3.631494939E-2,3.907423932E-3,3.771243826E-2
7.775783417E0,1.275628898E-2,4.541768134E-2,-5.053899251E-3,4.744502697E-2
7.785800417E0,1.406922750E-2,5.478587747E-2,-1.803361438E-2,5.936873571E-2
7.795817542E0,1.059331652E-2,6.367353350E-2,-2.922437526E-2,7.085620179E-2
7.805833542E0,1.173528004E-2,7.059481740E-2,-3.931961954E-2,8.165401106E-2
7.815850542E0,1.341334172E-2,8.030070364E-2,-5.143935233E-2,9.630227261E-2
7.825867542E0,1.350522134E-2,9.204018116E-2,-5.948528647E-2,1.104186817E-1
7.835884542E0,1.427249983E-2,9.751705080E-2,-6.838754565E-2,1.199588923E-1
7.845900542E0,2.001134492E-2,1.038090363E-1,-8.023488522E-2,1.327192780E-1
7.855917542E0,1.754838228E-2,1.122054905E-1,-8.581292629E-2,1.423442171E-1
7.865934542E0,2.399482951E-2,1.203933805E-1,-9.180397540E-2,1.532915125E-1
7.875950542E0,2.382451110E-2,1.283089370E-1,-9.643074125E-2,1.622642243E-1
7.885967542E0,2.582933754E-2,1.340304613E-1,-1.038380563E-1,1.715041142E-1
7.895984542E0,3.078881837E-2,1.417258382E-1,-1.073400527E-1,1.804329556E-1
7.906001542E0,3.518516570E-2,1.448542476E-1,-1.123230979E-1,1.866473339E-1
7.916017542E0,3.751569614E-2,1.540094018E-1,-1.145423055E-1,1.955665182E-1
7.926034542E0,4.086035863E-2,1.612670422E-1,-1.128703728E-1,2.010381776E-1
7.936051542E0,4.423473030E-2,1.662060618E-1,-1.117219180E-1,2.050925482E-1
7.946068542E0,4.758471996E-2,1.733364016E-1,-1.144346148E-1,2.130847126E-1
7.956084542E0,5.791924521E-2,1.763301492E-1,-1.072428003E-1,2.143547963E-1
7.966101542E0,5.960236117E-2,1.823025495E-1,-1.043447480E-1,2.183448819E-1
7.976118542E0,6.360431761E-2,1.853138655E-1,-9.884888679E-2,2.194489471E-1
7.986134542E0,6.563603878E-2,1.926705837E-1,-9.287914634E-2,2.237332770E-1
7.996151542E0,7.216748595E-2,1.940204203E-1,-8.306901902E-2,2.230527549E-1
8.006168542E0,7.246895880E-2,1.999547482E-1,-7.605425268E-2,2.258714250E-1
8.016185542E0,7.540535927E-2,2.022027224E-1,-6.805144995E-2,2.262805979E-1
8.026201542E0,7.881873101E-2,2.068688422E-1,-5.393057317E-2,2.278499879E-1
8.036218542E0,8.121138811E-2,2.105644643E-1,-4.271227866E-2,2.296889678E-1
8.046235542E0,8.231659979E-2,2.113636881E-1,-3.022045642E-2,2.288316133E-1
8.056252542E0,8.436595649E-2,2.139766365E-1,-1.513881143E-2,2.305055297E-1
8.066268542E0,8.469219506E-2,2.174350172E-1,-2.344985027E-3,2.333586372E-1
8.076285542E0,8.537495136E-2,2.175069898E-1,1.087782159E-2,2.339155830E-1
8.086302542E0,8.089125156E-2,2.185924947E-1,2.667675912E-2,2.346011995E-1
8.096319542E0,8.299253881E-2,2.167169601E-1,3.772770613E-2,2.351114248E-1
8.106335542E0,7.827927172E-2,2.190940976E-1,5.475915223E-2,2.390155492E-1
8.116352542E0,7.984112203E-2,2.159715295E-1,6.776417047E-2,2.400214347E-1
8.126369542E0,7.428230345E-2,2.162679434E-1,8.379080892E-2,2.435376431E-1
8.136385542E0,7.306130975E-2,2.149669379E-1,9.552016109E-2,2.463185753E-1
8.146402542E0,6.755442917E-2,2.095207721E-1,1.112759560E-1,2.466675764E-1
8.156419542E0,6.147354096E-2,2.058887333E-1,1.246456131E-1,2.484063115E-1
8.166436542E0,5.801995099E-2,2.078315020E-1,1.353944093E-1,2.547388741E-1
8.176452542E0,5.274210498E-2,2.044575363E-1,1.468630880E-1,2.572029946E-1
8.186469542E0,4.582694173E-2,1.975887120E-1,1.575695276E-1,2.568454082E-1
8.196486542E0,4.383084923E-2,1.897873729E-1,1.685610265E-1,2.575911682E-1
8.206503542E0,3.474147990E-2,1.881055832E-1,1.775971353E-1,2.610199673E-1
8.216519542E0,2.618627064E-2,1.795717925E-1,1.805297583E-1,2.559741062E-1
8.226536542E0,2.230923995E-2,1.756164730E-1,1.918591112E-1,2.610531867E-1
8.236553542E0,1.571990177E-2,1.669391990E-1,1.966910511E-1,2.584631135E-1
8.246570542E0,1.033286005E-2,1.571888328E-1,1.992775053E-1,2.540209071E-1
8.256586542E0,4.754340276E-3,1.490605921E-1,2.014621496E-1,2.506564613E-1
8.266603542E0,-2.198108472E-3,1.428426504E-1,2.027503252E-1,2.480252988E-1
8.276620542E0,-6.499551237E-3,1.330739409E-1,2.021678388E-1,2.421213600E-1
8.286636542E0,-9.123297408E-3,1.238426194E-1,1.996620744E-1,2.351279926E-1
8.296653542E0,-1.498137973E-2,1.117515415E-1,1.955648512E-1,2.257398055E-1
8.306670542E0,-1.614890993E-2,1.020139605E-1,1.898638159E-1,2.161386222E-1
8.316687542E0,-1.968098804E-2,8.944778889E-2,1.879288256E-1,2.090585844E-1
8.326703542E0,-2.469145879E-2,8.246498555E-2,1.770692468E-1,1.968848906E-1
8.336720542E0,-2.471252158E-2,6.918638945E-2,1.706718504E-1,1.858126630E-1
8.346737542E0,-2.445046790E-2,5.671481043E-2,1.613563746E-1,1.727723205E-1
8.356754542E0,-3.040042706E-2,4.303143173E-2,1.520588547E-1,1.609278887E-1
8.366770542E0,-3.054130822E-2,3.139794618E-2,1.346231401E-1,1.415697439E-1
8.376787542E0,-2.881747298E-2,2.034762874E-2,1.250160635E-1,1.298979941E-1
8.386804542E0,-2.840974182E-2,6.802523509E-3,1.101167351E-1,1.139257789E-1
8.396821542E0,-2.744223736E-2,-2.996653318E-3,9.644950181E-2,1.003222942E-1
8.406837542E0,-2.665580623E-2,-1.544560026E-2,7.951525599E-2,8.527470028E-2
8.416854542E0,-2.622110397E-2,-2.804053575E-2,6.231102720E-2,7.318799115E-2
8.426871542E0,-2.422932535E-2,-4.389566556E-2,4.685910046E-2,6.862699875E-2
8.436888542E0,-2.247672342E-2,-5.577610433E-2,2.837979421E-2,6.649503462E-2
8.446904542E0,-2.027242631E-2,-6.697070599E-2,9.315822273E-3,7.058917249E-2
8.456921542E0,-1.811865345E-2,-8.025886118E-2,-7.276151329E-3,8.259971416E-2
8.466938542E0,-1.979218237E-2,-9.223535657E-2,-2.548152208E-2,9.771591197E-2
8.476954542E0,-1.495605428E-2,-1.013076603E-1,-4.322515056E-2,1.111545737E-1
8.486971542E0,-1.348891854E-2,-1.129427478E-1,-6.229152158E-2,1.296851914E-1
8.496988542E0,-1.385234483E-2,-1.217172965E-1,-7.957015932E-2,1.460766853E-1
8.507005542E0,-1.256337482E-2,-1.336924732E-1,-9.974174201E-2,1.672720266E-1
8.517021542E0,-1.169758104E-2,-1.449219435E-1,-1.173636094E-1,1.868513311E-1
8.527038542E0,-1.333808899E-2,-1.532200873E-1,-1.354741752E-1,2.049574393E-1
8.537055542E0,-1.418216247E-2,-1.654249430E-1,-1.481850147E-1,2.225429039E-1
8.547072542E0,-1.798941754E-2,-1.714423448E-1,-1.653672010E-1,2.388773909E-1
8.557088542E0,-1.675291546E-2,-1.801740527E-1,-1.791768074E-1,2.546520720E-1
8.567105542E0,-1.679632440E-2,-1.875808388E-1,-1.918396056E-1,2.688328884E-1
8.577122542E0,-1.897430792E-2,-1.970698088E-1,-2.056229562E-1,2.854423480E-1
8.587138542E0,-2.345028333E-2,-2.017769516E-1,-2.170969248E-1,2.973128465E-1
8.597155542E0,-2.607557178E-2,-2.080445737E-1,-2.268231064E-1,3.088870371E-1
8.607172542E0,-2.799278311E-2,-2.146899551E-1,-2.351963520E-1,3.196759245E-1
8.617189542E0,-3.353324905E-2,-2.201167494E-1,-2.426677942E-1,3.293380034E-1
8.627205542E0,-3.945771605E-2,-2.248696983E-1,-2.445668876E-1,3.345687599E-1
8.637222542E0,-4.536651820E-2,-2.278888077E-1,-2.508890927E-1,3.419601826E-1
8.647239542E0,-4.876870662E-2,-2.298741937E-1,-2.523570061E-1,3.448254488E-1
8.657256542E0,-5.355443060E-2,-2.329557836E-1,-2.525737286E-1,3.477498562E-1
8.667272542E0,-5.632092431E-2,-2.366131097E-1,-2.513327003E-1,3.497512493E-1
8.677289542E0,-6.335785240E-2,-2.363754362E-1,-2.464390397E-1,3.473035626E-1
8.687306542E0,-6.846685708E-2,-2.370537370E-1,-2.423936874E-1,3.458856523E-1
8.697323542E0,-7.163703442E-2,-2.378895581E-1,-2.345039845E-1,3.416363934E-1
8.707339542E0,-7.362534851E-2,-2.365260273E-1,-2.265491188E-1,3.356929501E-1
8.717356542E0,-7.924239337E-2,-2.372413278E-1,-2.166719884E-1,3.309222795E-1
8.727373542E0,-8.087784052E-2,-2.353536785E-1,-2.080033869E-1,3.243423932E-1
8.737390542E0,-8.579483628E-2,-2.330431193E-1,-1.968945414E-1,3.169184593E-1
8.747406542E0,-8.974243701E-2,-2.283860594E-1,-1.797973216E-1,3.042054798E-1
8.757423542E0,-8.840214461E-2,-2.252511829E-1,-1.669571996E-1,2.939859539E-1
8.767440542E0,-8.891347051E-2,-2.225395590E-1,-1.487118900E-1,2.820366763E-1
8.777456542E0,-9.061532468E-2,-2.181887776E-1,-1.335286200E-1,2.713804932E-1
8.787473542E0,-9.025339782E-2,-2.119455338E-1,-1.187565997E-1,2.591712080E-1
8.797490708E0,-8.492875099E-2,-2.056143582E-1,-9.758186340E-2,2.429246326E-1
8.807507708E0,-8.626059443E-2,-1.994137168E-1,-7.815942913E-2,2.309017474E-1
8.817523708E0,-8.281734586E-2,-1.931482106E-1,-5.959469453E-2,2.184410027E-1
8.827540708E0,-7.821540534E-2,-1.857901663E-1,-4.226656631E-2,2.059662549E-1
8.837557708E0,-7.494469732E-2,-1.779959351E-1,-2.334954962E-2,1.945365314E-1
8.847574708E0,-6.912862509E-2,-1.716094166E-1,-2.312175930E-3,1.850240655E-1
8.857590708E0,-6.444248557E-2,-1.608330458E-1,1.832657307E-2,1.742296354E-1
8.867607708E0,-5.715048313E-2,-1.563181877E-1,3.220590204E-2,1.695251417E-1
8.877624708E0,-5.449523404E-2,-1.430690289E-1,5.336908996E-2,1.621318516E-1
8.887641708E0,-4.513448849E-2,-1.344494373E-1,6.720101088E-2,1.569386794E-1
8.897657708E0,-3.951298818E-2,-1.252183616E-1,8.445271105E-2,1.561191043E-1
8.907674708E0,-3.170966357E-2,-1.128796786E-1,9.921407700E-2,1.535928308E-1
8.917691708E0,-2.269113250E-2,-1.049700826E-1,1.142263189E-1,1.567841117E-1
8.927707708E0,-1.820051111E-2,-9.496805072E-2,1.256603301E-1,1.585582158E-1
8.937724708E0,-1.011636853E-2,-8.537737280E-2,1.385663748E-1,1.630713860E-1
8.947741708E0,-5.561564583E-3,-6.869666278E-2,1.479630768E-1,1.632275546E-1
8.957758708E0,-8.807631675E-4,-6.424672157E-2,1.576247662E-1,1.702174606E-1
8.967774708E0,6.915108301E-3,-4.794977605E-2,1.654118448E-1,1.723603149E-1
8.977791708E0,1.235238649E-2,-3.920743614E-2,1.714995652E-1,1.763573230E-1
8.987808708E0,1.826593652E-2,-2.914202027E-2,1.761113554E-1,1.794383217E-1
8.997825708E0,2.647672966E-2,-1.870882884E-2,1.806595474E-1,1.835453883E-1
9.007841708E0,2.754465677E-2,-7.008231245E-3,1.819594353E-1,1.841658479E-1
9.017858708E0,3.342774883E-2,2.086497843E-4,1.852327287E-1,1.882249232E-1
9.027875708E0,3.649730980E-2,1.432207134E-2,1.824545264E-1,1.866194780E-1
9.037892708E0,4.057791829E-2,2.167489752E-2,1.804444790E-1,1.862164832E-1
9.047908708E0,3.934434429E-2,3.439788520E-2,1.768819690E-1,1.844408384E-1
9.057925708E0,4.156997055E-2,4.005743563E-2,1.710426807E-1,1.805221849E-1
9.067942708E0,4.447095841E-2,5.265392363E-2,1.679422259E-1,1.815342752E-1
9.077958708E0,4.621334374E-2,6.049843132E-2,1.585754603E-1,1.759031266E-1
9.087975708E0,4.416430742E-2,7.142990828E-2,1.499928981E-1,1.719028427E-1
9.097992708E0,4.714629427E-2,7.929144055E-2,1.417696923E-1,1.691406257E-1
9.108009708E0,4.620140418E-2,8.838187903E-2,1.299495101E-1,1.638072082E-1
9.118025708E0,4.504588246E-2,9.699087590E-2,1.212478429E-1,1.616706558E-1
9.128042708E0,4.318379983E-2,1.035963148E-1,1.065876707E-1,1.547836185E-1
9.138059708E0,4.243346676E-2,1.101872772E-1,9.370181710E-2,1.507377381E-1
9.148076708E0,4.159803316E-2,1.195922345E-1,7.854229957E-2,1.490019857E-1
9.158092708E0,3.795323148E-2,1.227861643E-1,6.381422281E-2,1.434891806E-1
9.168109708E0,4.017936811E-2,1.318531632E-1,4.963608086E-2,1.465038525E-1
9.178126708E0,3.697362170E-2,1.378995925E-1,3.439768404E-2,1.468555310E-1
9.188143708E0,3.780718893E-2,1.429047287E-1,2.156151645E-2,1.493855548E-1
9.198159708E0,3.766994923E-2,1.481060982E-1,5.472448189E-3,1.529195510E-1
9.208176708E0,3.650454804E-2,1.550151408E-1,-1.319311559E-2,1.598009205E-1
9.218193708E0,3.610105440E-2,1.596444547E-1,-2.384282090E-2,1.654028965E-1
9.228210708E0,3.636230901E-2,1.657854468E-1,-4.187668115E-2,1.748161557E-1
9.238226708E0,3.916238248E-2,1.700042337E-1,-5.354510993E-2,1.824889325E-1
9.248243708E0,4.072459042E-2,1.718125194E-1,-6.383609772E-2,1.877580397E-1
9.258260708E0,4.110661149E-2,1.757609993E-1,-7.658577710E-2,1.960792280E-1
9.268276708E0,4.307601973E-2,1.811208725E-1,-9.085019678E-2,2.071571196E-1
9.278293708E0,4.772047698E-2,1.808763742E-1,-9.925668687E-2,2.117673171E-1
9.288310708E0,5.058630183E-2,1.847030669E-1,-1.112912446E-1,2.214947810E-1
9.298327708E0,5.404947698E-2,1.878245771E-1,-1.174679548E-1,2.280310025E-1
9.308343708E0,5.592513829E-2,1.896951795E-1,-1.237146705E-1,2.332749492E-1
9.318360708E0,6.093640998E-2,1.921058744E-1,-1.286074221E-1,2.390769376E-1
9.328377708E0,6.234601885E-2,1.925484836E-1,-1.333891302E-1,2.423934914E-1
9.338394708E0,6.935708225E-2,1.949736476E-1,-1.354811490E-1,2.473464571E-1
9.348410708E0,7.106896490E-2,1.940268874E-1,-1.379658878E-1,2.484588839E-1
9.358427708E0,7.329960167E-2,1.965464205E-1,-1.337760836E-1,2.487958351E-1
9.368444708E0,7.727543265E-2,1.967893094E-1,-1.321062893E-1,2.492982079E-1
9.378461708E0,8.181551844E-2,1.959342062E-1,-1.289395690E-1,2.484137772E-1
9.388477708E0,8.127409965E-2,1.959499270E-1,-1.230446622E-1,2.452383372E-1
9.398494708E0,8.344677091E-2,1.971110255E-1,-1.134535521E-1,2.422557087E-1
9.408511708E0,8.277086169E-2,1.946465373E-1,-1.052046791E-1,2.362336016E-1
9.418527708E0,8.796449006E-2,1.960013211E-1,-9.927302599E-2,2.366630581E-1
9.428544708E0,8.824651688E-2,1.932137907E-1,-8.442323655E-2,2.285744944E-1
9.438561708E0,8.492410928E-2,1.937939972E-1,-7.743260264E-2,2.253087340E-1
9.448578708E0,8.329585195E-2,1.912477463E-1,-6.393597275E-2,2.181781567E-1
9.458594708E0,8.389741182E-2,1.864209026E-1,-4.765222594E-2,2.099101314E-1
9.468611708E0,8.206835389E-2,1.854150295E-1,-3.539609164E-2,2.058320461E-1
9.478628708E0,7.673379779E-2,1.808288693E-1,-1.815404370E-2,1.972732243E-1
9.488645708E0,7.207646221E-2,1.764471680E-1,-1.640048809E-3,1.906077366E-1
9.498661708E0,7.247295231E-2,1.724514812E-1,1.286629774E-2,1.875030235E-1
9.508678708E0,6.599534303E-2,1.667248905E-1,2.870917693E-2,1.815951300E-1
9.518695708E0,5.698413774E-2,1.622021198E-1,4.520665109E-2,1.777649035E-1
9.528712708E0,5.287780613E-2,1.562057436E-1,6.041489914E-2,1.756310244E-1
9.538728708E0,4.846204072E-2,1.506608576E-1,7.896286249E-2,1.768683042E-1
9.548745708E0,3.795773536E-2,1.470362991E-1,9.406005591E-2,1.786274252E-1
9.558762708E0,3.211420774E-2,1.380038410E-1,1.088886857E-1,1.786984285E-1
9.568779708E0,2.350979857E-2,1.288777143E-1,1.224039644E-1,1.792900063E-1
9.578795708E0,1.481912844E-2,1.221693009E-1,1.366592348E-1,1.839040269E-1
9.588812708E0,1.045021322E-2,1.146269590E-1,1.490775496E-1,1.883418766E-1
9.598829708E0,1.140576089E-3,1.119253784E-1,1.606676877E-1,1.958129135E-1
9.608846708E0,-5.918664858E-3,9.883487225E-2,1.705986112E-1,1.972492046E-1
9.618862708E0,-1.190486830E-2,8.748835325E-2,1.798838824E-1,2.003850019E-1
9.628879708E0,-2.151009068E-2,8.098731190E-2,1.855731905E-1,2.036149251E-1
9.638896708E0,-2.496116236E-2,6.984207779E-2,1.954283267E-1,2.090291997E-1
9.648912708E0,-2.983181737E-2,6.059958413E-2,1.991343796E-1,2.102777879E-1
9.658929708E0,-3.660111129E-2,5.158482864E-2,1.998443902E-1,2.096149235E-1
9.668946708E0,-4.261719063E-2,4.106081277E-2,2.027789205E-1,2.112380314E-1
9.678963708E0,-4.612314701E-2,2.819777280E-2,2.035122961E-1,2.105699735E-1
9.688979708E0,-5.125426129E-2,1.884634793E-2,2.010462135E-1,2.083309005E-1
9.698996708E0,-5.188875273E-2,6.428468972E-3,1.991564929E-1,2.059055039E-1
9.709013708E0,-5.651412904E-2,-1.848635264E-3,1.952432394E-1,2.032662952E-1
9.719030708E0,-5.530313402E-2,-1.195067260E-2,1.913504452E-1,1.995400914E-1
9.729046708E0,-5.945234001E-2,-2.563372627E-2,1.791627556E-1,1.905018678E-1
9.739063708E0,-5.681472272E-2,-3.499972075E-2,1.713894159E-1,1.839217905E-1
9.749080708E0,-5.529911816E-2,-4.851606488E-2,1.611953676E-1,1.771884521E-1
9.759097708E0,-5.702285841E-2,-5.955290794E-2,1.488915086E-1,1.701964646E-1
9.769113708E0,-5.635547265E-2,-6.883802265E-2,1.327833682E-1,1.598312721E-1
9.779130708E0,-5.416754261E-2,-8.055388927E-2,1.198833436E-1,1.542565001E-1
9.789147708E0,-5.249640718E-2,-9.175647795E-2,1.018382981E-1,1.467861130E-1
9.799164708E0,-4.749755934E-2,-1.028916538E-1,8.571467549E-2,1.420905210E-1
9.809180708E0,-4.504718259E-2,-1.121235043E-1,6.941799074E-2,1.393548934E-1
9.819197708E0,-4.522641376E-2,-1.223255545E-1,4.918733239E-2,1.393856644E-1
9.829214708E0,-4.050596058E-2,-1.317904294E-1,3.186134249E-2,1.415082869E-1
9.839231708E0,-3.642442450E-2,-1.420484632E-1,1.133694686E-2,1.470817153E-1
9.849247708E0,-3.535143659E-2,-1.546590626E-1,-1.138061564E-2,1.590555505E-1
9.859264708E0,-3.555998579E-2,-1.615018398E-1,-3.055345453E-2,1.681691720E-1
9.869281708E0,-3.279242665E-2,-1.682867855E-1,-5.787642300E-2,1.809570826E-1
9.879297708E0,-2.822530083E-2,-1.776268184E-1,-7.609767467E-2,1.952916033E-1
9.889314708E0,-2.910467610E-2,-1.872381717E-1,-9.868900478E-2,2.136462843E-1
9.899331708E0,-2.777522616E-2,-1.933061779E-1,-1.185093150E-1,2.284364229E-1
9.909348708E0,-2.630995587E-2,-1.993544847E-1,-1.409509629E-1,2.455638375E-1
9.919364708E0,-2.719489858E-2,-2.050312012E-1,-1.578850001E-1,2.602019009E-1
9.929381708E0,-3.216915205E-2,-2.110126615E-1,-1.785263568E-1,2.782676009E-1
9.939398708E0,-3.284341469E-2,-2.189237028E-1,-1.930841655E-1,2.937478042E-1
9.949415708E0,-3.574865684E-2,-2.239296436E-1,-2.114884704E-1,3.100803523E-1
9.959431708E0,-3.815593570E-2,-2.285453230E-1,-2.272470295E-1,3.245459175E-1
9.969448708E0,-4.037115350E-2,-2.296928763E-1,-2.427564859E-1,3.366294089E-1
9.979465708E0,-4.485444352E-2,-2.338328660E-1,-2.547049522E-1,3.486607850E-1
9.989482708E0,-4.932668805E-2,-2.333604097E-1,-2.662121952E-1,3.574341000E-1
9.999498708E0,-5.241350830E-2,-2.377957702E-1,-2.701458037E-1,3.636932216E-1
1.000951571E1,-5.385161564E-2,-2.376154661E-1,-2.768085003E-1,3.687601552E-1
1.001953271E1,-6.357500702E-2,-2.384344339E-1,-2.829492092E-1,3.754370997E-1
1.002954971E1,-6.555187702E-2,-2.373968661E-1,-2.847282290E-1,3.764631257E-1
1.003956571E1,-6.961329281E-2,-2.361326963E-1,-2.839691639E-1,3.758232920E-1
1.004958271E1,-7.564189285E-2,-2.352538556E-1,-2.847662270E-1,3.770382959E-1
1.005959971E1,-8.244694769E-2,-2.324584872E-1,-2.828939259E-1,3.753177597E-1
1.006961671E1,-8.146424592E-2,-2.311562002E-1,-2.739883065E-1,3.676128457E-1
1.007963271E1,-8.431144804E-2,-2.269370258E-1,-2.670999467E-1,3.604874693E-1
1.008964971E1,-8.600787818E-2,-2.214631736E-1,-2.574302852E-1,3.503050729E-1
1.009966671E1,-9.042754024E-2,-2.170326561E-1,-2.470610440E-1,3.410564078E-1
1.010968371E1,-9.180919081E-2,-2.133060843E-1,-2.335622907E-1,3.293626523E-1
1.011969971E1,-9.097629786E-2,-2.079567611E-1,-2.174268365E-1,3.143201083E-1
1.012971671E1,-9.348765761E-2,-1.999725997E-1,-2.042154223E-1,3.007206702E-1
1.013973371E1,-8.815799654E-2,-1.925550103E-1,-1.852943599E-1,2.813952099E-1
1.014974971E1,-8.796118945E-2,-1.819865108E-1,-1.657757908E-1,2.614151368E-1
1.015976671E1,-8.357428759E-2,-1.752698421E-1,-1.451617479E-1,2.424378522E-1
1.016978371E1,-8.102004975E-2,-1.664462686E-1,-1.270993948E-1,2.245503617E-1
1.017980071E1,-7.525536418E-2,-1.580367982E-1,-1.044641659E-1,2.038424916E-1
1.018981671E1,-7.095862180E-2,-1.477750987E-1,-8.346967399E-2,1.839559520E-1
1.019983371E1,-6.362878531E-2,-1.383967102E-1,-6.054253131E-2,1.639136047E-1
1.020985071E1,-6.065163389E-2,-1.283621937E-1,-3.656263277E-2,1.466025224E-1
1.021986771E1,-5.180631578E-2,-1.195750982E-1,-1.615384780E-2,1.313127764E-1
1.022988371E1,-4.281228781E-2,-1.056086868E-1,6.979966536E-3,1.141700777E-1
1.023990071E1,-3.539896011E-2,-9.312443435E-2,2.985644899E-2,1.040031451E-1
1.024991771E1,-2.537881769E-2,-8.273251355E-2,5.150368437E-2,1.007044323E-1
1.025993471E1,-2.007806115E-2,-7.080979645E-2,6.997692585E-2,1.015575008E-1
1.026995071E1,-9.407308884E-3,-6.075929478E-2,8.961348236E-2,1.086773462E-1
1.027996771E1,-3.758379724E-3,-4.844774678E-2,1.114354134E-1,1.215695724E-1
1.028998471E1,4.395420663E-3,-3.537935019E-2,1.302274764E-1,1.350193088E-1
1.030000171E1,1.314576901E-2,-2.403374761E-2,1.487508267E-1,1.512522420E-1
1.031001771E1,1.894281618E-2,-1.229276881E-2,1.647099257E-1,1.662507205E-1
1.032003471E1,2.857409045E-2,9.672287852E-4,1.778738350E-1,1.801569187E-1
1.033005171E1,3.638514131E-2,1.314080507E-2,1.909451634E-1,1.948245741E-1
1.034006871E1,4.009103030E-2,2.591627464E-2,2.035493553E-1,2.090724373E-1
1.035008471E1,4.878438637E-2,3.622829914E-2,2.120187432E-1,2.205546496E-1
1.036010171E1,5.082463101E-2,4.615337774E-2,2.233693600E-1,2.336817245E-1
1.037011871E1,5.662339926E-2,5.627791584E-2,2.254476994E-1,2.391653786E-1
1.038013571E1,6.120958179E-2,6.691869348E-2,2.336754054E-1,2.506569758E-1
1.039015171E1,6.132409722E-2,7.778359205E-2,2.395777702E-1,2.592459066E-1
1.040016871E1,6.645053625E-2,8.734230697E-2,2.362306118E-1,2.604788942E-1
1.041018571E1,6.801833957E-2,9.787458181E-2,2.365336716E-1,2.648662041E-1
1.042020271E1,6.805019826E-2,1.082126796E-1,2.347200811E-1,2.672720150E-1
1.043021871E1,6.534389406E-2,1.140082628E-1,2.329812944E-1,2.674845640E-1
1.044023571E1,6.761232764E-2,1.222703010E-1,2.245410979E-1,2.644620162E-1
1.045025271E1,6.180636957E-2,1.330710202E-1,2.216600925E-1,2.658215950E-1
1.046026971E1,6.504658610E-2,1.377034336E-1,2.104800642E-1,2.597982898E-1
1.047028571E1,6.503354013E-2,1.435059309E-1,2.008404881E-1,2.552649901E-1
1.048030271E1,6.262766570E-2,1.514094621E-1,1.889728159E-1,2.501155230E-1
1.049031971E1,5.881774798E-2,1.563054174E-1,1.745235771E-1,2.415561838E-1
1.050033571E1,5.691482127E-2,1.640538573E-1,1.581318676E-1,2.348587928E-1
1.051035271E1,5.182978138E-2,1.671338081E-1,1.422671378E-1,2.255215612E-1
1.052036971E1,5.116583034E-2,1.732986867E-1,1.260805130E-1,2.203330951E-1
1.053038671E1,5.306280032E-2,1.789147556E-1,1.104906276E-1,2.168739941E-1
1.054040271E1,4.693210870E-2,1.811845303E-1,9.525526315E-2,2.100095759E-1
1.055041971E1,4.787459970E-2,1.829398274E-1,7.134060562E-2,2.021099695E-1
1.056043671E1,4.470272735E-2,1.865557432E-1,5.426613241E-2,1.993644710E-1
1.057045371E1,4.434080422E-2,1.877946407E-1,3.451240063E-2,1.960205086E-1
1.058046971E1,4.728376493E-2,1.910513937E-1,1.517922897E-2,1.974000974E-1
1.059048671E1,4.469250888E-2,1.953249574E-1,-4.789419472E-3,2.004300323E-1
1.060050371E1,4.489525035E-2,1.941395551E-1,-2.368533239E-2,2.006657552E-1
1.061052071E1,4.683136567E-2,1.946596652E-1,-4.057163745E-2,2.042831854E-1
1.062053671E1,4.975101352E-2,1.949638724E-1,-5.692057312E-2,2.091076913E-1
1.063055371E1,4.981732741E-2,1.954067498E-1,-7.523300499E-2,2.152337544E-1
1.064057071E1,5.259725451E-2,1.923258305E-1,-9.310474247E-2,2.200549688E-1
1.065058771E1,5.416106060E-2,1.922624409E-1,-1.064325348E-1,2.263319490E-1
1.066060371E1,5.902920291E-2,1.934954077E-1,-1.191384122E-1,2.347741060E-1
1.067062071E1,6.348466873E-2,1.929534525E-1,-1.277473420E-1,2.399598328E-1
1.068063771E1,6.316240132E-2,1.904912889E-1,-1.407376528E-1,2.451193730E-1
1.069065471E1,6.893800199E-2,1.887554377E-1,-1.471486688E-1,2.490658429E-1
1.070067071E1,7.048955560E-2,1.895375848E-1,-1.593541354E-1,2.574626458E-1
1.071068771E1,7.420466095E-2,1.857353896E-1,-1.628010720E-1,2.578917519E-1
1.072070471E1,7.814847678E-2,1.845002770E-1,-1.650560498E-1,2.595978356E-1
1.073072171E1,8.109259605E-2,1.808392256E-1,-1.699647903E-1,2.610878485E-1
1.074073771E1,8.389422297E-2,1.779680103E-1,-1.670605540E-1,2.581086633E-1
1.075075471E1,8.526282012E-2,1.726749688E-1,-1.628916413E-1,2.522302126E-1
1.076077171E1,8.634679019E-2,1.689084172E-1,-1.606470793E-1,2.485825933E-1
1.077078871E1,8.637741953E-2,1.654313952E-1,-1.565745771E-1,2.436066569E-1
1.078080471E1,8.652798831E-2,1.634186059E-1,-1.492115110E-1,2.376064152E-1
1.079082171E1,8.789072931E-2,1.598723382E-1,-1.400790066E-1,2.300132016E-1
1.080083779E1,8.761849999E-2,1.552438885E-1,-1.313093156E-1,2.214041617E-1
1.081085479E1,8.342774957E-2,1.475372314E-1,-1.153575256E-1,2.050238591E-1
1.082087079E1,7.915017754E-2,1.423962414E-1,-1.049346402E-1,1.937852391E-1
1.083088779E1,7.701006532E-2,1.376590133E-1,-9.230193496E-2,1.827572195E-1
1.084090479E1,7.385354489E-2,1.320286691E-1,-7.718862593E-2,1.698352129E-1
1.085092179E1,7.111208886E-2,1.268248409E-1,-5.790415034E-2,1.565067413E-1
1.086093779E1,6.180642173E-2,1.191705242E-1,-4.143903777E-2,1.404949873E-1
1.087095479E1,5.526410043E-2,1.140303537E-1,-2.651095204E-2,1.294599280E-1
1.088097179E1,4.776741937E-2,1.065906286E-1,-1.063801907E-2,1.172879189E-1
1.089098879E1,4.139474034E-2,9.857344627E-2,6.091692019E-3,1.070857486E-1
1.090100479E1,3.432857618E-2,9.398508817E-2,2.478145994E-2,1.030813693E-1
1.091102179E1,2.363119088E-2,8.225359768E-2,4.530724138E-2,9.683405204E-2
1.092103879E1,1.591603644E-2,7.432703674E-2,6.424199045E-2,9.952317289E-2
1.093105579E1,6.552362349E-3,6.808751822E-2,7.808297127E-2,1.038065219E-1
1.094107179E1,1.299554715E-4,5.985616893E-2,9.857604653E-2,1.153256901E-1
1.095108879E1,-8.579912595E-3,5.116014928E-2,1.103533432E-1,1.219378371E-1
1.096110579E1,-1.758725755E-2,4.076290131E-2,1.275501698E-1,1.350554389E-1
1.097112279E1,-2.431493439E-2,3.351750597E-2,1.419030130E-1,1.478211904E-1
1.098113879E1,-3.492515907E-2,2.311807871E-2,1.535083205E-1,1.591195046E-1
1.099115579E1,-4.380546883E-2,1.557813864E-2,1.664012223E-1,1.727743161E-1
1.100117279E1,-4.644466192E-2,2.986189909E-3,1.756506115E-1,1.817117533E-1
1.101118979E1,-5.370896682E-2,-2.289797179E-3,1.824928075E-1,1.902459489E-1
1.102120579E1,-5.787422508E-2,-1.357437111E-2,1.935909688E-1,2.025121051E-1
1.103122279E1,-6.343863159E-2,-2.430477925E-2,1.969798356E-1,2.083656352E-1
1.104123979E1,-6.712972373E-2,-2.970580012E-2,2.027979344E-1,2.156753036E-1
1.105125679E1,-7.073378563E-2,-4.035151750E-2,2.029428035E-1,2.186716600E-1
1.106127279E1,-7.185202092E-2,-5.173112825E-2,2.040777504E-1,2.224557277E-1
1.107128979E1,-7.049726695E-2,-6.310388446E-2,2.056000233E-1,2.263257264E-1
1.108130679E1,-7.562632859E-2,-6.966027617E-2,1.990547031E-1,2.240416713E-1
1.109132379E1,-7.487078756E-2,-7.993155718E-2,1.926998794E-1,2.216482172E-1
1.110133979E1,-7.571101189E-2,-8.741717041E-2,1.901195347E-1,2.225294508E-1
1.111135679E1,-7.382789254E-2,-9.772147238E-2,1.813369691E-1,2.188221658E-1
1.112137379E1,-7.139942795E-2,-1.071665883E-1,1.710597873E-1,2.141121360E-1
1.113139079E1,-6.740415841E-2,-1.148527339E-1,1.589083076E-1,2.073314286E-1
1.114140679E1,-6.873464584E-2,-1.264840215E-1,1.434832215E-1,2.032488477E-1
1.115142379E1,-6.421606243E-2,-1.334780157E-1,1.296427697E-1,1.968434177E-1
1.116144079E1,-6.276108325E-2,-1.422118247E-1,1.140808463E-1,1.928149272E-1
1.117145779E1,-5.520595610E-2,-1.492756009E-1,9.650611877E-2,1.861298836E-1
1.118147379E1,-5.356765538E-2,-1.591984928E-1,7.773823291E-2,1.850861601E-1
1.119149079E1,-5.195697397E-2,-1.660113931E-1,5.597381294E-2,1.827358134E-1
1.120150779E1,-4.867845029E-2,-1.730765253E-1,3.349941224E-2,1.828859912E-1
1.121152479E1,-4.471060634E-2,-1.800649166E-1,1.457046065E-2,1.861040323E-1
1.122154079E1,-4.267471656E-2,-1.857329458E-1,-5.616794340E-3,1.906552044E-1
1.123155779E1,-4.078041017E-2,-1.915727258E-1,-3.085397556E-2,1.982804048E-1
1.124157479E1,-4.024838656E-2,-1.996798664E-1,-5.550746620E-2,2.111233300E-1
1.125159179E1,-3.901480883E-2,-2.065207362E-1,-7.299085706E-2,2.224873817E-1
1.126160779E1,-3.829899803E-2,-2.104921788E-1,-9.914267808E-2,2.358029711E-1
1.127162479E1,-3.818767890E-2,-2.148190290E-1,-1.211470515E-1,2.495638638E-1
1.128164179E1,-3.998119384E-2,-2.180013955E-1,-1.409898251E-1,2.626808616E-1
1.129165879E1,-3.800006956E-2,-2.204419225E-1,-1.636096537E-1,2.771403350E-1
1.130167479E1,-4.428791255E-2,-2.245083898E-1,-1.839172542E-1,2.935830252E-1
1.131169179E1,-4.624453560E-2,-2.250732332E-1,-1.991654485E-1,3.040779395E-1
1.132170879E1,-4.967384785E-2,-2.266265601E-1,-2.189671993E-1,3.190199418E-1
1.133172579E1,-5.001606792E-2,-2.296902537E-1,-2.352465689E-1,3.325660354E-1
1.134174279E1,-5.695986748E-2,-2.276570946E-1,-2.491941601E-1,3.423009037E-1
1.135175879E1,-6.167206541E-2,-2.281838655E-1,-2.580912709E-1,3.499748909E-1
1.136177579E1,-6.169186905E-2,-2.312691510E-1,-2.689058483E-1,3.600023085E-1
1.137179279E1,-6.611590832E-2,-2.267327160E-1,-2.794660628E-1,3.658965948E-1
1.138180979E1,-7.033155113E-2,-2.228637934E-1,-2.845581770E-1,3.682229672E-1
1.139182579E1,-7.508849353E-2,-2.206552327E-1,-2.858327627E-1,3.688189011E-1
1.140184279E1,-7.901442796E-2,-2.150276750E-1,-2.902009189E-1,3.697252415E-1
1.141185979E1,-8.123336732E-2,-2.152676135E-1,-2.917844355E-1,3.715873547E-1
1.142187679E1,-8.677925169E-2,-2.103805542E-1,-2.860092521E-1,3.655022686E-1
1.143189279E1,-8.805517107E-2,-2.068582624E-1,-2.865307033E-1,3.642030997E-1
1.144190979E1,-8.850430697E-2,-1.983373016E-1,-2.794745564E-1,3.539445229E-1
1.145192679E1,-8.943747729E-2,-1.913329214E-1,-2.704078257E-1,3.431147641E-1
1.146194379E1,-9.060002118E-2,-1.849069297E-1,-2.588111460E-1,3.307297171E-1
1.147195979E1,-9.078937024E-2,-1.742905080E-1,-2.463917881E-1,3.151647255E-1
1.148197679E1,-8.735571057E-2,-1.691243798E-1,-2.319714129E-1,3.000746780E-1
1.149199379E1,-8.464914560E-2,-1.618006825E-1,-2.164555639E-1,2.831924255E-1
1.150201079E1,-8.278498054E-2,-1.511846632E-1,-2.019318640E-1,2.654931884E-1
1.151202679E1,-7.657501847E-2,-1.392121613E-1,-1.809011549E-1,2.407674960E-1
1.152204379E1,-7.312760502E-2,-1.303671449E-1,-1.612881571E-1,2.199024982E-1
1.153206079E1,-6.993474066E-2,-1.195094362E-1,-1.401362717E-1,1.970064667E-1
1.154207779E1,-6.049923599E-2,-1.090689898E-1,-1.186358184E-1,1.721355846E-1
1.155209379E1,-5.380671099E-2,-9.710687399E-2,-9.735795856E-2,1.476600122E-1
1.156211079E1,-4.742674157E-2,-8.380515873E-2,-7.394827902E-2,1.214123075E-1
1.157212779E1,-3.809688985E-2,-7.316342741E-2,-5.214817822E-2,9.758940833E-2
1.158214479E1,-2.982582152E-2,-5.993230641E-2,-2.961436845E-2,7.320158331E-2
1.159216079E1,-2.219053730E-2,-4.804608226E-2,-5.386793986E-3,5.319646150E-2
1.160217779E1,-1.367631275E-2,-3.756092116E-2,2.223494649E-2,4.574119778E-2
1.161219479E1,-3.759765765E-3,-2.406082675E-2,4.113273695E-2,4.780126851E-2
1.162221179E1,5.477697123E-3,-1.202167105E-2,6.673656404E-2,6.803157150E-2
1.163222779E1,1.417984255E-2,7.276795805E-4,9.016892314E-2,9.127996578E-2
1.164224479E1,2.014324255E-2,1.344575454E-2,1.083901227E-1,1.110628526E-1
1.165226179E1,3.264891356E-2,2.727261931E-2,1.286011189E-1,1.354547715E-1
1.166227879E1,4.006540403E-2,3.897704557E-2,1.501406580E-1,1.602081892E-1
1.167229579E1,4.474830627E-2,4.902435467E-2,1.684869081E-1,1.810901335E-1
1.168231179E1,5.279539153E-2,5.937361717E-2,1.863360107E-1,2.025677385E-1
1.169232879E1,5.798429251E-2,7.487613708E-2,2.015812695E-1,2.227187067E-1
1.170234579E1,6.510794908E-2,8.523416519E-2,2.163203508E-1,2.414506204E-1
1.171236279E1,6.715831906E-2,9.444816411E-2,2.265886962E-1,2.545056636E-1
1.172237879E1,7.330366224E-2,1.052755266E-1,2.378344089E-1,2.702250348E-1
1.173239579E1,7.453244925E-2,1.144557148E-1,2.477232665E-1,2.828816244E-1
1.174241279E1,7.700813562E-2,1.242002845E-1,2.558088005E-1,2.946083943E-1
1.175242979E1,7.614953071E-2,1.331977844E-1,2.597156763E-1,3.016498522E-1
1.176244579E1,8.320481330E-2,1.391950399E-1,2.638133764E-1,3.096704662E-1
1.177246279E1,8.047933877E-2,1.498112082E-1,2.661537826E-1,3.158451489E-1
1.178247979E1,7.773149014E-2,1.552549750E-1,2.662176788E-1,3.178335167E-1
1.179249679E1,7.837756723E-2,1.656615436E-1,2.620040178E-1,3.197387925E-1
1.180251304E1,7.633997500E-2,1.720773429E-1,2.602319717E-1,3.211838770E-1
1.181253004E1,7.331994921E-2,1.780276448E-1,2.532020211E-1,3.180894854E-1
1.182254704E1,7.415102422E-2,1.805576235E-1,2.413600534E-1,3.104095765E-1
1.183256404E1,7.171130180E-2,1.864320189E-1,2.335881591E-1,3.073480707E-1
1.184258004E1,6.538859755E-2,1.917551309E-1,2.195319980E-1,2.987306430E-1
1.185259704E1,6.502081454E-2,1.970156729E-1,2.091094553E-1,2.945668787E-1
1.186261404E1,6.070795283E-2,1.996224821E-1,1.931487769E-1,2.843255896E-1
1.187263104E1,5.772361532E-2,1.998054385E-1,1.776909828E-1,2.735476456E-1
1.188264804E1,5.319025740E-2,2.026333511E-1,1.583570540E-1,2.626146131E-1
1.189266404E1,5.466032028E-2,2.040008754E-1,1.419333518E-1,2.544586098E-1
1.190268104E1,4.920241237E-2,2.054980099E-1,1.237823889E-1,2.448926076E-1
1.191269804E1,4.605881870E-2,2.076037824E-1,1.033602059E-1,2.364404310E-1
1.192271504E1,4.844063520E-2,2.039059103E-1,8.328112215E-2,2.255213087E-1
1.193273104E1,4.517293349E-2,2.040515840E-1,6.209807098E-2,2.180225063E-1
1.194274804E1,4.804469272E-2,2.011566609E-1,4.078138620E-2,2.107970972E-1
1.195276504E1,4.762204736E-2,2.051655203E-1,1.841535792E-2,2.114234507E-1
1.196278204E1,4.559213668E-2,2.020164579E-1,-3.651180770E-3,2.071294844E-1
1.197279804E1,4.905291647E-2,2.012910098E-1,-2.289251983E-2,2.084426221E-1
1.198281504E1,5.226901919E-2,1.977841109E-1,-4.534611106E-2,2.095396733E-1
1.199283204E1,5.167460069E-2,1.954043061E-1,-5.905686691E-2,2.105726020E-1
1.200284904E1,5.445777997E-2,1.911493540E-1,-7.738019526E-2,2.132871772E-1
1.201286504E1,5.622984841E-2,1.868851185E-1,-9.483588487E-2,2.169831524E-1
1.202288204E1,6.331600994E-2,1.837839335E-1,-1.098271683E-1,2.232654434E-1
1.203289904E1,6.291867048E-2,1.806965321E-1,-1.255225092E-1,2.288359590E-1
1.204291604E1,6.838676333E-2,1.752152145E-1,-1.378947645E-1,2.332211116E-1
1.205293304E1,7.006534934E-2,1.688002050E-1,-1.473551095E-1,2.347683766E-1
1.206294904E1,7.398230582E-2,1.630506366E-1,-1.567666531E-1,2.379804093E-1
1.207296604E1,7.154817134E-2,1.608561873E-1,-1.639603823E-1,2.405761019E-1
1.208298304E1,7.790362835E-2,1.570135057E-1,-1.715991348E-1,2.452926402E-1
1.209300004E1,8.214178681E-2,1.520799994E-1,-1.755536646E-1,2.463629203E-1
1.210301604E1,8.366116881E-2,1.424999535E-1,-1.777216196E-1,2.426734472E-1
1.211303304E1,8.231201023E-2,1.376876235E-1,-1.785075217E-1,2.399960083E-1
1.212305004E1,8.144187182E-2,1.331767738E-1,-1.784678400E-1,2.371067301E-1
1.213306704E1,8.170551807E-2,1.269084960E-1,-1.722938269E-1,2.290561522E-1
1.214308404E1,8.179826289E-2,1.207655817E-1,-1.660363972E-1,2.210053546E-1
1.215310004E1,8.129679412E-2,1.134994030E-1,-1.588107049E-1,2.114524136E-1
1.216311704E1,7.792840153E-2,1.026107371E-1,-1.513607055E-1,1.987759098E-1
1.217313404E1,7.469665259E-2,9.916327894E-2,-1.397336125E-1,1.869182395E-1
1.218315104E1,6.949300319E-2,9.350562096E-2,-1.293936074E-1,1.741128492E-1
1.219316704E1,6.388358772E-2,8.455127478E-2,-1.210555062E-1,1.608865017E-1
1.220318404E1,6.035005674E-2,7.651610672E-2,-1.062207669E-1,1.441516398E-1
1.221320104E1,5.053177848E-2,7.145583630E-2,-9.302587062E-2,1.277231764E-1
1.222321804E1,4.728145152E-2,6.058044359E-2,-7.707634568E-2,1.088406582E-1
1.223323404E1,3.953751177E-2,5.187883601E-2,-6.191496924E-2,8.993381943E-2
1.224325104E1,2.886428311E-2,4.396368936E-2,-4.197805747E-2,6.729123369E-2
1.225326804E1,2.659234032E-2,3.544557095E-2,-2.821058035E-2,5.252978114E-2
1.226328504E1,1.443256158E-2,2.817951888E-2,-9.165635332E-3,3.296047617E-2
1.227330204E1,4.618280567E-3,1.868055388E-2,7.356349379E-3,2.060115252E-2
1.228331804E1,1.231513743E-4,1.024852227E-2,2.560585551E-2,2.758092115E-2
1.229333504E1,-1.071085408E-2,2.385539003E-3,4.259735346E-2,4.398804057E-2
1.230335204E1,-1.839519106E-2,-8.628379554E-3,5.990405008E-2,6.325604480E-2
1.231336904E1,-2.997594699E-2,-1.401701942E-2,7.562974840E-2,8.255236565E-2
1.232338504E1,-3.711826727E-2,-2.285843343E-2,8.980975300E-2,9.983018320E-2
1.233340204E1,-4.155243188E-2,-2.896932140E-2,1.047330424E-1,1.163393156E-1
1.234341904E1,-5.183269456E-2,-4.033547640E-2,1.179418340E-1,1.349957596E-1
1.235343604E1,-5.616352707E-2,-4.695503041E-2,1.309114248E-1,1.499897256E-1
1.236345304E1,-5.895003304E-2,-5.779689550E-2,1.462356746E-1,1.679299260E-1
1.237346904E1,-6.936193258E-2,-6.372456253E-2,1.536440551E-1,1.802176274E-1
1.238348604E1,-7.064896077E-2,-7.372450829E-2,1.629899293E-1,1.923338136E-1
1.239350304E1,-7.542321086E-2,-8.026416600E-2,1.711607724E-1,2.035362550E-1
1.240352004E1,-7.833291590E-2,-8.812002093E-2,1.778253764E-1,2.133613093E-1
1.241353604E1,-7.757391781E-2,-9.667623043E-2,1.822004169E-1,2.203656012E-1
1.242355304E1,-7.887371629E-2,-1.042848676E-1,1.835639477E-1,2.253710710E-1
1.243357004E1,-7.972432673E-2,-1.109006926E-1,1.838174760E-1,2.290061056E-1
1.244358704E1,-7.923858613E-2,-1.201078370E-1,1.828305870E-1,2.326621362E-1
1.245360304E1,-7.860821486E-2,-1.247824803E-1,1.805149615E-1,2.330999145E-1
1.246362004E1,-7.430904359E-2,-1.343532652E-1,1.769246906E-1,2.342540927E-1
1.247363704E1,-7.713625580E-2,-1.403419226E-1,1.697543859E-1,2.333718251E-1
1.248365404E1,-7.360126078E-2,-1.476485431E-1,1.633209288E-1,2.321442734E-1
1.249367104E1,-7.088084519E-2,-1.528952122E-1,1.513345838E-1,2.265020891E-1
1.250368704E1,-6.806892902E-2,-1.600115597E-1,1.388348639E-1,2.225133654E-1
1.251370404E1,-6.460522115E-2,-1.639330536E-1,1.264636815E-1,2.168892422E-1
1.252372104E1,-5.984755978E-2,-1.723696440E-1,1.111291572E-1,2.136415554E-1
1.253373804E1,-5.754419044E-2,-1.774810553E-1,9.539093822E-2,2.095478225E-1
1.254375404E1,-5.393057689E-2,-1.813823879E-1,7.980246097E-2,2.053692054E-1
1.255377104E1,-5.394495651E-2,-1.854991019E-1,5.653921515E-2,2.012875008E-1
1.256378804E1,-4.999655485E-2,-1.923530102E-1,4.226813465E-2,2.031893974E-1
1.257380504E1,-4.822395742E-2,-1.947842091E-1,2.323452197E-2,2.020056465E-1
1.258382204E1,-4.685116932E-2,-1.969756931E-1,5.656480789E-4,2.024716664E-1
1.259383804E1,-4.743014276E-2,-2.032674104E-1,-2.045201883E-2,2.097273078E-1
1.260385504E1,-4.598149285E-2,-2.057788521E-1,-4.068368673E-2,2.147426274E-1
1.261387204E1,-4.367120191E-2,-2.062153369E-1,-6.207473204E-2,2.197389620E-1
1.262388904E1,-4.380419478E-2,-2.088646889E-1,-8.177011460E-2,2.285379999E-1
1.263390604E1,-4.644605145E-2,-2.112170607E-1,-1.015472859E-1,2.389178388E-1
1.264392204E1,-4.726520181E-2,-2.117658108E-1,-1.213038266E-1,2.485827353E-1
1.265393904E1,-4.733044654E-2,-2.138204277E-1,-1.439438909E-1,2.620671482E-1
1.266395604E1,-5.083653703E-2,-2.124700695E-1,-1.599890292E-1,2.707847363E-1
1.267397304E1,-5.154014379E-2,-2.120626122E-1,-1.797496825E-1,2.827311201E-1
1.268398904E1,-6.233237311E-2,-2.107329667E-1,-1.943565011E-1,2.933737505E-1
1.269400604E1,-6.064845622E-2,-2.086093724E-1,-2.087759227E-1,3.013029893E-1
1.270402304E1,-6.477653235E-2,-2.083052248E-1,-2.208371460E-1,3.104128072E-1
1.271404004E1,-6.741199642E-2,-2.049885243E-1,-2.333692014E-1,3.178456489E-1
1.272405704E1,-6.930501014E-2,-2.011638135E-1,-2.433588207E-1,3.232546672E-1
1.273407304E1,-7.291971892E-2,-1.948023289E-1,-2.521041036E-1,3.268359096E-1
1.274409004E1,-7.322861254E-2,-1.925918311E-1,-2.552986443E-1,3.280723104E-1
1.275410704E1,-7.668645680E-2,-1.881944090E-1,-2.601972520E-1,3.301523258E-1
1.276412404E1,-7.863508910E-2,-1.801806390E-1,-2.658970356E-1,3.306807727E-1
1.277414004E1,-8.151049912E-2,-1.760242432E-1,-2.641095221E-1,3.276924402E-1
1.278415704E1,-8.325368166E-2,-1.683326662E-1,-2.628784180E-1,3.230667495E-1
1.279417429E1,-8.062034845E-2,-1.627064794E-1,-2.580096424E-1,3.155027965E-1
1.280419129E1,-7.807557285E-2,-1.501935273E-1,-2.519641221E-1,3.035453995E-1
1.281420829E1,-7.847451419E-2,-1.445260495E-1,-2.465402931E-1,2.963581355E-1
1.282422429E1,-7.755152136E-2,-1.359561384E-1,-2.390151471E-1,2.857036061E-1
1.283424129E1,-7.651501894E-2,-1.287123412E-1,-2.271614075E-1,2.720730048E-1
1.284425829E1,-7.263100892E-2,-1.173218489E-1,-2.144537419E-1,2.550099745E-1
1.285427529E1,-6.624874473E-2,-1.053623930E-1,-2.022359520E-1,2.374647559E-1
1.286429229E1,-6.312352419E-2,-9.434569627E-2,-1.837778538E-1,2.160092342E-1
1.287430829E1,-5.689051747E-2,-8.421193808E-2,-1.691956222E-1,1.973710720E-1
1.288432529E1,-5.286190286E-2,-7.406674325E-2,-1.498726606E-1,1.753341884E-1
1.289434229E1,-4.240979627E-2,-6.058528647E-2,-1.326361448E-1,1.518601813E-1
1.290435929E1,-3.600618616E-2,-4.693884775E-2,-1.116812304E-1,1.263819532E-1
1.291437529E1,-3.148733452E-2,-3.741564974E-2,-9.325801581E-2,1.053016647E-1
1.292439229E1,-1.903176866E-2,-2.778472751E-2,-7.097093016E-2,7.855617244E-2
1.293440929E1,-1.315230783E-2,-1.347796153E-2,-5.009867251E-2,5.352116998E-2
1.294442629E1,-3.502552398E-3,-1.637613401E-3,-2.746922523E-2,2.774000695E-2
1.295444329E1,5.258714780E-3,1.088297181E-2,-6.425991654E-3,1.368891980E-2
1.296445929E1,1.287728455E-2,2.360159718E-2,1.610315777E-2,3.133961609E-2
1.297447629E1,1.934876665E-2,3.537543118E-2,3.840766475E-2,5.568612586E-2
1.298449329E1,2.952545695E-2,4.776915163E-2,5.976759642E-2,8.201103607E-2
1.299451029E1,3.678177297E-2,5.926548690E-2,8.255174011E-2,1.080744491E-1
1.300452729E1,4.212092981E-2,7.092974335E-2,1.026049331E-1,1.316547512E-1
1.301454329E1,5.141190067E-2,8.306603879E-2,1.199711412E-1,1.547133642E-1
1.302456029E1,5.623761937E-2,9.386590868E-2,1.394940317E-1,1.772909008E-1
1.303457729E1,6.358447671E-2,1.034037545E-1,1.566770077E-1,1.981994119E-1
1.304459429E1,6.835496426E-2,1.149007455E-1,1.760964096E-1,2.210984575E-1
1.305461129E1,7.288313657E-2,1.261321008E-1,1.922705770E-1,2.412244457E-1
1.306462729E1,7.641942799E-2,1.342965066E-1,2.048369646E-1,2.565807139E-1
1.307464429E1,7.851772755E-2,1.441784203E-1,2.216529548E-1,2.758305328E-1
1.308466129E1,8.154823631E-2,1.523383111E-1,2.296236008E-1,2.873744490E-1
1.309467829E1,8.165049553E-2,1.610023826E-1,2.362258434E-1,2.973066090E-1
1.310469429E1,8.101233095E-2,1.693474352E-1,2.478007078E-1,3.108805918E-1
1.311471129E1,8.048688620E-2,1.747717857E-1,2.529965341E-1,3.178530513E-1
1.312472829E1,8.314602077E-2,1.792998612E-1,2.565846741E-1,3.238786748E-1
1.313474529E1,7.995555550E-2,1.870936006E-1,2.623876929E-1,3.320304318E-1
1.314476229E1,8.006096631E-2,1.918061823E-1,2.577587068E-1,3.311176842E-1
1.315477829E1,7.509576529E-2,1.984539628E-1,2.564969063E-1,3.328873867E-1
1.316479529E1,7.269929349E-2,2.008865327E-1,2.559743822E-1,3.334118633E-1
1.317481229E1,7.044066489E-2,2.050210834E-1,2.500398159E-1,3.309311732E-1
1.318482929E1,6.704141200E-2,2.073356956E-1,2.444331944E-1,3.274602695E-1
1.319484629E1,6.349967420E-2,2.112446874E-1,2.355680764E-1,3.227210021E-1
1.320486229E1,6.278812885E-2,2.113888562E-1,2.237377614E-1,3.141435715E-1
1.321487929E1,5.582102761E-2,2.155354023E-1,2.090514898E-1,3.054079602E-1
1.322489629E1,5.529757589E-2,2.147694081E-1,1.983969212E-1,2.975652179E-1
1.323491329E1,5.264586583E-2,2.158184201E-1,1.817018390E-1,2.869925712E-1
1.324493029E1,4.925623164E-2,2.149668336E-1,1.670693159E-1,2.766750300E-1
1.325494629E1,4.946475849E-2,2.144581676E-1,1.497928500E-1,2.662272824E-1
1.326496329E1,4.743427783E-2,2.128594518E-1,1.289230287E-1,2.533383197E-1
1.327498029E1,4.657034576E-2,2.103672624E-1,1.140191853E-1,2.437694747E-1
1.328499729E1,4.543633386E-2,2.106156051E-1,9.416015446E-2,2.351372540E-1
1.329501429E1,4.595671594E-2,2.073819935E-1,7.466980815E-2,2.251552603E-1
1.330503029E1,4.699240252E-2,2.037073374E-1,5.282813311E-2,2.156287941E-1
1.331504729E1,4.729520530E-2,1.989511997E-1,3.584888577E-2,2.076139660E-1
1.332506429E1,4.705042392E-2,1.928394437E-1,1.517002098E-2,1.990751691E-1
1.333508129E1,4.697239399E-2,1.886723936E-1,-2.259036992E-3,1.944448023E-1
1.334509829E1,5.136199296E-2,1.851108819E-1,-2.472770773E-2,1.936893194E-1
1.335511429E1,5.120459944E-2,1.786646992E-1,-3.905684501E-2,1.899168841E-1
1.336513129E1,5.252263695E-2,1.740229428E-1,-5.659072846E-2,1.903815184E-1
1.337514829E1,5.470855907E-2,1.693983674E-1,-7.392258197E-2,1.927521243E-1
1.338516529E1,5.715910718E-2,1.636209190E-1,-8.829308301E-2,1.945112778E-1
1.339518229E1,6.225000694E-2,1.578024477E-1,-1.024645567E-1,1.981808801E-1
1.340519829E1,6.550300121E-2,1.467320323E-1,-1.163889095E-1,1.984119722E-1
1.341521529E1,6.605507433E-2,1.393590719E-1,-1.258596480E-1,1.990599778E-1
1.342523229E1,6.668329984E-2,1.358777732E-1,-1.330254376E-1,2.015073169E-1
1.343524929E1,6.715840846E-2,1.257391125E-1,-1.443462670E-1,2.028704538E-1
1.344526629E1,6.997065246E-2,1.220223010E-1,-1.530060768E-1,2.078369401E-1
1.345528229E1,7.252169400E-2,1.136261523E-1,-1.561403573E-1,2.062767795E-1
1.346529929E1,7.146225870E-2,1.008436009E-1,-1.598048210E-1,2.020244220E-1
1.347531629E1,6.962947547E-2,9.288660437E-2,-1.633215249E-1,2.003749126E-1
1.348533329E1,6.886576861E-2,8.434037864E-2,-1.622951329E-1,1.954367000E-1
1.349535029E1,6.760156900E-2,8.199546486E-2,-1.635894328E-1,1.950762182E-1
1.350536629E1,6.329403818E-2,7.136046141E-2,-1.590643972E-1,1.854721898E-1
1.351538329E1,6.304530054E-2,5.766035616E-2,-1.557096243E-1,1.776088784E-1
1.352540029E1,5.733588710E-2,5.013629794E-2,-1.495709419E-1,1.678467128E-1
1.353541729E1,5.242102593E-2,4.286640137E-2,-1.427505910E-1,1.579975429E-1
1.354543429E1,4.895966128E-2,3.340164199E-2,-1.348965317E-1,1.473424324E-1
1.355545029E1,4.462536424E-2,2.437539026E-2,-1.248271242E-1,1.347864745E-1
1.356546729E1,3.798157722E-2,1.726634800E-2,-1.147209555E-1,1.220722106E-1
1.357548429E1,3.268881142E-2,5.809959956E-3,-1.041311622E-1,1.092959879E-1
1.358550129E1,2.498776652E-2,-3.856451251E-3,-9.065325558E-2,9.411308857E-2
1.359551829E1,1.427440252E-2,-1.311040390E-2,-7.827488333E-2,8.063869182E-2
1.360553429E1,1.129493117E-2,-2.091648988E-2,-6.354609877E-2,6.784675149E-2
1.361555129E1,2.865493996E-3,-2.685400844E-2,-5.039061606E-2,5.717134782E-2
1.362556829E1,-7.278206758E-3,-3.483059630E-2,-3.879915923E-2,5.264520386E-2
1.363558529E1,-1.121063065E-2,-4.388481006E-2,-2.351421118E-2,5.103403689E-2
1.364560229E1,-2.225424349E-2,-5.547042936E-2,-8.739970624E-3,6.040370000E-2
1.365561929E1,-2.929377556E-2,-5.885317549E-2,6.490914617E-3,6.606022649E-2
1.366563529E1,-3.552002087E-2,-6.935916096E-2,2.409045771E-2,8.156417868E-2
1.367565229E1,-4.051717371E-2,-7.507777214E-2,3.769575059E-2,9.326994611E-2
1.368566929E1,-4.541437328E-2,-8.447445929E-2,5.108367652E-2,1.086643528E-1
1.369568629E1,-5.302488804E-2,-8.929424733E-2,6.179783866E-2,1.208473178E-1
1.370570329E1,-6.015166640E-2,-9.860169142E-2,7.809239626E-2,1.394235951E-1
1.371571929E1,-6.249311939E-2,-1.053272337E-1,8.872187138E-2,1.512309049E-1
1.372573629E1,-6.861516833E-2,-1.115928367E-1,9.895883501E-2,1.641762880E-1
1.373575329E1,-6.909800321E-2,-1.178169101E-1,1.085161194E-1,1.744451391E-1
1.374577029E1,-7.647231966E-2,-1.228870526E-1,1.175588444E-1,1.864653460E-1
1.375578729E1,-7.285574079E-2,-1.310459077E-1,1.245991811E-1,1.949511345E-1
1.376580329E1,-7.604262233E-2,-1.331568956E-1,1.305842847E-1,2.014087751E-1
1.377582029E1,-7.845304906E-2,-1.380158365E-1,1.326975077E-1,2.069103202E-1
1.378583729E1,-7.796207815E-2,-1.483788639E-1,1.402853280E-1,2.185734342E-1
1.379585454E1,-7.709974796E-2,-1.523389965E-1,1.393923759E-1,2.204127389E-1
1.380587154E1,-7.662338763E-2,-1.590862870E-1,1.413927674E-1,2.262111954E-1
1.381588754E1,-7.614748180E-2,-1.631902307E-1,1.393751502E-1,2.277167602E-1
1.382590454E1,-7.114254683E-2,-1.675413996E-1,1.395366788E-1,2.293509696E-1
1.383592154E1,-6.884477288E-2,-1.712887287E-1,1.319573224E-1,2.269188539E-1
1.384593854E1,-6.632384658E-2,-1.760321259E-1,1.257630289E-1,2.262796973E-1
1.385595554E1,-6.552383304E-2,-1.768723428E-1,1.188883334E-1,2.229610598E-1
1.386597254E1,-6.208098680E-2,-1.823424995E-1,1.127553880E-1,2.231963565E-1
1.387598854E1,-5.965111777E-2,-1.850322932E-1,1.034082323E-1,2.202009716E-1
1.388600554E1,-5.835421011E-2,-1.868455112E-1,9.040680528E-2,2.156150489E-1
1.389602254E1,-5.736111850E-2,-1.882415414E-1,7.568671554E-2,2.108403537E-1
1.390603954E1,-5.276924372E-2,-1.912555695E-1,6.306213886E-2,2.081828986E-1
1.391605654E1,-5.007092655E-2,-1.936683804E-1,4.827173427E-2,2.057782777E-1
1.392607254E1,-4.855708778E-2,-1.955104023E-1,3.361941874E-2,2.042360730E-1
1.393608954E1,-5.204875767E-2,-1.954843104E-1,1.607051678E-2,2.029321322E-1
1.394610654E1,-4.773890972E-2,-1.978999078E-1,1.026989194E-3,2.035790552E-1
1.395612354E1,-4.707205296E-2,-1.935696155E-1,-1.729742438E-2,1.999604338E-1
1.396614054E1,-4.552413896E-2,-1.966961473E-1,-3.333636001E-2,2.046292611E-1
1.397615754E1,-4.905229434E-2,-1.949648261E-1,-4.776563123E-2,2.066372825E-1
1.398617354E1,-4.607664794E-2,-1.936726868E-1,-6.271199137E-2,2.087222100E-1
1.399619054E1,-5.166049674E-2,-1.918215305E-1,-8.192962408E-2,2.148878074E-1
1.400620754E1,-5.060616881E-2,-1.900058538E-1,-9.635588527E-2,2.189695536E-1
1.401622454E1,-5.080377683E-2,-1.896601766E-1,-1.116592064E-1,2.258755957E-1
1.402624154E1,-5.394949764E-2,-1.875260770E-1,-1.235888153E-1,2.309778629E-1
1.403625754E1,-5.316865817E-2,-1.836248189E-1,-1.405342370E-1,2.372653622E-1
1.404627454E1,-5.565533414E-2,-1.778079569E-1,-1.541171074E-1,2.417959234E-1
1.405629154E1,-5.826549977E-2,-1.710853279E-1,-1.648967862E-1,2.446548752E-1
1.406630854E1,-6.158336252E-2,-1.690794080E-1,-1.759524643E-1,2.516736507E-1
1.407632554E1,-6.201159954E-2,-1.649121046E-1,-1.845885664E-1,2.551751939E-1
1.408634254E1,-6.250021607E-2,-1.609418988E-1,-1.905771792E-1,2.571541037E-1
1.409635854E1,-6.520518661E-2,-1.525026113E-1,-2.003355324E-1,2.600828490E-1
1.410637554E1,-6.668778509E-2,-1.437139809E-1,-2.030830085E-1,2.575726642E-1
1.411639254E1,-6.596872956E-2,-1.420734823E-1,-2.083547413E-1,2.606692270E-1
1.412640954E1,-6.640110910E-2,-1.293684989E-1,-2.095758915E-1,2.550830651E-1
1.413642654E1,-6.416085362E-2,-1.220962033E-1,-2.101995945E-1,2.514119478E-1
1.414644354E1,-6.168632954E-2,-1.175938770E-1,-2.078301460E-1,2.466310863E-1
1.415645954E1,-6.257023662E-2,-1.037166789E-1,-2.095215172E-1,2.420153924E-1
1.416647654E1,-6.005501747E-2,-9.634281695E-2,-2.016069442E-1,2.313739472E-1
1.417649354E1,-5.831411108E-2,-8.605396748E-2,-1.993589699E-1,2.248328707E-1
1.418651054E1,-5.295816809E-2,-8.027277887E-2,-1.914391220E-1,2.142363742E-1
1.419652754E1,-4.830349237E-2,-6.788961589E-2,-1.841892004E-1,2.021580789E-1
1.420654354E1,-4.686985910E-2,-5.816093832E-2,-1.726514399E-1,1.881169799E-1
1.421656054E1,-4.150678590E-2,-4.406748712E-2,-1.627146453E-1,1.736110955E-1
1.422657754E1,-3.454576060E-2,-3.266890347E-2,-1.515023410E-1,1.587879913E-1
1.423659454E1,-2.788466401E-2,-2.291001752E-2,-1.363886297E-1,1.410825350E-1
1.424661154E1,-2.424838208E-2,-1.163056586E-2,-1.235516593E-1,1.264447176E-1
1.425662854E1,-1.459788438E-2,1.249012537E-3,-1.083109230E-1,1.092973664E-1
1.426664454E1,-6.459179334E-3,1.174481120E-2,-9.315945953E-2,9.411878924E-2
1.427666154E1,1.085822121E-3,2.601322904E-2,-7.481933385E-2,7.921994580E-2
1.428667854E1,7.543525193E-3,3.408255801E-2,-5.885550380E-2,6.842876486E-2
1.429669554E1,1.404696517E-2,4.951956868E-2,-4.216067865E-2,6.653591314E-2
1.430671254E1,2.246621251E-2,5.663159117E-2,-2.588880807E-2,6.619741843E-2
1.431672954E1,2.562605217E-2,6.726985425E-2,-4.736918025E-3,7.214129353E-2
1.432674554E1,3.313945979E-2,7.891566306E-2,1.634397730E-2,8.713800127E-2
1.433676254E1,3.894009069E-2,9.036353230E-2,3.235623240E-2,1.035800387E-1
1.434677954E1,4.836431518E-2,1.032551676E-1,5.114147812E-2,1.249647446E-1
1.435679654E1,5.220352858E-2,1.098616719E-1,6.984991580E-2,1.402633455E-1
1.436681354E1,5.731112137E-2,1.210679784E-1,8.763802797E-2,1.600701221E-1
1.437683054E1,6.207471713E-2,1.309086382E-1,1.049637571E-1,1.789070495E-1
1.438684654E1,6.763041019E-2,1.397843510E-1,1.183736175E-1,1.952584198E-1
1.439686354E1,6.879101694E-2,1.492843777E-1,1.359254420E-1,2.132926516E-1
1.440688054E1,7.654850930E-2,1.563067436E-1,1.521038264E-1,2.311429133E-1
1.441689754E1,7.454954088E-2,1.614943147E-1,1.651341319E-1,2.427083213E-1
1.442691454E1,7.834182680E-2,1.689068079E-1,1.791432798E-1,2.583781459E-1
1.443693154E1,7.656043768E-2,1.774688661E-1,1.876978874E-1,2.694201106E-1
1.444694754E1,7.822696120E-2,1.844708472E-1,1.993375570E-1,2.826383070E-1
1.445696454E1,7.831270993E-2,1.904997081E-1,2.078202516E-1,2.925957557E-1
1.446698154E1,7.868400216E-2,1.962584406E-1,2.136445493E-1,3.005869943E-1
1.447699854E1,7.616332173E-2,1.985748559E-1,2.206478566E-1,3.064609300E-1
1.448701554E1,7.566424459E-2,2.041957378E-1,2.245493978E-1,3.127993116E-1
1.449703254E1,7.252623886E-2,2.077079117E-1,2.264274508E-1,3.157087620E-1
1.450704854E1,7.097003609E-2,2.095910013E-1,2.265206575E-1,3.166650314E-1
1.451706554E1,6.939637661E-2,2.137268931E-1,2.291526496E-1,3.209454451E-1
1.452708254E1,6.819497794E-2,2.147214860E-1,2.247866839E-1,3.182529259E-1
1.453709954E1,6.302578002E-2,2.195697725E-1,2.225400358E-1,3.189156652E-1
1.454711654E1,5.974406004E-2,2.151953280E-1,2.165626734E-1,3.110912622E-1
1.455713354E1,5.811101198E-2,2.177208066E-1,2.091883719E-1,3.074719732E-1
1.456714954E1,5.565126985E-2,2.184366882E-1,2.001478970E-1,3.014478914E-1
1.457716654E1,5.109699816E-2,2.166153491E-1,1.909336299E-1,2.932384076E-1
1.458718354E1,5.008998513E-2,2.148816735E-1,1.813198477E-1,2.855871625E-1
1.459720054E1,4.577113688E-2,2.125980109E-1,1.668194681E-1,2.740832833E-1
1.460721754E1,4.426955432E-2,2.083301246E-1,1.587719619E-1,2.656497133E-1
1.461723454E1,4.248896614E-2,2.090678066E-1,1.407828331E-1,2.556060760E-1
1.462725154E1,3.878959268E-2,2.041404098E-1,1.291308999E-1,2.446481734E-1
1.463726754E1,4.098936170E-2,2.011456788E-1,1.140299812E-1,2.348245057E-1
1.464728454E1,3.967201337E-2,1.960829347E-1,9.807113558E-2,2.228011077E-1
1.465730154E1,3.859582916E-2,1.889688373E-1,8.222559839E-2,2.096661835E-1
1.466731854E1,4.191303998E-2,1.831398606E-1,6.531659514E-2,1.989049247E-1
1.467733554E1,4.093592614E-2,1.795594990E-1,5.059571192E-2,1.909902872E-1
1.468735254E1,4.037133604E-2,1.734382212E-1,3.471341729E-2,1.814267971E-1
1.469736854E1,4.004296660E-2,1.689494699E-1,2.152011544E-2,1.749585035E-1
1.470738554E1,4.264634848E-2,1.573379785E-1,1.969398931E-3,1.630270807E-1
1.471740254E1,4.472734407E-2,1.489367783E-1,-1.516138483E-2,1.562452138E-1
1.472741954E1,4.315808788E-2,1.418785602E-1,-2.795736678E-2,1.509097768E-1
1.473743654E1,4.589235783E-2,1.370558292E-1,-4.070325941E-2,1.501571315E-1
1.474745354E1,4.419991001E-2,1.295067817E-1,-5.426502973E-2,1.472084644E-1
1.475746954E1,4.943541810E-2,1.190810353E-1,-6.736032665E-2,1.454701589E-1
1.476748654E1,5.042977259E-2,1.086968929E-1,-7.915151119E-2,1.436075841E-1
1.477750354E1,5.074322596E-2,1.011601463E-1,-8.849840611E-2,1.436670389E-1
1.478752054E1,5.049218237E-2,9.121277928E-2,-9.844549000E-2,1.433901883E-1
1.479753708E1,5.093453452E-2,8.399188519E-2,-1.070387140E-1,1.452799018E-1
1.480755408E1,5.182840675E-2,7.341545075E-2,-1.141224280E-1,1.452581864E-1
1.481757108E1,4.983609542E-2,6.255853921E-2,-1.214897931E-1,1.454543813E-1
1.482758708E1,4.710285738E-2,5.236419290E-2,-1.258383095E-1,1.442080720E-1
1.483760408E1,4.897985235E-2,4.145961627E-2,-1.304594278E-1,1.453877162E-1
1.484762108E1,4.267096147E-2,3.336110711E-2,-1.317017078E-1,1.424047551E-1
1.485763808E1,4.053191096E-2,2.354948968E-2,-1.325613856E-1,1.406056017E-1
1.486765508E1,4.147824645E-2,1.442953479E-2,-1.340684146E-1,1.410779791E-1
1.487767208E1,3.549731895E-2,5.094888620E-3,-1.327919662E-1,1.375489870E-1
1.488768908E1,3.078967333E-2,-7.528903894E-3,-1.321951002E-1,1.359420203E-1
1.489770508E1,2.652568556E-2,-1.605874300E-2,-1.275550872E-1,1.312699337E-1
1.490772208E1,2.059408650E-2,-2.352263033E-2,-1.237870976E-1,1.276741010E-1
1.491773908E1,1.962070167E-2,-3.415157273E-2,-1.182069778E-1,1.245961134E-1
1.492775608E1,1.143295038E-2,-4.440245032E-2,-1.099955738E-1,1.191692754E-1
1.493777308E1,7.399060763E-3,-5.053224415E-2,-1.087167263E-1,1.201148633E-1
1.494779008E1,3.014580347E-3,-6.237110496E-2,-9.513250738E-2,1.137955904E-1
1.495780608E1,-5.050003994E-3,-6.906575710E-2,-8.790175617E-2,1.119030834E-1
1.496782308E1,-1.327826455E-2,-7.725180686E-2,-8.008683473E-2,1.120627283E-1
1.497784008E1,-1.754118688E-2,-8.476937562E-2,-7.137989253E-2,1.121990612E-1
1.498785708E1,-2.445608564E-2,-9.407871962E-2,-5.927955359E-2,1.138550442E-1
1.499787408E1,-2.926202491E-2,-1.015619338E-1,-5.015157163E-2,1.169883440E-1
1.500789108E1,-3.368167952E-2,-1.110557318E-1,-3.893521428E-2,1.224082595E-1
1.501790808E1,-3.961014375E-2,-1.157311797E-1,-2.989511192E-2,1.259221472E-1
1.502792408E1,-4.564435408E-2,-1.210028157E-1,-1.809471473E-2,1.305852486E-1
1.503794108E1,-4.937624186E-2,-1.255488396E-1,-9.831989184E-3,1.352671150E-1
1.504795808E1,-5.344921723E-2,-1.353637576E-1,4.740713164E-3,1.456112635E-1
1.505797508E1,-5.991910025E-2,-1.418450922E-1,1.392036304E-2,1.546095251E-1
1.506799208E1,-5.902176350E-2,-1.484132111E-1,2.547505498E-2,1.617375288E-1
1.507800908E1,-6.640937924E-2,-1.513717175E-1,3.229141608E-2,1.684230924E-1
1.508802608E1,-6.651788950E-2,-1.564009190E-1,3.868494555E-2,1.743054850E-1
1.509804208E1,-6.795732677E-2,-1.610300243E-1,4.847126454E-2,1.813789692E-1
1.510805908E1,-6.958484650E-2,-1.659067124E-1,5.690028518E-2,1.886921581E-1
1.511807608E1,-7.287331671E-2,-1.643018872E-1,5.898394063E-2,1.891685377E-1
1.512809308E1,-7.225699723E-2,-1.705507785E-1,6.718465686E-2,1.970340575E-1
1.513811008E1,-7.100264728E-2,-1.763617843E-1,7.427504659E-2,2.041118258E-1
1.514812708E1,-7.168330997E-2,-1.796548069E-1,7.530975342E-2,2.075714468E-1
1.515814408E1,-7.253126055E-2,-1.780734360E-1,7.717236876E-2,2.071871301E-1
1.516816108E1,-6.933763623E-2,-1.808143258E-1,8.190207183E-2,2.102604993E-1
1.517817708E1,-6.837863475E-2,-1.849827021E-1,8.023972809E-2,2.129146584E-1
1.518819408E1,-6.848759949E-2,-1.863145828E-1,8.126759529E-2,2.144949815E-1
1.519821108E1,-6.390483677E-2,-1.871865094E-1,7.426827401E-2,2.112780016E-1
1.520822808E1,-6.392007321E-2,-1.885701865E-1,7.437065244E-2,2.125452539E-1
1.521824508E1,-6.156264246E-2,-1.885611266E-1,7.400552928E-2,2.117122476E-1
1.522826208E1,-6.054024398E-2,-1.897597462E-1,6.825378537E-2,2.105527526E-1
1.523827908E1,-5.717161298E-2,-1.887184530E-1,6.241586804E-2,2.068308208E-1
1.524829508E1,-5.683525652E-2,-1.885298938E-1,5.710898712E-2,2.050248854E-1
1.525831208E1,-5.511831492E-2,-1.872656941E-1,4.849765822E-2,2.011429633E-1
1.526832908E1,-5.466372147E-2,-1.852627993E-1,4.272910208E-2,1.978287224E-1
1.527834608E1,-5.133077875E-2,-1.836840808E-1,3.150547668E-2,1.933061961E-1
1.528836308E1,-4.829216376E-2,-1.828322262E-1,2.377963625E-2,1.905917813E-1
1.529838008E1,-5.001602694E-2,-1.808495075E-1,1.254455931E-2,1.880572074E-1
1.530839708E1,-4.922208562E-2,-1.792459190E-1,1.895651920E-3,1.858911151E-1
1.531841308E1,-4.747878015E-2,-1.745249331E-1,-8.725833148E-3,1.810782345E-1
1.532843008E1,-4.750600457E-2,-1.735418439E-1,-1.736901142E-2,1.807630344E-1
1.533844708E1,-4.934385419E-2,-1.678543985E-1,-2.805441245E-2,1.771918878E-1
1.534846408E1,-4.451414943E-2,-1.658856422E-1,-3.847493976E-2,1.760110132E-1
1.535848108E1,-4.590591788E-2,-1.612213850E-1,-4.726789892E-2,1.741664220E-1
1.536849808E1,-4.606296867E-2,-1.565709561E-1,-5.772967637E-2,1.731155017E-1
1.537851508E1,-4.617349058E-2,-1.522630304E-1,-7.104574889E-2,1.742513130E-1
1.538853208E1,-4.751171917E-2,-1.456399560E-1,-7.869633287E-2,1.722250651E-1
1.539854808E1,-4.805180803E-2,-1.381908208E-1,-8.934498578E-2,1.714298857E-1
1.540856508E1,-4.487480968E-2,-1.323199123E-1,-9.866694361E-2,1.710481613E-1
1.541858208E1,-4.563247785E-2,-1.266617477E-1,-1.026662141E-1,1.693099905E-1
1.542859908E1,-5.119768530E-2,-1.169888824E-1,-1.119433343E-1,1.698202335E-1
1.543861608E1,-4.685996473E-2,-1.101703644E-1,-1.183892339E-1,1.683727300E-1
1.544863308E1,-4.613334313E-2,-1.069138721E-1,-1.212578267E-1,1.681140146E-1
1.545865008E1,-4.680685699E-2,-9.375972301E-2,-1.298542470E-1,1.668648944E-1
1.546866708E1,-4.533995688E-2,-8.752182871E-2,-1.307098716E-1,1.637096599E-1
1.547868308E1,-4.453834519E-2,-7.552641630E-2,-1.368886679E-1,1.625620225E-1
1.548870008E1,-4.278207198E-2,-6.850718707E-2,-1.372810155E-1,1.592784279E-1
1.549871708E1,-4.037271068E-2,-5.847639591E-2,-1.361230612E-1,1.535543305E-1
1.550873408E1,-3.679923713E-2,-5.053827167E-2,-1.380497366E-1,1.515454735E-1
1.551875108E1,-3.581653163E-2,-3.992983699E-2,-1.384883523E-1,1.485134322E-1
1.552876808E1,-2.849267982E-2,-3.163721040E-2,-1.364534646E-1,1.429415751E-1
1.553878508E1,-2.554455958E-2,-2.249351330E-2,-1.335378289E-1,1.378072365E-1
1.554880208E1,-2.380090021E-2,-1.410815865E-2,-1.278371364E-1,1.307970047E-1
1.555881808E1,-1.873663254E-2,-5.180481821E-4,-1.214788333E-1,1.229163809E-1
1.556883508E1,-1.585875824E-2,8.734728210E-3,-1.199055463E-1,1.212647341E-1
1.557885208E1,-1.028662734E-2,2.001987398E-2,-1.121664047E-1,1.144024143E-1
1.558886908E1,-4.393238574E-3,2.932528779E-2,-1.043100283E-1,1.084428653E-1
1.559888608E1,2.253212733E-3,3.893370554E-2,-9.857544303E-2,1.060095673E-1
1.560890308E1,8.452665061E-3,5.014962703E-2,-8.547181636E-2,9.945785052E-2
1.561892008E1,1.371187530E-2,5.999426544E-2,-7.631347328E-2,9.803608323E-2
1.562893708E1,1.752446219E-2,6.977131963E-2,-6.314214319E-2,9.571872369E-2
1.563895408E1,2.208565734E-2,7.947827876E-2,-5.486956611E-2,9.907190490E-2
1.564897008E1,2.756888233E-2,8.777421713E-2,-4.193417728E-2,1.011080199E-1
1.565898708E1,3.583826497E-2,9.750406444E-2,-3.023198247E-2,1.081914811E-1
1.566900408E1,4.260762781E-2,1.080669239E-1,-1.855301484E-2,1.176353873E-1
1.567902108E1,4.329019412E-2,1.160465553E-1,-4.591125064E-3,1.239432223E-1
1.568903808E1,4.920441285E-2,1.248332784E-1,1.011092402E-2,1.345609617E-1
1.569905508E1,5.453872681E-2,1.345418245E-1,2.257744782E-2,1.469207827E-1
1.570907208E1,6.137118861E-2,1.403041631E-1,3.748481721E-2,1.576603707E-1
1.571908908E1,6.184310094E-2,1.511730552E-1,4.860591143E-2,1.704124302E-1
1.572910508E1,6.296290457E-2,1.590865999E-1,6.453012675E-2,1.828578981E-1
1.573912208E1,6.829908490E-2,1.644177139E-1,7.490287721E-2,1.931538005E-1
1.574913908E1,7.118249685E-2,1.711441129E-1,8.508934081E-2,2.039545321E-1
1.575915608E1,7.026903331E-2,1.769860238E-1,9.593319893E-2,2.132251587E-1
1.576917308E1,7.333291322E-2,1.810813099E-1,1.112637669E-1,2.248283407E-1
1.577919008E1,7.397260517E-2,1.868217587E-1,1.209725887E-1,2.345392996E-1
1.578920708E1,7.430450618E-2,1.937589794E-1,1.317088902E-1,2.457863575E-1
1.579922417E1,7.295827568E-2,1.965345293E-1,1.410184950E-1,2.526557878E-1
1.580924117E1,7.214729488E-2,1.993366480E-1,1.492959857E-1,2.592867577E-1
1.581925717E1,7.194995135E-2,2.039710879E-1,1.537570506E-1,2.653718727E-1
1.582927417E1,7.235388458E-2,2.028068155E-1,1.603864133E-1,2.684948614E-1
1.583929117E1,7.070326060E-2,2.082212865E-1,1.659944952E-1,2.755162929E-1
1.584930817E1,6.711329520E-2,2.100581527E-1,1.708165407E-1,2.789389046E-1
1.585932517E1,6.523922831E-2,2.132302523E-1,1.736746579E-1,2.826414411E-1
1.586934217E1,6.248914823E-2,2.113114744E-1,1.730125248E-1,2.801620364E-1
1.587935917E1,6.201004609E-2,2.127069682E-1,1.756032407E-1,2.827118644E-1
1.588937617E1,5.807668343E-2,2.121189386E-1,1.790170968E-1,2.835744456E-1
1.589939317E1,5.665748566E-2,2.130459845E-1,1.769472808E-1,2.826818041E-1
1.590940917E1,5.292047933E-2,2.091171741E-1,1.734052449E-1,2.767669573E-1
1.591942617E1,4.947141930E-2,2.123185694E-1,1.716443747E-1,2.774678137E-1
1.592944317E1,4.747337103E-2,2.042832673E-1,1.659898758E-1,2.674659102E-1
1.593946017E1,4.361258820E-2,2.035080194E-1,1.614891440E-1,2.634318042E-1
1.594947717E1,4.162194207E-2,1.971840262E-1,1.550768167E-1,2.542887047E-1
1.595949417E1,3.877502307E-2,1.937850416E-1,1.475722939E-1,2.466449405E-1
1.596951117E1,3.872796148E-2,1.922650188E-1,1.419451833E-1,2.421035471E-1
1.597952817E1,3.605388105E-2,1.851557195E-1,1.308041066E-1,2.295478972E-1
1.598954517E1,3.575839847E-2,1.801431030E-1,1.206414402E-1,2.197374745E-1
1.599956217E1,3.400870040E-2,1.732353866E-1,1.104085073E-1,2.082237483E-1
1.600957817E1,2.994718403E-2,1.660691053E-1,1.029116064E-1,1.976526759E-1
1.601959517E1,2.989898063E-2,1.578071862E-1,9.112871438E-2,1.846659136E-1
1.602961217E1,3.046404384E-2,1.515452415E-1,7.936189324E-2,1.737593977E-1
1.603962917E1,2.988320962E-2,1.454713643E-1,6.948795915E-2,1.639618873E-1
1.604964617E1,2.834202535E-2,1.403544098E-1,5.923506618E-2,1.549561997E-1
1.605966317E1,2.760166675E-2,1.310895383E-1,4.601593688E-2,1.416466926E-1
1.606968017E1,2.762045152E-2,1.201868430E-1,3.291404247E-2,1.276365965E-1
1.607969717E1,3.054593317E-2,1.084012911E-1,2.023899369E-2,1.144268797E-1
1.608971417E1,2.675605193E-2,1.033054888E-1,1.259961911E-2,1.074553895E-1
1.609973017E1,2.635657787E-2,9.493703395E-2,-2.736992203E-3,9.856571787E-2
1.610974717E1,2.702344395E-2,8.159077168E-2,-1.086377725E-2,8.663337810E-2
1.611976417E1,2.637336589E-2,7.070297003E-2,-2.009269595E-2,7.809084985E-2
1.612978117E1,2.434703335E-2,6.099249423E-2,-3.044090793E-2,7.238446836E-2
1.613979817E1,2.664214559E-2,5.204054713E-2,-4.085040465E-2,7.132165188E-2
1.614981517E1,2.349095978E-2,4.051428288E-2,-4.860652983E-2,6.749686697E-2
1.615983217E1,2.511814982E-2,3.002728522E-2,-5.667963624E-2,6.888498002E-2
1.616984917E1,2.414310351E-2,1.854709536E-2,-6.553336233E-2,7.225998735E-2
1.617986617E1,2.111668885E-2,1.002711151E-2,-7.293695211E-2,7.659149102E-2
1.618988317E1,2.112521045E-2,-3.010660410E-3,-8.078022301E-2,8.355108032E-2
1.619990017E1,1.662872918E-2,-9.793997742E-3,-8.618804067E-2,8.832222473E-2
1.620991617E1,1.485119667E-2,-2.294554934E-2,-9.164396673E-2,9.563301164E-2
1.621993317E1,1.326581649E-2,-3.497211635E-2,-9.510101378E-2,1.021921408E-1
1.622995017E1,1.171072945E-2,-4.231946170E-2,-9.927795827E-2,1.085550138E-1
1.623996717E1,8.376984857E-3,-5.336412042E-2,-1.019536331E-1,1.153795759E-1
1.624998417E1,3.293882590E-3,-6.130816042E-2,-1.059353203E-1,1.224411380E-1
1.626000117E1,1.734601683E-3,-7.050591707E-2,-1.054138765E-1,1.268312995E-1
1.627001817E1,-2.471596003E-3,-8.184651285E-2,-1.085962132E-1,1.360077129E-1
1.628003517E1,-4.336607642E-3,-8.793369681E-2,-1.091610715E-1,1.402400825E-1
1.629005217E1,-8.613713086E-3,-9.876930714E-2,-1.048985720E-1,1.443373912E-1
1.630006917E1,-1.248275302E-2,-1.079223230E-1,-1.044421047E-1,1.507023562E-1
1.631008617E1,-1.821041107E-2,-1.139468178E-1,-1.005091593E-1,1.530280610E-1
1.632010217E1,-2.008953691E-2,-1.230116785E-1,-9.998425096E-2,1.597883380E-1
1.633011917E1,-2.478442341E-2,-1.314717531E-1,-9.626141936E-2,1.648191444E-1
1.634013617E1,-2.886731550E-2,-1.362513304E-1,-9.030472487E-2,1.659900306E-1
1.635015317E1,-3.634254262E-2,-1.429188550E-1,-8.865229040E-2,1.720633840E-1
1.636017017E1,-4.118603095E-2,-1.497157812E-1,-8.495742083E-2,1.769996261E-1
1.637018717E1,-4.263725877E-2,-1.566027105E-1,-7.766796649E-2,1.799295912E-1
1.638020417E1,-4.517019168E-2,-1.581601351E-1,-7.241807878E-2,1.797202067E-1
1.639022117E1,-4.745964333E-2,-1.645247191E-1,-6.585279107E-2,1.834595079E-1
1.640023817E1,-5.271432549E-2,-1.693607420E-1,-5.958504230E-2,1.871155747E-1
1.641025517E1,-5.502734706E-2,-1.752520949E-1,-5.283756554E-2,1.911363754E-1
1.642027217E1,-6.027084216E-2,-1.784846336E-1,-4.925188422E-2,1.947179677E-1
1.643028917E1,-5.823259428E-2,-1.800086051E-1,-4.114463180E-2,1.936156339E-1
1.644030517E1,-6.080920249E-2,-1.837125272E-1,-3.544227034E-2,1.967338463E-1
1.645032217E1,-6.480407715E-2,-1.861585975E-1,-2.818853408E-2,1.991210317E-1
1.646033917E1,-6.589064747E-2,-1.881724745E-1,-2.259216830E-2,2.006510993E-1
1.647035617E1,-6.674232334E-2,-1.914194375E-1,-1.474575140E-2,2.032569211E-1
1.648037317E1,-6.749093533E-2,-1.930338442E-1,-1.129083242E-2,2.048037457E-1
1.649039017E1,-7.013738900E-2,-1.919897199E-1,-4.872943275E-3,2.044579454E-1
1.650040717E1,-6.810247153E-2,-1.951226592E-1,1.283485675E-3,2.066698965E-1
1.651042417E1,-6.859581918E-2,-1.947309226E-1,6.034274120E-3,2.065476485E-1
1.652044117E1,-6.794334203E-2,-1.938632727E-1,8.436711505E-3,2.055977731E-1
1.653045817E1,-6.470959634E-2,-1.936587393E-1,1.136748772E-2,2.045000219E-1
1.654047517E1,-6.432290375E-2,-1.932315677E-1,1.418164931E-2,2.041494401E-1
1.655049217E1,-6.510402262E-2,-1.902735382E-1,2.092467807E-2,2.021890088E-1
1.656050917E1,-6.428057700E-2,-1.859517694E-1,1.884608157E-2,1.976492547E-1
1.657052517E1,-5.949852988E-2,-1.853839159E-1,2.250308357E-2,1.959940308E-1
1.658054217E1,-5.616531521E-2,-1.843780428E-1,2.248444222E-2,1.940498788E-1
1.659055917E1,-5.495185032E-2,-1.807068139E-1,2.184248902E-2,1.901361428E-1
1.660057617E1,-5.430843309E-2,-1.793057323E-1,2.373173647E-2,1.888468873E-1
1.661059317E1,-5.402493477E-2,-1.745056510E-1,2.401374653E-2,1.842486793E-1
1.662061017E1,-5.247204751E-2,-1.704344749E-1,2.103393525E-2,1.795651761E-1
1.663062717E1,-5.028505996E-2,-1.660149693E-1,2.316419780E-2,1.750032496E-1
1.664064417E1,-4.649804533E-2,-1.608231366E-1,1.928503625E-2,1.685172457E-1
1.665066117E1,-4.337089881E-2,-1.571291536E-1,1.729293913E-2,1.639196496E-1
1.666067817E1,-4.408169910E-2,-1.512347758E-1,1.494349912E-2,1.582354631E-1
1.667069517E1,-4.308580235E-2,-1.470906436E-1,1.323693246E-2,1.538416725E-1
1.668071217E1,-3.976936638E-2,-1.397586912E-1,1.000092551E-2,1.456506532E-1
1.669072917E1,-3.761467710E-2,-1.320062876E-1,2.130792476E-3,1.372773258E-1
1.670074517E1,-1.078614071E-1,-1.160217300E-1,-9.351959452E-3,1.586902143E-1
1.671076217E1,-3.846716583E-1,-1.037641540E-1,-1.718878001E-1,4.339178496E-1
1.672077917E1,9.453757107E-2,-3.543601334E-1,-2.794198692E-1,4.610682377E-1
1.673079617E1,2.722075582E-1,-2.056180835E-1,-3.153693080E-1,4.645788968E-1
1.674081317E1,-3.606826812E-2,1.175442636E-1,-2.837054133E-1,3.092027416E-1
1.675083017E1,-2.607130706E-1,5.175827071E-2,-2.501025498E-1,3.649678194E-1
1.676084717E1,-1.592527479E-1,-2.813160717E-1,-2.464063466E-1,4.064680277E-1
1.677086417E1,-2.186913975E-2,-3.495653272E-1,-2.604054213E-1,4.364460570E-1
1.678088117E1,-1.051608380E-2,-1.358663738E-1,-2.577899396E-1,2.915920310E-1
1.679089817E1,-6.445083022E-2,5.004031956E-2,-2.439890057E-1,2.572714092E-1
1.680091583E1,-6.266225129E-2,7.196532935E-2,-2.335622013E-1,2.523031277E-1
1.681093283E1,-2.972253785E-2,4.828354344E-2,-2.211713642E-1,2.283232405E-1
1.682094983E1,-2.476772666E-2,1.424967498E-2,-2.026166022E-1,2.046215556E-1
1.683096683E1,-2.778030187E-2,-1.040457040E-1,-1.803683341E-1,2.100713917E-1
1.684098383E1,-4.732204229E-2,-1.896559447E-1,-1.544715017E-1,2.491389128E-1
1.685099983E1,-6.376633048E-2,-1.120316759E-1,-1.333457232E-1,1.854678495E-1
1.686101683E1,-4.502886161E-2,6.288421154E-2,-1.193068698E-1,1.421835139E-1
1.687103383E1,2.442657575E-2,1.488285214E-1,-1.121372953E-1,1.879397759E-1
1.688105083E1,6.214679033E-2,9.260173887E-2,-9.341979772E-2,1.454804598E-1
1.689106783E1,1.623256505E-2,9.044739418E-3,-5.856632069E-2,6.144361153E-2
1.690108483E1,-3.165027499E-2,5.455277860E-4,-2.924411744E-2,4.309589206E-2
1.691110183E1,-9.194586892E-4,5.083047599E-2,-6.831725128E-3,5.129576163E-2
1.692111883E1,6.907694042E-2,9.156459570E-2,1.021676697E-2,1.151524260E-1
1.693113583E1,7.755629718E-2,1.009095684E-1,3.480029479E-2,1.319423387E-1
1.694115283E1,3.184287623E-2,7.601327449E-2,6.580481678E-2,1.054621286E-1
1.695116983E1,1.311080717E-2,5.694941059E-2,9.084846079E-2,1.080211621E-1
1.696118683E1,5.303079262E-2,8.795899898E-2,1.072743088E-1,1.485154127E-1
1.697120383E1,9.954410046E-2,1.631579697E-1,1.223213822E-1,2.269186452E-1
1.698122083E1,9.948018193E-2,2.160890996E-1,1.422615349E-1,2.771807170E-1
1.699123783E1,7.093701512E-2,1.877525896E-1,1.691221446E-1,2.624602728E-1
1.700125483E1,5.813866481E-2,1.145896912E-1,1.929800808E-1,2.318452356E-1
1.701127183E1,6.881055236E-2,8.118130267E-2,2.112679332E-1,2.365574679E-1
1.702128783E1,8.577328920E-2,1.129594743E-1,2.278543711E-1,2.683924634E-1
1.703130483E1,8.704619855E-2,1.767189503E-1,2.363128513E-1,3.076530380E-1
1.704132183E1,8.132226765E-2,2.205367386E-1,2.471500486E-1,3.410761071E-1
1.705133883E1,8.346884698E-2,2.257559001E-1,2.595520318E-1,3.539774457E-1
1.706135583E1,9.081064910E-2,2.014457583E-1,2.703413069E-1,3.491581157E-1
1.707137283E1,8.540510386E-2,1.803458035E-1,2.745698988E-1,3.394219645E-1
1.708138983E1,7.317693532E-2,1.838657111E-1,2.831127942E-1,3.454190467E-1
1.709140683E1,6.581116468E-2,1.973314434E-1,2.837641835E-1,3.518421803E-1
1.710142383E1,6.847805530E-2,2.043107897E-1,2.872649133E-1,3.591006450E-1
1.711144083E1,7.289467007E-2,1.933463365E-1,2.863428593E-1,3.531128316E-1
1.712145783E1,6.751721352E-2,1.959533095E-1,2.810934782E-1,3.492417746E-1
1.713147483E1,5.742285401E-2,2.126764208E-1,2.769978046E-1,3.539158486E-1
1.714149183E1,5.552774668E-2,2.393626124E-1,2.688248456E-1,3.642040478E-1
1.715150883E1,5.949871615E-2,2.437920868E-1,2.639153898E-1,3.641785438E-1
1.716152583E1,5.807312578E-2,2.264384031E-1,2.506238222E-1,3.427231224E-1
1.717154283E1,4.693491757E-2,2.001712322E-1,2.408106625E-1,3.166404647E-1
1.718155983E1,3.383509442E-2,1.829219311E-1,2.272541076E-1,2.936829514E-1
1.719157683E1,3.693627566E-2,1.827075928E-1,2.088260651E-1,2.799190569E-1
1.720159383E1,3.854216263E-2,1.993094683E-1,1.924737394E-1,2.797425652E-1
1.721161083E1,4.414230958E-2,2.193863094E-1,1.769059151E-1,2.852623337E-1
1.722162683E1,3.943144530E-2,2.270066738E-1,1.549891531E-1,2.776841847E-1
1.723164383E1,3.424473852E-2,2.144348919E-1,1.364815533E-1,2.564804854E-1
1.724166083E1,3.064574115E-2,1.952867657E-1,1.176359504E-1,2.300310830E-1
1.725167783E1,3.182699159E-2,1.799369454E-1,9.748509526E-2,2.071077148E-1
1.726169483E1,3.361051157E-2,1.699966937E-1,7.809488475E-2,1.900719690E-1
1.727171183E1,3.286939114E-2,1.618304700E-1,5.208063498E-2,1.731527950E-1
1.728172883E1,3.646812215E-2,1.616898626E-1,3.363637626E-2,1.691299542E-1
1.729174583E1,3.677395359E-2,1.619185954E-1,1.571711898E-2,1.667842410E-1
1.730176283E1,4.244036227E-2,1.591022909E-1,-7.286467589E-3,1.648266238E-1
1.731177983E1,4.520211369E-2,1.572711468E-1,-2.606286854E-2,1.657006874E-1
1.732179683E1,4.623515159E-2,1.524764001E-1,-4.575827718E-2,1.657726207E-1
1.733181383E1,4.409341514E-2,1.400899291E-1,-6.634770334E-2,1.611565550E-1
1.734183083E1,4.970735684E-2,1.237357110E-1,-8.414720744E-2,1.576772020E-1
1.735184783E1,4.710647464E-2,1.020465642E-1,-9.569390118E-2,1.476138339E-1
1.736186483E1,4.978907853E-2,8.846098185E-2,-1.121788695E-1,1.512891153E-1
1.737188183E1,5.123488978E-2,8.568526804E-2,-1.264913082E-1,1.611428873E-1
1.738189883E1,5.299017951E-2,8.600005507E-2,-1.412055492E-1,1.736173256E-1
1.739191583E1,6.005587801E-2,9.044455737E-2,-1.501819640E-1,1.853147289E-1
1.740193283E1,6.013790518E-2,8.326733857E-2,-1.576995403E-1,1.881997936E-1
1.741194983E1,5.927893147E-2,6.606170535E-2,-1.665978879E-1,1.887670439E-1
1.742196683E1,5.488338321E-2,4.620597512E-2,-1.739301085E-1,1.881458491E-1
1.743198383E1,5.311661586E-2,2.947292104E-2,-1.770988405E-1,1.872272076E-1
1.744200083E1,5.481012166E-2,2.209010720E-2,-1.794906259E-1,1.889682699E-1
1.745201783E1,5.342705920E-2,1.277931780E-2,-1.814369857E-1,1.895709403E-1
1.746203483E1,5.033326522E-2,6.380539387E-3,-1.822511107E-1,1.891814373E-1
1.747205183E1,4.405475035E-2,3.960026428E-3,-1.808565259E-1,1.861869646E-1
1.748206783E1,4.199133068E-2,1.861454919E-3,-1.796812713E-1,1.845321005E-1
1.749208483E1,3.993552178E-2,-8.369018324E-3,-1.730341613E-1,1.777799408E-1
1.750210183E1,3.370345756E-2,-1.908105053E-2,-1.665978283E-1,1.710404804E-1
1.751211883E1,2.877266891E-2,-3.456201032E-2,-1.577608287E-1,1.640453538E-1
1.752213583E1,2.029209770E-2,-5.230825394E-2,-1.507279575E-1,1.608317128E-1
1.753215283E1,1.110314764E-2,-6.171010807E-2,-1.442880630E-1,1.573227970E-1
1.754216983E1,9.588607587E-3,-6.597915292E-2,-1.299242973E-1,1.460325753E-1
1.755218683E1,2.409706358E-3,-6.486420333E-2,-1.179694906E-1,1.346475855E-1
1.756220383E1,-2.441241639E-3,-6.804082543E-2,-1.038320959E-1,1.241636731E-1
1.757222083E1,-1.179284696E-2,-7.373694330E-2,-9.260169417E-2,1.189591603E-1
1.758223783E1,-1.983559318E-2,-8.326733112E-2,-7.666906714E-2,1.149132066E-1
1.759225483E1,-2.363543399E-2,-9.960483015E-2,-5.931957439E-2,1.183155435E-1
1.760227183E1,-3.214450181E-2,-1.043918654E-1,-4.594304785E-2,1.184976549E-1
1.761228883E1,-3.889249265E-2,-1.142297462E-1,-2.930169366E-2,1.241758839E-1
1.762230583E1,-5.132998899E-2,-1.200506166E-1,-1.779017970E-2,1.317702880E-1
1.763232283E1,-5.069792271E-2,-1.233126521E-1,-2.119299024E-3,1.333445948E-1
1.764233983E1,-5.318185315E-2,-1.238319650E-1,1.274646632E-2,1.353703715E-1
1.765235683E1,-5.915420502E-2,-1.229989380E-1,2.918972448E-2,1.395707660E-1
1.766237383E1,-6.655272841E-2,-1.264980733E-1,4.113027453E-2,1.487371094E-1
1.767239083E1,-6.792348623E-2,-1.340200752E-1,5.511282757E-2,1.600387587E-1
1.768240783E1,-6.922257692E-2,-1.467414647E-1,7.334456593E-2,1.780568673E-1
1.769242483E1,-7.301270217E-2,-1.538109630E-1,8.337761462E-2,1.895797817E-1
1.770244183E1,-7.753022015E-2,-1.561646610E-1,9.378764778E-2,1.979759058E-1
1.771245883E1,-7.620783895E-2,-1.562832892E-1,1.040930599E-1,2.026510950E-1
1.772247583E1,-7.496387511E-2,-1.544030905E-1,1.106151417E-1,2.041950207E-1
1.773249283E1,-7.193538547E-2,-1.546118408E-1,1.192767844E-1,2.081020718E-1
1.774250983E1,-7.060673833E-2,-1.585676968E-1,1.239586174E-1,2.132950182E-1
1.775252683E1,-7.223334163E-2,-1.637621969E-1,1.313183755E-1,2.219915055E-1
1.776254383E1,-7.272389531E-2,-1.657526344E-1,1.333210617E-1,2.248048181E-1
1.777256083E1,-6.962721050E-2,-1.702443659E-1,1.334958375E-1,2.272712722E-1
1.778257783E1,-6.655339152E-2,-1.736188680E-1,1.351208985E-1,2.298489122E-1
1.779259483E1,-6.240335107E-2,-1.774449795E-1,1.309071779E-1,2.291671622E-1
1.780261204E1,-6.376209110E-2,-1.744366735E-1,1.292541474E-1,2.262750361E-1
1.781262904E1,-6.186851114E-2,-1.708519757E-1,1.266906708E-1,2.215144157E-1
1.782264604E1,-5.123450980E-2,-1.706485152E-1,1.193086430E-1,2.144305087E-1
1.783266304E1,-5.128528178E-2,-1.712521315E-1,1.131297201E-1,2.115556811E-1
1.784268004E1,-5.127995834E-2,-1.733352542E-1,1.050153375E-1,2.090525426E-1
1.785269704E1,-5.200029537E-2,-1.775918007E-1,9.269244969E-2,2.069656218E-1
1.786271404E1,-4.814723507E-2,-1.782445461E-1,8.284461498E-2,2.023672520E-1
1.787273104E1,-4.708573222E-2,-1.784656346E-1,7.216650248E-2,1.981793455E-1
1.788274804E1,-4.377302527E-2,-1.750285476E-1,5.648873746E-2,1.890556735E-1
1.789276504E1,-4.511688650E-2,-1.716004312E-1,4.256987572E-2,1.824676293E-1
1.790278204E1,-3.935700282E-2,-1.695457995E-1,3.124291822E-2,1.768357196E-1
1.791279904E1,-4.076250270E-2,-1.640485674E-1,1.864095032E-2,1.700617509E-1
1.792281604E1,-3.945409134E-2,-1.630224437E-1,2.836952917E-3,1.677527668E-1
1.793283304E1,-3.896060959E-2,-1.644903868E-1,-1.433883794E-2,1.696485153E-1
1.794285004E1,-4.245973751E-2,-1.602873802E-1,-3.163606673E-2,1.688067365E-1
1.795286704E1,-4.375435039E-2,-1.574915946E-1,-4.685506225E-2,1.700395318E-1
1.796288404E1,-4.250159860E-2,-1.549315006E-1,-6.281751394E-2,1.724998429E-1
1.797290104E1,-4.208064079E-2,-1.486447006E-1,-7.700484991E-2,1.726145251E-1
1.798291804E1,-9.227222204E-1,2.060406804E-1,-2.488932610E-1,9.776588942E-1
1.799293504E1,-5.020825863E-1,-2.641776800E-1,-5.138279796E-1,7.654384121E-1
1.800295204E1,2.492681444E-1,-6.963691115E-1,-8.011586666E-1,1.090375970E0
1.801296904E1,3.998442888E-1,-3.790819049E-1,-9.826324582E-1,1.126563400E0
1.802298604E1,2.450358123E-1,4.676208645E-2,-1.020761728E0,1.050801479E0
1.803300304E1,-1.259839088E-1,1.822592467E-1,-9.624727368E-1,9.876457601E-1
1.804302004E1,-3.439833522E-1,-6.031290442E-2,-9.108047485E-1,9.754627020E-1