"Time (s)","Gyroscope x (rad/s)","Gyroscope y (rad/s)","Gyroscope z (rad/s)","Absolute (rad/s)"
1.135666666E-3,1.051633283E-1,3.965935856E-2,-9.345707297E-2,1.461725516E-1
1.115066667E-2,9.962993115E-2,5.504032224E-2,-8.324880153E-2,1.410174571E-1
2.116566667E-2,5.032176897E-2,8.176833391E-2,-6.444928050E-2,1.156375831E-1
3.118066667E-2,-1.310512889E-2,2.889153361E-2,-8.674418181E-2,9.236351117E-2
4.119566666E-2,-8.331803977E-2,2.009584568E-3,-1.382979304E-1,1.614690426E-1
5.121066667E-2,-2.044434845E-1,-4.834725335E-2,-1.731422693E-1,2.722367365E-1
6.122591667E-2,-3.118064106E-1,-2.887920737E-1,-1.901383102E-1,4.655928227E-1
7.124091667E-2,-3.641147316E-1,-6.358892322E-1,-2.286626101E-1,7.676074795E-1
8.125591667E-2,-2.895185351E-1,-7.048738599E-1,-2.449515611E-1,8.004182705E-1
9.127091667E-2,-1.184665486E-1,-4.644906223E-1,-2.341827303E-1,5.335048383E-1
1.012859167E-1,1.017992422E-1,-3.084916994E-2,-2.160410136E-1,2.408079661E-1
1.112999167E-1,2.826660573E-1,3.423919380E-1,-1.984691471E-1,4.863356264E-1
1.213149167E-1,3.330439925E-1,4.213322699E-1,-1.867123544E-1,5.685953622E-1
1.313299167E-1,2.829495966E-1,2.692690790E-1,-1.909218431E-1,4.347613843E-1
1.413449167E-1,1.964461207E-1,3.095477633E-2,-2.004703432E-1,2.823785315E-1
1.513599167E-1,1.333626509E-1,-1.524231732E-1,-2.074836195E-1,2.899446028E-1
1.613749167E-1,1.115175337E-1,-1.908011883E-1,-2.014803141E-1,2.990578051E-1
1.713899167E-1,1.405289769E-1,-1.005570740E-1,-1.771469712E-1,2.474695292E-1
1.814049167E-1,1.765226722E-1,1.348480582E-2,-1.509161592E-1,2.326322868E-1
1.914199167E-1,2.086133659E-1,7.239723206E-2,-1.231741533E-1,2.528492983E-1
2.014349167E-1,2.372961491E-1,6.193606183E-2,-1.022105515E-1,2.656925573E-1
2.114499167E-1,2.559481561E-1,6.651479751E-3,-7.911903411E-2,2.679804515E-1
2.214649167E-1,2.598504722E-1,-3.921161592E-2,-6.369453669E-2,2.704012070E-1
2.314799167E-1,2.481370121E-1,-4.145361111E-2,-4.323542491E-2,2.552639431E-1
2.414949167E-1,2.392684072E-1,-1.891341433E-2,-2.183292992E-2,2.410057360E-1
2.515089167E-1,2.317892611E-1,-7.267775945E-3,-2.010941971E-4,2.319032612E-1
2.615239167E-1,2.284491211E-1,-2.380733751E-2,1.628440432E-2,2.302628326E-1
2.715389167E-1,2.272930741E-1,-6.249562651E-2,3.593856469E-2,2.384521447E-1
2.815539167E-1,2.309967279E-1,-8.612985164E-2,6.059810519E-2,2.538699864E-1
2.915689167E-1,2.387965322E-1,-7.867160439E-2,8.119974285E-2,2.642090145E-1
3.015839167E-1,2.637391686E-1,-3.107799031E-2,1.050201207E-1,2.855755878E-1
3.115989167E-1,2.877620161E-1,2.295481972E-2,1.269779503E-1,3.153685170E-1
3.216139167E-1,2.892405987E-1,3.580404073E-2,1.444168538E-1,3.252664768E-1
3.316289167E-1,2.683832645E-1,-6.288291886E-3,1.514380276E-1,3.082249106E-1
3.416439167E-1,2.368993908E-1,-6.760863960E-2,1.688090265E-1,2.986448341E-1
3.516589167E-1,2.259323001E-1,-9.885212034E-2,1.785669178E-1,3.044721499E-1
3.616739167E-1,2.328722328E-1,-8.002010733E-2,1.888206154E-1,3.102997248E-1
3.716889167E-1,2.408333123E-1,-3.585968167E-2,2.008704543E-1,3.156509789E-1
3.817039167E-1,2.547192872E-1,4.445394501E-3,2.103246748E-1,3.303606297E-1
3.917179167E-1,2.719720304E-1,2.949216031E-2,2.190081775E-1,3.504328105E-1
4.017329167E-1,2.749523818E-1,2.718719281E-2,2.256266624E-1,3.567146570E-1
4.117479167E-1,2.627565265E-1,4.564099945E-3,2.262965292E-1,3.468024543E-1
4.217629167E-1,2.427343428E-1,-2.257084846E-2,2.262059748E-1,3.325635991E-1
4.317779167E-1,2.305098474E-1,-2.235214412E-2,2.230293155E-1,3.215221356E-1
4.417929167E-1,2.282227278E-1,1.886351034E-3,2.209616303E-1,3.176684024E-1
4.518079167E-1,2.319673151E-1,2.626181766E-2,2.144887000E-1,3.170235335E-1
4.618229167E-1,2.379261255E-1,3.504012898E-2,2.082385272E-1,3.181193739E-1
4.718379167E-1,2.336547822E-1,2.794191241E-2,2.015112489E-1,3.098097661E-1
4.818529167E-1,2.287542969E-1,2.205845714E-2,1.912647337E-1,2.989938164E-1
4.918679167E-1,2.210213542E-1,2.810084075E-2,1.756501496E-1,2.837130087E-1
5.018829167E-1,2.174881399E-1,3.753242642E-2,1.638416946E-1,2.748706512E-1
5.118979167E-1,2.126858383E-1,3.804382682E-2,1.505753398E-1,2.633543839E-1
5.219129167E-1,2.045107335E-1,3.506748006E-2,1.322852820E-1,2.460767443E-1
5.319269167E-1,1.901804656E-1,2.715022862E-2,1.152721569E-1,2.240388684E-1
5.419419167E-1,1.810090840E-1,2.067848295E-2,9.907134622E-2,2.073813390E-1
5.519569167E-1,1.773030907E-1,2.022435144E-2,7.781325281E-2,1.946800264E-1
5.619719167E-1,1.749411225E-1,1.934843883E-2,6.054664403E-2,1.861307458E-1
5.719869167E-1,1.693799347E-1,3.032197803E-2,3.785655275E-2,1.761876931E-1
5.820019167E-1,1.625031233E-1,3.553218767E-2,2.004133537E-2,1.675453866E-1
5.920169167E-1,1.536501050E-1,2.775801718E-2,-3.213247983E-3,1.561703789E-1
6.020319167E-1,1.447101384E-1,1.716369763E-2,-2.180717140E-2,1.473471052E-1
6.120469167E-1,1.332109123E-1,6.228705868E-3,-4.440433532E-2,1.405549321E-1
6.220619167E-1,1.216988787E-1,1.490941271E-3,-6.200543791E-2,1.365925119E-1
6.320769167E-1,1.143786535E-1,1.881622709E-3,-8.170695603E-2,1.405775357E-1
6.420919167E-1,1.056991443E-1,3.600959666E-3,-9.807927161E-2,1.442387588E-1
6.521069167E-1,9.615865350E-2,-9.152106941E-5,-1.192460507E-1,1.531865387E-1
6.621219167E-1,8.753560483E-2,-7.202694193E-3,-1.344385743E-1,1.605867092E-1
6.721359167E-1,8.011873811E-2,-1.204277389E-2,-1.519291252E-1,1.721815893E-1
6.821509167E-1,6.780640781E-2,-1.368035190E-2,-1.651727706E-1,1.790723461E-1
6.921659167E-1,5.310058594E-2,-1.876766421E-2,-1.802900583E-1,1.888819805E-1
7.021809167E-1,4.069877788E-2,-2.152030729E-2,-1.933898777E-1,1.987942628E-1
7.121959167E-1,2.969638631E-2,-2.195379883E-2,-2.003391981E-1,2.037146017E-1
7.222109167E-1,1.673557982E-2,-2.870358154E-2,-2.085859478E-1,2.112157021E-1
7.322259167E-1,9.028806351E-3,-3.016499802E-2,-2.166959047E-1,2.189715999E-1
7.422409167E-1,-1.169502269E-3,-3.072346374E-2,-2.212246209E-1,2.233509164E-1
7.522559167E-1,-1.292835921E-2,-2.911364660E-2,-2.239873260E-1,2.262411747E-1
7.622709167E-1,-2.251360938E-2,-2.699856460E-2,-2.248469889E-1,2.275784558E-1
7.722859167E-1,-3.517135605E-2,-2.790323645E-2,-2.244770825E-1,2.289226408E-1
7.823009167E-1,-4.853456467E-2,-2.970752865E-2,-2.255807072E-1,2.326473655E-1
7.923159167E-1,-6.089083478E-2,-2.915838361E-2,-2.193600982E-1,2.295141778E-1
8.023309167E-1,-7.393419743E-2,-2.769337967E-2,-2.115298659E-1,2.257832434E-1
8.123449167E-1,-8.156134933E-2,-2.398799732E-2,-2.028704584E-1,2.199638620E-1
8.223599167E-1,-9.423080087E-2,-1.919856668E-2,-1.970501095E-1,2.192641659E-1
8.323749167E-1,-1.052419841E-1,-1.540003158E-2,-1.850087047E-1,2.134039761E-1
8.423899167E-1,-1.146807596E-1,-1.387403999E-2,-1.695285439E-1,2.051440782E-1
8.524049167E-1,-1.285171360E-1,-9.943546727E-3,-1.582409441E-1,2.040973414E-1
8.624199167E-1,-1.398550123E-1,-3.842244856E-3,-1.430742443E-1,2.001110359E-1
8.724349167E-1,-1.518759131E-1,-3.500370309E-3,-1.257175058E-1,1.971888355E-1
8.824499167E-1,-1.627288312E-1,2.629430965E-4,-1.103793085E-1,1.966324830E-1
8.924649167E-1,-1.721331477E-1,4.856516607E-3,-9.002495557E-2,1.943139185E-1
9.024799167E-1,-1.814640611E-1,6.326581351E-3,-7.126431912E-2,1.950585407E-1
9.124949167E-1,-1.904649138E-1,1.111166738E-2,-4.940871522E-2,1.970826570E-1
9.225099167E-1,-1.995271295E-1,1.495966874E-2,-2.976257913E-2,2.022886013E-1
9.325249167E-1,-2.105521560E-1,1.842957363E-2,-7.255215198E-3,2.114816723E-1
9.425399167E-1,-2.190391123E-1,2.107568830E-2,1.167240273E-2,2.203600743E-1
9.525539167E-1,-2.256370783E-1,2.087940276E-2,3.010338731E-2,2.285918951E-1
9.625689167E-1,-2.365821302E-1,2.248209342E-2,5.096579343E-2,2.430515603E-1
9.725839167E-1,-2.434792221E-1,2.274735831E-2,7.553685457E-2,2.559402084E-1
9.825989167E-1,-2.514647245E-1,2.154307626E-2,9.389109164E-2,2.692845129E-1
9.926139167E-1,-2.568218708E-1,2.000349388E-2,1.117569506E-1,2.807974877E-1
1.002628917E0,-2.621740401E-1,1.810332760E-2,1.291010529E-1,2.927969256E-1
1.012643917E0,-2.689953744E-1,2.027154341E-2,1.484900564E-1,3.079265234E-1
1.022658917E0,-2.750490010E-1,1.777003706E-2,1.643582284E-1,3.209070807E-1
1.032673917E0,-2.795631289E-1,1.438897755E-2,1.755100936E-1,3.304033576E-1
1.042688917E0,-2.850828171E-1,1.161502767E-2,1.906190068E-1,3.431366014E-1
1.052703917E0,-2.880860567E-1,6.811257452E-3,1.990263462E-1,3.502162986E-1
1.062719375E0,-2.923851907E-1,3.698822111E-3,2.085431516E-1,3.591559927E-1
1.072734375E0,-2.911221087E-1,-3.445633687E-3,2.178753763E-1,3.636394288E-1
1.082749375E0,-2.937133610E-1,-4.284263588E-3,2.223588079E-1,3.684146208E-1
1.092763375E0,-2.954697013E-1,-1.035067812E-2,2.291573137E-1,3.740622346E-1
1.102778375E0,-2.958553433E-1,-1.122019999E-2,2.314790636E-1,3.758175541E-1
1.112793375E0,-2.965819538E-1,-1.629792154E-2,2.287984788E-1,3.749336227E-1
1.122808375E0,-2.916583121E-1,-2.245861292E-2,2.308738828E-1,3.726549477E-1
1.132823375E0,-2.921096683E-1,-2.401396073E-2,2.286603153E-1,3.717395168E-1
1.142838375E0,-2.936375141E-1,-2.996159717E-2,2.211070508E-1,3.687940006E-1
1.152853375E0,-2.874548733E-1,-3.280305862E-2,2.167627662E-1,3.615140961E-1
1.162868375E0,-2.834569216E-1,-3.506594151E-2,2.086129487E-1,3.536902727E-1
1.172883375E0,-2.814881802E-1,-3.386766091E-2,1.993796676E-1,3.466047690E-1
1.182898375E0,-2.729261220E-1,-3.813910484E-2,1.857173890E-1,3.323164274E-1
1.192913375E0,-2.661490738E-1,-3.930483758E-2,1.749031544E-1,3.208914352E-1
1.202928375E0,-2.622715235E-1,-4.124548286E-2,1.603226215E-1,3.101465538E-1
1.212943375E0,-2.548553944E-1,-3.845661879E-2,1.456890851E-1,2.960667038E-1
1.222957375E0,-2.455133200E-1,-4.117411003E-2,1.261350960E-1,2.790737538E-1
1.232972375E0,-2.354666442E-1,-3.750739247E-2,1.131025478E-1,2.639006088E-1
1.242987375E0,-2.296255380E-1,-3.541840985E-2,9.371446818E-2,2.505289464E-1
1.253002375E0,-2.204047740E-1,-3.145623580E-2,7.336162031E-2,2.344134947E-1
1.263017375E0,-2.070732564E-1,-3.019549511E-2,5.461669713E-2,2.162731723E-1
1.273032375E0,-1.985892802E-1,-2.870006487E-2,3.770397604E-2,2.041641148E-1
1.283047375E0,-1.864447296E-1,-2.334844321E-2,1.777580753E-2,1.887399436E-1
1.293062375E0,-1.768925786E-1,-1.860262454E-2,-2.472281689E-3,1.778852276E-1
1.303077375E0,-1.626079232E-1,-1.523958426E-2,-1.914713159E-2,1.644390290E-1
1.313092375E0,-1.515552849E-1,-1.036120020E-2,-3.807424009E-2,1.566078114E-1
1.323107375E0,-1.354181170E-1,-4.738734104E-3,-5.805647001E-2,1.474146388E-1
1.333122375E0,-1.224374101E-1,-1.600662246E-3,-7.352711260E-2,1.428275806E-1
1.343137375E0,-1.102598384E-1,2.425771207E-3,-9.230399877E-2,1.438163569E-1
1.353152375E0,-9.689784050E-2,7.956493646E-3,-1.055120826E-1,1.434757710E-1
1.363166375E0,-8.438604325E-2,1.259545423E-2,-1.231296957E-1,1.498017747E-1
1.373181375E0,-7.102978975E-2,1.846911013E-2,-1.360063702E-1,1.545447242E-1
1.383196375E0,-5.486121029E-2,1.990801468E-2,-1.470153481E-1,1.581758326E-1
1.393211375E0,-4.377276078E-2,2.513860911E-2,-1.586679071E-1,1.665037807E-1
1.403226375E0,-2.779486030E-2,3.299067169E-2,-1.699730307E-1,1.753618255E-1
1.413241375E0,-1.595356315E-2,3.078763187E-2,-1.777198166E-1,1.810710569E-1
1.423256375E0,2.001062094E-4,3.379513696E-2,-1.832432151E-1,1.863336448E-1
1.433271375E0,1.251462754E-2,3.481506556E-2,-1.918765754E-1,1.954106570E-1
1.443286375E0,2.657904662E-2,3.803136200E-2,-1.945304126E-1,1.999872787E-1
1.453301375E0,3.888951987E-2,3.835653141E-2,-1.970393658E-1,2.044703644E-1
1.463316375E0,5.055283010E-2,3.929103538E-2,-1.965219080E-1,2.066887380E-1
1.473331375E0,6.368754059E-2,3.806571290E-2,-1.974018216E-1,2.108852306E-1
1.483346375E0,7.546404004E-2,3.567978740E-2,-1.935833693E-1,2.108136367E-1
1.493360375E0,8.753614128E-2,3.308054805E-2,-1.914336830E-1,2.130815658E-1
1.503375375E0,1.000932083E-1,3.066639043E-2,-1.851707250E-1,2.127140692E-1
1.513390375E0,1.124954894E-1,2.617610246E-2,-1.774694771E-1,2.117447491E-1
1.523405375E0,1.197387576E-1,2.418085933E-2,-1.684956849E-1,2.081174665E-1
1.533420375E0,1.333321333E-1,2.007739805E-2,-1.588776112E-1,2.083810332E-1
1.543435375E0,1.430870295E-1,1.626375131E-2,-1.488007307E-1,2.070750228E-1
1.553450375E0,1.504635364E-1,1.214958262E-2,-1.385858357E-1,2.049217460E-1
1.563465375E0,1.607904881E-1,8.259502240E-3,-1.225717217E-1,2.023502592E-1
1.573480375E0,1.696245521E-1,4.436720163E-3,-1.117828786E-1,2.031934672E-1
1.583495375E0,1.799924970E-1,-8.137011901E-4,-9.653495252E-2,2.042472965E-1
1.593510375E0,1.854985952E-1,-5.168768577E-3,-8.310862631E-2,2.033309833E-1
1.603525375E0,1.927533001E-1,-9.736889042E-3,-6.775017083E-2,2.045451719E-1
1.613540375E0,1.989096552E-1,-1.259412896E-2,-5.011638254E-2,2.055123228E-1
1.623555375E0,2.089638859E-1,-1.728875004E-2,-3.557632118E-2,2.126745897E-1
1.633569375E0,2.113088071E-1,-2.116684429E-2,-1.580554619E-2,2.129536629E-1
1.643584375E0,2.172756195E-1,-2.288378403E-2,-7.184739225E-4,2.184785541E-1
1.653599375E0,2.230788320E-1,-2.579774149E-2,1.731982455E-2,2.252324690E-1
1.663614375E0,2.272083312E-1,-2.723931149E-2,3.458909318E-2,2.314346803E-1
1.673629375E0,2.332701683E-1,-2.866057865E-2,4.771949351E-2,2.398198287E-1
1.683644375E0,2.358230650E-1,-3.127074242E-2,6.357089430E-2,2.462349202E-1
1.693659375E0,2.398653477E-1,-2.902849577E-2,8.009327948E-2,2.545446366E-1
1.703674375E0,2.453815490E-1,-2.829532698E-2,9.293185174E-2,2.639110820E-1
1.713689375E0,2.471661419E-1,-2.748865262E-2,1.052982211E-1,2.700637759E-1
1.723704375E0,2.491227686E-1,-2.794192173E-2,1.165570021E-1,2.764569398E-1
1.733719375E0,2.527057827E-1,-2.935073897E-2,1.275604069E-1,2.845932815E-1
1.743734375E0,2.552770674E-1,-2.337460592E-2,1.374971867E-1,2.908921272E-1
1.753749375E0,2.544526160E-1,-2.081856877E-2,1.495469809E-1,2.958780933E-1
1.763763375E0,2.572065890E-1,-1.788642816E-2,1.554261744E-1,3.010522370E-1
1.773778375E0,2.565104663E-1,-1.519610733E-2,1.592776626E-1,3.023208806E-1
1.783793375E0,2.578838468E-1,-1.288874447E-2,1.637669653E-1,3.057610457E-1
1.793808375E0,2.585523129E-1,-8.343260735E-3,1.679904461E-1,3.084472377E-1
1.803823375E0,2.576891780E-1,-6.026309915E-3,1.675986946E-1,3.074562591E-1
1.813838375E0,2.535920739E-1,-2.518059686E-3,1.671088785E-1,3.037114714E-1
1.823853375E0,2.555135489E-1,3.344357014E-3,1.669134051E-1,3.052186809E-1
1.833868375E0,2.545116246E-1,3.770799376E-3,1.670856327E-1,3.044798756E-1
1.843883375E0,2.521933317E-1,9.320027195E-3,1.571411192E-1,2.972905495E-1
1.853898375E0,2.477555573E-1,1.312901638E-2,1.516812295E-1,2.907961186E-1
1.863913375E0,2.439807951E-1,1.539456658E-2,1.457056254E-1,2.845940097E-1
1.873928375E0,2.419939488E-1,1.900940388E-2,1.356454343E-1,2.780685393E-1
1.883943375E0,2.376530021E-1,1.992260292E-2,1.280013621E-1,2.706662303E-1
1.893957375E0,2.344022691E-1,2.196478099E-2,1.162111983E-1,2.625488868E-1
1.903972375E0,2.296786308E-1,2.100764215E-2,1.055582911E-1,2.536457122E-1
1.913987375E0,2.264388949E-1,2.473073453E-2,9.145367891E-2,2.454586681E-1
1.924002375E0,2.207770199E-1,2.603808045E-2,7.884148508E-2,2.358738093E-1
1.934017375E0,2.186045349E-1,2.720308304E-2,6.292681396E-2,2.291020172E-1
1.944032375E0,2.099287510E-1,2.538681030E-2,5.073432997E-2,2.174592901E-1
1.954047375E0,2.070547193E-1,2.375982702E-2,3.594556823E-2,2.114905909E-1
1.964062375E0,1.962127239E-1,2.424265817E-2,1.865606010E-2,1.985829501E-1
1.974077375E0,1.898459643E-1,2.106996812E-2,4.536841530E-3,1.910654774E-1
1.984092375E0,1.842469424E-1,2.095785178E-2,-1.046554372E-2,1.857301670E-1
1.994107375E0,1.744865179E-1,1.599183679E-2,-2.751636505E-2,1.773652562E-1
2.004122375E0,1.663572192E-1,1.316622458E-2,-3.993734717E-2,1.715898177E-1
2.014137375E0,1.562660038E-1,1.510707382E-2,-5.856345966E-2,1.675618287E-1
2.024152375E0,1.469206959E-1,1.088276785E-2,-7.145502418E-2,1.637374301E-1
2.034166375E0,1.416375339E-1,8.881931193E-3,-8.546030521E-2,1.656609292E-1
2.044181375E0,1.308884770E-1,6.756993942E-3,-9.829327464E-2,1.638261829E-1
2.054196375E0,1.217520311E-1,2.195736393E-3,-1.123187765E-1,1.656619628E-1
2.064211125E0,1.092745885E-1,1.226078719E-3,-1.223998964E-1,1.640858726E-1
2.074226125E0,1.010816991E-1,-5.766648799E-3,-1.314143836E-1,1.658930510E-1
2.084241125E0,9.038112313E-2,-7.473202422E-3,-1.412233263E-1,1.678351098E-1
2.094256125E0,8.286542445E-2,-7.713156287E-3,-1.502389163E-1,1.717495366E-1
2.104271125E0,6.954349577E-2,-1.069669612E-2,-1.589349359E-1,1.738132071E-1
2.114286125E0,5.776550993E-2,-1.185502764E-2,-1.635066867E-1,1.738155126E-1
2.124301125E0,4.641165212E-2,-1.436692104E-2,-1.667951494E-1,1.737270035E-1
2.134316125E0,3.296569362E-2,-1.721444353E-2,-1.693463922E-1,1.733818749E-1
2.144331125E0,2.387499437E-2,-1.656835899E-2,-1.736290157E-1,1.760442017E-1
2.154346125E0,1.304906793E-2,-1.928326115E-2,-1.722611189E-1,1.738275450E-1
2.164360125E0,1.770314295E-3,-1.776685752E-2,-1.723127812E-1,1.732353596E-1
2.174375125E0,-9.505050257E-3,-1.648021489E-2,-1.695516855E-1,1.706157012E-1
2.184390125E0,-2.194813825E-2,-1.747091115E-2,-1.645380259E-1,1.669122987E-1
2.194405125E0,-3.372751921E-2,-1.482778415E-2,-1.595376432E-1,1.637365821E-1
2.204420125E0,-4.715704173E-2,-1.284905523E-2,-1.554661989E-1,1.629681681E-1
2.214435125E0,-6.019113213E-2,-1.234965306E-2,-1.458623409E-1,1.582760526E-1
2.224450125E0,-7.031753659E-2,-6.867801771E-3,-1.357671022E-1,1.530504123E-1
2.234465125E0,-8.139516413E-2,-7.500632666E-3,-1.262174845E-1,1.503738196E-1
2.244480125E0,-9.150852263E-2,-6.209531799E-3,-1.130390912E-1,1.455685548E-1
2.254495125E0,-1.057673469E-1,-2.521053888E-3,-1.015395597E-1,1.466402727E-1
2.264510125E0,-1.150239632E-1,9.985789657E-4,-8.992285281E-2,1.460055777E-1
2.274525125E0,-1.268675178E-1,3.938117065E-3,-7.592683285E-2,1.479045631E-1
2.284540125E0,-1.384815723E-1,7.489441894E-3,-6.445340067E-2,1.529296520E-1
2.294555125E0,-1.495186687E-1,7.058729418E-3,-4.816512391E-2,1.572435598E-1
2.304569125E0,-1.621380597E-1,1.421304699E-2,-3.368312120E-2,1.662086453E-1
2.314584125E0,-1.718378663E-1,1.274831966E-2,-1.510602515E-2,1.729709916E-1
2.324599125E0,-1.806518584E-1,1.580855809E-2,5.118174013E-4,1.813429525E-1
2.334614125E0,-1.916202158E-1,1.512931660E-2,1.545601897E-2,1.928369566E-1
2.344629125E0,-2.007684410E-1,1.604278013E-2,3.110795096E-2,2.037965709E-1
2.354644125E0,-2.100660503E-1,1.626834273E-2,4.954423755E-2,2.164417611E-1
2.364659125E0,-2.154954374E-1,2.124685422E-2,6.279373169E-2,2.254612275E-1
2.374674125E0,-2.236763835E-1,1.869527996E-2,7.811517268E-2,2.376607208E-1
2.384689125E0,-2.302610576E-1,2.108146995E-2,9.070739895E-2,2.483795790E-1
2.394704125E0,-2.412281185E-1,1.942459866E-2,1.048142537E-1,2.637315832E-1
2.404719125E0,-2.459573597E-1,1.754174381E-2,1.187074333E-1,2.736680293E-1
2.414734125E0,-2.532708645E-1,1.693526655E-2,1.286837310E-1,2.845917017E-1
2.424749125E0,-2.608251870E-1,1.667800546E-2,1.393424869E-1,2.961828197E-1
2.434763125E0,-2.656961381E-1,1.216454245E-2,1.502489001E-1,3.054785523E-1
2.444778125E0,-2.707228363E-1,1.011337526E-2,1.610067338E-1,3.151448917E-1
2.454793125E0,-2.736768126E-1,6.863201037E-3,1.643660516E-1,3.193153617E-1
2.464808125E0,-2.771775424E-1,5.281815305E-3,1.695917100E-1,3.249871316E-1
2.474823125E0,-2.804713547E-1,3.939848393E-3,1.741720885E-1,3.301751348E-1
2.484838125E0,-2.841752768E-1,1.074288040E-3,1.780139655E-1,3.353292620E-1
2.494853125E0,-2.854830325E-1,-5.266776308E-3,1.790878475E-1,3.370471152E-1
2.504868125E0,-2.841682136E-1,-8.368561044E-3,1.782878339E-1,3.355713906E-1
2.514883125E0,-2.840577066E-1,-1.409355737E-2,1.781730503E-1,3.356084696E-1
2.524898125E0,-2.882652283E-1,-1.299047656E-2,1.748078763E-1,3.373772191E-1
2.534913125E0,-2.833247483E-1,-1.510136295E-2,1.690328866E-1,3.302621397E-1
2.544928125E0,-2.818794549E-1,-2.019705623E-2,1.612766981E-1,3.253830381E-1
2.554943125E0,-2.811304331E-1,-2.198443748E-2,1.574946046E-1,3.229894524E-1
2.564958125E0,-2.807093859E-1,-2.511471696E-2,1.474960446E-1,3.180936835E-1
2.574972125E0,-2.774153352E-1,-2.470458299E-2,1.403486133E-1,3.118770877E-1
2.584987125E0,-2.705853879E-1,-2.749238163E-2,1.326507479E-1,3.026028819E-1
2.595002125E0,-2.698613405E-1,-2.796316147E-2,1.192299575E-1,2.963492269E-1
2.605017125E0,-2.613232434E-1,-2.963615954E-2,1.067759544E-1,2.838472193E-1
2.615032125E0,-2.568629384E-1,-2.821703069E-2,9.487196058E-2,2.752734256E-1
2.625047125E0,-2.497746497E-1,-2.894620411E-2,8.091939241E-2,2.641461839E-1
2.635062125E0,-2.421913594E-1,-2.935040742E-2,6.725785136E-2,2.530646549E-1
2.645077125E0,-2.347949743E-1,-3.083005920E-2,5.384883657E-2,2.428556561E-1
2.655092125E0,-2.279473841E-1,-2.326700836E-2,4.008566961E-2,2.326117463E-1
2.665107125E0,-2.174026072E-1,-2.360949107E-2,2.286726795E-2,2.198731762E-1
2.675122125E0,-2.092210352E-1,-2.012588084E-2,7.573074661E-3,2.103231897E-1
2.685137125E0,-2.021434158E-1,-1.564910635E-2,-5.990137346E-3,2.028367246E-1
2.695152125E0,-1.911724508E-1,-1.521960739E-2,-2.173014358E-2,1.930045117E-1
2.705166125E0,-1.825304925E-1,-1.125016622E-2,-3.423288465E-2,1.860533185E-1
2.715181125E0,-1.690353304E-1,-1.025800407E-2,-4.848972335E-2,1.761517041E-1
2.725196125E0,-1.586292982E-1,-5.324765109E-3,-6.088886783E-2,1.699972400E-1
2.735211125E0,-1.482402533E-1,-8.746841922E-4,-7.228422165E-2,1.649270944E-1
2.745226125E0,-1.351595968E-1,1.454517245E-3,-8.510414511E-2,1.597277300E-1
2.755241125E0,-1.238812655E-1,6.667797454E-3,-9.534601122E-2,1.564668953E-1
2.765256125E0,-1.089936644E-1,8.259833790E-3,-1.058753505E-1,1.521756668E-1
2.775271125E0,-9.875770658E-2,1.103530079E-2,-1.129829660E-1,1.504659865E-1
2.785286125E0,-8.712954074E-2,1.102571189E-2,-1.224827319E-1,1.507154366E-1
2.795301125E0,-7.367148250E-2,1.471759845E-2,-1.283821315E-1,1.487483335E-1
2.805316125E0,-6.183053553E-2,1.661270112E-2,-1.354850531E-1,1.498505808E-1
2.815331125E0,-4.737339541E-2,1.980142295E-2,-1.387208551E-1,1.479182564E-1
2.825346125E0,-3.527145833E-2,2.062806860E-2,-1.404124945E-1,1.462370049E-1
2.835360125E0,-2.254199609E-2,2.309564315E-2,-1.459014863E-1,1.494282236E-1
2.845375125E0,-1.155219600E-2,2.333000116E-2,-1.457073390E-1,1.480147656E-1
2.855390125E0,2.523117000E-3,2.111482993E-2,-1.433957219E-1,1.449639101E-1
2.865405125E0,1.434116066E-2,1.989803091E-2,-1.438870728E-1,1.459626330E-1
2.875420125E0,2.554782107E-2,1.726196520E-2,-1.421191841E-1,1.454253386E-1
2.885435125E0,3.742019460E-2,1.973870583E-2,-1.376629174E-1,1.440172430E-1
2.895450125E0,4.924760759E-2,1.935647987E-2,-1.311682165E-1,1.414393905E-1
2.905465125E0,6.407368928E-2,1.298193634E-2,-1.265766621E-1,1.424626958E-1
2.915480125E0,7.416960597E-2,1.083369739E-2,-1.182738543E-1,1.400257264E-1
2.925495125E0,8.266455680E-2,9.247252718E-3,-1.105307117E-1,1.383328553E-1
2.935510125E0,9.446214885E-2,6.742218509E-3,-1.011193171E-1,1.385412262E-1
2.945525125E0,1.062021628E-1,3.289431334E-3,-8.998543769E-2,1.392375622E-1
2.955540125E0,1.154408231E-1,2.548667602E-3,-8.097740263E-2,1.410333971E-1
2.965555125E0,1.278871000E-1,-5.086615682E-3,-7.076844573E-2,1.462503228E-1
2.975569125E0,1.390865594E-1,-6.031303667E-3,-6.156450510E-2,1.522223240E-1
2.985584125E0,1.472137272E-1,-1.007984020E-2,-4.736985639E-2,1.549754431E-1
2.995599125E0,1.552208364E-1,-1.325731818E-2,-3.479782864E-2,1.596250401E-1
3.005614125E0,1.650103480E-1,-1.562726498E-2,-2.428713255E-2,1.675186293E-1
3.015629125E0,1.715601385E-1,-1.879536547E-2,-1.152738184E-2,1.729711751E-1
3.025644125E0,1.796787828E-1,-2.057808451E-2,7.226257585E-4,1.808547615E-1
3.035659125E0,1.864904910E-1,-2.289943397E-2,1.082201581E-2,1.882025594E-1
3.045674125E0,1.960102320E-1,-2.397668362E-2,2.600602806E-2,1.991763186E-1
3.055689125E0,2.031158805E-1,-2.562364936E-2,3.296468779E-2,2.073627328E-1
3.065704250E0,2.085860074E-1,-2.609316446E-2,4.526103288E-2,2.150291534E-1
3.075719250E0,2.135341465E-1,-2.797521651E-2,5.705534294E-2,2.227885918E-1
3.085734250E0,2.207627594E-1,-2.778320201E-2,6.759054214E-2,2.325437242E-1
3.095749250E0,2.255450636E-1,-2.999395318E-2,7.697504014E-2,2.401986048E-1
3.105763250E0,2.332410663E-1,-2.670734748E-2,8.435279876E-2,2.494595600E-1
3.115778250E0,2.352856994E-1,-2.598282322E-2,9.245850891E-2,2.541319407E-1
3.125793250E0,2.389595211E-1,-2.522941679E-2,9.856700152E-2,2.597183666E-1
3.135808250E0,2.427582592E-1,-2.451835945E-2,1.051338315E-1,2.656799670E-1
3.145823250E0,2.447897196E-1,-2.138222009E-2,1.075953916E-1,2.682461080E-1
3.155838250E0,2.453480214E-1,-1.879929937E-2,1.137005389E-1,2.710661871E-1
3.165853250E0,2.504365146E-1,-1.525543071E-2,1.145679280E-1,2.758205688E-1
3.175868250E0,2.554144859E-1,-1.536833961E-2,1.179756671E-1,2.817640920E-1
3.185883250E0,2.565149069E-1,-9.672903456E-3,1.185000464E-1,2.827290638E-1
3.195898250E0,2.568455935E-1,-5.303659476E-3,1.161151379E-1,2.819228847E-1
3.205913250E0,2.571095228E-1,-4.689002410E-3,1.131361276E-1,2.809396320E-1
3.215928250E0,2.569950819E-1,-4.494120367E-3,1.138349846E-1,2.811139857E-1
3.225943250E0,2.558270097E-1,-6.229495630E-4,1.075219661E-1,2.775046308E-1
3.235958250E0,2.562426627E-1,3.656283952E-3,1.065613031E-1,2.775409554E-1
3.245972250E0,2.546929717E-1,6.419845857E-3,9.994015098E-2,2.736745477E-1
3.255987250E0,2.518938184E-1,9.560436942E-3,9.296303988E-2,2.686708478E-1
3.266002250E0,2.529990077E-1,1.194050442E-2,8.692911267E-2,2.677830170E-1
3.276017250E0,2.512470186E-1,1.251428854E-2,7.496229559E-2,2.624900332E-1
3.286032250E0,2.506621778E-1,1.562992111E-2,6.596694142E-2,2.596679787E-1
3.296047250E0,2.477706969E-1,1.806311309E-2,5.707958713E-2,2.549013016E-1
3.306062250E0,2.434169501E-1,1.918243989E-2,4.740964994E-2,2.487316878E-1
3.316077250E0,2.395582944E-1,1.965728030E-2,3.833359852E-2,2.434010063E-1
3.326092250E0,2.348881811E-1,2.023971453E-2,2.761198021E-2,2.373700173E-1
3.336107250E0,2.285015881E-1,2.346753702E-2,1.543752849E-2,2.302216722E-1
3.346122250E0,2.260988802E-1,1.963897422E-2,2.397360746E-3,2.269628610E-1
3.356137250E0,2.175636888E-1,2.008666098E-2,-5.670445040E-3,2.185625461E-1
3.366152250E0,2.138858587E-1,1.827464625E-2,-1.759954169E-2,2.153853920E-1
3.376166250E0,2.059667706E-1,2.124027163E-2,-3.197201341E-2,2.095129337E-1
3.386181250E0,2.005829215E-1,1.726790145E-2,-4.023340344E-2,2.053056638E-1
3.396196250E0,1.931395829E-1,1.385645662E-2,-5.237082392E-2,2.005931281E-1
3.406211250E0,1.860478520E-1,1.183138881E-2,-6.172757596E-2,1.963773883E-1
3.416226250E0,1.784880161E-1,1.416051947E-2,-7.188479602E-2,1.929401879E-1
3.426241250E0,1.705890745E-1,8.600370958E-3,-8.108708262E-2,1.890759469E-1
3.436256250E0,1.639954746E-1,7.632720284E-3,-8.994890749E-2,1.871993057E-1
3.446271250E0,1.541811973E-1,5.772768520E-3,-9.689229727E-2,1.821902405E-1
3.456286250E0,1.454741359E-1,7.135904394E-3,-1.033271551E-1,1.785781239E-1
3.466301250E0,1.325633973E-1,3.005874343E-3,-1.105653644E-1,1.726464288E-1
3.476316250E0,1.224911213E-1,3.185216337E-5,-1.162521988E-1,1.688746563E-1
3.486331250E0,1.144073606E-1,-1.656591892E-3,-1.178303882E-1,1.642430785E-1
3.496346250E0,1.037319526E-1,-2.617329359E-3,-1.220992953E-1,1.602354714E-1
3.506361250E0,9.402979165E-2,-2.905749716E-3,-1.247203797E-1,1.562216957E-1
3.516375250E0,8.371272683E-2,-7.013718598E-3,-1.282147020E-1,1.532841241E-1
3.526390250E0,7.216233015E-2,-3.068245016E-3,-1.301295161E-1,1.488304639E-1
3.536405250E0,6.008275971E-2,-5.036015995E-3,-1.274069399E-1,1.409532823E-1
3.546420250E0,4.825326428E-2,-4.023215733E-3,-1.245283410E-1,1.336108958E-1
3.556435250E0,3.764152154E-2,-4.757898860E-3,-1.245787963E-1,1.302282544E-1
3.566450250E0,2.429748885E-2,-6.391747855E-3,-1.216184273E-1,1.241864094E-1
3.576465250E0,1.292821672E-2,-6.652484648E-3,-1.161820814E-1,1.170883016E-1
3.586480250E0,2.098205499E-3,-4.870297387E-3,-1.092701107E-1,1.093987174E-1
3.596495250E0,-1.056427136E-2,-2.183230594E-3,-1.024262682E-1,1.029927703E-1
3.606510250E0,-2.426810004E-2,-5.661584437E-4,-9.743124247E-2,1.004097018E-1
3.616525250E0,-3.559665382E-2,-7.730862126E-4,-8.988571167E-2,9.668071466E-2
3.626540250E0,-4.597978666E-2,1.347056590E-3,-7.842985541E-2,9.092413080E-2
3.636555250E0,-5.987749249E-2,4.216612317E-3,-7.121907920E-2,9.314102838E-2
3.646570250E0,-6.832636893E-2,4.315947182E-3,-5.965190381E-2,9.080456882E-2
3.656584250E0,-8.145789802E-2,7.863283157E-3,-4.677074403E-2,9.425880791E-2
3.666599250E0,-9.505572915E-2,1.104709320E-2,-3.919804469E-2,1.034123620E-1
3.676614250E0,-1.019345894E-1,1.055379957E-2,-2.522381768E-2,1.055380699E-1
3.686629250E0,-1.150762215E-1,1.240629517E-2,-1.862477139E-2,1.172319710E-1
3.696644250E0,-1.265973300E-1,1.581647620E-2,-3.742239671E-3,1.276363946E-1
3.706659250E0,-1.414897293E-1,1.702821627E-2,7.090434432E-3,1.426869928E-1
3.716674250E0,-1.482534856E-1,1.785684749E-2,1.852887496E-2,1.504702037E-1
3.726689250E0,-1.592613906E-1,1.812822372E-2,3.049072810E-2,1.631640509E-1
3.736704250E0,-1.681135446E-1,2.082873881E-2,4.168551415E-2,1.744525217E-1
3.746719250E0,-1.791558117E-1,1.638206095E-2,5.324230343E-2,1.876164163E-1
3.756734250E0,-1.876267195E-1,1.891225949E-2,6.296025962E-2,1.988100946E-1
3.766749250E0,-2.007875293E-1,2.037486807E-2,7.052576542E-2,2.137864607E-1
3.776764250E0,-2.045124322E-1,2.221798152E-2,8.647016436E-2,2.231503147E-1
3.786778250E0,-2.146548182E-1,1.808368787E-2,9.228677303E-2,2.343513585E-1
3.796793250E0,-2.229039818E-1,1.819581538E-2,1.009337604E-1,2.453668616E-1
3.806808250E0,-2.285967469E-1,1.504156739E-2,1.086771712E-1,2.535615290E-1
3.816823250E0,-2.363419682E-1,1.467372570E-2,1.142179221E-1,2.629041230E-1
3.826838250E0,-2.416672260E-1,1.605217904E-2,1.206063107E-1,2.705671871E-1
3.836853250E0,-2.464082837E-1,1.042264234E-2,1.267756969E-1,2.773044375E-1
3.846868250E0,-2.528395653E-1,9.272421710E-3,1.263426691E-1,2.828008020E-1
3.856883250E0,-2.580579221E-1,3.571268171E-3,1.307247430E-1,2.893019246E-1
3.866898250E0,-2.603508830E-1,5.827231333E-3,1.335586160E-1,2.926678029E-1
3.876913250E0,-2.659836411E-1,2.719776705E-3,1.306148469E-1,2.963358446E-1
3.886928250E0,-2.675096095E-1,7.594246417E-4,1.305868924E-1,2.976825563E-1
3.896943250E0,-2.715267539E-1,-4.236392677E-3,1.322233677E-1,3.020393088E-1
3.906958250E0,-2.727342248E-1,-5.539476871E-3,1.288616657E-1,3.016951642E-1
3.916972250E0,-2.740588784E-1,-8.150713518E-3,1.238701344E-1,3.008629475E-1
3.926987250E0,-2.762349248E-1,-1.171641983E-2,1.189904287E-1,3.010012131E-1
3.937002250E0,-2.760241330E-1,-1.066167653E-2,1.142117977E-1,2.989102341E-1
3.947017250E0,-2.745617926E-1,-1.341192331E-2,1.070593446E-1,2.950012897E-1
3.957032250E0,-2.759127915E-1,-1.626902074E-2,1.009580716E-1,2.942534312E-1
3.967047250E0,-2.704131007E-1,-1.887971722E-2,9.295953065E-2,2.865679031E-1
3.977062250E0,-2.684837878E-1,-1.798742823E-2,8.258879185E-2,2.814746888E-1
3.987077250E0,-2.658184767E-1,-1.971954852E-2,7.292418182E-2,2.763444579E-1
3.997092250E0,-2.646077275E-1,-1.885785162E-2,6.479148567E-2,2.730765546E-1
4.007107250E0,-2.601434588E-1,-1.992817596E-2,5.296119303E-2,2.662266691E-1
4.017122250E0,-2.561039031E-1,-1.951888576E-2,4.401547462E-2,2.605907866E-1
4.027137250E0,-2.523770630E-1,-2.146858536E-2,3.233378381E-2,2.553439948E-1
4.037152250E0,-2.458899617E-1,-1.945409924E-2,2.180328220E-2,2.476201090E-1
4.047167250E0,-2.406507283E-1,-1.652968302E-2,1.020415127E-2,2.414334860E-1
4.057181250E0,-2.341437787E-1,-1.725971140E-2,-3.989660181E-3,2.348129556E-1
4.067196125E0,-2.268195450E-1,-1.686423272E-2,-1.001106761E-2,2.276658293E-1
4.077211125E0,-2.184827775E-1,-1.618459821E-2,-1.985942386E-2,2.199796854E-1
4.087226125E0,-2.110046148E-1,-1.156214997E-2,-3.173685446E-2,2.136910357E-1
4.097241125E0,-2.024087608E-1,-1.164336503E-2,-4.039029405E-2,2.067274782E-1
4.107256125E0,-1.920764893E-1,-1.031551324E-2,-4.980350286E-2,1.986961914E-1
4.117271125E0,-1.833167523E-1,-5.977294408E-3,-5.964060873E-2,1.928672132E-1
4.127286125E0,-1.767840236E-1,-6.440151483E-3,-6.621568650E-2,1.888877542E-1
4.137301125E0,-1.680405885E-1,1.384476200E-3,-7.435136288E-2,1.837598469E-1
4.147316125E0,-1.589355022E-1,2.145074308E-3,-8.203804493E-2,1.788724015E-1
4.157331125E0,-1.461850703E-1,9.887255728E-4,-8.733160049E-2,1.702875826E-1
4.167346125E0,-1.350836903E-1,4.153626040E-3,-9.428298473E-2,1.647851243E-1
4.177361125E0,-1.237987578E-1,4.510696046E-3,-9.459266067E-2,1.558661293E-1
4.187375125E0,-1.161621436E-1,6.615924649E-3,-9.847927839E-2,1.524322221E-1
4.197390125E0,-1.047931686E-1,6.439421326E-3,-9.971024841E-2,1.447936738E-1
4.207405125E0,-9.406089783E-2,7.503088564E-3,-1.016146764E-1,1.386697202E-1
4.217420125E0,-8.102180809E-2,8.866100572E-3,-1.016032398E-1,1.302549786E-1
4.227435125E0,-6.959231943E-2,1.028130483E-2,-9.962450713E-2,1.219583477E-1
4.237450125E0,-5.750108138E-2,7.252013311E-3,-9.905303270E-2,1.147626653E-1
4.247465125E0,-4.647106677E-2,7.040824741E-3,-9.890975803E-2,1.095092393E-1
4.257480125E0,-3.487441316E-2,5.862982944E-3,-9.584880620E-2,1.021645384E-1
4.267495125E0,-2.172718570E-2,6.243016571E-3,-9.161171317E-2,9.435969396E-2
4.277510125E0,-8.171476424E-3,3.056602553E-3,-8.630008250E-2,8.673995669E-2
4.287525125E0,3.242832143E-3,2.610787749E-3,-7.832205296E-2,7.843262173E-2
4.297540125E0,1.139758434E-2,2.394936047E-3,-7.401262969E-2,7.492336085E-2
4.307555125E0,2.676935121E-2,-1.031220891E-3,-6.581941992E-2,7.106235023E-2
4.317570125E0,3.837181255E-2,-1.586398110E-3,-5.901758745E-2,7.041298379E-2
4.327585125E0,4.878637195E-2,-8.573999628E-3,-5.324864388E-2,7.272579757E-2
4.337599125E0,6.226373836E-2,-9.753400460E-3,-3.972679377E-2,7.449912804E-2
4.347614125E0,7.107240707E-2,-9.888156317E-3,-3.234318271E-2,7.870923802E-2
4.357629125E0,8.394899219E-2,-1.461067516E-2,-2.404936403E-2,8.853969183E-2
4.367644125E0,9.550870955E-2,-1.594145596E-2,-1.751662791E-2,9.840160502E-2
4.377659125E0,1.037668064E-1,-1.893929578E-2,-6.843048148E-3,1.057027641E-1
4.387674125E0,1.126037091E-1,-2.423472516E-2,1.851373119E-3,1.151969826E-1
4.397689125E0,1.235697642E-1,-2.190387249E-2,1.202993840E-2,1.260713515E-1
4.407704125E0,1.332948357E-1,-2.331215143E-2,1.957227848E-2,1.367261632E-1
4.417719125E0,1.420248002E-1,-2.618928999E-2,2.865350246E-2,1.472343234E-1
4.427734125E0,1.511554420E-1,-2.643323690E-2,3.405332938E-2,1.571824192E-1
4.437749125E0,1.565019488E-1,-2.703025565E-2,4.216872901E-2,1.643219292E-1
4.447764125E0,1.695708781E-1,-2.838660404E-2,5.187701806E-2,1.795864889E-1
4.457779125E0,1.761357933E-1,-2.835298702E-2,5.747573078E-2,1.874331059E-1
4.467793125E0,1.848392636E-1,-2.762967162E-2,6.249871850E-2,1.970660852E-1
4.477808125E0,1.915194541E-1,-2.783972397E-2,6.897756457E-2,2.054571876E-1
4.487823125E0,2.002221346E-1,-2.703598142E-2,7.272356749E-2,2.147290496E-1
4.497838125E0,2.078578025E-1,-2.748032659E-2,7.545130700E-2,2.228293835E-1
4.507853125E0,2.105060369E-1,-2.658949792E-2,7.866201550E-2,2.262907547E-1
4.517868125E0,2.160891145E-1,-2.363179624E-2,8.404827118E-2,2.330602478E-1
4.527883125E0,2.228604555E-1,-2.324137837E-2,8.484482020E-2,2.395946323E-1
4.537898125E0,2.295736372E-1,-1.993280090E-2,8.527479321E-2,2.457095070E-1
4.547913125E0,2.355974466E-1,-1.470634714E-2,8.604391664E-2,2.512488588E-1
4.557928125E0,2.382835150E-1,-1.602941006E-2,8.385854214E-2,2.531170294E-1
4.567943125E0,2.395879328E-1,-1.125010103E-2,8.045689017E-2,2.529866667E-1
4.577958125E0,2.459135056E-1,-1.091699675E-2,8.024705946E-2,2.589058199E-1
4.587973125E0,2.499266267E-1,-6.347544491E-3,7.619878650E-2,2.613615601E-1
4.597988125E0,2.526758909E-1,-5.058116280E-3,7.204621285E-2,2.627952571E-1
4.608002125E0,2.553041577E-1,-1.393873245E-3,6.701070815E-2,2.639556608E-1
4.618017125E0,2.514329851E-1,-9.800028056E-4,6.077913567E-2,2.586766509E-1
4.628032125E0,2.545664608E-1,3.056549467E-3,5.410605296E-2,2.602708021E-1
4.638047125E0,2.563029528E-1,5.378474481E-3,5.050851777E-2,2.612876613E-1
4.648062125E0,2.574310601E-1,5.353706889E-3,4.329295084E-2,2.611009239E-1
4.658077125E0,2.575271130E-1,9.349589236E-3,3.537340835E-2,2.601132575E-1
4.668092125E0,2.572512031E-1,1.083829533E-2,2.466323972E-2,2.586579315E-1
4.678107125E0,2.554736137E-1,1.313094515E-2,1.728554815E-2,2.563941872E-1
4.688122125E0,2.541121840E-1,1.650517061E-2,8.912568912E-3,2.548035648E-1
4.698137125E0,2.537354827E-1,1.528504584E-2,6.742067635E-4,2.541963461E-1
4.708152125E0,2.540191114E-1,1.369647030E-2,-1.059629116E-2,2.546086873E-1
4.718167125E0,2.480058372E-1,1.599917188E-2,-1.991055533E-2,2.493176668E-1
4.728182125E0,2.449202985E-1,1.460686978E-2,-2.568322420E-2,2.466960503E-1
4.738196125E0,2.414334118E-1,1.649479009E-2,-3.455023095E-2,2.444501767E-1
4.748211125E0,2.371976525E-1,1.355146430E-2,-4.116818681E-2,2.411248393E-1
4.758226125E0,2.337090969E-1,1.564718410E-2,-4.989679158E-2,2.394879249E-1
4.768241125E0,2.263382524E-1,1.423064806E-2,-5.884554610E-2,2.342953567E-1
4.778256125E0,2.210283577E-1,1.263419352E-2,-6.701805443E-2,2.313105648E-1
4.788271125E0,2.135081142E-1,1.452983171E-2,-7.380512357E-2,2.263714362E-1
4.798286125E0,2.093370557E-1,1.218067016E-2,-7.799777389E-2,2.237275672E-1
4.808301125E0,2.035963386E-1,1.300198864E-2,-8.693987131E-2,2.217635273E-1
4.818316125E0,1.944606751E-1,1.005838346E-2,-8.828552067E-2,2.138000430E-1
4.828331125E0,1.869987547E-1,8.951839991E-3,-9.502385557E-2,2.099480956E-1
4.838346125E0,1.807975620E-1,6.455134600E-3,-9.594800323E-2,2.047814604E-1
4.848361125E0,1.722464263E-1,1.021525078E-2,-1.006207839E-1,1.997441486E-1
4.858376125E0,1.634449512E-1,5.077473819E-3,-9.892672300E-2,1.911191496E-1
4.868391125E0,1.540586352E-1,4.752567038E-3,-1.022098660E-1,1.849419009E-1
4.878405125E0,1.461009532E-1,1.774763688E-3,-1.019399911E-1,1.781583568E-1
4.888420125E0,1.370478123E-1,3.115398809E-3,-1.031298861E-1,1.715446938E-1
4.898435125E0,1.260842681E-1,4.146169871E-3,-1.038131043E-1,1.633756225E-1
4.908450125E0,1.142009646E-1,5.440466106E-3,-9.770780802E-2,1.503937323E-1
4.918465125E0,1.032963842E-1,2.148803324E-3,-9.632030874E-2,1.412528309E-1
4.928480125E0,9.605551511E-2,2.927776426E-3,-9.240359813E-2,1.333178863E-1
4.938495125E0,8.318092674E-2,3.369928338E-3,-8.876205981E-2,1.216927535E-1
4.948510125E0,7.132746279E-2,2.364051528E-3,-8.476199210E-2,1.108051939E-1
4.958525125E0,6.169675291E-2,4.461484030E-3,-7.833436131E-2,9.981315706E-2
4.968540125E0,4.883768037E-2,6.513450295E-3,-7.030919194E-2,8.585410025E-2
4.978555125E0,3.552630171E-2,6.054938771E-3,-6.484210491E-2,7.418408836E-2
4.988570125E0,2.456366643E-2,6.849358790E-3,-5.722626671E-2,6.265088209E-2
4.998585125E0,1.406395063E-2,8.280744776E-3,-4.681484029E-2,4.957816770E-2
5.008600125E0,3.405447584E-3,9.311387315E-3,-4.118172079E-2,4.235838919E-2
5.018614125E0,-1.152199879E-2,1.098350063E-2,-3.224296868E-2,3.595834773E-2
5.028629125E0,-2.099406533E-2,1.092624292E-2,-2.287903056E-2,3.291783107E-2
5.038644125E0,-3.314413875E-2,1.503782999E-2,-1.406230591E-2,3.901818438E-2
5.048659125E0,-4.715050384E-2,1.572838798E-2,-7.111455780E-3,5.021080566E-2
5.058674000E0,-5.669110641E-2,1.704167388E-2,5.590388086E-3,5.946051323E-2
5.068689000E0,-7.162850350E-2,2.148489095E-2,1.268025581E-2,7.584874383E-2
5.078704000E0,-7.851710916E-2,1.931048557E-2,2.194160037E-2,8.378105460E-2
5.088719000E0,-9.249816835E-2,2.152463794E-2,3.181553632E-2,1.001571242E-1
5.098734000E0,-1.022636965E-1,2.149959467E-2,3.737518191E-2,1.109819824E-1
5.108749000E0,-1.160748452E-1,2.219201438E-2,4.714338854E-2,1.272334636E-1
5.118764000E0,-1.285582483E-1,2.017795295E-2,5.715648830E-2,1.421310562E-1
5.128779000E0,-1.383107454E-1,2.379585803E-2,6.341518462E-2,1.540051648E-1
5.138794000E0,-1.491725594E-1,2.198236436E-2,6.956059486E-2,1.660552714E-1
5.148809000E0,-1.558075547E-1,2.244096249E-2,8.077622950E-2,1.769304670E-1
5.158823000E0,-1.662534028E-1,2.194654755E-2,8.230953664E-2,1.868065971E-1
5.168838000E0,-1.754559577E-1,2.065571211E-2,9.018237889E-2,1.983540092E-1
5.178853000E0,-1.848474443E-1,1.933624037E-2,9.331814945E-2,2.079681343E-1
5.188868000E0,-1.924576908E-1,1.879748143E-2,9.616266936E-2,2.159642726E-1
5.198883000E0,-2.009594291E-1,1.709745079E-2,1.011114940E-1,2.256115006E-1
5.208898000E0,-2.091055065E-1,1.616880670E-2,1.021812856E-1,2.332971459E-1
5.218913000E0,-2.182715237E-1,1.140967198E-2,1.051691547E-1,2.425555396E-1
5.228928000E0,-2.213085890E-1,1.085360348E-2,1.071705222E-1,2.461316987E-1
5.238943000E0,-2.288320214E-1,8.258357644E-3,1.048088148E-1,2.518276834E-1
5.248958000E0,-2.346701920E-1,1.103310473E-2,1.055648848E-1,2.575573205E-1
5.258973000E0,-2.398925722E-1,5.224676803E-3,1.021489501E-1,2.607875600E-1
5.268988000E0,-2.442660183E-1,3.974856809E-3,1.004293486E-1,2.641358386E-1
5.279003000E0,-2.486862689E-1,1.176841557E-3,9.334883094E-2,2.656317932E-1
5.289018000E0,-2.542879581E-1,-2.276745625E-3,8.913890272E-2,2.694685384E-1
5.299032000E0,-2.565195262E-1,-1.453720033E-3,8.535500616E-2,2.703513598E-1
5.309047000E0,-2.580202222E-1,-5.464440212E-3,8.039087057E-2,2.703090587E-1
5.319062000E0,-2.607185841E-1,-5.090468563E-3,7.478085905E-2,2.712789521E-1
5.329077000E0,-2.604677081E-1,-1.046978682E-2,6.580813974E-2,2.688563830E-1
5.339092000E0,-2.624106705E-1,-7.599274162E-3,6.048456207E-2,2.693983876E-1
5.349107000E0,-2.632309198E-1,-1.057216059E-2,5.394143984E-2,2.689088445E-1
5.359122000E0,-2.622696757E-1,-1.292356197E-2,4.216853902E-2,2.659522268E-1
5.369137000E0,-2.620590329E-1,-1.440348104E-2,3.512501344E-2,2.647945686E-1
5.379152000E0,-2.608397603E-1,-1.253134012E-2,2.443566732E-2,2.622813697E-1
5.389167000E0,-2.616424263E-1,-1.577160880E-2,1.681369916E-2,2.626560552E-1
5.399182000E0,-2.588889003E-1,-1.271836646E-2,9.397948161E-3,2.593714344E-1
5.409197000E0,-2.575224340E-1,-1.581136137E-2,-1.379065216E-3,2.580110559E-1
5.419212000E0,-2.509676814E-1,-1.478942763E-2,-8.061038330E-3,2.515322735E-1
5.429227000E0,-2.461362034E-1,-1.604404300E-2,-1.915417053E-2,2.474011402E-1
5.439241000E0,-2.453692555E-1,-1.274193451E-2,-2.649307996E-2,2.471240817E-1
5.449256000E0,-2.401697040E-1,-1.071393769E-2,-3.399733454E-2,2.428005229E-1
5.459271000E0,-2.374016792E-1,-1.065154932E-2,-4.223749787E-2,2.413649084E-1
5.469286000E0,-2.305344492E-1,-7.286112756E-3,-4.852734879E-2,2.356992221E-1
5.479301000E0,-2.253332436E-1,-7.835051045E-3,-5.611810833E-2,2.323482317E-1
5.489316000E0,-2.195576429E-1,-8.763162419E-3,-6.144310161E-2,2.281613603E-1
5.499331000E0,-2.125988752E-1,-5.279682577E-3,-6.545468420E-2,2.225094885E-1
5.509346000E0,-2.048994154E-1,-4.343049601E-3,-7.122921199E-2,2.169705813E-1
5.519361000E0,-1.986900568E-1,-1.778620295E-3,-7.392680645E-2,2.120048935E-1
5.529376000E0,-1.903879195E-1,-2.952395007E-4,-7.649036497E-2,2.051790024E-1
5.539391000E0,-1.813741028E-1,-1.691344194E-3,-7.777898014E-2,1.973549989E-1
5.549406000E0,-1.730868816E-1,-3.932394087E-3,-8.134734631E-2,1.912901541E-1
5.559421000E0,-1.662829518E-1,8.407244459E-4,-8.599317074E-2,1.872045734E-1
5.569436000E0,-1.561938375E-1,1.850328408E-3,-8.082584292E-2,1.758771033E-1
5.579450000E0,-1.479384750E-1,3.118948080E-3,-8.445670456E-2,1.703773904E-1
5.589465000E0,-1.379055530E-1,-1.865157858E-3,-7.983931899E-2,1.593604004E-1
5.599480000E0,-1.259158254E-1,1.053777523E-3,-7.782126218E-2,1.480272082E-1
5.609495000E0,-1.196757779E-1,5.668960512E-5,-7.407312840E-2,1.407448875E-1
5.619510000E0,-1.085914373E-1,-3.377989866E-3,-7.218708098E-2,1.304395866E-1
5.629525000E0,-9.683758020E-2,-4.123674706E-3,-6.637979299E-2,1.174768001E-1
5.639540000E0,-8.847211301E-2,-6.279479712E-4,-6.118587404E-2,1.075705363E-1
5.649555000E0,-7.769376785E-2,-1.384285279E-3,-5.467630923E-2,9.501440206E-2
5.659570000E0,-6.628741324E-2,-6.426499225E-3,-4.651982710E-2,8.123678575E-2
5.669585000E0,-5.603104457E-2,-7.258736528E-3,-3.934633359E-2,6.884984516E-2
5.679600000E0,-4.188963026E-2,-1.059649233E-2,-3.357868642E-2,5.472252694E-2
5.689615000E0,-3.093871102E-2,-1.066626702E-2,-2.712318301E-2,4.250458973E-2
5.699630000E0,-1.820562594E-2,-1.520801242E-2,-1.706258580E-2,2.922088794E-2
5.709645000E0,-1.143027749E-2,-1.727755554E-2,-1.048564259E-2,2.321882575E-2
5.719659000E0,1.574130263E-3,-2.143893950E-2,-6.464056205E-4,2.150636773E-2
5.729674000E0,1.167763025E-2,-2.122748457E-2,6.002442446E-3,2.496001732E-2
5.739689000E0,2.431594767E-2,-2.125092968E-2,1.110748295E-2,3.415030748E-2
5.749704000E0,3.334086761E-2,-2.518548444E-2,2.127463371E-2,4.688850732E-2
5.759719000E0,4.686906561E-2,-2.812281996E-2,2.808900177E-2,6.145400178E-2
5.769734000E0,5.895049870E-2,-3.082832694E-2,3.669340909E-2,7.597337237E-2
5.779749000E0,6.983805448E-2,-3.298925608E-2,4.427303746E-2,8.902666295E-2
5.789764000E0,8.154583722E-2,-3.440818563E-2,4.937538877E-2,1.013487830E-1
5.799779000E0,9.055581689E-2,-3.461240977E-2,5.908046290E-2,1.135291856E-1
5.809794000E0,1.013339013E-1,-3.342144191E-2,6.250741333E-2,1.236637742E-1
5.819809000E0,1.119082719E-1,-3.586969525E-2,6.997496635E-2,1.367720449E-1
5.829824000E0,1.202144101E-1,-3.728702664E-2,7.378248870E-2,1.458961356E-1
5.839839000E0,1.322195381E-1,-3.816626966E-2,7.915074378E-2,1.587561357E-1
5.849854000E0,1.450458467E-1,-3.627809137E-2,8.030602336E-2,1.697158064E-1
5.859868000E0,1.500118226E-1,-3.316511586E-2,8.099681884E-2,1.736777375E-1
5.869883000E0,1.589786857E-1,-3.293927759E-2,8.523976803E-2,1.833713080E-1
5.879898000E0,1.706672460E-1,-3.085050173E-2,8.769116551E-2,1.943419739E-1
5.889913000E0,1.755709350E-1,-3.164998069E-2,8.380427957E-2,1.971041140E-1
5.899928000E0,1.857272983E-1,-2.926342934E-2,8.274420351E-2,2.054204976E-1
5.909943000E0,1.934552640E-1,-2.761732787E-2,8.349521458E-2,2.125067218E-1
5.919958000E0,2.009918839E-1,-2.279364131E-2,7.955975085E-2,2.173638457E-1
5.929973000E0,2.092615217E-1,-2.108575590E-2,7.583851367E-2,2.235765500E-1
5.939988000E0,2.158349603E-1,-1.670510508E-2,7.062184811E-2,2.277086649E-1
5.950003000E0,2.213482261E-1,-1.760978252E-2,6.579860300E-2,2.315914458E-1
5.960018000E0,2.252323925E-1,-1.416624803E-2,5.980110168E-2,2.334662395E-1
5.970033000E0,2.295278013E-1,-7.538173348E-3,5.587453768E-2,2.363510093E-1
5.980048000E0,2.358178794E-1,-8.181803860E-3,4.929995164E-2,2.410549718E-1
5.990063000E0,2.395199388E-1,-2.729780972E-3,3.999327123E-2,2.428512189E-1
6.000077000E0,2.441726327E-1,-1.741083339E-3,3.082014993E-2,2.461162075E-1
6.010092000E0,2.488190383E-1,1.814503223E-3,2.415212803E-2,2.499950630E-1
6.020107000E0,2.514916062E-1,3.931912594E-3,1.746528223E-2,2.521279914E-1
6.030122000E0,2.541201413E-1,5.846193992E-3,6.738069467E-3,2.542766717E-1
6.040137000E0,2.554732561E-1,7.801237516E-3,-3.742064117E-3,2.556197311E-1
6.050152000E0,2.571481168E-1,9.413781576E-3,-1.390282251E-2,2.576956766E-1
6.060166625E0,2.588836849E-1,9.296076372E-3,-1.983183250E-2,2.598085466E-1
6.070181625E0,2.582778037E-1,1.191263273E-2,-3.128448874E-2,2.604381960E-1
6.080196625E0,2.597300112E-1,1.111718919E-2,-3.984122351E-2,2.630030299E-1
6.090211625E0,2.580910921E-1,1.337368507E-2,-4.702989757E-2,2.626817058E-1
6.100226625E0,2.566184103E-1,1.490601990E-2,-5.586012825E-2,2.630504740E-1
6.110241625E0,2.561331987E-1,1.421652641E-2,-6.494842470E-2,2.646216601E-1
6.120256625E0,2.570779026E-1,1.460180897E-2,-7.025469095E-2,2.669044443E-1
6.130271625E0,2.534946203E-1,1.412323955E-2,-7.986737043E-2,2.661536873E-1
6.140285625E0,2.497783750E-1,1.430733036E-2,-8.546832204E-2,2.643837559E-1
6.150300625E0,2.451207638E-1,1.550814789E-2,-9.024150670E-2,2.616643289E-1
6.160315625E0,2.415282428E-1,1.126349065E-2,-9.586761892E-2,2.601025926E-1
6.170330625E0,2.388520390E-1,1.032312866E-2,-9.875475615E-2,2.586684468E-1
6.180345625E0,2.323967516E-1,1.376691926E-2,-1.016592458E-1,2.540322430E-1
6.190360625E0,2.286688685E-1,9.882432409E-3,-1.059922054E-1,2.522329509E-1
6.200375625E0,2.219149917E-1,8.506493643E-3,-1.092453450E-1,2.474937765E-1
6.210390625E0,2.152592242E-1,8.608493954E-3,-1.106371135E-1,2.421801202E-1
6.220405625E0,2.128633708E-1,7.182968780E-3,-1.096621901E-1,2.395583553E-1
6.230420625E0,2.012290806E-1,8.607760072E-3,-1.108795181E-1,2.299162977E-1
6.240435625E0,1.964775771E-1,7.152224891E-3,-1.109137908E-1,2.257353796E-1
6.250450625E0,1.865618378E-1,5.576699041E-3,-1.046084911E-1,2.139611070E-1
6.260465625E0,1.796685010E-1,6.837699562E-3,-1.024502516E-1,2.069385862E-1
6.270480625E0,1.715799570E-1,6.385495886E-3,-9.678996354E-2,1.971008707E-1
6.280494625E0,1.638661027E-1,8.127476089E-3,-9.567224979E-2,1.899245504E-1
6.290509625E0,1.548457146E-1,5.723440088E-3,-9.007242322E-2,1.792288886E-1
6.300524625E0,1.455726177E-1,8.429463021E-3,-8.065118641E-2,1.666345004E-1
6.310539625E0,1.333817244E-1,5.969501100E-3,-7.621489465E-2,1.537368840E-1
6.320554625E0,1.241440549E-1,8.713305928E-3,-6.880994886E-2,1.422057564E-1
6.330569625E0,1.133614480E-1,8.494659327E-3,-6.215364486E-2,1.295610000E-1
6.340584625E0,1.051346436E-1,1.083189808E-2,-5.165547878E-2,1.176389042E-1
6.350599625E0,8.991334587E-2,1.242713071E-2,-4.394988716E-2,1.008485792E-1
6.360614625E0,8.145780116E-2,1.456432510E-2,-3.691463545E-2,9.061006151E-2
6.370629625E0,7.287523150E-2,1.377895754E-2,-2.602896653E-2,7.860131129E-2
6.380644625E0,5.677055940E-2,1.569696516E-2,-1.745225489E-2,6.143185111E-2
6.390659625E0,4.584520683E-2,1.633053273E-2,-4.440850578E-3,4.886911542E-2
6.400674625E0,3.677891567E-2,1.960896701E-2,3.953327890E-3,4.186680101E-2
6.410689625E0,2.502159029E-2,2.052908763E-2,1.247491129E-2,3.468640701E-2
6.420704625E0,1.405338384E-2,2.282525599E-2,1.876026765E-2,3.271754194E-2
6.430718625E0,-1.655006083E-3,2.476882935E-2,2.950505540E-2,3.855881542E-2
6.440733625E0,-1.319934055E-2,2.432547882E-2,3.886147588E-2,4.770917961E-2
6.450748625E0,-2.287620306E-2,2.650953457E-2,4.848134890E-2,5.980399051E-2
6.460763625E0,-3.583875299E-2,2.979015931E-2,5.514229089E-2,7.219793662E-2
6.470778625E0,-4.570736364E-2,2.673871070E-2,6.267531216E-2,8.205069466E-2
6.480793625E0,-5.605306476E-2,2.722992003E-2,7.105829567E-2,9.451294090E-2
6.490808625E0,-7.098966837E-2,3.186675161E-2,7.965338230E-2,1.113538692E-1
6.500823625E0,-8.235264570E-2,3.072032705E-2,8.524222672E-2,1.224415533E-1
6.510838625E0,-9.241699427E-2,2.936877310E-2,9.100051224E-2,1.329831527E-1
6.520853625E0,-1.059260815E-1,3.028962761E-2,9.440916032E-2,1.450892341E-1
6.530868625E0,-1.158341020E-1,3.121054918E-2,9.718789905E-2,1.543927631E-1
6.540883625E0,-1.254570335E-1,2.947030216E-2,1.026019827E-1,1.647274501E-1
6.550898625E0,-1.342191100E-1,2.848466486E-2,1.044259816E-1,1.724265967E-1
6.560913625E0,-1.429304928E-1,2.562463284E-2,1.066649556E-1,1.801753599E-1
6.570927625E0,-1.564473659E-1,2.102348953E-2,1.076854840E-1,1.910861818E-1
6.580942625E0,-1.654149145E-1,2.254375815E-2,1.063934416E-1,1.979643386E-1
6.590957625E0,-1.730797589E-1,2.177570388E-2,1.061143428E-1,2.041838337E-1
6.600972625E0,-1.796742976E-1,1.854503527E-2,1.012729555E-1,2.070820684E-1
6.610987625E0,-1.898912489E-1,1.885049790E-2,9.754186869E-2,2.143092248E-1
6.621002625E0,-1.968698055E-1,1.533620898E-2,9.424457699E-2,2.188034732E-1
6.631017625E0,-2.025756389E-1,1.247357670E-2,9.353856742E-2,2.234769411E-1
6.641032625E0,-2.096532583E-1,8.665523492E-3,8.570142090E-2,2.266590249E-1
6.651047625E0,-2.135904729E-1,9.330780245E-3,7.934126258E-2,2.280416399E-1
6.661062625E0,-2.217420489E-1,3.509281203E-3,7.542467862E-2,2.342450286E-1
6.671077625E0,-2.247767150E-1,4.013417289E-3,6.900006533E-2,2.351631097E-1
6.681092625E0,-2.328023463E-1,1.909174025E-4,5.964763835E-2,2.403223037E-1
6.691107625E0,-2.345730811E-1,-2.230162732E-3,5.368375778E-2,2.406479791E-1
6.701122625E0,-2.389249951E-1,-3.074084409E-3,4.522069544E-2,2.431861726E-1
6.711136625E0,-2.412808388E-1,-4.054128192E-3,3.559470177E-2,2.439259354E-1
6.721151625E0,-2.428293526E-1,-5.451586097E-3,2.643328905E-2,2.443246468E-1
6.731166625E0,-2.460818738E-1,-8.767222054E-3,1.622219756E-2,2.467717822E-1
6.741181625E0,-2.475273460E-1,-7.223463617E-3,8.639202453E-3,2.477833757E-1
6.751196625E0,-2.486671805E-1,-1.134630293E-2,-2.853403101E-3,2.489422567E-1
6.761211625E0,-2.478080690E-1,-1.118676178E-2,-8.671919815E-3,2.482119757E-1
6.771226625E0,-2.535402775E-1,-1.131139882E-2,-2.148918062E-2,2.547006182E-1
6.781241625E0,-2.495870441E-1,-1.038811728E-2,-2.966720425E-2,2.515586385E-1
6.791256625E0,-2.496405691E-1,-1.405901834E-2,-3.867108747E-2,2.530089381E-1
6.801271625E0,-2.505587637E-1,-8.633667603E-3,-4.643571749E-2,2.549715870E-1
6.811286625E0,-2.476436794E-1,-9.283745661E-3,-5.327817798E-2,2.534800665E-1
6.821301625E0,-2.466180772E-1,-7.271998562E-3,-6.014592201E-2,2.539505658E-1
6.831316625E0,-2.431637049E-1,-5.998474546E-3,-6.793433428E-2,2.525463182E-1
6.841331625E0,-2.415588796E-1,-5.183015019E-3,-7.486867905E-2,2.529483644E-1
6.851346625E0,-2.392653674E-1,-4.376876168E-3,-7.946529239E-2,2.521543293E-1
6.861360625E0,-2.356702983E-1,-5.184140988E-3,-8.394414932E-2,2.502278662E-1
6.871375625E0,-2.313455939E-1,-1.618967392E-3,-8.491060883E-2,2.464411012E-1
6.881390625E0,-2.240724713E-1,-3.778575920E-3,-9.201083332E-2,2.422575973E-1
6.891405625E0,-2.222854793E-1,-2.528168261E-4,-9.200683981E-2,2.405746387E-1
6.901420625E0,-2.164374739E-1,8.991919458E-6,-9.451716393E-2,2.361750928E-1
6.911435625E0,-2.149106860E-1,-1.377183944E-3,-9.292805940E-2,2.341455185E-1
6.921450625E0,-2.064935267E-1,1.651675440E-3,-9.245403856E-2,2.262521908E-1
6.931465625E0,-2.026662976E-1,2.082307823E-3,-8.969660103E-2,2.216380933E-1
6.941480625E0,-1.955557168E-1,1.362246461E-3,-8.860848099E-2,2.146982929E-1
6.951495625E0,-1.904203296E-1,4.587867297E-3,-8.541268855E-2,2.087493181E-1
6.961510625E0,-1.805903614E-1,1.323381439E-3,-8.209522069E-2,1.983790695E-1
6.971525625E0,-1.718141884E-1,-3.874339163E-4,-7.624905556E-2,1.879738915E-1
6.981540625E0,-1.664062142E-1,8.316105232E-4,-7.068074495E-2,1.807968125E-1
6.991555625E0,-1.575000733E-1,7.623666897E-4,-6.251762062E-2,1.694559152E-1
7.001570625E0,-1.523538381E-1,-7.742121816E-4,-5.763318017E-2,1.628922185E-1
7.011584625E0,-1.398833245E-1,-5.273090675E-3,-5.048871785E-2,1.488094775E-1
7.021599625E0,-1.342377961E-1,-4.619187675E-3,-4.290496185E-2,1.410033990E-1
7.031614625E0,-1.244365647E-1,-7.848802954E-3,-3.347976878E-2,1.291005704E-1
7.041629625E0,-1.165760085E-1,-1.240303554E-2,-2.417363226E-2,1.197003156E-1
7.051644625E0,-1.040871143E-1,-1.547339372E-2,-1.374629140E-2,1.061249915E-1
7.061660000E0,-9.556189924E-2,-1.737586781E-2,-7.297024131E-3,9.740248421E-2
7.071675000E0,-8.610155433E-2,-2.067206241E-2,3.069596365E-3,8.860154764E-2
7.081690000E0,-7.288864255E-2,-2.261049300E-2,1.120652072E-2,7.713348633E-2
7.091705000E0,-6.421365589E-2,-2.780845016E-2,2.648054808E-2,7.481926844E-2
7.101720000E0,-5.304635689E-2,-2.716381103E-2,3.513624892E-2,6.918341273E-2
7.111735000E0,-4.300730675E-2,-3.119850159E-2,4.544854164E-2,6.991812979E-2
7.121750000E0,-3.049581684E-2,-3.406403214E-2,5.445928127E-2,7.110672575E-2
7.131765000E0,-2.108180895E-2,-3.358279914E-2,6.008174643E-2,7.198654958E-2
7.141780000E0,-9.632504545E-3,-3.901734203E-2,6.853074580E-2,7.944558668E-2
7.151794000E0,9.809907060E-4,-4.060778022E-2,7.539664209E-2,8.564232479E-2
7.161809000E0,1.318672672E-2,-4.167457670E-2,8.634004742E-2,9.677429355E-2
7.171824000E0,2.106728591E-2,-4.378619790E-2,8.918111026E-2,1.015595002E-1
7.181839000E0,3.384488821E-2,-4.485309497E-2,9.637191147E-2,1.115563620E-1
7.191854000E0,4.549408704E-2,-4.642036557E-2,1.002057940E-1,1.194393714E-1
7.201869000E0,5.728639662E-2,-4.579248279E-2,1.039668247E-1,1.272312201E-1
7.211884000E0,7.126425952E-2,-4.512402788E-2,1.088292226E-1,1.376901314E-1
7.221899000E0,8.020967245E-2,-4.739076644E-2,1.109175161E-1,1.448522408E-1
7.231914000E0,9.217765182E-2,-4.583494738E-2,1.111441478E-1,1.514944999E-1
7.241929000E0,1.012343466E-1,-4.412714392E-2,1.146585494E-1,1.591922760E-1
7.251944000E0,1.127325445E-1,-4.324696958E-2,1.120598391E-1,1.647310976E-1
7.261959000E0,1.221263558E-1,-3.972684965E-2,1.086741909E-1,1.682353980E-1
7.271974000E0,1.342101842E-1,-3.930340707E-2,1.071953401E-1,1.762043481E-1
7.281989000E0,1.458237618E-1,-3.569835424E-2,1.042305008E-1,1.827647102E-1
7.292004000E0,1.499460638E-1,-3.495346755E-2,9.811908007E-2,1.825730561E-1
7.302018000E0,1.624081433E-1,-2.963388152E-2,9.324080497E-2,1.896006847E-1
7.312033000E0,1.704458296E-1,-2.683436498E-2,8.803672343E-2,1.937068111E-1
7.322048000E0,1.812997758E-1,-2.403160743E-2,7.965333015E-2,1.994787705E-1
7.332063000E0,1.870532632E-1,-2.093514986E-2,7.082867622E-2,2.011067009E-1
7.342078000E0,1.976524889E-1,-1.679751836E-2,6.398951262E-2,2.084306137E-1
7.352093000E0,2.038629800E-1,-1.375911757E-2,5.337122828E-2,2.111821866E-1
7.362108000E0,2.119161040E-1,-9.115880355E-3,4.091292620E-2,2.160217626E-1
7.372123000E0,2.177675962E-1,-7.047402672E-3,2.963124402E-2,2.198872495E-1
7.382138000E0,2.208849192E-1,-2.957399935E-3,1.801782660E-2,2.216382995E-1
7.392153000E0,2.322315872E-1,-2.787923440E-4,7.007519249E-3,2.323374553E-1
7.402168000E0,2.351744175E-1,1.724912785E-3,-3.432024736E-3,2.352057839E-1
7.412183000E0,2.417883873E-1,3.948652185E-3,-1.433021203E-2,2.422448577E-1
7.422198000E0,2.458487749E-1,5.874521099E-3,-2.692470886E-2,2.473885003E-1
7.432213000E0,2.474373430E-1,9.679379873E-3,-3.869401664E-2,2.506315144E-1
7.442228000E0,2.528268695E-1,9.930700995E-3,-4.560828954E-2,2.570995154E-1
7.452242000E0,2.540900111E-1,1.340772491E-2,-6.177740172E-2,2.618357275E-1
7.462257000E0,2.558799684E-1,1.452512946E-2,-6.924059987E-2,2.654803162E-1
7.472272000E0,2.578368783E-1,1.397971343E-2,-8.159527183E-2,2.708008061E-1
7.482287000E0,2.568915486E-1,1.633732021E-2,-9.265337884E-2,2.735778215E-1
7.492302000E0,2.587951720E-1,1.722841337E-2,-9.922339767E-2,2.776995533E-1
7.502317000E0,2.580283582E-1,1.581835374E-2,-1.093824133E-1,2.807015609E-1
7.512332000E0,2.599096000E-1,1.573419571E-2,-1.164288670E-1,2.852301635E-1
7.522347000E0,2.579020858E-1,1.517123170E-2,-1.231328920E-1,2.861911271E-1
7.532362000E0,2.566911578E-1,1.494832523E-2,-1.299761534E-1,2.881104014E-1
7.542377000E0,2.530929744E-1,1.074556354E-2,-1.357469112E-1,2.873999734E-1
7.552392000E0,2.516080141E-1,1.473870780E-2,-1.382223219E-1,2.874530093E-1
7.562407000E0,2.495685071E-1,1.245241053E-2,-1.386468709E-1,2.857664379E-1
7.572422000E0,2.452310175E-1,1.284868829E-2,-1.412756890E-1,2.833057730E-1
7.582437000E0,2.417454869E-1,8.145801723E-3,-1.431870013E-1,2.810867337E-1
7.592452000E0,2.406051308E-1,8.041139692E-3,-1.431039125E-1,2.800610981E-1
7.602466000E0,2.327915579E-1,7.184264250E-3,-1.412299871E-1,2.723773712E-1
7.612481000E0,2.291403711E-1,4.775966518E-3,-1.365169883E-1,2.667677035E-1
7.622496000E0,2.226344943E-1,7.076702081E-3,-1.341281831E-1,2.600126291E-1
7.632511000E0,2.154596597E-1,6.419434212E-3,-1.296580732E-1,2.515458011E-1
7.642526000E0,2.111594975E-1,4.299527965E-3,-1.226136759E-1,2.442149316E-1
7.652541000E0,2.039183676E-1,4.760787822E-3,-1.178487539E-1,2.355709969E-1
7.662556000E0,1.962973177E-1,5.565997213E-3,-1.086279750E-1,2.244184801E-1
7.672571000E0,1.876404434E-1,7.441662252E-3,-1.012709886E-1,2.133544644E-1
7.682586000E0,1.808629334E-1,6.391360424E-3,-9.375157952E-2,2.038175871E-1
7.692601000E0,1.717322916E-1,3.716214560E-3,-8.083631098E-2,1.898428281E-1
7.702616000E0,1.613486856E-1,7.036312483E-3,-7.139987499E-2,1.765810018E-1
7.712631000E0,1.501594037E-1,9.839556180E-3,-5.817088857E-2,1.613335540E-1
7.722646000E0,1.451621801E-1,1.187428273E-2,-4.784615710E-2,1.533046374E-1
7.732661000E0,1.356506944E-1,1.276617497E-2,-3.590427712E-2,1.409013954E-1
7.742676000E0,1.254849881E-1,1.244061720E-2,-2.614261769E-2,1.287815501E-1
7.752690000E0,1.144949272E-1,1.593228802E-2,-1.011065394E-2,1.160394394E-1
7.762705000E0,9.955296665E-2,1.898750849E-2,1.765430439E-3,1.013628896E-1
7.772720000E0,8.990141004E-2,1.954836957E-2,1.535447594E-2,9.327466007E-2
7.782735000E0,7.926902920E-2,2.385412902E-2,2.499273792E-2,8.647100907E-2
7.792750000E0,6.912398338E-2,2.454974502E-2,3.651037440E-2,8.193791856E-2
7.802765000E0,5.783025548E-2,2.719619125E-2,4.841757566E-2,8.017626145E-2
7.812780000E0,4.401803762E-2,3.167323023E-2,5.924172699E-2,8.031415421E-2
7.822795000E0,3.397392482E-2,3.057361394E-2,6.902351230E-2,8.278416931E-2
7.832810000E0,2.047702298E-2,3.172649443E-2,8.135475218E-2,8.969099521E-2
7.842825000E0,1.326357201E-2,3.619688749E-2,9.152375162E-2,9.931129904E-2
7.852840000E0,-4.887253745E-4,3.589382023E-2,1.014671922E-1,1.076299042E-1
7.862855000E0,-1.123644505E-2,3.366208822E-2,1.076803505E-1,1.133774747E-1
7.872870000E0,-2.556744590E-2,3.930293024E-2,1.176775917E-1,1.266745050E-1
7.882885000E0,-3.434274346E-2,3.886396065E-2,1.221126467E-1,1.326700040E-1
7.892900000E0,-4.812140390E-2,3.953321278E-2,1.228178516E-1,1.377053706E-1
7.902915000E0,-6.017448008E-2,4.034268856E-2,1.303291470E-1,1.491113246E-1
7.912929000E0,-6.961937994E-2,3.906223923E-2,1.340051144E-1,1.559810479E-1
7.922944000E0,-8.373404294E-2,3.848503530E-2,1.333697587E-1,1.621110127E-1
7.932959000E0,-9.292061627E-2,3.491613269E-2,1.330855936E-1,1.660275654E-1
7.942974000E0,-1.022180915E-1,3.369731829E-2,1.347848624E-1,1.724848011E-1
7.952989000E0,-1.135921851E-1,3.269304335E-2,1.360685080E-1,1.802405572E-1
7.963004000E0,-1.231424510E-1,3.259600699E-2,1.313404441E-1,1.829668691E-1
7.973019000E0,-1.328736395E-1,2.766223624E-2,1.275568753E-1,1.862561672E-1
7.983034000E0,-1.441138834E-1,2.586337738E-2,1.242096871E-1,1.920046146E-1
7.993049000E0,-1.505922973E-1,2.550145425E-2,1.180327535E-1,1.930287416E-1
8.003064000E0,-1.592627764E-1,2.108890563E-2,1.114411354E-1,1.955211000E-1
8.013079000E0,-1.684192568E-1,1.878606901E-2,1.017315164E-1,1.976544052E-1
8.023094000E0,-1.733852029E-1,1.584347710E-2,9.586969763E-2,1.987572471E-1
8.033109000E0,-1.806300581E-1,1.368232258E-2,8.761496097E-2,2.012232720E-1
8.043124000E0,-1.891704053E-1,9.058925323E-3,7.800510526E-2,2.048226130E-1
8.053139000E0,-1.947276294E-1,6.148091517E-3,6.919217110E-2,2.067467176E-1
8.063153875E0,-2.012311816E-1,3.828607500E-3,5.546478555E-2,2.087701826E-1
8.073167875E0,-2.068192959E-1,1.482361928E-3,4.565662891E-2,2.118040281E-1
8.083182875E0,-2.100470811E-1,5.803788081E-4,3.307021037E-2,2.126352556E-1
8.093197875E0,-2.152674198E-1,-1.245751046E-3,2.039383166E-2,2.162348776E-1
8.103212875E0,-2.207667530E-1,-7.663521450E-3,8.718897589E-3,2.210717258E-1
8.113227875E0,-2.241124809E-1,-6.359637715E-3,-2.634424483E-3,2.242181734E-1
8.123242875E0,-2.266451120E-1,-7.532536052E-3,-1.502049528E-2,2.272671582E-1
8.133257875E0,-2.271908075E-1,-7.216419093E-3,-2.513145283E-2,2.286904668E-1
8.143272875E0,-2.312359065E-1,-9.429214522E-3,-3.713782132E-2,2.343889338E-1
8.153287875E0,-2.353230566E-1,-1.067530736E-2,-4.733240232E-2,2.402733016E-1
8.163302875E0,-2.350465357E-1,-1.194143668E-2,-6.111707911E-2,2.431558538E-1
8.173317875E0,-2.369744033E-1,-1.302321255E-2,-7.237452269E-2,2.481220333E-1
8.183332875E0,-2.344543338E-1,-1.062203571E-2,-7.928097993E-2,2.477239109E-1
8.193347875E0,-2.378447950E-1,-9.007094428E-3,-9.097119421E-2,2.548078343E-1
8.203362875E0,-2.381398082E-1,-8.358679712E-3,-9.607108682E-2,2.569242875E-1
8.213377875E0,-2.399275899E-1,-5.752510391E-3,-1.054049358E-1,2.621231395E-1
8.223392875E0,-2.348529845E-1,-4.174023867E-3,-1.101126596E-1,2.594188594E-1
8.233406875E0,-2.369648665E-1,-4.968710244E-3,-1.175223738E-1,2.645534811E-1
8.243421875E0,-2.347647995E-1,-3.113575280E-3,-1.201828271E-1,2.637576868E-1
8.253436875E0,-2.315623462E-1,-1.475464553E-3,-1.242039353E-1,2.627735046E-1
8.263451875E0,-2.300254852E-1,9.728129953E-4,-1.263409108E-1,2.624398901E-1
8.273466875E0,-2.304915339E-1,3.430379555E-3,-1.271190792E-1,2.632439458E-1
8.283481875E0,-2.264459878E-1,3.088226542E-3,-1.282331496E-1,2.602519226E-1
8.293496875E0,-2.239039987E-1,3.587035462E-3,-1.260506809E-1,2.569720639E-1
8.303511875E0,-2.200165987E-1,4.037940875E-3,-1.221028343E-1,2.516599110E-1
8.313526875E0,-2.137216926E-1,2.615546808E-3,-1.195834801E-1,2.449163360E-1
8.323541875E0,-2.120898813E-1,6.366767921E-3,-1.149995551E-1,2.413452944E-1
8.333556875E0,-2.103271335E-1,2.671099268E-3,-1.094929427E-1,2.371357045E-1
8.343571875E0,-2.025386989E-1,6.132131442E-3,-1.037655249E-1,2.276550280E-1
8.353586875E0,-2.003706247E-1,5.180584267E-3,-9.333978593E-2,2.211052720E-1
8.363601875E0,-1.936212480E-1,2.733810805E-3,-8.410993963E-2,2.111187897E-1
8.373616875E0,-1.865084767E-1,2.578281797E-3,-7.869280130E-2,2.024465767E-1
8.383631875E0,-1.840064526E-1,1.272570342E-3,-6.541270018E-2,1.952916162E-1
8.393646875E0,-1.753349304E-1,-4.755286500E-4,-5.497629941E-2,1.837524352E-1
8.403660875E0,-1.682887375E-1,-3.477443941E-3,-4.191083089E-2,1.734638566E-1
8.413675875E0,-1.615687907E-1,-8.002687246E-3,-3.221160173E-2,1.649427307E-1
8.423690875E0,-1.535795033E-1,-1.023475453E-2,-1.934765466E-2,1.551313823E-1
8.433705875E0,-1.474765986E-1,-1.240682788E-2,-8.278758265E-3,1.482289255E-1
8.443720875E0,-1.389317811E-1,-1.499284897E-2,6.117547862E-3,1.398722621E-1
8.453735875E0,-1.335945427E-1,-2.164276317E-2,1.865570992E-2,1.366160553E-1
8.463750875E0,-1.210949570E-1,-2.475016192E-2,3.074303642E-2,1.273644119E-1
8.473765875E0,-1.138053536E-1,-2.702556551E-2,4.357494414E-2,1.248231367E-1
8.483780875E0,-1.044313088E-1,-3.073986620E-2,5.508644134E-2,1.220055476E-1
8.493795875E0,-9.621891379E-2,-3.493114933E-2,6.874419749E-2,1.233046198E-1
8.503810875E0,-8.415351808E-2,-3.925313801E-2,7.960984856E-2,1.223125155E-1
8.513825875E0,-7.502100617E-2,-4.566070437E-2,9.069099277E-2,1.262454255E-1
8.523840875E0,-6.469817460E-2,-4.521771148E-2,1.012785211E-1,1.284049612E-1
8.533855875E0,-5.352035537E-2,-5.194672197E-2,1.118896231E-1,1.344699897E-1
8.543870875E0,-4.275520891E-2,-5.143789947E-2,1.205769852E-1,1.378864560E-1
8.553885875E0,-3.337475657E-2,-5.319345742E-2,1.274412870E-1,1.420728684E-1
8.563899875E0,-2.113542706E-2,-5.652292073E-2,1.347252578E-1,1.476226335E-1
8.573914875E0,-1.035761461E-2,-5.808326602E-2,1.389082819E-1,1.509187091E-1
8.583929875E0,3.374100197E-3,-5.652816594E-2,1.440947056E-1,1.548228093E-1
8.593944875E0,1.198836137E-2,-5.733218044E-2,1.502601951E-1,1.612725208E-1
8.603959875E0,2.570962533E-2,-5.899864435E-2,1.518710107E-1,1.649443201E-1
8.613974875E0,3.788799793E-2,-5.784309655E-2,1.529562473E-1,1.678598755E-1
8.623989875E0,5.057084560E-2,-5.530598387E-2,1.493762285E-1,1.671209739E-1
8.634004875E0,6.068766117E-2,-5.958994478E-2,1.514154077E-1,1.736680149E-1
8.644019875E0,7.138619572E-2,-5.542324483E-2,1.459187120E-1,1.716391433E-1
8.654034875E0,8.342660964E-2,-5.247778445E-2,1.417229027E-1,1.726247323E-1
8.664049875E0,9.450443089E-2,-4.943072796E-2,1.393632442E-1,1.754895956E-1
8.674064875E0,1.044995412E-1,-4.619019479E-2,1.318408847E-1,1.744583248E-1
8.684079875E0,1.152594313E-1,-4.340019077E-2,1.261850446E-1,1.763263411E-1
8.694094875E0,1.289334297E-1,-4.042704031E-2,1.154634207E-1,1.777356926E-1
8.704109875E0,1.405740529E-1,-3.338398039E-2,1.084102392E-1,1.806331489E-1
8.714124875E0,1.475600451E-1,-2.902465127E-2,9.641696513E-2,1.786410604E-1
8.724139875E0,1.598199010E-1,-2.634310350E-2,8.169871569E-2,1.814140017E-1
8.734154875E0,1.683638543E-1,-2.236114442E-2,7.155526429E-2,1.843002009E-1
8.744168875E0,1.765401363E-1,-1.607408002E-2,5.582915992E-2,1.858539504E-1
8.754183875E0,1.843301505E-1,-1.306843664E-2,4.532059282E-2,1.902691371E-1
8.764198875E0,1.916364282E-1,-7.864505053E-3,2.575291134E-2,1.935189487E-1
8.774213875E0,2.018597722E-1,-4.392009228E-3,1.346854772E-2,2.023562679E-1
8.784228875E0,2.080893070E-1,1.622866839E-3,-1.133155776E-3,2.080987203E-1
8.794243875E0,2.147812992E-1,5.595238879E-3,-1.594672352E-2,2.154451466E-1
8.804258875E0,2.236787081E-1,5.003977567E-3,-3.139330074E-2,2.259264118E-1
8.814273875E0,2.280545384E-1,8.693786338E-3,-4.481430352E-2,2.325785377E-1
8.824288875E0,2.344657183E-1,1.230647787E-2,-6.242348999E-2,2.429450854E-1
8.834303875E0,2.382037342E-1,1.455338672E-2,-7.767887414E-2,2.509717664E-1
8.844318875E0,2.415211350E-1,1.821800321E-2,-8.962487429E-2,2.582575698E-1
8.854333875E0,2.484136522E-1,1.738256961E-2,-1.058326066E-1,2.705772291E-1
8.864348875E0,2.502448559E-1,1.854740642E-2,-1.179225147E-1,2.772583879E-1
8.874363875E0,2.535271943E-1,1.983690821E-2,-1.271961778E-1,2.843385461E-1
8.884378875E0,2.540063858E-1,1.850631647E-2,-1.388314515E-1,2.900618895E-1
8.894393875E0,2.555536926E-1,1.973110624E-2,-1.486422718E-1,2.962963572E-1
8.904407875E0,2.576093674E-1,2.068214677E-2,-1.602891088E-1,3.041100717E-1
8.914422875E0,2.586517036E-1,1.760379784E-2,-1.676428914E-1,3.087308480E-1
8.924437875E0,2.581110299E-1,1.686615311E-2,-1.743098944E-1,3.119129849E-1
8.934452875E0,2.578455210E-1,1.704751514E-2,-1.790750921E-1,3.143927783E-1
8.944467875E0,2.602771521E-1,1.509525534E-2,-1.786144823E-1,3.160303718E-1
8.954482875E0,2.572297156E-1,1.463799085E-2,-1.811844260E-1,3.149749094E-1
8.964497875E0,2.548927963E-1,1.082273014E-2,-1.842739582E-1,3.147131404E-1
8.974512875E0,2.506519556E-1,9.573442861E-3,-1.825490147E-1,3.102292643E-1
8.984527875E0,2.531383932E-1,9.507052600E-3,-1.789579242E-1,3.101537825E-1
8.994542875E0,2.456612885E-1,9.731290862E-3,-1.779179573E-1,3.034781149E-1
9.004557875E0,2.406920344E-1,7.801907137E-3,-1.741488725E-1,2.971890896E-1
9.014572875E0,2.371572107E-1,3.961361945E-3,-1.659945399E-1,2.895054788E-1
9.024587875E0,2.322390676E-1,3.777416423E-3,-1.612459421E-1,2.827534389E-1
9.034602875E0,2.283188999E-1,3.460766748E-3,-1.484925896E-1,2.723812514E-1
9.044617875E0,2.199612856E-1,2.805974334E-3,-1.403812170E-1,2.609554114E-1
9.054632875E0,2.136011273E-1,2.831805497E-3,-1.302465647E-1,2.501951804E-1
9.064647625E0,2.081668079E-1,2.693457529E-3,-1.179748178E-1,2.392879693E-1
9.074662625E0,2.014268786E-1,4.735836759E-3,-1.036211848E-1,2.265669118E-1
9.084677625E0,1.936594397E-1,3.576097079E-3,-9.003676474E-2,2.135963156E-1
9.094691625E0,1.848291904E-1,5.503426306E-3,-7.694626600E-2,2.002819142E-1
9.104706625E0,1.741200984E-1,1.024117507E-2,-6.034755334E-2,1.845657539E-1
9.114721625E0,1.703719646E-1,9.700287133E-3,-4.785599932E-2,1.772312008E-1
9.124736625E0,1.604174823E-1,1.115025301E-2,-3.253414109E-2,1.640626926E-1
9.134751625E0,1.510628611E-1,1.343684178E-2,-1.429734752E-2,1.523317133E-1
9.144766625E0,1.361468136E-1,1.566344872E-2,-4.534143955E-4,1.370456277E-1
9.154781625E0,1.289762557E-1,1.932316460E-2,1.644673944E-2,1.314486761E-1
9.164796625E0,1.198304668E-1,2.266245894E-2,3.245107085E-2,1.261982560E-1
9.174811625E0,1.108683944E-1,2.575358935E-2,4.649631307E-2,1.229510283E-1
9.184826625E0,1.011041552E-1,2.667800337E-2,5.997080356E-2,1.205415420E-1
9.194841625E0,8.831112832E-2,3.086262569E-2,7.618013024E-2,1.206431486E-1
9.204856625E0,7.500149310E-2,3.523762152E-2,8.895162493E-2,1.215701670E-1
9.214871625E0,6.579361856E-2,3.524960577E-2,1.057801396E-1,1.294634036E-1
9.224886625E0,5.370482430E-2,3.799336404E-2,1.150206178E-1,1.325045146E-1
9.234901625E0,4.366150871E-2,4.203417897E-2,1.270120293E-1,1.407311448E-1
9.244916625E0,3.272044659E-2,4.386217147E-2,1.369759738E-1,1.475023224E-1
9.254931625E0,1.871141978E-2,4.578950256E-2,1.449548155E-1,1.531623136E-1
9.264946625E0,7.300056517E-3,4.373246431E-2,1.529594660E-1,1.592558240E-1
9.274961625E0,-1.961618662E-3,4.717673361E-2,1.568250358E-1,1.637790707E-1
9.284975625E0,-1.611895114E-2,4.684113711E-2,1.641378701E-1,1.714501476E-1
9.294990625E0,-2.461496741E-2,4.729521275E-2,1.678396612E-1,1.761047576E-1
9.305005625E0,-3.648601100E-2,4.935729504E-2,1.707068235E-1,1.814061497E-1
9.315020625E0,-4.702866450E-2,4.790294170E-2,1.721161753E-1,1.847440524E-1
9.325035625E0,-5.887404457E-2,4.546232894E-2,1.700722724E-1,1.856274611E-1
9.335050625E0,-7.192672789E-2,4.546605796E-2,1.677087098E-1,1.880607029E-1
9.345065625E0,-7.973779738E-2,4.003163055E-2,1.631094068E-1,1.859175257E-1
9.355080625E0,-9.120669961E-2,3.977517039E-2,1.610185653E-1,1.892820768E-1
9.365095625E0,-1.004670188E-1,3.603525460E-2,1.570694298E-1,1.899025203E-1
9.375110625E0,-1.109034121E-1,3.465280682E-2,1.501220465E-1,1.898341715E-1
9.385125625E0,-1.195356101E-1,3.151091188E-2,1.400919110E-1,1.868353370E-1
9.395140625E0,-1.305736154E-1,2.756703459E-2,1.294384748E-1,1.859132303E-1
9.405155625E0,-1.382971555E-1,2.395988628E-2,1.213178635E-1,1.855214364E-1
9.415170625E0,-1.444530487E-1,2.153747529E-2,1.102076843E-1,1.829652421E-1
9.425185625E0,-1.533472687E-1,1.584583148E-2,9.579486400E-2,1.815024274E-1
9.435200625E0,-1.589361727E-1,1.610388979E-2,8.484581113E-2,1.808835369E-1
9.445215625E0,-1.680335999E-1,1.019865833E-2,7.113446295E-2,1.827550687E-1
9.455230625E0,-1.723503172E-1,7.535764948E-3,5.691264942E-2,1.816603129E-1
9.465245625E0,-1.804088652E-1,5.541935563E-3,4.039963707E-2,1.849600021E-1
9.475260625E0,-1.868206859E-1,-1.633539796E-4,2.653868124E-2,1.886963088E-1
9.485274625E0,-1.921156198E-1,-1.669076271E-3,1.146837045E-2,1.924648558E-1
9.495289625E0,-1.977596581E-1,-3.244336694E-3,-5.449892953E-3,1.978613389E-1
9.505304625E0,-1.995396763E-1,-8.906232193E-3,-1.829269901E-2,2.005742412E-1
9.515319625E0,-2.066194266E-1,-9.194653481E-3,-3.460482880E-2,2.096988872E-1
9.525334625E0,-2.103351802E-1,-9.227582254E-3,-4.760808125E-2,2.158531114E-1
9.535349625E0,-2.111615539E-1,-1.298823208E-2,-6.240647286E-2,2.205730352E-1
9.545364625E0,-2.147623599E-1,-1.252064295E-2,-7.822984457E-2,2.289094718E-1
9.555379625E0,-2.171314955E-1,-1.074591279E-2,-9.071873873E-2,2.355662338E-1
9.565394625E0,-2.211955339E-1,-1.015224680E-2,-1.035296544E-1,2.444359255E-1
9.575409625E0,-2.244203538E-1,-9.969554842E-3,-1.195387095E-1,2.544668746E-1
9.585424625E0,-2.232790291E-1,-1.002856530E-2,-1.251761913E-1,2.561702087E-1
9.595439625E0,-2.291137427E-1,-1.103710383E-2,-1.374158114E-1,2.673911554E-1
9.605454625E0,-2.247583866E-1,-8.399542421E-3,-1.420531571E-1,2.660187665E-1
9.615469625E0,-2.257088572E-1,-9.274125099E-3,-1.514557153E-1,2.719730341E-1
9.625484625E0,-2.277783155E-1,-4.022461362E-3,-1.560908705E-1,2.761584710E-1
9.635499625E0,-2.287631482E-1,-3.643493168E-3,-1.627642065E-1,2.807811246E-1
9.645514625E0,-2.263437957E-1,-3.377585672E-3,-1.646122932E-1,2.798930671E-1
9.655529625E0,-2.274221182E-1,-6.571663544E-4,-1.662027389E-1,2.816817391E-1
9.665544625E0,-2.263816744E-1,1.067291945E-3,-1.661173254E-1,2.807931043E-1
9.675559625E0,-2.225698978E-1,4.077728838E-3,-1.641495228E-1,2.765846219E-1
9.685574625E0,-2.236748636E-1,6.644788198E-3,-1.618730873E-1,2.761838051E-1
9.695588625E0,-2.223741859E-1,6.270081736E-3,-1.590562612E-1,2.734748374E-1
9.705603625E0,-2.208369821E-1,6.636513397E-3,-1.498398334E-1,2.669550368E-1
9.715618625E0,-2.167828530E-1,6.102282554E-3,-1.447654516E-1,2.607471556E-1
9.725633625E0,-2.152185738E-1,8.036864921E-3,-1.377882957E-1,2.556740897E-1
9.735648625E0,-2.115623206E-1,6.467463449E-3,-1.266235262E-1,2.466454155E-1
9.745663625E0,-2.053394467E-1,6.244148128E-3,-1.158982962E-1,2.358721959E-1
9.755678625E0,-2.038752437E-1,6.601012312E-3,-1.049335301E-1,2.293899171E-1
9.765693625E0,-2.023939937E-1,4.346647300E-3,-9.275542945E-2,2.226786737E-1
9.775708625E0,-1.965025514E-1,3.526126035E-3,-7.848461717E-2,2.116258997E-1
9.785723625E0,-1.913766563E-1,1.509218477E-3,-6.303630769E-2,2.014965965E-1
9.795738625E0,-1.927268803E-1,-1.311335713E-3,-5.104568973E-2,1.993766096E-1
9.805753625E0,-1.837917864E-1,-6.039699540E-3,-3.501434252E-2,1.871948261E-1
9.815768625E0,-1.809019893E-1,-7.146243006E-3,-2.077495493E-2,1.822311644E-1
9.825783625E0,-1.721641570E-1,-1.193540543E-2,-1.879027579E-3,1.725876056E-1
9.835798625E0,-1.663651317E-1,-1.563639939E-2,1.150335651E-2,1.674938245E-1
9.845813625E0,-1.617770642E-1,-1.856080070E-2,2.902107313E-2,1.654041853E-1
9.855828625E0,-1.515204310E-1,-2.488633990E-2,4.555850476E-2,1.601666267E-1
9.865843625E0,-1.443303823E-1,-3.014105745E-2,6.165017188E-2,1.598139115E-1
9.875858625E0,-1.402719915E-1,-3.492622450E-2,7.739264518E-2,1.639685771E-1
9.885873625E0,-1.320450753E-1,-3.840393201E-2,9.043188393E-2,1.645864197E-1
9.895888625E0,-1.218060106E-1,-4.302664846E-2,1.059080437E-1,1.670464319E-1
9.905903625E0,-1.138985902E-1,-4.762854800E-2,1.214555278E-1,1.731843315E-1
9.915918625E0,-1.022017226E-1,-5.000115931E-2,1.332064569E-1,1.751835272E-1
9.925932625E0,-9.331554919E-2,-5.467154458E-2,1.445659101E-1,1.805438226E-1
9.935947625E0,-8.324000984E-2,-5.810276046E-2,1.550313383E-1,1.853093249E-1
9.945962625E0,-7.494556159E-2,-5.974437296E-2,1.650605798E-1,1.908696474E-1
9.955977625E0,-6.312751770E-2,-6.556071341E-2,1.718497872E-1,1.944624385E-1
9.965992625E0,-5.022585392E-2,-7.027608901E-2,1.804059595E-1,2.000191873E-1
9.976007625E0,-4.174688086E-2,-6.860229373E-2,1.857253611E-1,2.023437336E-1
9.986022625E0,-2.838118002E-2,-7.056940347E-2,1.890682727E-1,2.037948572E-1
9.996037625E0,-1.692000031E-2,-7.188660651E-2,1.929940432E-1,2.066414076E-1
1.000605263E1,-3.475535661E-3,-6.917206943E-2,1.914430112E-1,2.035860532E-1
1.001606762E1,7.066853810E-3,-7.031936198E-2,1.917815059E-1,2.043890876E-1
1.002608263E1,1.934598759E-2,-6.632737815E-2,1.910375357E-1,2.031475532E-1
1.003609763E1,3.089345433E-2,-6.623816490E-2,1.876484007E-1,2.013797961E-1
1.004611263E1,4.151475430E-2,-6.417429447E-2,1.823772788E-1,1.977455100E-1
1.005612763E1,5.370777100E-2,-5.903093517E-2,1.735829860E-1,1.910503311E-1
1.006614313E1,6.484010071E-2,-5.752015859E-2,1.646787226E-1,1.860964508E-1
1.007615812E1,7.619235665E-2,-5.210222676E-2,1.561105400E-1,1.813571558E-1
1.008617313E1,8.973749727E-2,-5.080184713E-2,1.472454667E-1,1.797633821E-1
1.009618812E1,1.030887216E-1,-4.731843248E-2,1.343837231E-1,1.758559172E-1
1.010620313E1,1.125204936E-1,-4.170067981E-2,1.221940815E-1,1.712635447E-1
1.011621812E1,1.234847307E-1,-3.381186351E-2,1.050305441E-1,1.655993238E-1
1.012623313E1,1.337611079E-1,-3.042036667E-2,9.168334305E-2,1.649947517E-1
1.013624812E1,1.468843669E-1,-2.678382024E-2,7.598055154E-2,1.675274141E-1
1.014626313E1,1.552350223E-1,-1.769955643E-2,5.688014254E-2,1.662724784E-1
1.015627812E1,1.656993777E-1,-1.531735808E-2,4.082980379E-2,1.713416998E-1
1.016629212E1,1.759101599E-1,-7.739824243E-3,2.068375796E-2,1.772910237E-1
1.017630713E1,1.852450669E-1,-2.052643336E-3,5.356465466E-3,1.853338606E-1
1.018632212E1,1.916521490E-1,2.324485220E-3,-1.519032009E-2,1.922672496E-1
1.019633713E1,1.991034001E-1,4.364999942E-3,-3.662823513E-2,2.024915918E-1
1.020635212E1,2.057676315E-1,1.112150121E-2,-5.284321681E-2,2.127355437E-1
1.021636713E1,2.139446139E-1,1.110845152E-2,-7.019450516E-2,2.254394910E-1
1.022638212E1,2.186993659E-1,1.591792330E-2,-8.790247887E-2,2.362406373E-1
1.023639713E1,2.291560024E-1,2.055581659E-2,-1.072245166E-1,2.538348124E-1
1.024641213E1,2.312396318E-1,2.183708921E-2,-1.214162633E-1,2.620887917E-1
1.025642713E1,2.387611866E-1,2.167809755E-2,-1.371070743E-1,2.761796407E-1
1.026644213E1,2.415199131E-1,2.151674218E-2,-1.525337100E-1,2.864635602E-1
1.027645713E1,2.461069375E-1,2.392477356E-2,-1.681563407E-1,2.990277151E-1
1.028647213E1,2.488215268E-1,2.511678264E-2,-1.772614270E-1,3.065364880E-1
1.029648713E1,2.545118928E-1,2.262939140E-2,-1.875702590E-1,3.169715996E-1
1.030650213E1,2.532163858E-1,2.366816439E-2,-2.012265325E-1,3.243005357E-1
1.031651713E1,2.538350523E-1,2.227799408E-2,-2.046114057E-1,3.267940791E-1
1.032653213E1,2.595573366E-1,2.025991678E-2,-2.139405459E-1,3.369733408E-1
1.033654712E1,2.577599585E-1,1.609952375E-2,-2.178047895E-1,3.378436284E-1
1.034656213E1,2.569507957E-1,2.006826550E-2,-2.209918946E-1,3.395053227E-1
1.035657712E1,2.569478750E-1,1.483888458E-2,-2.218406349E-1,3.397876841E-1
1.036659213E1,2.561041415E-1,1.584105566E-2,-2.206595242E-1,3.384241362E-1
1.037660712E1,2.558372915E-1,1.309533510E-2,-2.215359807E-1,3.386774251E-1
1.038662213E1,2.529939413E-1,9.082651697E-3,-2.162806988E-1,3.329651176E-1
1.039663712E1,2.493531406E-1,7.646142505E-3,-2.102387846E-1,3.262449980E-1
1.040665213E1,2.478755713E-1,5.722579546E-3,-2.036293745E-1,3.208425921E-1
1.041666613E1,2.427758873E-1,3.917488270E-3,-1.927418411E-1,3.100078958E-1
1.042668112E1,2.391917557E-1,2.144429833E-3,-1.839748025E-1,3.017681602E-1
1.043669613E1,2.337810099E-1,1.527640969E-3,-1.738332212E-1,2.913312257E-1
1.044671112E1,2.285962701E-1,4.448668100E-3,-1.602532864E-1,2.792080965E-1
1.045672613E1,2.235546410E-1,2.181517892E-3,-1.457209587E-1,2.668633252E-1
1.046674112E1,2.178558260E-1,2.311929129E-3,-1.297134012E-1,2.535588145E-1
1.047675613E1,2.124493420E-1,2.556941472E-3,-1.122127101E-1,2.402768261E-1
1.048677112E1,2.055936456E-1,2.985902131E-3,-9.652236849E-2,2.271436337E-1
1.049678613E1,1.955079883E-1,5.123089999E-3,-7.857346535E-2,2.107686149E-1
1.050680112E1,1.898037642E-1,5.458904430E-3,-5.871131271E-2,1.987518221E-1
1.051681613E1,1.810009480E-1,8.362282068E-3,-4.128571600E-2,1.858380512E-1
1.052683112E1,1.755958349E-1,1.158016454E-2,-2.107658237E-2,1.772349281E-1
1.053684613E1,1.654254943E-1,1.424465608E-2,-2.401432022E-3,1.660550248E-1
1.054686112E1,1.556756645E-1,1.645931974E-2,1.809668168E-2,1.575858865E-1
1.055687613E1,1.455777586E-1,1.855336130E-2,3.490016237E-2,1.508480439E-1
1.056689112E1,1.380723864E-1,2.326856181E-2,5.337788165E-2,1.498486173E-1
1.057690613E1,1.272453070E-1,2.715597674E-2,7.465627044E-2,1.500079129E-1
1.058692112E1,1.175403148E-1,3.194316477E-2,8.901376277E-2,1.508626572E-1
1.059693613E1,1.049193293E-1,3.568463773E-2,1.078636199E-1,1.546480505E-1
1.060695112E1,9.541423619E-2,3.714964539E-2,1.235501692E-1,1.604637558E-1
1.061696613E1,8.715817332E-2,4.002320021E-2,1.369139105E-1,1.671640590E-1
1.062698112E1,7.404015213E-2,4.323931411E-2,1.506466866E-1,1.733378394E-1
1.063699613E1,6.373185664E-2,4.669822752E-2,1.615477949E-1,1.798337122E-1
1.064701112E1,5.042363331E-2,4.774951935E-2,1.749681234E-1,1.882455939E-1
1.065702613E1,4.140537232E-2,5.158021301E-2,1.854646951E-1,1.969062629E-1
1.066704112E1,2.946543694E-2,5.391891673E-2,1.934713125E-1,2.029941140E-1
1.067705613E1,1.729718782E-2,5.477965251E-2,1.967730969E-1,2.049869623E-1
1.068707113E1,5.899267271E-3,5.484581739E-2,2.035515308E-1,2.108935531E-1
1.069708613E1,-4.017013125E-3,5.427084118E-2,2.031243593E-1,2.102878169E-1
1.070710113E1,-1.584183797E-2,5.324167013E-2,2.067306489E-1,2.140635430E-1
1.071711513E1,-2.707611769E-2,5.416338891E-2,2.082244158E-1,2.168506310E-1
1.072713013E1,-3.748667613E-2,5.225417018E-2,2.044967860E-1,2.143704380E-1
1.073714513E1,-4.791641608E-2,5.425953120E-2,1.999643594E-1,2.126636421E-1
1.074716012E1,-5.804276094E-2,5.008283257E-2,1.960082948E-1,2.104673463E-1
1.075717513E1,-6.841070950E-2,4.677678645E-2,1.902023405E-1,2.074729458E-1
1.076719012E1,-8.032579720E-2,4.397363216E-2,1.811890602E-1,2.030157372E-1
1.077720513E1,-8.749848604E-2,4.076319188E-2,1.714344323E-1,1.967419311E-1
1.078722012E1,-1.005285382E-1,3.970698267E-2,1.581431180E-1,1.915512392E-1
1.079723513E1,-1.050085053E-1,3.299528360E-2,1.473629177E-1,1.839328802E-1
1.080725012E1,-1.140349209E-1,3.164630011E-2,1.351638436E-1,1.796516522E-1
1.081726513E1,-1.227101684E-1,2.470450476E-2,1.175260022E-1,1.716987454E-1
1.082728012E1,-1.314362735E-1,2.196303010E-2,1.036823988E-1,1.688428515E-1
1.083729513E1,-1.412891746E-1,1.585773379E-2,8.647917211E-2,1.664113751E-1
1.084731012E1,-1.455573887E-1,1.361638121E-2,6.925626844E-2,1.617677037E-1
1.085732513E1,-1.521934569E-1,7.940119132E-3,5.172867700E-2,1.609402058E-1
1.086734012E1,-1.591097414E-1,5.261041224E-3,3.385560960E-2,1.627568453E-1
1.087735513E1,-1.625140607E-1,1.236205921E-3,1.480389014E-2,1.631916153E-1
1.088737012E1,-1.721824706E-1,-2.383983694E-3,-5.297257099E-3,1.722804327E-1
1.089738513E1,-1.763859987E-1,-4.607457668E-3,-2.058460191E-2,1.776428300E-1
1.090740012E1,-1.826934516E-1,-6.825607270E-3,-4.347232729E-2,1.879184116E-1
1.091741513E1,-1.866122931E-1,-9.899161756E-3,-6.034238636E-2,1.963755202E-1
1.092743012E1,-1.898712069E-1,-1.283369772E-2,-7.857545465E-2,2.058880304E-1
1.093744513E1,-1.959887445E-1,-1.142275520E-2,-9.060202539E-2,2.162193199E-1
1.094746012E1,-1.968579739E-1,-1.470060274E-2,-1.086912453E-1,2.253507409E-1
1.095747513E1,-1.990955621E-1,-1.356156915E-2,-1.255631745E-1,2.357733441E-1
1.096749012E1,-2.031990141E-1,-1.040646341E-2,-1.418295652E-1,2.480196753E-1
1.097750513E1,-2.077165395E-1,-1.311063766E-2,-1.515500993E-1,2.574596710E-1
1.098752012E1,-2.086876631E-1,-1.422079001E-2,-1.657456607E-1,2.668789906E-1
1.099753513E1,-2.083188146E-1,-1.033390686E-2,-1.729383171E-1,2.709449754E-1
1.100755012E1,-2.111989111E-1,-1.358734258E-2,-1.835815161E-1,2.801638253E-1
1.101756513E1,-2.116521746E-1,-8.538788185E-3,-1.889728308E-1,2.838666671E-1
1.102758012E1,-2.157957703E-1,-5.763242021E-3,-1.965135783E-1,2.919222771E-1
1.103759513E1,-2.132596374E-1,-4.413552582E-3,-1.997072399E-1,2.922022143E-1
1.104761012E1,-2.154219151E-1,-3.400692716E-3,-2.012806982E-1,2.948424760E-1
1.105762513E1,-2.159124762E-1,-2.617723309E-3,-2.034351975E-1,2.966663604E-1
1.106763967E1,-2.190018296E-1,1.307067461E-3,-2.034611106E-1,2.989313187E-1
1.107765367E1,-2.179882377E-1,2.284980379E-3,-2.007822394E-1,2.963740890E-1
1.108766967E1,-2.183674723E-1,4.591043107E-3,-1.955622137E-1,2.931723214E-1
1.109768367E1,-2.169834375E-1,8.032911457E-3,-1.891037822E-1,2.879350279E-1
1.110769867E1,-2.173974663E-1,7.025880739E-3,-1.800007373E-1,2.823318735E-1
1.111771367E1,-2.143132687E-1,9.104477242E-3,-1.703177541E-1,2.738999927E-1
1.112772867E1,-2.131909877E-1,8.323076181E-3,-1.587920934E-1,2.659597709E-1
1.113774367E1,-2.117251903E-1,1.148344856E-2,-1.487514377E-1,2.590104554E-1
1.114775867E1,-2.124875635E-1,9.931269102E-3,-1.362608522E-1,2.526195056E-1
1.115777367E1,-2.106947303E-1,9.431392886E-3,-1.183979660E-1,2.418662831E-1
1.116778867E1,-2.080650330E-1,6.142067723E-3,-1.034171060E-1,2.324303783E-1
1.117780367E1,-2.048586011E-1,5.178802647E-3,-8.771963418E-2,2.229094001E-1
1.118781867E1,-2.033342123E-1,3.168644384E-3,-6.813526899E-2,2.144697113E-1
1.119783367E1,-1.977761984E-1,-3.999909386E-4,-4.932563007E-2,2.038347429E-1
1.120784867E1,-1.968907863E-1,-3.975195810E-3,-3.124286048E-2,1.993938320E-1
1.121786367E1,-1.916078776E-1,-5.642601289E-3,-1.345560607E-2,1.921626162E-1
1.122787867E1,-1.873773336E-1,-1.041297242E-2,8.119319566E-3,1.878420041E-1
1.123789367E1,-1.818760335E-1,-1.556485705E-2,2.750873007E-2,1.846019680E-1
1.124790867E1,-1.757700294E-1,-1.874351874E-2,4.636861011E-2,1.827470130E-1
1.125792367E1,-1.736770570E-1,-2.660277486E-2,6.473191082E-2,1.872475582E-1
1.126793867E1,-1.673807502E-1,-3.161117435E-2,8.421751857E-2,1.900215049E-1
1.127795367E1,-1.591494530E-1,-3.565811366E-2,1.041408926E-1,1.935080747E-1
1.128796867E1,-1.522027254E-1,-4.124553874E-2,1.204877421E-1,1.984544282E-1
1.129798367E1,-1.432369202E-1,-4.799904674E-2,1.373785734E-1,2.041900983E-1
1.130799867E1,-1.380852610E-1,-5.143032968E-2,1.495314389E-1,2.099339643E-1
1.131801367E1,-1.280195862E-1,-5.678088591E-2,1.669141650E-1,2.178839644E-1
1.132802867E1,-1.173620746E-1,-6.248703226E-2,1.801458746E-1,2.238995799E-1
1.133804367E1,-1.097856462E-1,-6.606818736E-2,1.896770597E-1,2.289001539E-1
1.134805867E1,-9.929023683E-2,-6.787741929E-2,2.017852515E-1,2.349110106E-1
1.135807367E1,-9.272821248E-2,-7.232303172E-2,2.111771554E-1,2.417125012E-1
1.136808867E1,-8.046939969E-2,-7.630901784E-2,2.192532569E-1,2.457038485E-1
1.137810367E1,-7.169881463E-2,-7.663898170E-2,2.244317681E-1,2.477576882E-1
1.138811867E1,-5.642434955E-2,-7.964876294E-2,2.280159742E-1,2.480300730E-1
1.139813367E1,-4.945485666E-2,-8.074837923E-2,2.278916091E-1,2.467806092E-1
1.140814867E1,-3.434490785E-2,-8.005117625E-2,2.309774309E-1,2.468569163E-1
1.141816367E1,-2.427150309E-2,-8.048553765E-2,2.290937752E-1,2.440307060E-1
1.142817867E1,-1.408765744E-2,-8.025002480E-2,2.263309360E-1,2.405498309E-1
1.143819367E1,1.831920352E-3,-7.638976723E-2,2.195846140E-1,2.324997961E-1
1.144820867E1,1.520422287E-2,-7.573120296E-2,2.156812251E-1,2.290955572E-1
1.145822367E1,2.725689113E-2,-7.044376433E-2,2.059564292E-1,2.193702642E-1
1.146823867E1,3.750057146E-2,-6.517291814E-2,1.931016892E-1,2.072246715E-1
1.147825367E1,5.041104183E-2,-6.485547125E-2,1.826924682E-1,2.003098680E-1
1.148826867E1,6.378696859E-2,-5.737911910E-2,1.669240892E-1,1.876826903E-1
1.149828367E1,7.268059999E-2,-5.415083468E-2,1.558568031E-1,1.802945522E-1
1.150829867E1,8.450023830E-2,-4.667028040E-2,1.380184144E-1,1.684265064E-1
1.151831367E1,9.900780767E-2,-4.194503278E-2,1.211528853E-1,1.619875099E-1
1.152832867E1,1.115834415E-1,-3.375039622E-2,1.013276875E-1,1.544579357E-1
1.153834367E1,1.186746433E-1,-3.057191148E-2,8.395428956E-2,1.485484281E-1
1.154835867E1,1.323257685E-1,-2.563390508E-2,6.320215762E-2,1.488681256E-1
1.155837367E1,1.434231699E-1,-1.764655113E-2,3.760278970E-2,1.493170326E-1
1.156838867E1,1.530019045E-1,-1.283703279E-2,1.877652295E-2,1.546833217E-1
1.157840367E1,1.653887928E-1,-5.726925097E-3,8.188274223E-4,1.654899420E-1
1.158841867E1,1.743851304E-1,4.669325426E-4,-2.239956707E-2,1.758184642E-1
1.159843367E1,1.824491769E-1,3.363653086E-3,-4.396265000E-2,1.877011745E-1
1.160844867E1,1.906536222E-1,9.489914402E-3,-6.714005768E-2,2.023527847E-1
1.161846367E1,2.002308816E-1,1.317306608E-2,-8.686449379E-2,2.186581256E-1
1.162847867E1,2.067039162E-1,1.971566677E-2,-1.077386215E-1,2.339291069E-1
1.163849367E1,2.131346613E-1,1.969782263E-2,-1.282508224E-1,2.495248716E-1
1.164850867E1,2.188691199E-1,2.519502863E-2,-1.458646208E-1,2.642252235E-1
1.165852267E1,2.258125097E-1,2.812610567E-2,-1.630191058E-1,2.799242687E-1
1.166853867E1,2.324451953E-1,2.659735456E-2,-1.807362288E-1,2.956412903E-1
1.167855367E1,2.356468588E-1,2.852734923E-2,-1.966454238E-1,3.082412601E-1
1.168856867E1,2.394835353E-1,2.842786163E-2,-2.121360749E-1,3.211887627E-1
1.169858267E1,2.438090444E-1,2.996477112E-2,-2.251834273E-1,3.332391237E-1
1.170859767E1,2.475213706E-1,2.845086716E-2,-2.337905914E-1,3.416640475E-1
1.171861267E1,2.495983690E-1,2.673366107E-2,-2.403006852E-1,3.475031708E-1
1.172862767E1,2.493012100E-1,2.863834798E-2,-2.514215410E-1,3.552239288E-1
1.173864267E1,2.533169687E-1,2.360523865E-2,-2.529949248E-1,3.587939881E-1
1.174865767E1,2.573930025E-1,2.157957852E-2,-2.570292950E-1,3.643911284E-1
1.175867267E1,2.536150515E-1,1.884344593E-2,-2.580894828E-1,3.623338943E-1
1.176868767E1,2.539216280E-1,1.748435572E-2,-2.580134869E-1,3.624263446E-1
1.177870267E1,2.535809875E-1,1.516633760E-2,-2.548198104E-1,3.598144949E-1
1.178871767E1,2.521688640E-1,1.263091993E-2,-2.504487038E-1,3.556307486E-1
1.179873267E1,2.509400845E-1,1.105512772E-2,-2.424496412E-1,3.491059587E-1
1.180874767E1,2.507422268E-1,8.212965913E-3,-2.320033610E-1,3.417084673E-1
1.181876267E1,2.450705022E-1,7.085916586E-3,-2.188233733E-1,3.286235383E-1
1.182877767E1,2.445373237E-1,5.439874716E-3,-2.094845325E-1,3.220432646E-1
1.183879267E1,2.383803576E-1,4.519487731E-3,-1.922059506E-1,3.062494867E-1
1.184880767E1,2.349610925E-1,2.572447062E-3,-1.808970869E-1,2.965418832E-1
1.185882267E1,2.311911136E-1,-5.791373551E-4,-1.637290269E-1,2.832964184E-1
1.186883767E1,2.273375839E-1,-9.493539110E-4,-1.417989135E-1,2.679369519E-1
1.187885267E1,2.172002643E-1,-1.728327945E-3,-1.244124770E-1,2.503146148E-1
1.188886767E1,2.133485377E-1,1.899106428E-3,-1.021196172E-1,2.365367230E-1
1.189888267E1,2.094701827E-1,2.323880792E-3,-8.219037950E-2,2.250298121E-1
1.190889767E1,2.000105977E-1,6.083539687E-3,-6.249239296E-2,2.096343193E-1
1.191891267E1,1.962866932E-1,7.436159067E-3,-3.910717368E-2,2.002826339E-1
1.192892767E1,1.864043921E-1,1.050585322E-2,-1.575085893E-2,1.873634434E-1
1.193894267E1,1.769304574E-1,1.276581176E-2,5.708891898E-3,1.774822361E-1
1.194895767E1,1.690990776E-1,1.494807936E-2,2.829988487E-2,1.721012103E-1
1.195897267E1,1.589273959E-1,1.885547116E-2,4.993274435E-2,1.676506037E-1
1.196898767E1,1.535190791E-1,2.401344106E-2,7.148174942E-2,1.710391578E-1
1.197900267E1,1.447271854E-1,2.430852130E-2,9.235134721E-2,1.733944455E-1
1.198901767E1,1.308808774E-1,3.029770404E-2,1.112893522E-1,1.744507806E-1
1.199903267E1,1.221462339E-1,3.451242298E-2,1.302915365E-1,1.818974829E-1
1.200904767E1,1.152840331E-1,3.682326525E-2,1.490074247E-1,1.919624280E-1
1.201906267E1,1.029229760E-1,4.228967428E-2,1.636761129E-1,1.979177240E-1
1.202907767E1,8.872576058E-2,4.470350593E-2,1.800048053E-1,2.056025145E-1
1.203909267E1,8.132083714E-2,5.389434099E-2,1.932401806E-1,2.164704274E-1
1.204910767E1,6.931243837E-2,5.363894999E-2,2.044816166E-1,2.224726559E-1
1.205912267E1,5.811864138E-2,5.533991009E-2,2.145395875E-1,2.290578895E-1
1.206913825E1,4.818336293E-2,5.661983415E-2,2.248952985E-1,2.368656526E-1
1.207915325E1,3.587529808E-2,5.880549178E-2,2.323193848E-1,2.423167750E-1
1.208916825E1,2.890388295E-2,5.992675945E-2,2.348615527E-1,2.441036663E-1
1.209918325E1,1.633908972E-2,5.957442895E-2,2.390253991E-1,2.468789579E-1
1.210919825E1,3.417581087E-3,6.238366663E-2,2.366470546E-1,2.447554497E-1
1.211921325E1,-6.249693688E-3,6.015833467E-2,2.407544553E-1,2.482353554E-1
1.212922825E1,-1.689195447E-2,5.815161765E-2,2.350643724E-1,2.427389708E-1
1.213924325E1,-2.543404326E-2,6.118628383E-2,2.337546200E-1,2.429647592E-1
1.214925825E1,-3.420869261E-2,5.807282031E-2,2.229845226E-1,2.329480294E-1
1.215927325E1,-4.468956217E-2,5.337287486E-2,2.154347152E-1,2.264021582E-1
1.216928825E1,-5.635944009E-2,5.117784441E-2,2.036010027E-1,2.173681820E-1
1.217930325E1,-6.432335824E-2,4.784809053E-2,1.923605949E-1,2.083975351E-1
1.218931825E1,-7.366845012E-2,4.383713752E-2,1.788130701E-1,1.982998971E-1
1.219933325E1,-8.432402462E-2,4.202912003E-2,1.651052535E-1,1.900966406E-1
1.220934825E1,-9.363126755E-2,3.491218761E-2,1.469767392E-1,1.777296738E-1
1.221936325E1,-9.937331080E-2,2.938346565E-2,1.314041764E-1,1.673484404E-1
1.222937825E1,-1.078740284E-1,2.514677495E-2,1.138205156E-1,1.588215226E-1
1.223939325E1,-1.172217205E-1,2.171369642E-2,9.166647494E-2,1.503833734E-1
1.224940825E1,-1.243917868E-1,1.597486623E-2,7.401583344E-2,1.456257414E-1
1.225942325E1,-1.309612691E-1,1.249091700E-2,4.982554168E-2,1.406750213E-1
1.226943825E1,-1.357076764E-1,8.436463773E-3,3.127773851E-2,1.395207665E-1
1.227945325E1,-1.435118020E-1,7.592240348E-3,7.914624177E-3,1.439302633E-1
1.228946825E1,-1.506696641E-1,2.724012360E-3,-1.463411748E-2,1.514031880E-1
1.229948325E1,-1.545882523E-1,-2.769555897E-3,-3.358410671E-2,1.582184895E-1
1.230949825E1,-1.609206200E-1,-9.046923369E-3,-5.687049776E-2,1.709138563E-1
1.231951325E1,-1.664051265E-1,-9.141465649E-3,-7.610357553E-2,1.832102255E-1
1.232952825E1,-1.715592742E-1,-9.845798835E-3,-9.833545238E-2,1.979883469E-1
1.233954325E1,-1.745161712E-1,-1.268605981E-2,-1.148622334E-1,2.093087738E-1
1.234955825E1,-1.768949628E-1,-1.613343135E-2,-1.334032565E-1,2.221453225E-1
1.235957325E1,-1.831067950E-1,-1.516297460E-2,-1.515731961E-1,2.381857425E-1
1.236958825E1,-1.853179187E-1,-1.669599116E-2,-1.696580946E-1,2.518042021E-1
1.237960325E1,-1.904511750E-1,-1.630690321E-2,-1.856479794E-1,2.664633885E-1
1.238961825E1,-1.906277984E-1,-1.505835820E-2,-1.962631345E-1,2.740162945E-1
1.239963325E1,-1.951924562E-1,-1.285938639E-2,-2.049090862E-1,2.832899441E-1
1.240964825E1,-1.979749501E-1,-1.250277832E-2,-2.157316357E-1,2.930708770E-1
1.241966325E1,-1.989004016E-1,-1.084602624E-2,-2.254287452E-1,3.008274010E-1
1.242967825E1,-2.012943923E-1,-6.535836495E-3,-2.308409512E-1,3.063489747E-1
1.243969325E1,-2.034576684E-1,-4.645258188E-3,-2.353172004E-1,3.111121760E-1
1.244970825E1,-2.047147900E-1,-3.223387524E-3,-2.374341488E-1,3.135179588E-1
1.245972325E1,-2.063805908E-1,-2.189815044E-3,-2.357315868E-1,3.133163331E-1
1.246973825E1,-2.095963657E-1,1.238800585E-3,-2.355422974E-1,3.152972328E-1
1.247975325E1,-2.114616483E-1,3.035901114E-3,-2.293296754E-1,3.119572815E-1
1.248976825E1,-2.099110633E-1,6.382595748E-3,-2.245068550E-1,3.074194528E-1
1.249978325E1,-2.106032223E-1,8.512059227E-3,-2.169107199E-1,3.024507113E-1
1.250979925E1,-2.115987092E-1,1.163864695E-2,-2.084381878E-1,2.972472876E-1
1.251981325E1,-2.129305601E-1,8.957643062E-3,-1.972217411E-1,2.903723092E-1
1.252982825E1,-2.130663842E-1,1.339682937E-2,-1.855498701E-1,2.828524587E-1
1.253984325E1,-2.117782086E-1,1.139679551E-2,-1.696068645E-1,2.715628566E-1
1.254985925E1,-2.125730067E-1,9.596378542E-3,-1.516362578E-1,2.612908884E-1
1.255987425E1,-2.121221423E-1,1.068428066E-2,-1.317483038E-1,2.499351369E-1
1.256988925E1,-2.115195692E-1,1.021118183E-2,-1.159979850E-1,2.414546104E-1
1.257990425E1,-2.096260488E-1,6.962657906E-3,-9.690845013E-2,2.310471957E-1
1.258991925E1,-2.077881247E-1,5.020576529E-3,-7.427254319E-2,2.207204604E-1
1.259993425E1,-2.077194154E-1,1.572581939E-3,-5.308309942E-2,2.144006623E-1
1.260994925E1,-2.030707300E-1,-2.349073067E-3,-3.195609152E-2,2.055831494E-1
1.261996425E1,-1.994309872E-1,-6.055926904E-3,-8.842251264E-3,1.997187481E-1
1.262997925E1,-1.974638849E-1,-8.322911337E-3,1.432522200E-2,1.981576864E-1
1.263999425E1,-1.940108389E-1,-1.384417713E-2,3.283525631E-2,1.972562316E-1
1.265000925E1,-1.911045611E-1,-1.899255253E-2,5.767184868E-2,2.005186087E-1
1.266002425E1,-1.850754321E-1,-2.456068993E-2,7.858458906E-2,2.025627821E-1
1.267003925E1,-1.805656403E-1,-2.945021167E-2,1.015127674E-1,2.092274059E-1
1.268005425E1,-1.772862226E-1,-3.565617651E-2,1.198070794E-1,2.169228064E-1
1.269006925E1,-1.690118611E-1,-4.176567495E-2,1.418329626E-1,2.245572757E-1
1.270008425E1,-1.645558625E-1,-4.803768173E-2,1.576763839E-1,2.329121997E-1
1.271009925E1,-1.591933817E-1,-5.151119083E-2,1.758289635E-1,2.427174488E-1
1.272011425E1,-1.525242925E-1,-5.941891670E-2,1.928481609E-1,2.529519334E-1
1.273012925E1,-1.398444474E-1,-6.533326209E-2,2.096628249E-1,2.603524625E-1
1.274014425E1,-1.341737807E-1,-7.095839083E-2,2.208915055E-1,2.680126002E-1
1.275015925E1,-1.246981472E-1,-7.481764257E-2,2.334052324E-1,2.750005638E-1
1.276017425E1,-1.153483242E-1,-7.852663100E-2,2.418059111E-1,2.791805263E-1
1.277018925E1,-1.069658399E-1,-8.036228269E-2,2.484773248E-1,2.822069601E-1
1.278020425E1,-9.837501496E-2,-8.397113532E-2,2.558164895E-1,2.866546204E-1
1.279021925E1,-8.611432463E-2,-8.490804583E-2,2.610637248E-1,2.877139578E-1
1.280023425E1,-7.543504983E-2,-8.792114258E-2,2.621745169E-1,2.866287693E-1
1.281024925E1,-6.605830044E-2,-8.766467869E-2,2.611569166E-1,2.832873630E-1
1.282026425E1,-5.224395543E-2,-8.845457435E-2,2.607129812E-1,2.802229491E-1
1.283027925E1,-3.908337653E-2,-8.648468554E-2,2.581137717E-1,2.750087822E-1
1.284029425E1,-2.771407552E-2,-8.552754670E-2,2.489168197E-1,2.646556524E-1
1.285030925E1,-1.553034689E-2,-8.371265233E-2,2.420850545E-1,2.566206801E-1
1.286032425E1,-3.707776312E-3,-7.972083986E-2,2.337104678E-1,2.469610145E-1
1.287033925E1,7.879478857E-3,-7.660180330E-2,2.208791673E-1,2.339177826E-1
1.288035425E1,2.296335623E-2,-7.018278539E-2,2.070610821E-1,2.198345533E-1
1.289036925E1,3.294401243E-2,-6.691108644E-2,1.929077059E-1,2.068230752E-1
1.290038425E1,4.638418555E-2,-6.001056358E-2,1.741041988E-1,1.899079579E-1
1.291039925E1,5.877864733E-2,-5.574104935E-2,1.552245617E-1,1.750904295E-1
1.292041425E1,7.282921672E-2,-4.751880467E-2,1.357539296E-1,1.612180542E-1
1.293042925E1,8.462177962E-2,-4.277528822E-2,1.180594563E-1,1.514219472E-1
1.294044425E1,9.994694591E-2,-3.375409544E-2,9.309978038E-2,1.406993250E-1
1.295045925E1,1.086490601E-1,-2.678108960E-2,7.178725302E-2,1.329483160E-1
1.296047425E1,1.200817451E-1,-2.147553861E-2,4.886355996E-2,1.314095573E-1
1.297048925E1,1.321766824E-1,-1.476693060E-2,2.361402288E-2,1.350790867E-1
1.298050425E1,1.392929107E-1,-8.028334007E-3,-2.366710920E-3,1.395441523E-1
1.299051925E1,1.492063403E-1,-4.438765347E-3,-2.534702048E-2,1.514090687E-1
1.300053425E1,1.603809595E-1,4.293740727E-3,-4.862464592E-2,1.676449957E-1
1.301054925E1,1.703180373E-1,9.131103754E-3,-7.337180525E-2,1.856745343E-1
1.302056425E1,1.804247350E-1,1.466941461E-2,-9.624249488E-2,2.050143764E-1
1.303057925E1,1.899898797E-1,1.827176847E-2,-1.194664910E-1,2.251716110E-1
1.304059425E1,1.947593391E-1,2.116635628E-2,-1.403051913E-1,2.409663078E-1
1.305060925E1,2.065210044E-1,2.456630766E-2,-1.627097279E-1,2.640622735E-1
1.306062425E1,2.108949870E-1,2.949342132E-2,-1.824690551E-1,2.804309425E-1
1.307063950E1,2.163124979E-1,3.211738914E-2,-2.032547146E-1,2.985550241E-1
1.308065450E1,2.224188596E-1,3.156185150E-2,-2.194499224E-1,3.140454872E-1
1.309066950E1,2.282882035E-1,3.333072364E-2,-2.357521951E-1,3.298568454E-1
1.310068450E1,2.327013165E-1,3.239569068E-2,-2.504081130E-1,3.433709459E-1
1.311069950E1,2.386072129E-1,3.303452954E-2,-2.601195276E-1,3.545234136E-1
1.312071450E1,2.409989983E-1,3.145261109E-2,-2.692363262E-1,3.627092269E-1
1.313072950E1,2.434272915E-1,2.995772287E-2,-2.762049735E-1,3.693825913E-1
1.314074450E1,2.447213233E-1,3.023149446E-2,-2.828990817E-1,3.752790425E-1
1.315075950E1,2.470151037E-1,2.511902526E-2,-2.855084538E-1,3.783682123E-1
1.316077450E1,2.487653345E-1,2.423618734E-2,-2.878714800E-1,3.812368993E-1
1.317078950E1,2.523277104E-1,2.241447940E-2,-2.841925025E-1,3.807060031E-1
1.318080450E1,2.500821054E-1,1.825888455E-2,-2.833693027E-1,3.783815641E-1
1.319081950E1,2.504374683E-1,1.647525094E-2,-2.757999599E-1,3.729021015E-1
1.320083450E1,2.524423003E-1,1.112948917E-2,-2.677500248E-1,3.681590095E-1
1.321084950E1,2.506145835E-1,9.656494483E-3,-2.567330599E-1,3.589049754E-1
1.322086450E1,2.477186322E-1,7.489480078E-3,-2.447738647E-1,3.483315345E-1
1.323087950E1,2.452615350E-1,4.263645969E-3,-2.309917957E-1,3.369400672E-1
1.324089450E1,2.433126420E-1,2.526733093E-3,-2.143204063E-1,3.242540095E-1
1.325090950E1,2.381692976E-1,2.246303484E-3,-1.989433169E-1,3.103354694E-1
1.326092450E1,2.345335484E-1,2.662446350E-4,-1.795030385E-1,2.953428466E-1
1.327093950E1,2.329312265E-1,1.041915268E-3,-1.557861418E-1,2.802273431E-1
1.328095450E1,2.277420610E-1,8.592214435E-4,-1.354028434E-1,2.649549294E-1
1.329096950E1,2.204146385E-1,-4.672985524E-4,-1.168976054E-1,2.494952532E-1
1.330098450E1,2.148715258E-1,8.461717516E-4,-9.134963155E-2,2.334849969E-1
1.331099950E1,2.092750221E-1,2.416533418E-3,-6.875553727E-2,2.202934371E-1
1.332101450E1,2.030275017E-1,5.063182674E-3,-4.122963548E-2,2.072334073E-1
1.333102950E1,1.961929053E-1,7.775778882E-3,-1.744884066E-2,1.971207266E-1
1.334104450E1,1.884649396E-1,8.599228226E-3,6.075927522E-3,1.887588331E-1
1.335105950E1,1.777153313E-1,1.330635976E-2,2.766005322E-2,1.803465462E-1
1.336107450E1,1.722183079E-1,1.869952679E-2,5.595667288E-2,1.820438604E-1
1.337108950E1,1.663872451E-1,2.019367740E-2,7.885254920E-2,1.852301931E-1
1.338110550E1,1.561026424E-1,2.443156391E-2,1.044109091E-1,1.893847254E-1
1.339112050E1,1.483687013E-1,2.912895381E-2,1.234145910E-1,1.951740986E-1
1.340113550E1,1.380364448E-1,3.544010967E-2,1.471484154E-1,2.048480355E-1
1.341115050E1,1.286236048E-1,3.768138960E-2,1.623934507E-1,2.105600904E-1
1.342116550E1,1.192410141E-1,4.104549438E-2,1.829439998E-1,2.221973427E-1
1.343118050E1,1.085174978E-1,4.849780723E-2,2.002668232E-1,2.328838446E-1
1.344119550E1,9.796445072E-2,4.995348677E-2,2.171086520E-1,2.433691665E-1
1.345121050E1,8.864144981E-2,5.439895019E-2,2.287974060E-1,2.513260937E-1
1.346122550E1,7.910999656E-2,5.819209293E-2,2.390692085E-1,2.584546337E-1
1.347124050E1,6.968723238E-2,5.973559991E-2,2.502612174E-1,2.665620550E-1
1.348125550E1,5.861168355E-2,6.125200912E-2,2.568283081E-1,2.704587176E-1
1.349127050E1,4.753509536E-2,6.367869675E-2,2.613362372E-1,2.731504907E-1
1.350128550E1,3.640281782E-2,6.577966362E-2,2.671594918E-1,2.775361658E-1
1.351130050E1,2.607121505E-2,6.620834768E-2,2.661230862E-1,2.754718689E-1
1.352131550E1,1.467954367E-2,6.500805914E-2,2.652298510E-1,2.734746983E-1
1.353133050E1,3.816893790E-3,6.741031259E-2,2.623447776E-1,2.708938930E-1
1.354134550E1,-5.743587855E-3,6.605955213E-2,2.536354363E-1,2.621598516E-1
1.355136050E1,-1.444118749E-2,6.177107617E-2,2.478915155E-1,2.558796928E-1
1.356137550E1,-2.608186379E-2,6.314978749E-2,2.373994589E-1,2.470357512E-1
1.357139050E1,-3.393628821E-2,5.894034356E-2,2.268661857E-1,2.368415123E-1
1.358140550E1,-4.389331490E-2,5.401854962E-2,2.129096240E-1,2.239980687E-1
1.359142050E1,-5.260822177E-2,5.055725202E-2,1.971692741E-1,2.102364939E-1
1.360143550E1,-6.202968583E-2,4.691511020E-2,1.819346547E-1,1.978608806E-1
1.361145050E1,-7.022081316E-2,4.266769812E-2,1.635601074E-1,1.830393504E-1
1.362146650E1,-8.105029166E-2,3.973768651E-2,1.457536817E-1,1.714420288E-1
1.363148150E1,-8.540420979E-2,3.360031173E-2,1.222945601E-1,1.529013389E-1
1.364149650E1,-9.415616095E-2,2.636210620E-2,1.014193669E-1,1.408766527E-1
1.365151150E1,-1.014072672E-1,2.201814577E-2,7.780732960E-2,1.297004746E-1
1.366152650E1,-1.097544134E-1,1.840476692E-2,5.379413813E-2,1.236065370E-1
1.367154150E1,-1.170727387E-1,1.217557024E-2,3.017063066E-2,1.215094137E-1
1.368155650E1,-1.231649891E-1,7.021022029E-3,6.607248448E-3,1.235417541E-1
1.369157150E1,-1.278470457E-1,2.554303966E-3,-1.495337673E-2,1.287439126E-1
1.370158650E1,-1.369851530E-1,-2.562160604E-3,-4.250510782E-2,1.434509707E-1
1.371160150E1,-1.414939910E-1,-4.920716397E-3,-6.431233883E-2,1.555018967E-1
1.372161650E1,-1.479678750E-1,-1.081056334E-2,-8.554838598E-2,1.712597053E-1
1.373163150E1,-1.488522589E-1,-1.075363718E-2,-1.080717370E-1,1.842610540E-1
1.374164650E1,-1.559120417E-1,-1.359709445E-2,-1.319749355E-1,2.047213455E-1
1.375166150E1,-1.603691578E-1,-1.494362671E-2,-1.507286131E-1,2.205916897E-1
1.376167650E1,-1.618906260E-1,-1.794767193E-2,-1.674460769E-1,2.335998338E-1
1.377169150E1,-1.659810841E-1,-1.651283726E-2,-1.904836744E-1,2.531924649E-1
1.378170650E1,-1.682631522E-1,-1.846972853E-2,-2.015107572E-1,2.631733356E-1
1.379172150E1,-1.742989272E-1,-1.472878642E-2,-2.207832634E-1,2.816776572E-1
1.380173650E1,-1.779986024E-1,-1.397484541E-2,-2.329136878E-1,2.934750155E-1
1.381175150E1,-1.799921244E-1,-1.588042267E-2,-2.399739027E-1,3.003944518E-1
1.382176650E1,-1.838790029E-1,-1.510198042E-2,-2.491178662E-1,3.099988206E-1
1.383178250E1,-1.849013716E-1,-1.341698226E-2,-2.571853995E-1,3.170376356E-1
1.384179750E1,-1.893603057E-1,-1.003503427E-2,-2.603292465E-1,3.220704020E-1
1.385181250E1,-1.906280667E-1,-7.276513614E-3,-2.639780939E-1,3.256937848E-1
1.386182750E1,-1.919841468E-1,-4.535322078E-3,-2.633019090E-1,3.258931988E-1
1.387184250E1,-1.944755167E-1,-1.630492508E-3,-2.637939155E-1,3.277355869E-1
1.388185750E1,-1.990638822E-1,3.099548630E-3,-2.573056519E-1,3.253340359E-1
1.389187250E1,-2.022100985E-1,2.148197964E-3,-2.502095699E-1,3.217116218E-1
1.390188750E1,-2.040942907E-1,6.522439420E-3,-2.421631068E-1,3.167648844E-1
1.391190250E1,-2.036706358E-1,7.296403870E-3,-2.307190150E-1,3.078412404E-1
1.392191750E1,-2.054360509E-1,8.519060910E-3,-2.192858011E-1,3.006040717E-1
1.393193250E1,-2.067094892E-1,1.000177395E-2,-2.073597610E-1,2.929623165E-1
1.394194750E1,-2.098682523E-1,1.132589858E-2,-1.876385212E-1,2.817466485E-1
1.395196250E1,-2.097638845E-1,1.198058762E-2,-1.701994389E-1,2.703928082E-1
1.396197750E1,-2.119822949E-1,1.280004159E-2,-1.518941969E-1,2.610980304E-1
1.397199250E1,-2.112926245E-1,9.127840400E-3,-1.309332848E-1,2.487396544E-1
1.398200750E1,-2.109336257E-1,5.983181298E-3,-1.102266759E-1,2.380729153E-1
1.399202250E1,-2.089802772E-1,8.446455933E-3,-8.637898415E-2,2.262861635E-1
1.400203850E1,-2.104495466E-1,2.764602192E-3,-6.377807260E-2,2.199188424E-1
1.401205350E1,-2.097110599E-1,5.144970492E-4,-3.871692717E-2,2.132557005E-1
1.402206850E1,-2.081861347E-1,-5.523646250E-4,-1.365631539E-2,2.086342895E-1
1.403208350E1,-2.067557871E-1,-7.971044630E-3,1.089581661E-2,2.071960711E-1
1.404209850E1,-2.041669339E-1,-1.287871785E-2,3.756630793E-2,2.079933310E-1
1.405211350E1,-2.003965229E-1,-1.841586456E-2,5.952211097E-2,2.098589816E-1
1.406212850E1,-1.981919706E-1,-2.010750398E-2,8.550657332E-2,2.167850156E-1
1.407214438E1,-1.951172352E-1,-3.026117012E-2,1.076862738E-1,2.249062192E-1
1.408215938E1,-1.939007044E-1,-3.302606568E-2,1.305726767E-1,2.360877550E-1
1.409217438E1,-1.855695844E-1,-4.153002053E-2,1.536974013E-1,2.445070641E-1
1.410218938E1,-1.800414026E-1,-4.852427915E-2,1.732950658E-1,2.545598007E-1
1.411220438E1,-1.755730808E-1,-5.351826921E-2,1.926139295E-1,2.660643487E-1
1.412221937E1,-1.727077812E-1,-5.688983202E-2,2.092006356E-1,2.771810538E-1
1.413223438E1,-1.643456221E-1,-6.514974684E-2,2.276492715E-1,2.882328292E-1
1.414224937E1,-1.543718278E-1,-7.118047029E-2,2.421919852E-1,2.958957220E-1
1.415226438E1,-1.475358158E-1,-7.724470645E-2,2.548715174E-1,3.044553367E-1
1.416228038E1,-1.384959817E-1,-8.052811772E-2,2.645789981E-1,3.093023778E-1
1.417229537E1,-1.291793734E-1,-8.658577502E-2,2.755131721E-1,3.163730630E-1
1.418231038E1,-1.205720380E-1,-9.023377299E-2,2.796562612E-1,3.176277295E-1
1.419232537E1,-1.102287769E-1,-9.259838611E-2,2.836467326E-1,3.180885306E-1
1.420234038E1,-1.006634980E-1,-9.329746664E-2,2.882619798E-1,3.192687365E-1
1.421235537E1,-8.864770085E-2,-9.129282832E-2,2.881902754E-1,3.150340144E-1
1.422237038E1,-8.069337159E-2,-9.628173709E-2,2.856493592E-1,3.120531197E-1
1.423238537E1,-6.736515462E-2,-9.399422258E-2,2.825485170E-1,3.052976292E-1
1.424240038E1,-5.695645511E-2,-8.969588578E-2,2.736881971E-1,2.935892010E-1
1.425241537E1,-4.050611705E-2,-9.089726210E-2,2.670862079E-1,2.850229819E-1
1.426243038E1,-3.117147274E-2,-8.912865818E-2,2.566450238E-1,2.734634284E-1
1.427244537E1,-1.764461398E-2,-8.684849739E-2,2.409492135E-1,2.567304372E-1
1.428246038E1,-6.745361723E-3,-7.740572840E-2,2.296158671E-1,2.424058439E-1
1.429247537E1,3.525008913E-3,-7.422529161E-2,2.137646526E-1,2.263120552E-1
1.430249137E1,1.894950680E-2,-7.007741183E-2,1.901658475E-1,2.035509200E-1
1.431250638E1,3.361942992E-2,-6.207582355E-2,1.727515757E-1,1.866193475E-1
1.432252137E1,4.905377701E-2,-5.828374997E-2,1.539483368E-1,1.717654184E-1
1.433253638E1,5.765236914E-2,-4.872680455E-2,1.316127181E-1,1.517234481E-1
1.434255137E1,7.140626758E-2,-4.073359072E-2,1.086115465E-1,1.362150817E-1
1.435256638E1,8.273023367E-2,-3.576328605E-2,8.081767708E-2,1.210570160E-1
1.436258137E1,9.768521786E-2,-2.595593035E-2,5.720742792E-2,1.161413015E-1
1.437259638E1,1.067111120E-1,-2.152214944E-2,3.103027120E-2,1.131960338E-1
1.438261137E1,1.184524521E-1,-1.145912893E-2,3.349110251E-3,1.190525581E-1
1.439262638E1,1.306079328E-1,-6.013200618E-3,-2.347880043E-2,1.328376632E-1
1.440264137E1,1.402922571E-1,-9.649125859E-4,-4.727201536E-2,1.480455737E-1
1.441265638E1,1.487036049E-1,6.196221337E-3,-7.399939746E-2,1.662139167E-1
1.442267137E1,1.593059152E-1,1.160776615E-2,-9.850873798E-2,1.876621601E-1
1.443268638E1,1.705441773E-1,1.602402329E-2,-1.250084341E-1,2.120594122E-1
1.444270238E1,1.764350832E-1,2.221267670E-2,-1.488245428E-1,2.318867959E-1
1.445271737E1,1.864667833E-1,2.679285407E-2,-1.727944165E-1,2.556279106E-1
1.446273238E1,1.972272843E-1,2.833109722E-2,-1.916123182E-1,2.764354051E-1
1.447274737E1,2.021603137E-1,3.568246961E-2,-2.132483572E-1,2.960015083E-1
1.448276238E1,2.084933072E-1,3.397804499E-2,-2.303556949E-1,3.125503365E-1
1.449277737E1,2.162302285E-1,3.562054783E-2,-2.456362396E-1,3.291830758E-1
1.450279238E1,2.213011533E-1,3.701151535E-2,-2.617355883E-1,3.447456612E-1
1.451280737E1,2.271995991E-1,3.467280418E-2,-2.777244747E-1,3.604895907E-1
1.452282238E1,2.308326811E-1,3.825368732E-2,-2.882900238E-1,3.712926192E-1
1.453283737E1,2.317482680E-1,3.468952328E-2,-2.973844409E-1,3.786134288E-1
1.454285238E1,2.384613007E-1,3.387113661E-2,-3.027629554E-1,3.868804118E-1
1.455286738E1,2.380376309E-1,3.110186756E-2,-3.069804609E-1,3.897001966E-1
1.456288238E1,2.469533533E-1,2.715586126E-2,-3.063125312E-1,3.943992473E-1
1.457289838E1,2.438137084E-1,2.686322480E-2,-3.089456558E-1,3.944796262E-1
1.458291338E1,2.455735207E-1,2.468156442E-2,-3.014690876E-1,3.896140968E-1
1.459292838E1,2.463923246E-1,1.916175708E-2,-2.974736691E-1,3.867388451E-1
1.460294338E1,2.450194657E-1,1.920676604E-2,-2.920397520E-1,3.816944526E-1
1.461295838E1,2.469626814E-1,1.316997223E-2,-2.793807387E-1,3.731187631E-1
1.462297338E1,2.460665256E-1,1.159071736E-2,-2.668862641E-1,3.631960320E-1
1.463298838E1,2.457998395E-1,7.345764898E-3,-2.532680631E-1,3.530102451E-1
1.464300338E1,2.431755513E-1,6.796886213E-3,-2.346887887E-1,3.380227417E-1
1.465301838E1,2.405051440E-1,2.656018361E-3,-2.180499583E-1,3.246468282E-1
1.466303338E1,2.385013849E-1,2.837380394E-3,-1.970900744E-1,3.094114716E-1
1.467304837E1,2.353845835E-1,5.404967815E-4,-1.787236929E-1,2.955475472E-1
1.468306338E1,2.273367792E-1,4.917606711E-4,-1.524630636E-1,2.737284033E-1
1.469307938E1,2.254545093E-1,1.729335636E-4,-1.296349317E-1,2.600672628E-1
1.470309437E1,2.200480253E-1,3.439094871E-4,-1.022967771E-1,2.426641347E-1
1.471310938E1,2.178642452E-1,-9.804815054E-4,-7.441614568E-2,2.302250060E-1
1.472312437E1,2.138785571E-1,4.213748500E-3,-5.207542330E-2,2.201673059E-1
1.473313938E1,2.044857442E-1,4.762256518E-3,-2.502984554E-2,2.060669596E-1
1.474315437E1,1.958959848E-1,6.830999628E-3,1.352227759E-3,1.960197131E-1
1.475316938E1,1.916605979E-1,9.436317720E-3,2.899962850E-2,1.940716552E-1
1.476318437E1,1.837912351E-1,1.551658008E-2,5.344451964E-2,1.920320261E-1
1.477319938E1,1.778973788E-1,1.905850880E-2,8.252416551E-2,1.970303074E-1
1.478321437E1,1.687523574E-1,2.190676145E-2,1.082987711E-1,2.017074320E-1
1.479322938E1,1.599484384E-1,2.364752442E-2,1.313249022E-1,2.083001159E-1
1.480324538E1,1.531541795E-1,3.223142400E-2,1.520576030E-1,2.182122407E-1
1.481326037E1,1.411305815E-1,3.535119444E-2,1.730308980E-1,2.260691037E-1
1.482327538E1,1.340495050E-1,3.939787298E-2,1.944200695E-1,2.394172625E-1
1.483329037E1,1.245686039E-1,4.440317303E-2,2.142956406E-1,2.518166008E-1
1.484330538E1,1.155953482E-1,4.830390960E-2,2.298138738E-1,2.617440902E-1
1.485332037E1,1.055930480E-1,5.202940106E-2,2.472016513E-1,2.737984784E-1
1.486333538E1,9.847655147E-2,5.681563914E-2,2.559610605E-1,2.800744768E-1
1.487335037E1,8.508255333E-2,6.012527645E-2,2.654233873E-1,2.851379741E-1
1.488336538E1,7.630717754E-2,6.048400700E-2,2.751393914E-1,2.918609004E-1
1.489338037E1,6.582268327E-2,6.692295521E-2,2.785800099E-1,2.939696064E-1
1.490339538E1,5.678151548E-2,6.790805608E-2,2.826479673E-1,2.961849389E-1
1.491341138E1,4.479617253E-2,7.331431657E-2,2.859071195E-1,2.985373797E-1
1.492342637E1,3.722161055E-2,7.040055096E-2,2.853172421E-1,2.962222384E-1
1.493344138E1,2.578157373E-2,6.653830409E-2,2.819173038E-1,2.908081870E-1
1.494345637E1,1.667542756E-2,6.909733266E-2,2.740385830E-1,2.831071463E-1
1.495347138E1,5.132432561E-3,6.928828359E-2,2.676123977E-1,2.764843639E-1
1.496348637E1,-2.856251784E-3,6.639556587E-2,2.573520243E-1,2.657942696E-1
1.497350138E1,-1.497624069E-2,6.497929245E-2,2.441768348E-1,2.531183970E-1
1.498351637E1,-2.177609131E-2,6.261147559E-2,2.314762175E-1,2.407812997E-1
1.499353138E1,-3.233578801E-2,5.698944628E-2,2.132198513E-1,2.230607656E-1
1.500354637E1,-4.135245457E-2,5.523681641E-2,1.965998560E-1,2.083569888E-1
1.501356237E1,-4.981432855E-2,4.636445642E-2,1.768043637E-1,1.894489725E-1
1.502357738E1,-5.862992629E-2,4.625180364E-2,1.575020254E-1,1.743088798E-1
1.503359237E1,-6.746501476E-2,3.927845508E-2,1.334729940E-1,1.546265351E-1
1.504360738E1,-7.370613515E-2,3.146926686E-2,1.114832759E-1,1.373005095E-1
1.505362237E1,-7.822764665E-2,2.464211360E-2,8.800870180E-2,1.203009977E-1
1.506363738E1,-8.783233166E-2,2.144339308E-2,6.137549132E-2,1.092762029E-1
1.507365167E1,-9.449572861E-2,1.722001843E-2,3.684204444E-2,1.028752060E-1
1.508366667E1,-1.002635956E-1,1.179329492E-2,1.053347811E-2,1.015028303E-1
1.509368167E1,-1.078006625E-1,7.881511934E-3,-1.408250816E-2,1.090019179E-1
1.510369767E1,-1.156732365E-1,2.573831938E-3,-3.996577114E-2,1.224099062E-1
1.511371267E1,-1.234795451E-1,-3.682327457E-3,-6.705716997E-2,1.405610958E-1
1.512372767E1,-1.250018179E-1,-4.174745642E-3,-9.009591490E-2,1.541432998E-1
1.513374267E1,-1.308314800E-1,-9.108878672E-3,-1.151183546E-1,1.745052532E-1
1.514375767E1,-1.361636519E-1,-1.180959120E-2,-1.368801147E-1,1.934326041E-1
1.515377267E1,-1.401125342E-1,-1.271284465E-2,-1.595799327E-1,2.127413772E-1
1.516378767E1,-1.453626901E-1,-1.579811610E-2,-1.786252707E-1,2.308395102E-1
1.517380267E1,-1.491184384E-1,-1.647935621E-2,-1.982450187E-1,2.486140891E-1
1.518381767E1,-1.551124156E-1,-1.748496480E-2,-2.190933079E-1,2.690120127E-1
1.519383267E1,-1.561937034E-1,-1.544125564E-2,-2.324557453E-1,2.804827604E-1
1.520384867E1,-1.609189510E-1,-1.848631352E-2,-2.462152392E-1,2.947178254E-1
1.521386367E1,-1.620692909E-1,-1.537396573E-2,-2.594403923E-1,3.062876605E-1
1.522387867E1,-1.669844240E-1,-1.712179743E-2,-2.685593069E-1,3.167034182E-1
1.523389367E1,-1.696453393E-1,-1.396386232E-2,-2.750922441E-1,3.234969449E-1
1.524390867E1,-1.740925610E-1,-1.077632420E-2,-2.814154029E-1,3.310875684E-1
1.525392367E1,-1.765756905E-1,-9.589570574E-3,-2.829100192E-1,3.336300545E-1
1.526393867E1,-1.813464761E-1,-7.774360012E-3,-2.845859528E-1,3.375442927E-1
1.527395367E1,-1.873938739E-1,-3.028908744E-3,-2.811805010E-1,3.379173159E-1
1.528396867E1,-1.870098412E-1,-2.975112759E-3,-2.802148461E-1,3.369004185E-1
1.529398467E1,-1.924915314E-1,1.118418761E-3,-2.712913752E-1,3.326458338E-1
1.530399967E1,-1.948644072E-1,3.264126368E-3,-2.635990977E-1,3.278220188E-1
1.531401467E1,-1.957616806E-1,6.134623662E-3,-2.514970601E-1,3.187648670E-1
1.532402967E1,-1.982855648E-1,6.876580417E-3,-2.406992614E-1,3.119304201E-1
1.533404467E1,-1.998019069E-1,1.007654145E-2,-2.251348644E-1,3.011777646E-1
1.534405967E1,-2.019050121E-1,1.060278341E-2,-2.044820487E-1,2.875603610E-1
1.535407467E1,-2.035560161E-1,1.181710698E-2,-1.883458644E-1,2.775767648E-1
1.536408967E1,-2.079305202E-1,1.114385948E-2,-1.660592109E-1,2.663361567E-1
1.537410467E1,-2.080300748E-1,1.275343075E-2,-1.454042196E-1,2.541290009E-1
1.538412067E1,-2.083198279E-1,8.743243292E-3,-1.189989746E-1,2.400715538E-1
1.539413567E1,-2.104504108E-1,8.115528151E-3,-9.826200455E-2,2.324019336E-1
1.540415067E1,-2.115668058E-1,6.697129458E-3,-7.319766283E-2,2.239715668E-1
1.541416567E1,-2.102582306E-1,1.240713522E-3,-4.661624879E-2,2.153674477E-1
1.542418067E1,-2.121275067E-1,1.009818166E-3,-2.076467872E-2,2.131437795E-1
1.543419567E1,-2.107846737E-1,-2.627303824E-3,3.701026551E-3,2.108335338E-1
1.544421067E1,-2.110414058E-1,-8.168276399E-3,3.080881201E-2,2.134347174E-1
1.545422567E1,-2.085974365E-1,-1.311584469E-2,5.961963907E-2,2.173463073E-1
1.546424167E1,-2.085897177E-1,-2.061983384E-2,8.497533202E-2,2.261761591E-1
1.547425667E1,-2.036225945E-1,-2.646716684E-2,1.079694182E-1,2.319915239E-1
1.548427167E1,-2.011415958E-1,-3.191386163E-2,1.350452453E-1,2.443637748E-1
1.549428667E1,-2.003125101E-1,-3.667419776E-2,1.552918851E-1,2.560969896E-1
1.550430167E1,-1.957230866E-1,-4.385514557E-2,1.771111637E-1,2.675802024E-1
1.551431667E1,-1.922949404E-1,-4.866607487E-2,2.011168003E-1,2.824777837E-1
1.552433167E1,-1.832503229E-1,-5.764039233E-2,2.205142081E-1,2.924544608E-1
1.553434667E1,-1.806803346E-1,-6.259188801E-2,2.390816659E-1,3.061424027E-1
1.554436267E1,-1.751303077E-1,-6.895737350E-2,2.526989579E-1,3.150912683E-1
1.555437767E1,-1.673387438E-1,-7.569853216E-2,2.694754303E-1,3.261127573E-1
1.556439267E1,-1.565047503E-1,-8.051245660E-2,2.787456214E-1,3.296590875E-1
1.557440767E1,-1.494923681E-1,-8.739832789E-2,2.898344994E-1,3.376247515E-1
1.558442267E1,-1.435732394E-1,-8.839914203E-2,2.969062626E-1,3.414396172E-1
1.559443767E1,-1.353808045E-1,-9.288961440E-2,2.999026775E-1,3.419035810E-1
1.560445267E1,-1.256304383E-1,-9.777837992E-2,3.062433898E-1,3.451501593E-1
1.561446767E1,-1.115965620E-1,-9.772375971E-2,3.067712188E-1,3.407525591E-1
1.562448367E1,-1.040909737E-1,-9.785532206E-2,3.066114485E-1,3.382619920E-1
1.563449867E1,-9.194225818E-2,-9.998267889E-2,2.993564606E-1,3.287312054E-1
1.564451367E1,-7.957454026E-2,-9.767345339E-2,2.943356037E-1,3.201650489E-1
1.565452867E1,-6.848445535E-2,-9.558693320E-2,2.845107615E-1,3.078528152E-1
1.566454367E1,-5.580541119E-2,-9.455629438E-2,2.732096314E-1,2.944463269E-1
1.567455867E1,-4.207048193E-2,-9.255269915E-2,2.631116211E-1,2.820702975E-1
1.568457367E1,-3.052834049E-2,-8.820296079E-2,2.450165153E-1,2.621923619E-1
1.569458867E1,-1.920062862E-2,-8.441675454E-2,2.292428762E-1,2.450451976E-1
1.570460467E1,-4.613696598E-3,-7.548584789E-2,2.133131921E-1,2.263225958E-1
1.571461967E1,5.309559405E-3,-6.900694966E-2,1.900475919E-1,2.022578496E-1
1.572463467E1,2.302969992E-2,-6.424388289E-2,1.695154160E-1,1.827378446E-1
1.573464967E1,3.186020255E-2,-5.584075302E-2,1.460095197E-1,1.595369614E-1
1.574466467E1,4.796673357E-2,-4.979564622E-2,1.191925481E-1,1.377943302E-1
1.575467967E1,5.987361819E-2,-3.964779526E-2,9.301033616E-2,1.175062571E-1
1.576469467E1,7.196490467E-2,-3.434437513E-2,6.765731424E-2,1.045753115E-1
1.577471067E1,8.381307125E-2,-2.539500594E-2,3.939312324E-2,9.602788865E-2
1.578472567E1,9.502870589E-2,-1.973259263E-2,1.495435834E-2,9.820113538E-2
1.579474067E1,1.098244339E-1,-1.636342891E-2,-1.393747702E-2,1.119080934E-1
1.580475567E1,1.176003292E-1,-4.663096741E-3,-4.166364670E-2,1.248496751E-1
1.581477067E1,1.284081787E-1,2.191654406E-3,-6.982687861E-2,1.461822721E-1
1.582478567E1,1.381905079E-1,7.158716209E-3,-9.471172094E-2,1.676847452E-1
1.583480067E1,1.497594714E-1,1.442984678E-2,-1.218180656E-1,1.935865720E-1
1.584481667E1,1.595284790E-1,2.108588442E-2,-1.439255029E-1,2.158900195E-1
1.585483167E1,1.699700803E-1,2.435745299E-2,-1.718726307E-1,2.429471442E-1
1.586484667E1,1.788219064E-1,2.910134196E-2,-1.919675022E-1,2.639615204E-1
1.587486167E1,1.872965842E-1,3.084669635E-2,-2.152535468E-1,2.869941089E-1
1.588487667E1,1.931084096E-1,3.435594216E-2,-2.364480495E-1,3.072114398E-1
1.589489167E1,1.983091682E-1,3.715300187E-2,-2.554909289E-1,3.255495147E-1
1.590490667E1,2.054655999E-1,3.914957494E-2,-2.700264454E-1,3.415597798E-1
1.591492167E1,2.122395486E-1,3.555980325E-2,-2.842297554E-1,3.565062123E-1
1.592493767E1,2.177147418E-1,3.743121028E-2,-2.977205515E-1,3.707267607E-1
1.593495267E1,2.206780612E-1,3.915234283E-2,-3.076759279E-1,3.806523207E-1
1.594496767E1,2.267213017E-1,3.586919978E-2,-3.124594986E-1,3.877113442E-1
1.595498267E1,2.311208844E-1,3.438737616E-2,-3.185266256E-1,3.950424864E-1
1.596499767E1,2.340485007E-1,3.266298026E-2,-3.224401474E-1,3.997664563E-1
1.597501267E1,2.345141023E-1,3.304317221E-2,-3.203923702E-1,3.984218698E-1
1.598502767E1,2.384976596E-1,2.747503296E-2,-3.208837211E-1,4.007522595E-1
1.599504367E1,2.402079105E-1,2.559177950E-2,-3.132735789E-1,3.955946343E-1
1.600505867E1,2.418659925E-1,2.128305286E-2,-3.077104986E-1,3.919666792E-1
1.601507367E1,2.415235043E-1,1.798639633E-2,-2.955401838E-1,3.821009210E-1
1.602508867E1,2.416510582E-1,1.381189190E-2,-2.832899094E-1,3.726112921E-1
1.603510367E1,2.408364713E-1,9.113365784E-3,-2.682064176E-1,3.605827808E-1
1.604511867E1,2.415264994E-1,8.588723838E-3,-2.498209924E-1,3.475907713E-1
1.605513467E1,2.382905930E-1,6.033340469E-3,-2.335149199E-1,3.336885160E-1
1.606514967E1,2.360333055E-1,2.599727362E-3,-2.115494460E-1,3.169726297E-1
1.607516467E1,2.348998040E-1,1.712203957E-3,-1.907670200E-1,3.026101543E-1
1.608517967E1,2.324097455E-1,-1.599984244E-4,-1.665652692E-1,2.859340908E-1
1.609519467E1,2.271912247E-1,5.708727986E-5,-1.390034705E-1,2.663415489E-1
1.610520967E1,2.238289863E-1,1.354312524E-3,-1.143660396E-1,2.513579923E-1
1.611522467E1,2.191935331E-1,-9.303810075E-4,-8.813018352E-2,2.362490207E-1
1.612524067E1,2.130320370E-1,6.858911365E-4,-6.058431417E-2,2.214804243E-1
1.613525567E1,2.092424780E-1,4.608489573E-3,-3.363951668E-2,2.119794091E-1
1.614527067E1,2.051739693E-1,6.245534867E-3,-4.169771913E-3,2.053113523E-1
1.615528567E1,1.995392889E-1,7.318909280E-3,2.019241452E-2,2.006918729E-1
1.616530067E1,1.931010932E-1,1.305642258E-2,5.026349798E-2,1.999623004E-1
1.617531567E1,1.870266199E-1,1.394310035E-2,7.516288757E-2,2.020465943E-1
1.618533067E1,1.783766598E-1,1.740707457E-2,1.039330214E-1,2.071794197E-1
1.619534667E1,1.714024246E-1,2.302007750E-2,1.270989180E-1,2.146225759E-1
1.620536167E1,1.636201292E-1,2.759938315E-2,1.531286389E-1,2.257911705E-1
1.621537667E1,1.550465524E-1,3.174177185E-2,1.754442304E-1,2.362787580E-1
1.622539167E1,1.469215006E-1,3.540362045E-2,1.935284287E-1,2.455455077E-1
1.623540667E1,1.400060654E-1,3.952705860E-2,2.161186337E-1,2.605213054E-1
1.624542167E1,1.305142939E-1,4.690241814E-2,2.334310412E-1,2.715213965E-1
1.625543767E1,1.231895313E-1,4.850058258E-2,2.471444607E-1,2.803718095E-1
1.626545267E1,1.140511632E-1,5.463358015E-2,2.630038559E-1,2.918279016E-1
1.627546767E1,1.034175083E-1,6.036150083E-2,2.736011446E-1,2.986574595E-1
1.628548267E1,9.499765933E-2,6.459645927E-2,2.844023705E-1,3.067278373E-1
1.629549767E1,8.602137864E-2,6.605461985E-2,2.904660404E-1,3.100538840E-1
1.630551267E1,7.537006587E-2,6.727008522E-2,2.948842347E-1,3.117091963E-1
1.631552867E1,6.305073202E-2,6.873926520E-2,2.956553102E-1,3.100202313E-1
1.632554367E1,5.404445529E-2,7.091693580E-2,2.970750332E-1,3.101670361E-1
1.633555867E1,4.627218470E-2,7.191117108E-2,2.962605953E-1,3.083547826E-1
1.634557367E1,3.876553476E-2,7.172155380E-2,2.874346077E-1,2.987731609E-1
1.635558867E1,2.662980929E-2,7.044114172E-2,2.809681594E-1,2.908852141E-1
1.636560367E1,1.940092444E-2,6.929918379E-2,2.720524073E-1,2.814094615E-1
1.637561967E1,9.971469641E-3,6.764082611E-2,2.595118582E-1,2.683675020E-1
1.638563467E1,-3.314774483E-3,6.721206009E-2,2.434910685E-1,2.526189803E-1
1.639564967E1,-1.064231340E-2,6.391575187E-2,2.279220819E-1,2.369534925E-1
1.640566467E1,-1.899877936E-2,6.000543386E-2,2.090434581E-1,2.183134744E-1
1.641567967E1,-2.687602676E-2,5.339584500E-2,1.889324784E-1,1.981638678E-1
1.642569467E1,-3.529108316E-2,4.885036498E-2,1.674327850E-1,1.779481841E-1
1.643571067E1,-4.547904059E-2,4.512802511E-2,1.456955522E-1,1.591605344E-1
1.644572567E1,-5.285519734E-2,4.094260186E-2,1.223984957E-1,1.394681336E-1
1.645574067E1,-6.055944040E-2,3.555514663E-2,9.956819564E-2,1.218418641E-1
1.646575567E1,-6.587244570E-2,2.912787162E-2,7.231340557E-2,1.020629249E-1
1.647577067E1,-7.416584343E-2,2.599070407E-2,4.473899305E-2,9.043045133E-2
1.648578567E1,-8.083440363E-2,1.911229081E-2,2.122540772E-2,8.573213169E-2
1.649580167E1,-8.623591810E-2,1.153966878E-2,-8.730174042E-3,8.744148595E-2
1.650581667E1,-9.203734994E-2,5.608276464E-3,-3.577217832E-2,9.890386894E-2
1.651583167E1,-9.812948853E-2,1.982695423E-3,-6.063599885E-2,1.153691985E-1
1.652584667E1,-1.046795323E-1,-3.832569346E-4,-8.760076761E-2,1.364985196E-1
1.653586167E1,-1.091930047E-1,-4.570850171E-3,-1.118685156E-1,1.563923583E-1
1.654587667E1,-1.168850139E-1,-1.101756375E-2,-1.375099719E-1,1.808106345E-1
1.655589267E1,-1.208961904E-1,-1.149719022E-2,-1.600482762E-1,2.009067568E-1
1.656590767E1,-1.265719235E-1,-1.604453661E-2,-1.820270866E-1,2.222875148E-1
1.657592267E1,-1.325019598E-1,-1.700628735E-2,-2.035485506E-1,2.434707285E-1
1.658593767E1,-1.364194602E-1,-2.006199770E-2,-2.227968127E-1,2.620136878E-1
1.659595267E1,-1.395387650E-1,-1.647111028E-2,-2.378883064E-1,2.762846552E-1
1.660596767E1,-1.433167309E-1,-1.795608923E-2,-2.537517250E-1,2.919795274E-1
1.661598367E1,-1.483573318E-1,-1.821198128E-2,-2.644824088E-1,3.037968379E-1
1.662599867E1,-1.521835029E-1,-1.552964468E-2,-2.783055604E-1,3.175767204E-1
1.663601367E1,-1.554628462E-1,-1.430769730E-2,-2.862474322E-1,3.260536753E-1
1.664602867E1,-1.594317555E-1,-1.589174569E-2,-2.922539115E-1,3.332917356E-1
1.665604367E1,-1.628360301E-1,-1.137780678E-2,-2.962727845E-1,3.382640832E-1
1.666605967E1,-1.685226709E-1,-1.075143181E-2,-2.949348092E-1,3.398558894E-1
1.667607467E1,-1.705321223E-1,-6.138014607E-3,-2.967388332E-1,3.423051491E-1
1.668608967E1,-1.753045022E-1,-5.619231611E-3,-2.928420901E-1,3.413498704E-1
1.669610467E1,-1.783313453E-1,-2.979131415E-3,-2.860538065E-1,3.371019492E-1
1.670611967E1,-1.830752343E-1,-9.002685547E-4,-2.790645957E-1,3.337579969E-1
1.671613467E1,-1.896550953E-1,2.299170010E-3,-2.666424811E-1,3.272194280E-1
1.672615067E1,-1.885594577E-1,3.803589381E-3,-2.517908216E-1,3.145914083E-1
1.673616567E1,-1.910759211E-1,8.423012681E-3,-2.363752574E-1,3.040628505E-1
1.674618067E1,-1.948173940E-1,9.781756438E-3,-2.199052125E-1,2.939520408E-1
1.675619567E1,-1.984380186E-1,7.478692569E-3,-2.029566318E-1,2.839453688E-1
1.676621067E1,-2.021379471E-1,1.123508159E-2,-1.824287176E-1,2.725182814E-1
1.677622667E1,-2.066296637E-1,1.244743913E-2,-1.607269496E-1,2.620761511E-1
1.678624167E1,-2.056003511E-1,1.079175062E-2,-1.353952289E-1,2.464139490E-1
1.679625667E1,-2.100337148E-1,1.041597873E-2,-1.090291440E-1,2.368755120E-1
1.680627167E1,-2.096251845E-1,5.510702729E-3,-8.547054976E-2,2.264471256E-1
1.681628667E1,-2.128212452E-1,6.312847137E-3,-5.912230164E-2,2.209709958E-1
1.682630267E1,-2.141970247E-1,4.033446312E-3,-3.287365288E-2,2.167424996E-1
1.683631767E1,-2.132838517E-1,-3.675123677E-3,-2.421438694E-3,2.133292556E-1
1.684633267E1,-2.140902579E-1,-6.749743596E-3,2.498994395E-2,2.156494722E-1
1.685634767E1,-2.140427977E-1,-1.009563450E-2,5.085689202E-2,2.202332049E-1
1.686636267E1,-2.141008526E-1,-1.716073416E-2,7.699448615E-2,2.281705870E-1
1.687637767E1,-2.138803452E-1,-2.084122226E-2,1.043885648E-1,2.389061135E-1
1.688639367E1,-2.094621658E-1,-2.918437496E-2,1.296158880E-1,2.480451674E-1
1.689640867E1,-2.094327211E-1,-3.312649205E-2,1.566825062E-1,2.636452862E-1
1.690642367E1,-2.050198615E-1,-4.022355005E-2,1.799058020E-1,2.757121237E-1
1.691643867E1,-2.011656463E-1,-4.660203308E-2,2.004586756E-1,2.877899362E-1
1.692645367E1,-1.987355202E-1,-5.206630751E-2,2.218816727E-1,3.023874734E-1
1.693646967E1,-1.922877729E-1,-5.774836987E-2,2.391075343E-1,3.122208750E-1
1.694648467E1,-1.884429753E-1,-6.504303217E-2,2.568165064E-1,3.251093184E-1
1.695649967E1,-1.826510876E-1,-7.177249342E-2,2.698719800E-1,3.336818787E-1
1.696651467E1,-1.761846691E-1,-7.672410458E-2,2.868618965E-1,3.452786897E-1
1.697652967E1,-1.698031276E-1,-8.173497021E-2,2.956602871E-1,3.506119121E-1
1.698654567E1,-1.617151052E-1,-8.754625171E-2,3.040431142E-1,3.553284913E-1
1.699656067E1,-1.530112028E-1,-9.029068798E-2,3.137538731E-1,3.605639048E-1
1.700657567E1,-1.468630284E-1,-9.545109421E-2,3.148066103E-1,3.602538861E-1
1.701659067E1,-1.355860084E-1,-9.576003999E-2,3.152042925E-1,3.562405044E-1
1.702660567E1,-1.217950955E-1,-1.007492021E-1,3.179979324E-1,3.551156601E-1
1.703662167E1,-1.145664975E-1,-1.005415320E-1,3.129172027E-1,3.480678925E-1
1.704663667E1,-1.009223238E-1,-1.007396728E-1,3.085831702E-1,3.399373031E-1
1.705665167E1,-9.315788001E-2,-9.860899299E-2,2.995080650E-1,3.287966014E-1
1.706666667E1,-8.028176427E-2,-9.847716987E-2,2.894104123E-1,3.160716713E-1
1.707668137E1,-6.788361073E-2,-9.588497132E-2,2.735666037E-1,2.977260468E-1
1.708669737E1,-5.574998260E-2,-9.112963080E-2,2.602697015E-1,2.813414077E-1
1.709671238E1,-4.296233132E-2,-8.663631231E-2,2.440475374E-1,2.625086914E-1
1.710672738E1,-2.721026540E-2,-8.277259767E-2,2.246072590E-1,2.409151765E-1
1.711674238E1,-1.639712974E-2,-7.665072381E-2,2.049759626E-1,2.194523743E-1
1.712675738E1,-3.590254113E-3,-7.198593020E-2,1.833412349E-1,1.969996764E-1
1.713677338E1,1.169253606E-2,-6.203839555E-2,1.593961567E-1,1.714427388E-1
1.714678838E1,2.384933271E-2,-5.675734580E-2,1.359065324E-1,1.492004441E-1
1.715680338E1,3.520485759E-2,-5.202967674E-2,1.082940847E-1,1.251961582E-1
1.716681838E1,4.889456928E-2,-4.427907988E-2,8.205688745E-2,1.052836578E-1
1.717683338E1,6.040637195E-2,-3.476460651E-2,5.317778513E-2,8.766632460E-2
1.718684938E1,7.185183465E-2,-2.732213587E-2,2.447742969E-2,8.067422027E-2
1.719686438E1,8.428059518E-2,-1.785559021E-2,3.576087765E-4,8.615200932E-2
1.720687938E1,9.720838070E-2,-1.165202353E-2,-3.181284294E-2,1.029431683E-1
1.721689438E1,1.095772311E-1,-3.687012941E-3,-5.842954665E-2,1.242367722E-1
1.722690938E1,1.171073243E-1,1.097355969E-3,-8.417618275E-2,1.442253769E-1
1.723692538E1,1.309442818E-1,8.997987956E-3,-1.149565578E-1,1.744774452E-1
1.724694038E1,1.378029883E-1,1.649292186E-2,-1.382309794E-1,1.958813001E-1
1.725695538E1,1.496476382E-1,2.227287740E-2,-1.660933346E-1,2.246719664E-1
1.726697037E1,1.566706598E-1,2.464921772E-2,-1.911012083E-1,2.483403942E-1
1.727698637E1,1.666192859E-1,3.041170537E-2,-2.127417624E-1,2.719299832E-1
1.728700138E1,1.744971871E-1,3.434359655E-2,-2.317663282E-1,2.921376077E-1
1.729701637E1,1.819587648E-1,3.566578403E-2,-2.515346110E-1,3.124911211E-1
1.730703138E1,1.893367916E-1,3.871350363E-2,-2.712137699E-1,3.330226194E-1
1.731704637E1,1.960304826E-1,3.977960348E-2,-2.851629257E-1,3.483220653E-1
1.732706237E1,2.011844963E-1,3.808183968E-2,-2.972672880E-1,3.609615888E-1
1.733707738E1,2.063574493E-1,3.997514397E-2,-3.088571131E-1,3.735962063E-1
1.734709237E1,2.135213614E-1,3.924756870E-2,-3.174476624E-1,3.845838813E-1
1.735710738E1,2.184043229E-1,3.674955666E-2,-3.223644197E-1,3.911135350E-1
1.736712237E1,2.223338187E-1,3.513594717E-2,-3.274124563E-1,3.973232667E-1
1.737713837E1,2.247957587E-1,3.441672772E-2,-3.271304965E-1,3.984118548E-1
1.738715338E1,2.257835269E-1,3.266090527E-2,-3.243922591E-1,3.965794669E-1
1.739716837E1,2.313300669E-1,2.690402046E-2,-3.177620769E-1,3.939672114E-1
1.740718338E1,2.327045351E-1,2.658550814E-2,-3.135758340E-1,3.913923781E-1
1.741719938E1,2.374787927E-1,2.162040211E-2,-3.046453297E-1,3.868751681E-1
1.742721437E1,2.340172082E-1,1.727678813E-2,-2.930051684E-1,3.753858946E-1
1.743722938E1,2.339715511E-1,1.426172443E-2,-2.795278728E-1,3.648039407E-1
1.744724437E1,2.339214832E-1,1.190855540E-2,-2.620442212E-1,3.514658558E-1
1.745725938E1,2.356638461E-1,9.116062894E-3,-2.446131408E-1,3.397883748E-1
1.746727538E1,2.328542173E-1,6.232392043E-3,-2.251046896E-1,3.239321696E-1
1.747729037E1,2.317071259E-1,4.663197324E-3,-2.029878497E-1,3.080811658E-1
1.748730538E1,2.312930077E-1,5.551893264E-3,-1.785125881E-1,2.922225574E-1
1.749732037E1,2.288230807E-1,-2.162717283E-4,-1.518702656E-1,2.746354431E-1
1.750733637E1,2.260472625E-1,-1.340924762E-3,-1.248706132E-1,2.582476196E-1
1.751735138E1,2.206857353E-1,-7.020728663E-4,-1.027093679E-1,2.434171336E-1
1.752736637E1,2.176172286E-1,7.000826299E-4,-7.263695449E-2,2.294207390E-1
1.753738138E1,2.155949175E-1,1.935387030E-3,-4.330876842E-2,2.199103536E-1
1.754739637E1,2.098089308E-1,2.532999963E-3,-1.712003909E-2,2.105214936E-1
1.755741237E1,2.045235634E-1,7.253736258E-3,1.122615207E-2,2.049598282E-1
1.756742738E1,1.995778084E-1,6.744539365E-3,4.181628302E-2,2.040230181E-1
1.757744237E1,1.949532032E-1,1.004989631E-2,6.781077385E-2,2.066544287E-1
1.758745738E1,1.872582734E-1,1.411973871E-2,9.401601553E-2,2.100096168E-1
1.759747338E1,1.837690920E-1,1.849658042E-2,1.220530495E-1,2.213823605E-1
1.760748837E1,1.752626747E-1,2.275284380E-2,1.440526247E-1,2.280040695E-1
1.761750338E1,1.678501368E-1,2.588280477E-2,1.710022241E-1,2.410090219E-1
1.762751837E1,1.584289372E-1,3.091777675E-2,1.912302673E-1,2.502491802E-1
1.763753437E1,1.525580883E-1,3.623764217E-2,2.165330350E-1,2.673456420E-1
1.764754938E1,1.430300921E-1,4.127154872E-2,2.315777540E-1,2.752983911E-1
1.765756437E1,1.359592229E-1,4.594977573E-2,2.505588233E-1,2.887490539E-1
1.766757938E1,1.269084662E-1,5.202205107E-2,2.618455589E-1,2.955928776E-1
1.767759437E1,1.208640635E-1,5.397260934E-2,2.763107419E-1,3.063801405E-1
1.768761037E1,1.102857217E-1,5.869146436E-2,2.851497531E-1,3.113165754E-1
1.769762538E1,9.868790954E-2,6.175003573E-2,2.925893664E-1,3.148982498E-1
1.770764037E1,9.093864262E-2,6.615011394E-2,2.986435294E-1,3.191138229E-1
1.771765538E1,7.905483246E-2,6.937234104E-2,2.995835543E-1,3.175098333E-1
1.772767138E1,7.176949084E-2,7.070925087E-2,3.016546965E-1,3.180349256E-1
1.773768637E1,6.427434087E-2,7.145630568E-2,3.013044596E-1,3.162618723E-1
1.774770138E1,5.661749467E-2,7.024163753E-2,2.948015630E-1,3.082975671E-1
1.775771637E1,4.673150182E-2,7.139261067E-2,2.894849181E-1,3.017983697E-1
1.776773237E1,3.717661276E-2,7.406030595E-2,2.731719911E-1,2.854644745E-1
1.777774738E1,2.740653977E-2,7.084587216E-2,2.656171322E-1,2.762656637E-1
1.778776237E1,1.841331087E-2,6.766073406E-2,2.536893487E-1,2.632020338E-1
1.779777738E1,8.615065366E-3,6.520161778E-2,2.365766615E-1,2.455483396E-1
1.780779338E1,1.994760532E-4,6.287588179E-2,2.194666564E-1,2.282959255E-1
1.781780837E1,-5.741316825E-3,6.081065536E-2,1.987316757E-1,2.079066557E-1
1.782782338E1,-1.465118770E-2,5.531734973E-2,1.769089401E-1,1.859339656E-1
1.783783837E1,-2.367476374E-2,5.132241920E-2,1.552081108E-1,1.651788207E-1
1.784785437E1,-3.193216398E-2,4.491166025E-2,1.288356334E-1,1.401261601E-1
1.785786938E1,-3.641534969E-2,4.007422179E-2,1.071493626E-1,1.200541829E-1
1.786788437E1,-4.590179771E-2,3.558706120E-2,8.184906840E-2,1.003627618E-1
1.787789938E1,-5.347502977E-2,3.049722686E-2,5.558417365E-2,8.294130464E-2
1.788791538E1,-6.131777167E-2,2.417275310E-2,2.917147055E-2,7.207749863E-2
1.789793037E1,-7.029781491E-2,1.930831373E-2,2.111196984E-3,7.293182373E-2
1.790794538E1,-7.356790453E-2,1.279235538E-2,-2.826028876E-2,7.984062158E-2
1.791796037E1,-7.865344733E-2,1.013103034E-2,-5.130559579E-2,9.445245741E-2
1.792797637E1,-8.368548751E-2,3.103214316E-3,-7.983364165E-2,1.156991837E-1
1.793799138E1,-9.116335958E-2,2.455966547E-3,-1.061561778E-1,1.399497195E-1
1.794800637E1,-9.707690775E-2,-6.145777181E-3,-1.278963685E-1,1.606834704E-1
1.795802138E1,-1.025126874E-1,-8.995892480E-3,-1.547349095E-1,1.858296785E-1
1.796803738E1,-1.057532206E-1,-9.496832266E-3,-1.762242168E-1,2.057399040E-1
1.797805238E1,-1.139462665E-1,-1.178557612E-2,-2.001796216E-1,2.306393989E-1
1.798806738E1,-1.171109006E-1,-1.666235551E-2,-2.191474438E-1,2.490345342E-1
1.799808238E1,-1.234261617E-1,-1.663600281E-2,-2.368232757E-1,2.675743596E-1
1.800809838E1,-1.279585958E-1,-1.638326794E-2,-2.519337833E-1,2.830414190E-1
1.801811338E1,-1.311074197E-1,-2.004430443E-2,-2.642081380E-1,2.956296160E-1
1.802812838E1,-1.361466497E-1,-1.962991618E-2,-2.773276567E-1,3.095672351E-1
1.803814338E1,-1.400991678E-1,-1.619888842E-2,-2.885502577E-1,3.211719664E-1
1.804815938E1,-1.442995071E-1,-1.529873908E-2,-2.950664759E-1,3.288170074E-1
1.805817438E1,-1.495944709E-1,-1.499419287E-2,-2.975974381E-1,3.334180060E-1
1.806818938E1,-1.547335684E-1,-1.289828494E-2,-2.991806865E-1,3.370725829E-1
1.807820450E1,-1.596401781E-1,-8.850190789E-3,-3.034497797E-1,3.429942874E-1
1.808822050E1,-1.610758901E-1,-6.005669013E-3,-2.982387841E-1,3.390101514E-1
1.809823550E1,-1.663524061E-1,-5.514848046E-3,-2.949156761E-1,3.386425735E-1
1.810825050E1,-1.717309356E-1,-1.266040839E-3,-2.834393084E-1,3.314075416E-1
1.811826550E1,-1.742873341E-1,3.882599995E-4,-2.753120661E-1,3.258419238E-1
1.812828150E1,-1.796842366E-1,2.758205868E-3,-2.611882389E-1,3.170383710E-1
1.813829650E1,-1.817966104E-1,3.562891856E-3,-2.475748658E-1,3.071742436E-1
1.814831150E1,-1.852765679E-1,5.572779104E-3,-2.339977920E-1,2.985187250E-1
1.815832650E1,-1.914735138E-1,7.359168492E-3,-2.110184133E-1,2.850351463E-1
1.816834250E1,-1.929363906E-1,9.033496492E-3,-1.917464435E-1,2.721631009E-1
1.817835750E1,-1.974728256E-1,1.209791284E-2,-1.691323370E-1,2.602837371E-1
1.818837250E1,-2.021248341E-1,9.245666675E-3,-1.497274935E-1,2.517106538E-1
1.819838750E1,-2.050234973E-1,8.703770116E-3,-1.223603711E-1,2.389193389E-1
1.820840350E1,-2.079034448E-1,7.558878511E-3,-9.794504941E-2,2.299439316E-1
1.821841850E1,-2.073588967E-1,5.303864367E-3,-6.879715621E-2,2.185380785E-1
1.822843350E1,-2.109805346E-1,4.153911956E-3,-4.400285706E-2,2.155604147E-1
1.823844950E1,-2.148635089E-1,1.465067267E-3,-1.560650766E-2,2.154345306E-1
1.824846450E1,-2.146707028E-1,-2.168016508E-3,1.233324874E-2,2.150356249E-1
1.825847950E1,-2.161662877E-1,-7.798938081E-3,4.214090481E-2,2.203736446E-1
1.826849450E1,-2.152464241E-1,-1.221525855E-2,6.747023761E-2,2.259036710E-1
1.827851050E1,-2.145743817E-1,-1.910636760E-2,9.715479612E-2,2.363181605E-1
1.828852550E1,-2.139581293E-1,-2.082623728E-2,1.222676039E-1,2.473078652E-1
1.829854050E1,-2.149938792E-1,-2.677899972E-2,1.467902809E-1,2.616999608E-1
1.830855550E1,-2.123411000E-1,-3.421241418E-2,1.736224294E-1,2.764126987E-1
1.831857150E1,-2.101424932E-1,-4.152256250E-2,1.946963072E-1,2.894661339E-1
1.832858650E1,-2.097443491E-1,-4.668243229E-2,2.163315564E-1,3.049119279E-1
1.833860150E1,-2.048966736E-1,-5.290447548E-2,2.370530069E-1,3.177666729E-1
1.834861750E1,-2.015464157E-1,-6.105321646E-2,2.544642091E-1,3.303036279E-1
1.835863250E1,-1.923738271E-1,-6.747880578E-2,2.723262012E-1,3.401803028E-1
1.836864750E1,-1.903250515E-1,-7.063172758E-2,2.852295041E-1,3.500976095E-1
1.837866250E1,-1.844963729E-1,-7.904966921E-2,2.966778576E-1,3.581975894E-1
1.838867850E1,-1.760733277E-1,-8.407878131E-2,3.083499670E-1,3.648982877E-1
1.839869350E1,-1.681953371E-1,-8.703416586E-2,3.132608533E-1,3.660559788E-1
1.840870850E1,-1.622871161E-1,-9.213945270E-2,3.182729185E-1,3.689504539E-1
1.841872350E1,-1.518559158E-1,-9.553533047E-2,3.192115128E-1,3.661737408E-1
1.842873950E1,-1.436158270E-1,-9.812738746E-2,3.214440346E-1,3.654870138E-1
1.843875450E1,-1.343531311E-1,-9.939892590E-2,3.190287352E-1,3.601530843E-1
1.844876950E1,-1.218394786E-1,-1.012106687E-1,3.133428991E-1,3.511014532E-1
1.845878550E1,-1.151464134E-1,-9.854225814E-2,3.062779009E-1,3.417241955E-1
1.846880050E1,-1.021003872E-1,-9.863919020E-2,2.963185012E-1,3.285708951E-1
1.847881550E1,-9.069021046E-2,-9.881594032E-2,2.816824615E-1,3.119844763E-1
1.848883050E1,-7.693392038E-2,-9.453944117E-2,2.702351213E-1,2.964516062E-1
1.849884650E1,-6.417652965E-2,-9.202951193E-2,2.528775632E-1,2.766498148E-1
1.850886150E1,-5.331296101E-2,-8.573406190E-2,2.369920909E-1,2.576001792E-1
1.851887650E1,-4.204685614E-2,-8.402618766E-2,2.160748094E-1,2.356197394E-1
1.852889250E1,-2.839283086E-2,-7.855632156E-2,1.936011910E-1,2.108522461E-1
1.853890750E1,-1.497289725E-2,-7.157911360E-2,1.690196842E-1,1.841613716E-1
1.854892250E1,-3.985759802E-3,-6.428764015E-2,1.464954615E-1,1.600303321E-1
1.855893750E1,1.128906757E-2,-5.585730448E-2,1.186179519E-1,1.315967325E-1
1.856895350E1,2.178139053E-2,-4.883534834E-2,9.293176234E-2,1.072176882E-1
1.857896850E1,3.540305793E-2,-4.001530632E-2,6.580276787E-2,8.476205230E-2
1.858898350E1,4.772603884E-2,-3.467460349E-2,3.846275806E-2,7.042362295E-2
1.859899950E1,5.794338509E-2,-2.760889009E-2,9.543127380E-3,6.489035343E-2
1.860901450E1,7.381583005E-2,-1.891340129E-2,-1.923792064E-2,7.859129154E-2
1.861902950E1,8.213092387E-2,-1.110065635E-2,-4.670152813E-2,9.513015272E-2
1.862904550E1,9.675620496E-2,-6.171145476E-3,-7.426897436E-2,1.221299586E-1
1.863906050E1,1.089680493E-1,1.949847676E-3,-1.020766273E-1,1.493233924E-1
1.864907550E1,1.176693961E-1,8.802694269E-3,-1.267891526E-1,1.732023771E-1
1.865909050E1,1.263140142E-1,1.410552114E-2,-1.518432647E-1,1.980165976E-1
1.866910650E1,1.366553307E-1,1.882171445E-2,-1.792658418E-1,2.261972113E-1
1.867912150E1,1.466632187E-1,2.700693719E-2,-2.015588880E-1,2.507298540E-1
1.868913650E1,1.562732458E-1,2.997822873E-2,-2.238386273E-1,2.746338520E-1
1.869915250E1,1.624682844E-1,3.223216534E-2,-2.406810820E-1,2.921681693E-1
1.870916750E1,1.732271910E-1,3.334084153E-2,-2.612963319E-1,3.152697963E-1
1.871918250E1,1.819063723E-1,3.652569279E-2,-2.765857577E-1,3.330521519E-1
1.872919750E1,1.867250949E-1,3.845861554E-2,-2.914001048E-1,3.482231285E-1
1.873921350E1,1.934425384E-1,4.113884643E-2,-3.032299876E-1,3.620232668E-1
1.874922850E1,1.981203705E-1,3.985973075E-2,-3.127859533E-1,3.723916378E-1
1.875924350E1,2.033821195E-1,3.794360906E-2,-3.201610148E-1,3.811916571E-1
1.876925950E1,2.076093554E-1,3.387669846E-2,-3.218452036E-1,3.844913657E-1
1.877927450E1,2.140717655E-1,3.305532783E-2,-3.266782165E-1,3.919668769E-1
1.878928950E1,2.164252102E-1,3.140922636E-2,-3.242267668E-1,3.910874678E-1
1.879930550E1,2.212310582E-1,2.953825146E-2,-3.193993866E-1,3.896558194E-1
1.880932050E1,2.196214497E-1,2.715152875E-2,-3.153772354E-1,3.852707974E-1
1.881933550E1,2.254026830E-1,2.380353212E-2,-3.064994514E-1,3.812019037E-1
1.882935050E1,2.286293656E-1,1.983409002E-2,-2.948161662E-1,3.736058749E-1
1.883936650E1,2.275416404E-1,1.912212372E-2,-2.809910476E-1,3.620729520E-1
1.884938150E1,2.290116996E-1,1.511726063E-2,-2.663601935E-1,3.516001177E-1
1.885939650E1,2.299522460E-1,1.188343763E-2,-2.525996864E-1,3.417979711E-1
1.886941250E1,2.298220098E-1,8.896702901E-3,-2.316821516E-1,3.264566232E-1
1.887942750E1,2.320023775E-1,8.615290746E-3,-2.099857032E-1,3.130388506E-1
1.888944250E1,2.265359759E-1,2.615720034E-3,-1.892298311E-1,2.951835350E-1
1.889945850E1,2.267214805E-1,3.166007809E-3,-1.608384848E-1,2.779958120E-1
1.890947350E1,2.237283438E-1,2.062925138E-3,-1.416850388E-1,2.648268825E-1
1.891948850E1,2.228658795E-1,1.098406501E-3,-1.116238907E-1,2.492595028E-1
1.892950450E1,2.194016427E-1,2.808310091E-5,-8.460132778E-2,2.351477541E-1
1.893951950E1,2.185012698E-1,-1.086520031E-3,-5.700738728E-2,2.258181296E-1
1.894953450E1,2.104047239E-1,3.767091781E-3,-2.895178832E-2,2.124206790E-1
1.895955050E1,2.082798779E-1,3.400211222E-3,-3.748550778E-3,2.083413560E-1
1.896956550E1,2.058135122E-1,7.009592839E-3,2.683093026E-2,2.076733854E-1
1.897958050E1,2.008693665E-1,5.617824383E-3,5.486016721E-2,2.083019450E-1
1.898959550E1,1.943014711E-1,9.631740861E-3,8.289340138E-2,2.114642951E-1
1.899961150E1,1.865982562E-1,1.537119318E-2,1.072187275E-1,2.157568964E-1
1.900962650E1,1.805491447E-1,1.930627972E-2,1.325232834E-1,2.247957890E-1
1.901964150E1,1.735562831E-1,2.231433243E-2,1.557971239E-1,2.342913926E-1
1.902965750E1,1.693303734E-1,2.730057016E-2,1.799740940E-1,2.486136984E-1
1.903967250E1,1.604581177E-1,3.119547293E-2,2.029987872E-1,2.606309127E-1
1.904968750E1,1.517780721E-1,3.466929868E-2,2.200472802E-1,2.695539815E-1
1.905970350E1,1.494176984E-1,3.958357498E-2,2.408779562E-1,2.862074383E-1
1.906971850E1,1.406556368E-1,4.591710493E-2,2.531407475E-1,2.932108913E-1
1.907973450E1,1.315194368E-1,4.929476604E-2,2.675250173E-1,3.021538864E-1
1.908975050E1,1.270160377E-1,5.422614142E-2,2.797590494E-1,3.119914646E-1
1.909976550E1,1.179814339E-1,5.672408640E-2,2.855203748E-1,3.141005016E-1
1.910978050E1,1.085911319E-1,6.053267419E-2,2.948217392E-1,3.199626486E-1
1.911979650E1,9.806732088E-2,6.656365842E-2,2.964282334E-1,3.192453877E-1
1.912981150E1,9.164803475E-2,6.854611635E-2,2.989917994E-1,3.201468857E-1
1.913982650E1,8.347142488E-2,6.950362027E-2,2.967500687E-1,3.160044861E-1
1.914984250E1,7.296339422E-2,7.055583596E-2,2.925896943E-1,3.096942235E-1
1.915985750E1,6.325083971E-2,7.025475055E-2,2.887043059E-1,3.037870552E-1
1.916987250E1,5.796099827E-2,7.145636529E-2,2.793696821E-1,2.941307681E-1
1.917988850E1,4.685534909E-2,7.055621594E-2,2.680387199E-1,2.811020432E-1
1.918990350E1,4.052688181E-2,7.006219774E-2,2.576896846E-1,2.701020423E-1
1.919991850E1,3.180178255E-2,6.969456375E-2,2.435633689E-1,2.553268499E-1
1.920993450E1,2.098987997E-2,6.717415154E-2,2.247558683E-1,2.355167553E-1
1.921994950E1,1.115250401E-2,6.278346479E-2,2.045101970E-1,2.142208265E-1
1.922996450E1,4.379552789E-3,5.891948566E-2,1.847897619E-1,1.940050061E-1
1.923998050E1,-5.446035648E-4,5.716144294E-2,1.651127338E-1,1.747281947E-1
1.924999550E1,-9.097611532E-3,5.166201293E-2,1.431997120E-1,1.525053692E-1
1.926001050E1,-1.674063504E-2,4.645683616E-2,1.200675815E-1,1.298256932E-1
1.927002650E1,-2.665638179E-2,4.128657281E-2,8.865613490E-2,1.013659412E-1
1.928004150E1,-3.175598383E-2,3.659856319E-2,6.571865082E-2,8.165070975E-2
1.929005650E1,-3.803065792E-2,3.072256595E-2,3.696956113E-2,6.129400827E-2
1.930007250E1,-4.788243771E-2,2.549509704E-2,1.222457923E-2,5.560726707E-2
1.931008750E1,-5.229289830E-2,2.060100809E-2,-1.424431242E-2,5.798145551E-2
1.932010250E1,-5.932411179E-2,1.331992075E-2,-4.230262712E-2,7.406944572E-2
1.933011850E1,-6.405016035E-2,1.124505140E-2,-6.901040673E-2,9.482252084E-2
1.934013350E1,-7.033810019E-2,4.404163919E-3,-9.385127574E-2,1.173665496E-1
1.935014850E1,-7.603166997E-2,1.786277629E-3,-1.192921922E-1,1.414730813E-1
1.936016450E1,-8.230130374E-2,-3.129262477E-3,-1.464016587E-1,1.679783990E-1
1.937017950E1,-8.969104290E-2,-3.765225410E-3,-1.693913937E-1,1.917083836E-1
1.938019450E1,-9.639202058E-2,-7.557302713E-3,-1.876287907E-1,2.110760469E-1
1.939021050E1,-9.929540008E-2,-1.366179995E-2,-2.093252987E-1,2.320846870E-1
1.940022550E1,-1.058476418E-1,-1.378936414E-2,-2.251683772E-1,2.491880172E-1
1.941024050E1,-1.093382463E-1,-1.631324179E-2,-2.434962541E-1,2.674161545E-1
1.942025650E1,-1.155165210E-1,-1.883965917E-2,-2.590638399E-1,2.842764017E-1
1.943027150E1,-1.215379313E-1,-1.524092909E-2,-2.700999975E-1,2.965767410E-1
1.944028650E1,-1.223019958E-1,-1.679115556E-2,-2.783768177E-1,3.045215488E-1
1.945030250E1,-1.307090521E-1,-1.539832167E-2,-2.884132266E-1,3.170239011E-1
1.946031750E1,-1.324368864E-1,-1.441951003E-2,-2.948541641E-1,3.235528230E-1
1.947033250E1,-1.400199682E-1,-1.066258829E-2,-2.987287939E-1,3.300881315E-1
1.948034850E1,-1.435456276E-1,-9.536366910E-3,-2.991181314E-1,3.319155706E-1
1.949036350E1,-1.501231045E-1,-8.445004001E-3,-2.954877317E-1,3.315437591E-1
1.950037850E1,-1.536417454E-1,-4.728430882E-3,-2.955924273E-1,3.331711678E-1
1.951039450E1,-1.573328823E-1,-3.953716718E-3,-2.859528661E-1,3.264020670E-1
1.952040950E1,-1.642332673E-1,-1.529104076E-3,-2.787855864E-1,3.235680877E-1
1.953042450E1,-1.685489267E-1,3.521535546E-4,-2.663707137E-1,3.152177372E-1
1.954044050E1,-1.736601889E-1,3.115378320E-3,-2.502771616E-1,3.046411404E-1
1.955045550E1,-1.754975021E-1,5.668284371E-3,-2.379483134E-1,2.957209876E-1
1.956047050E1,-1.817059964E-1,4.302686080E-3,-2.157485634E-1,2.821046346E-1
1.957048650E1,-1.862149984E-1,7.186090574E-3,-2.000859827E-1,2.734265276E-1
1.958050150E1,-1.898095012E-1,9.195562452E-3,-1.767873466E-1,2.595495541E-1
1.959051750E1,-1.963094771E-1,7.684750482E-3,-1.543579400E-1,2.498456320E-1
1.960053250E1,-1.954791993E-1,6.638206542E-3,-1.298359632E-1,2.347627749E-1
1.961054750E1,-2.023869157E-1,6.656583399E-3,-1.081493124E-1,2.295670872E-1
1.962056350E1,-2.034307122E-1,5.773120560E-3,-8.217885345E-2,2.194783533E-1
1.963057850E1,-2.067186385E-1,6.009343080E-3,-5.380713567E-2,2.136911687E-1
1.964059350E1,-2.101226896E-1,3.924587741E-3,-2.690777741E-2,2.118749055E-1
1.965060950E1,-2.141944021E-1,-1.425170340E-3,6.290420424E-4,2.142000670E-1
1.966062450E1,-2.146184891E-1,-4.458707757E-3,2.761077508E-2,2.164332018E-1
1.967063950E1,-2.153479308E-1,-8.715504780E-3,5.482721701E-2,2.223886576E-1
1.968065550E1,-2.162442058E-1,-1.214878447E-2,8.122438192E-2,2.313148282E-1
1.969067050E1,-2.181976438E-1,-1.734327897E-2,1.068069786E-1,2.435543712E-1
1.970068550E1,-2.173107564E-1,-2.086749300E-2,1.335383207E-1,2.559138531E-1
1.971070150E1,-2.186021209E-1,-2.813632414E-2,1.624053866E-1,2.737773723E-1
1.972071650E1,-2.183064073E-1,-3.474540263E-2,1.963848025E-1,2.956888925E-1
1.973073250E1,-2.247635126E-1,-3.250302002E-2,2.386305332E-1,3.294231539E-1
1.974074750E1,-2.260043323E-1,-3.754742444E-2,2.842940092E-1,3.651175851E-1
1.975076250E1,-2.221486121E-1,-5.163341761E-2,3.396691382E-1,4.091346223E-1
1.976077850E1,-2.181600779E-1,-6.945870817E-2,3.948428333E-1,4.564199763E-1
1.977079350E1,-2.102677971E-1,-9.028036147E-2,4.467782080E-1,5.019699765E-1
1.978080850E1,-2.086793482E-1,-1.080411822E-1,4.980538487E-1,5.507064587E-1
1.979082450E1,-2.062625289E-1,-1.249946058E-1,5.423917174E-1,5.935963759E-1
1.980083950E1,-1.933394074E-1,-1.503832787E-1,5.807407498E-1,6.302817430E-1
1.981085550E1,-1.893105805E-1,-1.597746462E-1,6.080451012E-1,6.565708480E-1
1.982087050E1,-1.856907755E-1,-1.608219296E-1,6.243634224E-1,6.709504008E-1
1.983088550E1,-1.826664954E-1,-1.567462385E-1,6.317917705E-1,6.760896931E-1
1.984090150E1,-1.677131951E-1,-1.557975858E-1,6.291539669E-1,6.695037846E-1
1.985091650E1,-1.531534195E-1,-1.511892527E-1,6.089946032E-1,6.459013754E-1
1.986093150E1,-1.431148797E-1,-1.420694292E-1,5.853682756E-1,6.191297195E-1
1.987094750E1,-1.290802807E-1,-1.404606104E-1,5.507202744E-1,5.828239208E-1
1.988096250E1,-1.168339178E-1,-1.434500515E-1,5.133793950E-1,5.456981628E-1
1.989097850E1,-1.040483490E-1,-1.425610781E-1,4.687403142E-1,5.008664514E-1
1.990099350E1,-9.004504234E-2,-1.333294362E-1,4.257519841E-1,4.551369027E-1
1.991100850E1,-7.687491179E-2,-1.165509820E-1,3.748174310E-1,3.999774869E-1
1.992102450E1,-5.642931163E-2,-1.045868695E-1,3.225320280E-1,3.437289478E-1
1.993103950E1,-3.827773780E-2,-9.255976230E-2,2.687164545E-1,2.867769651E-1
1.994105450E1,-2.419981919E-2,-7.771419734E-2,2.128619403E-1,2.278932499E-1
1.995107050E1,-9.678666480E-3,-6.227878109E-2,1.545645446E-1,1.669207045E-1
1.996108550E1,8.564435877E-3,-4.921486601E-2,9.597308189E-2,1.081955870E-1
1.997110150E1,2.193164080E-2,-3.982615843E-2,3.535340726E-2,5.759325628E-2
1.998111650E1,3.559730202E-2,-2.449962124E-2,-2.487935871E-2,4.986363246E-2
1.999113150E1,4.705235735E-2,-1.102482527E-2,-8.366464078E-2,9.661906241E-2
2.000114750E1,6.389847398E-2,4.692452028E-3,-1.445887089E-1,1.581484392E-1
2.001116250E1,7.881643623E-2,1.674059220E-2,-2.027335018E-1,2.181585451E-1
2.002117750E1,9.375742823E-2,3.501141071E-2,-2.599162757E-1,2.785188048E-1
2.003119350E1,1.084602028E-1,4.978529364E-2,-3.146823347E-1,3.365518724E-1
2.004120850E1,1.177539676E-1,6.121205911E-2,-3.658434451E-1,3.891713496E-1
2.005122450E1,1.287490875E-1,6.576685607E-2,-4.158043563E-1,4.402213871E-1
2.006123950E1,1.407812387E-1,6.914603710E-2,-4.584217668E-1,4.845111432E-1
2.007125450E1,1.461182088E-1,7.581672072E-2,-5.003377795E-1,5.267225073E-1
2.008126975E1,1.556615233E-1,8.560601622E-2,-5.400788188E-1,5.685455394E-1
2.009128475E1,1.678212434E-1,8.604729921E-2,-5.738085508E-1,6.040069209E-1
2.010130075E1,1.774585545E-1,9.382820129E-2,-6.042260528E-1,6.366980389E-1
2.011131575E1,1.843300462E-1,9.604501724E-2,-6.276011467E-1,6.611243534E-1
2.012133075E1,1.901397407E-1,9.395669401E-2,-6.459363103E-1,6.798637351E-1
2.013134675E1,1.948199868E-1,9.144692123E-2,-6.648485065E-1,6.988139260E-1
2.014136175E1,1.994900405E-1,8.550663292E-2,-6.700407267E-1,7.043168576E-1
2.015137775E1,2.043255419E-1,8.204053342E-2,-6.753990054E-1,7.103825678E-1
2.016139275E1,2.096027881E-1,7.801999152E-2,-6.722365022E-1,7.084647928E-1
2.017140775E1,2.125008404E-1,7.042306662E-2,-6.685208678E-1,7.050079193E-1
2.018142375E1,2.191528231E-1,6.250698864E-2,-6.530947089E-1,6.917136563E-1
2.019143875E1,2.161847204E-1,5.834659189E-2,-6.327822804E-1,6.712328751E-1
2.020145375E1,2.193477452E-1,5.086257681E-2,-6.114747524E-1,6.516147695E-1
2.021146975E1,2.218319476E-1,4.046559334E-2,-5.824106336E-1,6.245390487E-1
2.022148475E1,2.228419930E-1,3.034656681E-2,-5.484092236E-1,5.927327766E-1
2.023150075E1,2.225288004E-1,2.140287496E-2,-5.142917037E-1,5.607790176E-1
2.024151575E1,2.186822146E-1,1.511883829E-2,-4.731567502E-1,5.214669697E-1
2.025153075E1,2.188784927E-1,4.686436616E-3,-4.276971221E-1,4.804732932E-1
2.026154675E1,2.222738117E-1,1.679519191E-4,-3.786276281E-1,4.390496058E-1
2.027156175E1,2.187331319E-1,-5.865439773E-3,-3.268456459E-1,3.933276784E-1
2.028157775E1,2.165767699E-1,-1.262747124E-2,-2.727994025E-1,3.485462154E-1
2.029159275E1,1.476032883E-1,6.503080949E-3,-2.241975069E-1,2.685024076E-1
2.030160775E1,-3.670614362E-1,1.472680867E-1,-3.397107422E-1,5.213687521E-1
2.031162375E1,-8.847054839E-2,-1.191532165E-1,-4.091910124E-1,4.352721121E-1
2.032163875E1,2.216361016E-1,-3.537537158E-1,-4.532685280E-1,6.162114989E-1
2.033165475E1,4.697354138E-1,-3.374085426E-1,-4.446819425E-1,7.295463752E-1
2.034166975E1,5.158102512E-1,-7.432715595E-2,-3.748034239E-1,6.419208269E-1
2.035168575E1,3.113937676E-1,2.391165197E-1,-2.894147336E-1,4.877537048E-1
2.036170075E1,2.157582790E-1,3.270975351E-1,-2.146838009E-1,4.468037229E-1
2.037171575E1,3.032612503E-1,2.327419966E-1,-1.409632415E-1,4.074393922E-1