"Time (s)","Gyroscope x (rad/s)","Gyroscope y (rad/s)","Gyroscope z (rad/s)","Absolute (rad/s)"
-1.737916667E-3,-4.532387108E-2,2.413710207E-1,4.899845421E-1,5.480867399E-1
8.277083340E-3,2.657801472E-2,7.788141817E-2,4.678224921E-1,4.750050424E-1
1.829208333E-2,3.068793751E-2,4.365026951E-2,4.383410215E-1,4.415766600E-1
2.830708334E-2,-4.973020777E-2,9.593398124E-2,4.064012170E-1,4.205215470E-1
3.832108334E-2,-1.363471597E-1,1.001339033E-1,3.658836782E-1,4.030982666E-1
4.833608333E-2,-1.371463835E-1,3.500497341E-2,3.257479668E-1,3.551706865E-1
5.835108334E-2,-8.926248550E-2,3.369228542E-2,2.802250087E-1,2.960219872E-1
6.836608333E-2,-4.826445505E-2,1.329728067E-1,2.250997126E-1,2.658591837E-1
7.838008333E-2,-1.930450462E-2,2.398824394E-1,1.715550870E-1,2.955459296E-1
8.839508334E-2,-1.881838311E-3,2.329704911E-1,1.199930832E-1,2.620632195E-1
9.841008333E-2,-3.991110716E-3,1.665998101E-1,7.086826861E-2,1.810904117E-1
1.084250833E-1,-3.103551269E-2,1.293512434E-1,1.811531559E-2,1.342501839E-1
1.184397500E-1,-6.183940172E-2,1.305858046E-1,-3.023642674E-2,1.476177681E-1
1.284547500E-1,-6.765894592E-2,1.319304258E-1,-8.042795956E-2,1.686772862E-1
1.384697500E-1,-5.139306560E-2,1.154211313E-1,-1.305062175E-1,1.816456923E-1
1.484837500E-1,-3.091602214E-2,1.125119030E-1,-1.829656959E-1,2.170050106E-1
1.584987500E-1,-1.764353178E-2,1.286146194E-1,-2.352850139E-1,2.687230029E-1
1.685137500E-1,-2.497069072E-3,1.615485996E-1,-2.870360911E-1,3.293841268E-1
1.785287500E-1,2.991742268E-2,1.886746734E-1,-3.326322436E-1,3.835849242E-1
1.885427500E-1,4.559598491E-2,1.969256699E-1,-3.694874644E-1,4.211646942E-1
1.985577500E-1,4.572184384E-2,1.857753694E-1,-4.089055061E-1,4.514495407E-1
2.085727500E-1,3.328434750E-2,1.534440666E-1,-4.467508793E-1,4.735390982E-1
2.185877500E-1,2.531235665E-2,1.042939126E-1,-4.793398082E-1,4.912072754E-1
2.286017500E-1,2.955690213E-2,8.270473778E-2,-5.088719130E-1,5.163954956E-1
2.386167500E-1,4.614286870E-2,1.083506048E-1,-5.314561725E-1,5.443479412E-1
2.486317500E-1,7.409168035E-2,1.516011506E-1,-5.527020693E-1,5.778858567E-1
2.586467500E-1,1.066185981E-1,1.817150265E-1,-5.669087172E-1,6.047920055E-1
2.686607500E-1,1.176193133E-1,1.789775640E-1,-5.745567679E-1,6.131743234E-1
2.786757500E-1,1.149611026E-1,1.546083987E-1,-5.858749747E-1,6.167408678E-1
2.886907500E-1,1.055721268E-1,1.225633770E-1,-5.896978974E-1,6.114825145E-1
2.987057500E-1,9.931147099E-2,9.406257421E-2,-5.883621573E-1,6.040534449E-1
3.087197500E-1,9.988991171E-2,8.327650279E-2,-5.821314454E-1,5.964813410E-1
3.187347500E-1,1.043017879E-1,9.191304445E-2,-5.685848594E-1,5.853337621E-1
3.287497500E-1,1.087988019E-1,1.085953563E-1,-5.547167063E-1,5.756220591E-1
3.387637500E-1,1.208401620E-1,1.137671620E-1,-5.315824151E-1,5.568888363E-1
3.487787500E-1,1.280171126E-1,1.040562093E-1,-5.056940913E-1,5.319234812E-1
3.587937500E-1,1.246820018E-1,9.011160582E-2,-4.761262834E-1,5.003618099E-1
3.688087500E-1,1.127417237E-1,7.930130512E-2,-4.458149970E-1,4.666373375E-1
3.788227500E-1,1.032221541E-1,7.358437777E-2,-4.115598798E-1,4.306402308E-1
3.888377500E-1,9.588381648E-2,5.636997148E-2,-3.745845556E-1,3.907491129E-1
3.988527500E-1,8.283617347E-2,3.797658160E-2,-3.355188966E-1,3.476736722E-1
4.088677500E-1,7.314546406E-2,2.703525126E-2,-2.936803699E-1,3.038574063E-1
4.188817500E-1,6.469999254E-2,1.995907165E-2,-2.435747385E-1,2.528104167E-1
4.288967500E-1,6.074893475E-2,2.345127426E-2,-1.924108863E-1,2.031313479E-1
4.389117500E-1,6.250750273E-2,2.702754363E-2,-1.390533000E-1,1.548337698E-1
4.489267500E-1,5.146231130E-2,2.626827732E-2,-9.012250602E-2,1.070535285E-1
4.589407500E-1,3.499677405E-2,1.384382602E-2,-4.121327028E-2,5.581182097E-2
4.689557500E-1,1.412105653E-2,-1.144528482E-2,9.566022083E-3,2.054038853E-2
4.789707500E-1,-1.968457364E-3,-3.657168895E-2,5.949820206E-2,6.986701156E-2
4.889847500E-1,-1.431061048E-2,-4.831143469E-2,1.094151586E-1,1.204593925E-1
4.989997500E-1,-2.078357898E-2,-5.102926865E-2,1.604842544E-1,1.696795194E-1
5.090147500E-1,-2.488804236E-2,-4.667127132E-2,2.094904184E-1,2.160644756E-1
5.190297500E-1,-3.066289052E-2,-3.976077959E-2,2.588884234E-1,2.637126243E-1
5.290437500E-1,-3.731093928E-2,-4.290916771E-2,3.052924275E-1,3.105427011E-1
5.390587500E-1,-4.693904147E-2,-5.507142842E-2,3.504611552E-1,3.578535415E-1
5.490737500E-1,-6.028440967E-2,-7.399158925E-2,3.872351348E-1,3.988232879E-1
5.590887500E-1,-7.238462567E-2,-9.095439315E-2,4.228291214E-1,4.385164781E-1
5.691027500E-1,-8.101779222E-2,-9.811802953E-2,4.563854635E-1,4.737918548E-1
5.791177500E-1,-8.539224416E-2,-9.987662733E-2,4.891704619E-1,5.065125041E-1
5.891327500E-1,-8.124198020E-2,-9.698896110E-2,5.161520243E-1,5.314320559E-1
5.991477500E-1,-7.714938372E-2,-9.522736073E-2,5.378536582E-1,5.516401320E-1
6.091617500E-1,-7.558237761E-2,-9.732832760E-2,5.583554506E-1,5.717921899E-1
6.191767500E-1,-7.394018024E-2,-1.047274694E-1,5.739273429E-1,5.880710739E-1
6.291917500E-1,-7.559186965E-2,-1.107582003E-1,5.847749114E-1,5.999526704E-1
6.392067500E-1,-7.457870990E-2,-1.170710400E-1,5.869811773E-1,6.031703863E-1
6.492207500E-1,-7.259891927E-2,-1.247926056E-1,5.895223618E-1,6.069435003E-1
6.592357500E-1,-6.885852665E-2,-1.315429360E-1,5.847185254E-1,6.032750572E-1
6.692507500E-1,-6.276042014E-2,-1.333866417E-1,5.766438246E-1,5.951881778E-1
6.792647500E-1,-5.246246234E-2,-1.326750070E-1,5.615037084E-1,5.793456498E-1
6.892797500E-1,-4.233925417E-2,-1.280866414E-1,5.433321595E-1,5.598291130E-1
6.992947500E-1,-3.526800498E-2,-1.256611794E-1,5.227029324E-1,5.387512596E-1
7.093097500E-1,-2.324356697E-2,-1.249149591E-1,4.971483350E-1,5.131281296E-1
7.193237500E-1,-1.630609110E-2,-1.290858984E-1,4.683069587E-1,4.860457441E-1
7.293387500E-1,-1.094461605E-2,-1.392067075E-1,4.315105975E-1,4.535412746E-1
7.393537500E-1,-8.620311506E-3,-1.463795751E-1,3.955482841E-1,4.218527407E-1
7.493687500E-1,7.544184336E-5,-1.485873461E-1,3.558267057E-1,3.856045249E-1
7.593827500E-1,9.545501322E-3,-1.427588165E-1,3.112422228E-1,3.425535250E-1
7.693977500E-1,1.840211079E-2,-1.397084296E-1,2.664302588E-1,3.014003413E-1
7.794127500E-1,2.855288982E-2,-1.375221759E-1,2.173263431E-1,2.587631268E-1
7.894277500E-1,3.142324463E-2,-1.353996396E-1,1.680621207E-1,2.180948397E-1
7.994417500E-1,3.781541437E-2,-1.386866122E-1,1.189855263E-1,1.866052985E-1
8.094567500E-1,4.174251109E-2,-1.395803690E-1,6.533587724E-2,1.596680729E-1
8.194717500E-1,4.144171253E-2,-1.452905238E-1,1.306710672E-2,1.516492701E-1
8.294867500E-1,4.077618942E-2,-1.460460573E-1,-3.802244365E-2,1.563261165E-1
8.395007500E-1,3.917437419E-2,-1.442013830E-1,-9.079607576E-2,1.748502154E-1
8.495157500E-1,4.342131689E-2,-1.430692673E-1,-1.418086588E-1,2.060677600E-1
8.595307500E-1,4.514046386E-2,-1.407888979E-1,-1.920091361E-1,2.423358900E-1
8.695447500E-1,4.266159609E-2,-1.329139322E-1,-2.410579026E-1,2.785588583E-1
8.795597500E-1,4.256032780E-2,-1.318379194E-1,-2.844068408E-1,3.163540257E-1
8.895747500E-1,3.749606013E-2,-1.305215210E-1,-3.300739229E-1,3.569182211E-1
8.995897500E-1,3.450051695E-2,-1.322435290E-1,-3.682047725E-1,3.927510549E-1
9.096037500E-1,2.639332414E-2,-1.321660280E-1,-4.059287012E-1,4.277178707E-1
9.196187500E-1,1.866927184E-2,-1.299230307E-1,-4.403387010E-1,4.594852633E-1
9.296337500E-1,1.472566277E-2,-1.281658709E-1,-4.715935588E-1,4.889210778E-1
9.396487500E-1,9.786802344E-3,-1.224731132E-1,-4.964133799E-1,5.113919130E-1
9.496627500E-1,3.569918685E-3,-1.178120449E-1,-5.204218030E-1,5.336021695E-1
9.596777500E-1,-1.305242477E-4,-1.129962504E-1,-5.366479158E-1,5.484151304E-1
9.696927500E-1,-4.550306126E-3,-1.077543497E-1,-5.528444648E-1,5.632661071E-1
9.797077500E-1,-1.469531003E-2,-1.068874672E-1,-5.581825376E-1,5.685144044E-1
9.897217500E-1,-2.078596130E-2,-1.026959121E-1,-5.625248551E-1,5.721998944E-1
9.997367500E-1,-2.609056234E-2,-1.000667661E-1,-5.640633702E-1,5.734645244E-1
1.009751750E0,-2.963363193E-2,-9.501422942E-2,-5.570941567E-1,5.659149719E-1
1.019765750E0,-3.557384014E-2,-8.972173184E-2,-5.503320694E-1,5.587314864E-1
1.029780750E0,-3.458420932E-2,-8.276049793E-2,-5.366442204E-1,5.440885836E-1
1.039795750E0,-3.799791634E-2,-7.507079095E-2,-5.178544521E-1,5.246453077E-1
1.049810750E0,-4.065761715E-2,-6.923393905E-2,-4.938455224E-1,5.003296715E-1
1.059824750E0,-4.199817404E-2,-6.494341046E-2,-4.678066373E-1,4.741566651E-1
1.069839750E0,-4.318754375E-2,-5.846713483E-2,-4.382276833E-1,4.442151193E-1
1.079854750E0,-4.358585551E-2,-5.631458759E-2,-4.050512910E-1,4.112634288E-1
1.089869750E0,-4.650015384E-2,-5.069132894E-2,-3.666540980E-1,3.730510726E-1
1.099883750E0,-4.276959598E-2,-4.146507010E-2,-3.264946938E-1,3.318845815E-1
1.109898750E0,-4.023772851E-2,-3.439863771E-2,-2.851600349E-1,2.900320440E-1
1.119913708E0,-3.710573167E-2,-2.963778004E-2,-2.379445285E-1,2.426372435E-1
1.129928708E0,-3.390008584E-2,-2.275217697E-2,-1.916031241E-1,1.959046568E-1
1.139942708E0,-2.868342400E-2,-1.331270486E-2,-1.458006352E-1,1.491904560E-1
1.149957708E0,-2.650495991E-2,-9.338469245E-3,-9.422638267E-2,9.832767209E-2
1.159972708E0,-2.606206574E-2,-3.035030328E-3,-4.459971935E-2,5.174531520E-2
1.169987708E0,-2.185320668E-2,4.923269153E-4,7.773473859E-3,2.319982594E-2
1.180001708E0,-1.660685800E-2,5.182246678E-3,5.694730580E-2,5.954526892E-2
1.190016708E0,-1.193700451E-2,1.114453282E-2,1.096901447E-1,1.108991457E-1
1.200031708E0,-8.330161683E-3,2.073904127E-2,1.546664238E-1,1.562728450E-1
1.210045708E0,-2.184917452E-3,2.482912317E-2,2.049144059E-1,2.064247393E-1
1.220060708E0,4.924928653E-4,3.089905903E-2,2.505620718E-1,2.524605835E-1
1.230075708E0,1.553496113E-3,3.560326621E-2,2.962872088E-1,2.984227136E-1
1.240090708E0,3.371119965E-3,4.043558240E-2,3.377491236E-1,3.401777054E-1
1.250104708E0,3.818531055E-3,4.361219704E-2,3.743209839E-1,3.768723974E-1
1.260119708E0,4.716343246E-3,4.853548482E-2,4.131982028E-1,4.160657304E-1
1.270134708E0,7.234095596E-3,5.055202916E-2,4.468083680E-1,4.497171972E-1
1.280149708E0,8.842730895E-3,5.530168116E-2,4.775021970E-1,4.807752261E-1
1.290163708E0,7.216338534E-3,6.461209804E-2,5.016717315E-1,5.058669043E-1
1.300178708E0,4.740697797E-3,6.783986092E-2,5.204828978E-1,5.249068182E-1
1.310193708E0,3.064504359E-3,6.930087507E-2,5.413237214E-1,5.457502852E-1
1.320207708E0,-5.359340576E-4,7.440249622E-2,5.535811782E-1,5.585589848E-1
1.330222708E0,-2.353541553E-3,7.676711679E-2,5.621194839E-1,5.673420869E-1
1.340237708E0,-7.363887038E-3,8.037005365E-2,5.633611083E-1,5.691127399E-1
1.350252708E0,-7.870686240E-3,8.273334056E-2,5.615360141E-1,5.676525772E-1
1.360266708E0,-1.823491789E-2,8.700983971E-2,5.577988625E-1,5.648387340E-1
1.370281708E0,-2.024640329E-2,8.820372820E-2,5.483006835E-1,5.557188624E-1
1.380296708E0,-2.384080179E-2,9.634091705E-2,5.325378180E-1,5.417070091E-1
1.390311708E0,-2.782808617E-2,9.943790734E-2,5.152221918E-1,5.254676077E-1
1.400325708E0,-3.282630444E-2,1.039413139E-1,4.895037711E-1,5.014930756E-1
1.410340708E0,-3.519492224E-2,1.055261642E-1,4.613488317E-1,4.745705410E-1
1.420355708E0,-4.052861407E-2,1.090947092E-1,4.330278039E-1,4.483941381E-1
1.430370708E0,-4.735695943E-2,1.130638868E-1,3.954484761E-1,4.140116198E-1
1.440384708E0,-4.590497911E-2,1.163787320E-1,3.565953076E-1,3.779040748E-1
1.450399708E0,-5.104727671E-2,1.199660078E-1,3.170649409E-1,3.428233426E-1
1.460414708E0,-5.202043802E-2,1.251136214E-1,2.711390853E-1,3.031104548E-1
1.470429708E0,-5.195758864E-2,1.259661019E-1,2.254291177E-1,2.634109659E-1
1.480443708E0,-5.062313005E-2,1.334267706E-1,1.800345927E-1,2.297343226E-1
1.490458708E0,-5.224632844E-2,1.330981404E-1,1.303655654E-1,1.934941199E-1
1.500473708E0,-4.740969837E-2,1.349934191E-1,7.950225472E-2,1.636811266E-1
1.510487708E0,-4.628291726E-2,1.380382031E-1,2.653011866E-2,1.479881791E-1
1.520502708E0,-3.978293762E-2,1.398100108E-1,-2.616451867E-2,1.476959826E-1
1.530517708E0,-3.743110225E-2,1.418345422E-1,-7.576403022E-2,1.651009177E-1
1.540532708E0,-3.084045090E-2,1.451059133E-1,-1.274535656E-1,1.955793212E-1
1.550546708E0,-2.457882650E-2,1.469173878E-1,-1.745632887E-1,2.294802373E-1
1.560561708E0,-1.755268686E-2,1.475104392E-1,-2.242566943E-1,2.689953372E-1
1.570576708E0,-7.897396572E-3,1.493498832E-1,-2.708002329E-1,3.093550107E-1
1.580591708E0,-1.217162004E-3,1.500980705E-1,-3.148179054E-1,3.487710221E-1
1.590605708E0,7.238374557E-3,1.512512118E-1,-3.581813574E-1,3.888742829E-1
1.600620708E0,1.879354566E-2,1.511542797E-1,-3.962650597E-1,4.245312841E-1
1.610635708E0,2.833165787E-2,1.506392211E-1,-4.304126501E-1,4.568915704E-1
1.620650708E0,3.812225536E-2,1.515572071E-1,-4.641221762E-1,4.897267481E-1
1.630664708E0,4.718712345E-2,1.484237462E-1,-4.940204322E-1,5.179888228E-1
1.640679708E0,5.612688884E-2,1.465940475E-1,-5.178904533E-1,5.411566909E-1
1.650694708E0,6.586021185E-2,1.468694210E-1,-5.375009179E-1,5.610841569E-1
1.660708708E0,7.462351769E-2,1.446646899E-1,-5.533673167E-1,5.768118663E-1
1.670723708E0,8.254189789E-2,1.440462917E-1,-5.666165352E-1,5.904378011E-1
1.680738708E0,8.714084327E-2,1.385429651E-1,-5.756868720E-1,5.985006720E-1
1.690753708E0,9.536787868E-2,1.342411637E-1,-5.736111999E-1,5.967792983E-1
1.700767708E0,1.016767025E-1,1.297712177E-1,-5.725383759E-1,5.958010680E-1
1.710782708E0,1.033805907E-1,1.245389059E-1,-5.669199228E-1,5.895724591E-1
1.720797708E0,1.101060808E-1,1.188619435E-1,-5.558545589E-1,5.789868749E-1
1.730812708E0,1.095084697E-1,1.150911748E-1,-5.394593477E-1,5.623650694E-1
1.740826708E0,1.099383011E-1,1.074225977E-1,-5.206584930E-1,5.428731997E-1
1.750841708E0,1.098217219E-1,1.036642492E-1,-4.980252683E-1,5.204193069E-1
1.760856708E0,1.082706153E-1,9.549642354E-2,-4.716672301E-1,4.932667321E-1
1.770871708E0,1.054814830E-1,8.765207976E-2,-4.413934946E-1,4.622093113E-1
1.780885708E0,1.018081084E-1,8.042089641E-2,-4.059258699E-1,4.261551635E-1
1.790900708E0,9.578537196E-2,7.305166125E-2,-3.715063930E-1,3.905488224E-1
1.800915708E0,9.083596617E-2,6.422612071E-2,-3.271060586E-1,3.455062096E-1
1.810930708E0,8.088346571E-2,5.762175098E-2,-2.884202003E-1,3.050387077E-1
1.820944708E0,7.318168133E-2,4.745743424E-2,-2.421274185E-1,2.573586085E-1
1.830959708E0,6.400708854E-2,3.894010931E-2,-1.947058439E-1,2.086231175E-1
1.840974708E0,5.267560482E-2,2.918601595E-2,-1.455524117E-1,1.575184034E-1
1.850988708E0,4.385654628E-2,2.289056964E-2,-9.947811812E-2,1.111002737E-1
1.861003708E0,3.501780704E-2,1.429043338E-2,-4.858515039E-2,6.157093579E-2
1.871018708E0,2.232198603E-2,4.056172445E-3,2.265954390E-4,2.268865225E-2
1.881033708E0,1.286520343E-2,-4.078534432E-3,5.187068135E-2,5.359771903E-2
1.891047708E0,1.520712976E-4,-1.229704916E-2,1.026678160E-1,1.034017455E-1
1.901062708E0,-1.333088521E-2,-1.921773702E-2,1.514798403E-1,1.532748379E-1
1.911077708E0,-2.240959927E-2,-2.961178869E-2,1.959868520E-1,1.994740443E-1
1.921092708E0,-2.908181772E-2,-3.618792072E-2,2.454906851E-1,2.498419384E-1
1.931106708E0,-4.299230501E-2,-4.287751392E-2,2.901619971E-1,2.964469667E-1
1.941121708E0,-4.949644953E-2,-4.927424714E-2,3.309686482E-1,3.382574405E-1
1.951136708E0,-5.595621094E-2,-5.650978908E-2,3.706103265E-1,3.790467886E-1
1.961151708E0,-6.187168881E-2,-6.411007792E-2,4.049356878E-1,4.146216579E-1
1.971165708E0,-6.774156541E-2,-7.044413686E-2,4.393844604E-1,4.501222058E-1
1.981180708E0,-7.563900203E-2,-7.644788921E-2,4.710350037E-1,4.831557855E-1
1.991195708E0,-7.603342086E-2,-8.257742226E-2,4.964167774E-1,5.089496327E-1
2.001210708E0,-7.697247714E-2,-8.507815003E-2,5.179604292E-1,5.305149009E-1
2.011224708E0,-7.863482088E-2,-8.987875283E-2,5.378963351E-1,5.509937319E-1
2.021239708E0,-7.764910907E-2,-9.817487001E-2,5.513195992E-1,5.653503247E-1
2.031254708E0,-7.748372853E-2,-1.008923575E-1,5.600377321E-1,5.743041506E-1
2.041268708E0,-7.424440980E-2,-1.037987396E-1,5.659047365E-1,5.801160070E-1
2.051283708E0,-6.930743903E-2,-1.098318696E-1,5.687686801E-1,5.834075524E-1
2.061298708E0,-6.753121316E-2,-1.092661321E-1,5.642787814E-1,5.787141743E-1
2.071313708E0,-6.217426434E-2,-1.157695651E-1,5.585186481E-1,5.737693889E-1
2.081327708E0,-5.407315865E-2,-1.182509288E-1,5.443425179E-1,5.596570069E-1
2.091342708E0,-4.856893793E-2,-1.183851510E-1,5.267710090E-1,5.420901047E-1
2.101357708E0,-4.109054059E-2,-1.221851185E-1,5.106294155E-1,5.266498226E-1
2.111372708E0,-3.429415450E-2,-1.241609156E-1,4.832539558E-1,5.001263919E-1
2.121386208E0,-2.503817528E-2,-1.268508881E-1,4.516930580E-1,4.698347334E-1
2.131401208E0,-1.614987478E-2,-1.273062974E-1,4.214113057E-1,4.405169694E-1
2.141416208E0,-8.766166866E-3,-1.320388168E-1,3.853615224E-1,4.074488898E-1
2.151431208E0,-9.314134950E-4,-1.330939680E-1,3.466146588E-1,3.712904437E-1
2.161445208E0,7.275365293E-3,-1.345768124E-1,3.056597710E-1,3.340535061E-1
2.171460208E0,1.661586948E-2,-1.333299279E-1,2.637205720E-1,2.959755005E-1
2.181475208E0,2.204242162E-2,-1.362397820E-1,2.133498937E-1,2.540970753E-1
2.191490208E0,2.678497881E-2,-1.362698674E-1,1.669046432E-1,2.171268564E-1
2.201504208E0,3.321525082E-2,-1.376486868E-1,1.182634458E-1,1.844902612E-1
2.211519208E0,3.581502661E-2,-1.394348741E-1,6.845088303E-2,1.594061593E-1
2.221534208E0,4.038660973E-2,-1.388963759E-1,1.768198237E-2,1.457255433E-1
2.231548208E0,4.233923927E-2,-1.381640136E-1,-3.342514113E-2,1.483210906E-1
2.241563208E0,4.477019235E-2,-1.387767941E-1,-8.317834139E-2,1.678749689E-1
2.251578208E0,4.574783891E-2,-1.393949240E-1,-1.336066127E-1,1.984301806E-1
2.261593208E0,4.667409509E-2,-1.377711892E-1,-1.810945272E-1,2.322812940E-1
2.271607208E0,4.353635758E-2,-1.365314871E-1,-2.255219072E-1,2.672010330E-1
2.281622208E0,4.349003732E-2,-1.354875267E-1,-2.702199221E-1,3.053965611E-1
2.291637208E0,4.113207385E-2,-1.338528693E-1,-3.121340573E-1,3.421054046E-1
2.301652208E0,3.902443871E-2,-1.367669106E-1,-3.516484201E-1,3.793213756E-1
2.311666208E0,3.290076554E-2,-1.315617561E-1,-3.907471001E-1,4.136112333E-1
2.321681208E0,2.554744855E-2,-1.322458088E-1,-4.225033224E-1,4.434531356E-1
2.331696208E0,2.310533077E-2,-1.286204457E-1,-4.527581632E-1,4.712398855E-1
2.341711208E0,1.677447930E-2,-1.238250136E-1,-4.793962240E-1,4.954137228E-1
2.351725208E0,1.036398392E-2,-1.237493828E-1,-5.009661913E-1,5.161283239E-1
2.361740208E0,5.305575673E-3,-1.191887185E-1,-5.171108246E-1,5.306954915E-1
2.371755208E0,7.345261401E-4,-1.190158799E-1,-5.326162577E-1,5.457521389E-1
2.381769208E0,-2.439913806E-3,-1.137073934E-1,-5.400380492E-1,5.518844255E-1
2.391784208E0,-1.375382114E-2,-1.105685979E-1,-5.460472107E-1,5.572989671E-1
2.401799208E0,-1.811777055E-2,-1.059812158E-1,-5.470542312E-1,5.575200477E-1
2.411814208E0,-2.112181671E-2,-1.021361351E-1,-5.405430794E-1,5.505131623E-1
2.421828208E0,-2.666458674E-2,-9.862139076E-2,-5.330296755E-1,5.427318066E-1
2.431843208E0,-3.047823347E-2,-9.143219143E-2,-5.193391442E-1,5.282063187E-1
2.441858208E0,-3.295675293E-2,-8.540900797E-2,-5.036772490E-1,5.119293089E-1
2.451873208E0,-3.505532444E-2,-8.402469754E-2,-4.797815084E-1,4.883434462E-1
2.461887208E0,-3.980585933E-2,-7.559525967E-2,-4.525978565E-1,4.605908916E-1
2.471902208E0,-4.199710861E-2,-7.314062119E-2,-4.246517122E-1,4.329461678E-1
2.481917208E0,-4.003782943E-2,-6.635701656E-2,-3.927816153E-1,4.003544414E-1
2.491932208E0,-4.225251451E-2,-6.111191958E-2,-3.553426266E-1,3.630266160E-1
2.501946208E0,-4.109002650E-2,-5.338182673E-2,-3.165664971E-1,3.236546876E-1
2.511961208E0,-3.977895156E-2,-4.928854853E-2,-2.772417367E-1,2.843847861E-1
2.521976208E0,-3.892523795E-2,-4.361006990E-2,-2.340996712E-1,2.412875223E-1
2.531991208E0,-3.462609649E-2,-3.704511002E-2,-1.879223287E-1,1.946435418E-1
2.542005208E0,-3.062275797E-2,-2.990180627E-2,-1.400090307E-1,1.464049180E-1
2.552020208E0,-3.005630337E-2,-2.307479084E-2,-9.434326738E-2,1.016684781E-1
2.562035208E0,-2.507917210E-2,-1.896303706E-2,-4.586536065E-2,5.560749010E-2
2.572050208E0,-2.272999659E-2,-1.368039008E-2,5.652693100E-3,2.712487340E-2
2.582064208E0,-1.907169819E-2,-5.398933776E-3,5.103605986E-2,5.474995492E-2
2.592079208E0,-1.493580919E-2,-2.138160169E-3,1.014153436E-1,1.025315661E-1
2.602094208E0,-9.761940688E-3,2.791693434E-3,1.485705674E-1,1.489170995E-1
2.612108208E0,-8.712655865E-3,1.037051715E-2,1.944800019E-1,1.949510942E-1
2.622123208E0,-3.723214380E-3,1.617781073E-2,2.396024466E-1,2.401768438E-1
2.632138208E0,-2.320527332E-3,2.169321850E-2,2.853789926E-1,2.862117223E-1
2.642153208E0,4.822179326E-4,2.719281800E-2,3.231531382E-1,3.242955945E-1
2.652167208E0,1.367985271E-3,3.160381317E-2,3.618965447E-1,3.632764532E-1
2.662182208E0,2.849381650E-3,3.561631218E-2,3.971064985E-1,3.987106868E-1
2.672197208E0,2.958304947E-3,3.979081661E-2,4.290250242E-1,4.308764696E-1
2.682212208E0,6.338264327E-3,4.421973601E-2,4.597474635E-1,4.619126420E-1
2.692226208E0,6.263696123E-3,4.818757996E-2,4.834314883E-1,4.858675546E-1
2.702241208E0,2.918632468E-3,5.384005979E-2,5.040838122E-1,5.069593280E-1
2.712256208E0,3.859527176E-3,5.567071959E-2,5.217791796E-1,5.247548353E-1
2.722271208E0,3.966442775E-3,6.066981703E-2,5.363866091E-1,5.398214091E-1
2.732285208E0,-1.312209060E-3,6.517828256E-2,5.414495468E-1,5.453600115E-1
2.742300208E0,-4.431900568E-3,6.912943721E-2,5.460356474E-1,5.504120720E-1
2.752315208E0,-4.052400123E-3,7.118725777E-2,5.461450815E-1,5.507798995E-1
2.762330208E0,-1.124100666E-2,7.585968822E-2,5.407725573E-1,5.461831297E-1
2.772344208E0,-1.683923788E-2,7.906959951E-2,5.309582949E-1,5.370775292E-1
2.782359208E0,-1.954576746E-2,8.293783665E-2,5.161917806E-1,5.231774805E-1
2.792374208E0,-2.435969748E-2,8.642657846E-2,4.969195724E-1,5.049673353E-1
2.802388208E0,-2.659195848E-2,9.115874767E-2,4.769754112E-1,4.863358843E-1
2.812403208E0,-3.354067728E-2,9.492632747E-2,4.502990544E-1,4.614165396E-1
2.822418208E0,-3.367492184E-2,9.606881440E-2,4.192474484E-1,4.314297631E-1
2.832433208E0,-4.089688137E-2,1.042852029E-1,3.850114346E-1,4.009760132E-1
2.842447208E0,-4.140498489E-2,1.069726050E-1,3.511719406E-1,3.694309717E-1
2.852462208E0,-4.244148731E-2,1.119953394E-1,3.113124073E-1,3.335560685E-1
2.862477208E0,-4.642391205E-2,1.139401421E-1,2.679893076E-1,2.948826963E-1
2.872492208E0,-4.804417863E-2,1.202409044E-1,2.219096720E-1,2.569241536E-1
2.882506208E0,-4.744414985E-2,1.217575893E-1,1.775219440E-1,2.204311650E-1
2.892521208E0,-4.710459709E-2,1.268706024E-1,1.283480078E-1,1.865159616E-1
2.902536208E0,-4.488821700E-2,1.297078431E-1,8.175821602E-2,1.597607038E-1
2.912551208E0,-4.513882101E-2,1.322583556E-1,3.224925697E-2,1.434217570E-1
2.922565208E0,-4.077919200E-2,1.360639036E-1,-1.983563974E-2,1.434216893E-1
2.932580208E0,-3.733332828E-2,1.388240010E-1,-6.974753737E-2,1.597829766E-1
2.942595208E0,-3.399539366E-2,1.416276097E-1,-1.199378371E-1,1.886773738E-1
2.952610208E0,-2.667702921E-2,1.438603997E-1,-1.658845544E-1,2.211903341E-1
2.962624208E0,-2.107177861E-2,1.462289244E-1,-2.132695615E-1,2.594432964E-1
2.972639208E0,-1.350946538E-2,1.454819143E-1,-2.600554526E-1,2.982890066E-1
2.982654208E0,-5.842471961E-3,1.479607821E-1,-3.030279875E-1,3.372721286E-1
2.992669208E0,1.644206233E-3,1.501986384E-1,-3.419556618E-1,3.734916452E-1
3.002683208E0,1.173701324E-2,1.536463648E-1,-3.809839785E-1,4.109668536E-1
3.012698208E0,2.173425443E-2,1.502931714E-1,-4.196304381E-1,4.462623889E-1
3.022713208E0,2.625470422E-2,1.510806680E-1,-4.463454187E-1,4.719522333E-1
3.032727208E0,3.668444231E-2,1.528106630E-1,-4.754002392E-1,5.007017420E-1
3.042742208E0,4.574345052E-2,1.506481767E-1,-5.007931590E-1,5.249582122E-1
3.052757208E0,5.261493847E-2,1.524617821E-1,-5.188544989E-1,5.433441982E-1
3.062772208E0,6.234544516E-2,1.489820182E-1,-5.360741615E-1,5.598732919E-1
3.072786208E0,7.289475948E-2,1.414676458E-1,-5.475406647E-1,5.701995442E-1
3.082801208E0,7.792501897E-2,1.420265585E-1,-5.555324554E-1,5.786710300E-1
3.092816208E0,8.416720480E-2,1.400539428E-1,-5.548618436E-1,5.784210324E-1
3.102831208E0,9.235387295E-2,1.380884498E-1,-5.553097725E-1,5.796262600E-1
3.112845208E0,9.469559044E-2,1.333919615E-1,-5.497387052E-1,5.735619532E-1
3.122860750E0,9.968162328E-2,1.295920759E-1,-5.403663516E-1,5.645585232E-1
3.132875750E0,1.021168157E-1,1.233781204E-1,-5.237919092E-1,5.477298319E-1
3.142890750E0,1.049801484E-1,1.174990088E-1,-5.078396797E-1,5.317217213E-1
3.152904750E0,1.043207496E-1,1.107353866E-1,-4.848640561E-1,5.081715238E-1
3.162919750E0,1.016956121E-1,1.055561528E-1,-4.591713250E-1,4.819983450E-1
3.172934750E0,1.008876041E-1,1.007520780E-1,-4.280882478E-1,4.512081978E-1
3.182949750E0,9.766451269E-2,9.288891405E-2,-3.957209885E-1,4.180452226E-1
3.192963750E0,9.398615360E-2,8.317503333E-2,-3.609909713E-1,3.821857724E-1
3.202978750E0,8.730103821E-2,7.752549648E-2,-3.217992187E-1,3.423250079E-1
3.212993750E0,8.064952493E-2,6.850136817E-2,-2.807066441E-1,2.999883387E-1
3.223008750E0,7.245355844E-2,6.013673916E-2,-2.384621054E-1,2.563788627E-1
3.233022750E0,6.211330369E-2,5.173846707E-2,-1.922706366E-1,2.085735581E-1
3.243037750E0,5.543372408E-2,4.575762153E-2,-1.459327787E-1,1.626746249E-1
3.253052750E0,4.569241032E-2,3.835616633E-2,-9.926993400E-2,1.158167158E-1
3.263067750E0,3.586428240E-2,2.688646317E-2,-5.001796037E-2,6.716342020E-2
3.273081750E0,2.309016511E-2,2.054121718E-2,-3.016095376E-3,3.105147596E-2
3.283096750E0,1.530718338E-2,1.103311125E-2,4.365906864E-2,4.756210342E-2
3.293111750E0,6.613027304E-3,2.724581398E-3,9.482851624E-2,9.509785995E-2
3.303125750E0,-5.167305004E-3,-5.800376646E-3,1.395522356E-1,1.397682792E-1
3.313140750E0,-1.396292727E-2,-1.259676367E-2,1.865248084E-1,1.874703868E-1
3.323155750E0,-2.407363988E-2,-2.180730365E-2,2.317466289E-1,2.340119626E-1
3.333170750E0,-3.499952704E-2,-2.792458609E-2,2.717457116E-1,2.754096606E-1
3.343184750E0,-4.298847541E-2,-3.478195891E-2,3.135184646E-1,3.183576940E-1
3.353199750E0,-4.890469089E-2,-4.172428697E-2,3.498525023E-1,3.557096545E-1
3.363214750E0,-5.893765762E-2,-4.698047787E-2,3.871520758E-1,3.944205149E-1
3.373229750E0,-6.412336975E-2,-5.606319010E-2,4.205654263E-1,4.291039101E-1
3.383243750E0,-6.878896803E-2,-6.156794354E-2,4.443485439E-1,4.538371539E-1
3.393258750E0,-7.022707164E-2,-6.607081741E-2,4.694336355E-1,4.792339018E-1
3.403273750E0,-7.259479165E-2,-7.182359695E-2,4.899480343E-1,5.004774812E-1
3.413288750E0,-7.311596721E-2,-7.919789106E-2,5.125239491E-1,5.237356672E-1
3.423302750E0,-7.406263053E-2,-8.055006713E-2,5.254928470E-1,5.367646773E-1
3.433317750E0,-7.440910488E-2,-8.766896278E-2,5.339015126E-1,5.461441084E-1
3.443332750E0,-7.323077321E-2,-9.172141552E-2,5.388913751E-1,5.515246851E-1
3.453347750E0,-6.904934347E-2,-9.529883415E-2,5.416682363E-1,5.543051125E-1
3.463361750E0,-6.277877837E-2,-1.001968309E-1,5.381754041E-1,5.510112027E-1
3.473376750E0,-6.140112132E-2,-1.008077636E-1,5.305412412E-1,5.435129359E-1
3.483391750E0,-5.571229383E-2,-1.052176878E-1,5.185177922E-1,5.320106412E-1
3.493406750E0,-4.888075218E-2,-1.117464229E-1,5.014360547E-1,5.160568844E-1
3.503420750E0,-4.046269134E-2,-1.129153818E-1,4.846696854E-1,4.992913145E-1
3.513435750E0,-3.509429097E-2,-1.116415858E-1,4.587030709E-1,4.733961979E-1
3.523450750E0,-2.711955085E-2,-1.177276224E-1,4.319259524E-1,4.485033907E-1
3.533465750E0,-1.777505130E-2,-1.193798482E-1,4.010316730E-1,4.188005532E-1
3.543479750E0,-1.046566479E-2,-1.192893833E-1,3.680692911E-1,3.870587684E-1
3.553494750E0,-1.171764568E-3,-1.197951213E-1,3.321192861E-1,3.530658073E-1
3.563509750E0,5.944393110E-3,-1.228917614E-1,2.900212705E-1,3.150397724E-1
3.573524750E0,1.234876271E-2,-1.270947605E-1,2.503513396E-1,2.810362313E-1
3.583538750E0,1.691409200E-2,-1.280257106E-1,2.034844458E-1,2.410032962E-1
3.593553750E0,2.234161459E-2,-1.335701495E-1,1.598762572E-1,2.095245814E-1
3.603568750E0,2.838522196E-2,-1.315510273E-1,1.137530580E-1,1.762133701E-1
3.613582750E0,3.568201885E-2,-1.322058886E-1,6.769289076E-2,1.527544792E-1
3.623597750E0,4.052835330E-2,-1.342902631E-1,1.582613587E-2,1.411626323E-1
3.633612750E0,4.218830168E-2,-1.375441104E-1,-2.890192345E-2,1.467431644E-1
3.643627750E0,4.471281543E-2,-1.388773769E-1,-7.568772882E-2,1.643617777E-1
3.653641750E0,4.493252560E-2,-1.398944408E-1,-1.237548590E-1,1.921058342E-1
3.663656750E0,4.803198949E-2,-1.361461282E-1,-1.678465754E-1,2.213940223E-1
3.673671750E0,4.830709472E-2,-1.354912519E-1,-2.124571949E-1,2.565726299E-1
3.683686750E0,4.833292589E-2,-1.375898272E-1,-2.562848330E-1,2.948710699E-1
3.693700750E0,4.416108504E-2,-1.379775852E-1,-2.977241576E-1,3.311007240E-1
3.703715750E0,4.212528095E-2,-1.371090412E-1,-3.336889148E-1,3.632102977E-1
3.713730750E0,3.491104394E-2,-1.358285993E-1,-3.690945804E-1,3.948404724E-1
3.723745750E0,3.287008032E-2,-1.308746636E-1,-4.017698765E-1,4.238250269E-1
3.733759750E0,3.125114739E-2,-1.284935474E-1,-4.281181097E-1,4.480762678E-1
3.743774750E0,2.438464202E-2,-1.284532398E-1,-4.534451365E-1,4.719187827E-1
3.753789750E0,2.048764005E-2,-1.308647245E-1,-4.748660028E-1,4.929939555E-1
3.763804750E0,1.032694429E-2,-1.287718415E-1,-4.915641844E-1,5.082560185E-1
3.773818750E0,6.617427338E-3,-1.234476492E-1,-5.053420663E-1,5.202439009E-1
3.783833750E0,9.691172745E-4,-1.192228049E-1,-5.121352673E-1,5.258303418E-1
3.793848750E0,-2.304440364E-3,-1.148786545E-1,-5.193231106E-1,5.318824202E-1
3.803863750E0,-1.169396937E-2,-1.132255420E-1,-5.146190524E-1,5.270574365E-1
3.813877750E0,-1.426019147E-2,-1.091796681E-1,-5.130171776E-1,5.247000834E-1
3.823892750E0,-2.016254514E-2,-1.077187508E-1,-5.044048429E-1,5.161725516E-1
3.833907750E0,-2.380255423E-2,-1.038987041E-1,-4.909700155E-1,5.024072635E-1
3.843922750E0,-2.949341759E-2,-9.646875411E-2,-4.738078415E-1,4.844274485E-1
3.853936750E0,-3.322237730E-2,-9.114882350E-2,-4.535846114E-1,4.638435448E-1
3.863951750E0,-3.487458825E-2,-8.820657432E-2,-4.301357269E-1,4.404694998E-1
3.873966750E0,-3.850128129E-2,-8.319423348E-2,-3.998412192E-1,4.102153455E-1
3.883981750E0,-3.814931959E-2,-8.095069975E-2,-3.700767457E-1,3.807429371E-1
3.893995750E0,-3.860818222E-2,-7.157770544E-2,-3.348082304E-1,3.445439171E-1
3.904010750E0,-3.632487357E-2,-6.627286226E-2,-2.990945280E-1,3.084949357E-1
3.914025750E0,-3.747162968E-2,-6.182192266E-2,-2.605319619E-1,2.703756208E-1
3.924040750E0,-3.579765186E-2,-5.648858845E-2,-2.169914991E-1,2.270633021E-1
3.934054750E0,-3.706505150E-2,-5.119342357E-2,-1.746291369E-1,1.857146201E-1
3.944069750E0,-3.303670138E-2,-4.483867437E-2,-1.294104010E-1,1.408864161E-1
3.954084750E0,-3.155012429E-2,-4.181199148E-2,-8.614309132E-2,1.008180795E-1
3.964099750E0,-2.987794764E-2,-3.145273775E-2,-4.083354771E-2,5.957638027E-2
3.974113750E0,-2.692423575E-2,-2.608460560E-2,9.022427723E-3,3.855807726E-2
3.984128750E0,-2.013021149E-2,-1.789467596E-2,5.311492458E-2,5.955367373E-2
3.994143750E0,-2.041676827E-2,-1.563658193E-2,9.898068011E-2,1.022669162E-1
4.004158750E0,-1.680713147E-2,-1.186953764E-2,1.456736326E-1,1.471195868E-1
4.014172750E0,-1.011008024E-2,-6.367180496E-3,1.907087564E-1,1.910826640E-1
4.024187750E0,-7.287181448E-3,3.493949771E-4,2.334366441E-1,2.335506195E-1
4.034202750E0,-3.948909231E-3,6.102089770E-3,2.715222538E-1,2.716195200E-1
4.044216750E0,1.597409137E-4,1.035764348E-2,3.125047386E-1,3.126763789E-1
4.054231750E0,-6.724969135E-4,1.541392226E-2,3.472909629E-1,3.476335056E-1
4.064246750E0,7.218672545E-4,2.114238963E-2,3.836356997E-1,3.842185210E-1
4.074261750E0,1.918691909E-3,2.678722516E-2,4.123227298E-1,4.131964065E-1
4.084275750E0,3.423871472E-3,3.033783101E-2,4.386764467E-1,4.397375715E-1
4.094290750E0,4.687807523E-3,3.673847020E-2,4.626976252E-1,4.641775340E-1
4.104305750E0,4.180827178E-3,3.775464743E-2,4.818144143E-1,4.833094480E-1
4.114320083E0,1.190363429E-3,4.178294539E-2,4.988546669E-1,5.006028468E-1
4.124334083E0,2.285891911E-3,4.750324041E-2,5.102731586E-1,5.124846139E-1
4.134349083E0,-1.132808044E-3,5.203034729E-2,5.159456730E-1,5.185637644E-1
4.144364083E0,-2.666206332E-3,5.569956452E-2,5.165005326E-1,5.195020215E-1
4.154379083E0,-6.562144961E-3,6.233882904E-2,5.172613859E-1,5.210456148E-1
4.164393083E0,-7.912791334E-3,6.505142897E-2,5.124965310E-1,5.166691349E-1
4.174408083E0,-1.147237234E-2,7.003420591E-2,5.036582947E-1,5.086335450E-1
4.184423083E0,-1.432266831E-2,7.571703196E-2,4.908544719E-1,4.968665015E-1
4.194438083E0,-1.789822988E-2,7.932561636E-2,4.730536342E-1,4.799923341E-1
4.204452083E0,-2.540396340E-2,8.049785346E-2,4.506138861E-1,4.584518951E-1
4.214467083E0,-2.985170856E-2,8.552563190E-2,4.256550074E-1,4.351872511E-1
4.224482083E0,-3.232280537E-2,9.048381448E-2,3.985617161E-1,4.099799092E-1
4.234497083E0,-3.189510107E-2,9.582532942E-2,3.631619215E-1,3.769434606E-1
4.244511083E0,-3.684609756E-2,9.934407473E-2,3.277148008E-1,3.444181627E-1
4.254526083E0,-4.070448503E-2,1.005507484E-1,2.932018340E-1,3.126253725E-1
4.264541083E0,-4.301616177E-2,1.052513123E-1,2.498926073E-1,2.745442480E-1
4.274556083E0,-4.231175408E-2,1.114735156E-1,2.098852694E-1,2.413885986E-1
4.284570083E0,-4.640104994E-2,1.159838438E-1,1.662832052E-1,2.079793590E-1
4.294585083E0,-4.337143898E-2,1.189359576E-1,1.196030453E-1,1.741600762E-1
4.304600083E0,-4.302229732E-2,1.224358827E-1,7.372769713E-2,1.492556088E-1
4.314615083E0,-4.131104797E-2,1.275825351E-1,2.689859271E-2,1.367751449E-1
4.324629083E0,-3.813094273E-2,1.291205138E-1,-2.102287672E-2,1.362645854E-1
4.334644083E0,-3.676900268E-2,1.324550509E-1,-6.933181733E-2,1.539584391E-1
4.344659083E0,-3.262519836E-2,1.353747696E-1,-1.172139570E-1,1.820160529E-1
4.354674083E0,-2.705759555E-2,1.395679265E-1,-1.616293639E-1,2.152565234E-1
4.364688083E0,-2.302741259E-2,1.438819766E-1,-2.073350847E-1,2.534168942E-1
4.374703083E0,-1.636737958E-2,1.459035873E-1,-2.487645298E-1,2.888590300E-1
4.384718083E0,-9.927665815E-3,1.456362009E-1,-2.899073958E-1,3.245839795E-1
4.394733083E0,-3.919308074E-3,1.493225545E-1,-3.312308788E-1,3.633544844E-1
4.404747083E0,4.038806073E-3,1.508850157E-1,-3.645979166E-1,3.946064378E-1
4.414762083E0,1.155557763E-2,1.539039761E-1,-3.955124319E-1,4.245586520E-1
4.424777083E0,1.891412586E-2,1.524999589E-1,-4.279235899E-1,4.546785463E-1
4.434792083E0,3.022137657E-2,1.516141891E-1,-4.517961740E-1,4.775143734E-1
4.444806083E0,3.484583274E-2,1.497154534E-1,-4.759489894E-1,5.001563651E-1
4.454821083E0,4.669503495E-2,1.499415636E-1,-4.951725006E-1,5.194792625E-1
4.464836083E0,5.319344997E-2,1.483777463E-1,-5.099043250E-1,5.337114571E-1
4.474851083E0,6.114831194E-2,1.470443010E-1,-5.199300647E-1,5.437723923E-1
4.484865083E0,6.654572487E-2,1.466275156E-1,-5.265426636E-1,5.506134201E-1
4.494880083E0,7.331947982E-2,1.437750012E-1,-5.289486051E-1,5.530222635E-1
4.504895083E0,7.842315733E-2,1.428383589E-1,-5.269224644E-1,5.515435358E-1
4.514910083E0,8.215371519E-2,1.359588802E-1,-5.190235376E-1,5.427886169E-1
4.524924083E0,8.631684631E-2,1.340607703E-1,-5.134662390E-1,5.376527380E-1
4.534939083E0,9.222640097E-2,1.296788156E-1,-4.959313869E-1,5.208361017E-1
4.544954083E0,9.254228324E-2,1.235322207E-1,-4.811964333E-1,5.053457145E-1
4.554969083E0,9.250286967E-2,1.191555858E-1,-4.568530023E-1,4.811127729E-1
4.564983083E0,9.381942451E-2,1.118913665E-1,-4.339419007E-1,4.578507787E-1
4.574998083E0,9.034799784E-2,1.079677418E-1,-4.057914913E-1,4.295189500E-1
4.585013083E0,8.951691538E-2,1.010948271E-1,-3.734094799E-1,3.970744034E-1
4.595028083E0,8.540232480E-2,9.441296011E-2,-3.391984999E-1,3.623023412E-1
4.605042083E0,8.010134846E-2,8.616267145E-2,-3.026052415E-1,3.246693151E-1
4.615057083E0,7.577477396E-2,8.128136396E-2,-2.616029680E-1,2.842262995E-1
4.625072083E0,7.150679827E-2,7.070489228E-2,-2.253871709E-1,2.468031215E-1
4.635087083E0,6.367896497E-2,6.527256966E-2,-1.792028993E-1,2.010701322E-1
4.645101083E0,5.439362675E-2,5.873929709E-2,-1.367696822E-1,1.584768678E-1
4.655116083E0,4.527443275E-2,5.018841475E-2,-9.375005960E-2,1.155756242E-1
4.665131083E0,3.468866646E-2,4.044337571E-2,-4.551303759E-2,7.007429493E-2
4.675146083E0,2.768189088E-2,3.429466859E-2,9.790959302E-4,4.408367050E-2
4.685160083E0,1.816451922E-2,2.592728846E-2,4.326638952E-2,5.361114163E-2
4.695175083E0,9.763577953E-3,1.806909777E-2,9.188026190E-2,9.414776830E-2
4.705190083E0,-1.254131319E-3,9.222338907E-3,1.356458217E-1,1.359647503E-1
4.715205083E0,-1.294034813E-2,3.133286722E-3,1.777514666E-1,1.782494151E-1
4.725219083E0,-1.844801381E-2,-4.026968032E-3,2.190042287E-1,2.198167370E-1
4.735234083E0,-3.210417181E-2,-1.428786106E-2,2.606241107E-1,2.629824099E-1
4.745249083E0,-3.371926770E-2,-1.802729815E-2,2.987025976E-1,3.011398584E-1
4.755264083E0,-4.278839752E-2,-2.582663298E-2,3.332491219E-1,3.369760217E-1
4.765278083E0,-5.059789121E-2,-3.380678594E-2,3.683967292E-1,3.733887993E-1
4.775293083E0,-5.598306656E-2,-3.880660236E-2,3.957612514E-1,4.015806572E-1
4.785308083E0,-5.952224508E-2,-4.637913778E-2,4.250874817E-1,4.317328910E-1
4.795323083E0,-6.615404785E-2,-5.307512358E-2,4.484681785E-1,4.564176091E-1
4.805337083E0,-6.738904864E-2,-5.567807704E-2,4.695412815E-1,4.776089898E-1
4.815352083E0,-7.073797286E-2,-5.912261084E-2,4.849703014E-1,4.936552817E-1
4.825367083E0,-7.052235305E-2,-6.615985930E-2,4.964776039E-1,5.058068213E-1
4.835382083E0,-7.070797682E-2,-7.336343825E-2,5.066679120E-1,5.168115567E-1
4.845396083E0,-6.941226870E-2,-7.894365489E-2,5.116502643E-1,5.223372058E-1
4.855411083E0,-6.715710461E-2,-8.219377697E-2,5.117754340E-1,5.226662305E-1
4.865426083E0,-6.165735424E-2,-8.480854332E-2,5.091754794E-1,5.198593917E-1
4.875441083E0,-5.876303092E-2,-8.927253634E-2,5.010243654E-1,5.122968810E-1
4.885455083E0,-5.399836972E-2,-9.338392317E-2,4.892369509E-1,5.009881986E-1
4.895470083E0,-4.658306390E-2,-9.586598724E-2,4.759605527E-1,4.877486208E-1
4.905485083E0,-4.057745263E-2,-1.019440293E-1,4.555089772E-1,4.685376645E-1
4.915500083E0,-3.582850471E-2,-1.033720225E-1,4.338955879E-1,4.474760753E-1
4.925514083E0,-2.638268657E-2,-1.075633988E-1,4.079380631E-1,4.227048548E-1
4.935529083E0,-1.975008287E-2,-1.072307751E-1,3.778560758E-1,3.932730844E-1
4.945544083E0,-1.313735917E-2,-1.107612103E-1,3.464123309E-1,3.639260074E-1
4.955559083E0,-4.297262523E-3,-1.148401052E-1,3.094777465E-1,3.301260241E-1
4.965573083E0,6.933713448E-4,-1.179028451E-1,2.734498084E-1,2.977857608E-1
4.975588083E0,8.972073905E-3,-1.196003482E-1,2.350163907E-1,2.638511802E-1
4.985603083E0,1.568081789E-2,-1.198677272E-1,1.929650754E-1,2.277052489E-1
4.995618083E0,2.157892101E-2,-1.233103871E-1,1.479390115E-1,1.937964203E-1
5.005632083E0,3.093967959E-2,-1.251620948E-1,1.053492054E-1,1.664970536E-1
5.015647083E0,3.405131772E-2,-1.310572624E-1,6.058280170E-2,1.483434331E-1
5.025662083E0,3.706070036E-2,-1.286289990E-1,1.415111776E-2,1.346074627E-1
5.035677083E0,4.084292427E-2,-1.296170354E-1,-2.997053601E-2,1.391652017E-1
5.045691083E0,4.441459477E-2,-1.313250065E-1,-7.402047515E-2,1.571557963E-1
5.055706083E0,4.797391221E-2,-1.334179938E-1,-1.183788851E-1,1.847035943E-1
5.065721083E0,4.658596590E-2,-1.342601627E-1,-1.634272337E-1,2.165744773E-1
5.075736083E0,4.960891977E-2,-1.361059994E-1,-2.028124630E-1,2.492364001E-1
5.085750083E0,4.922223091E-2,-1.365872324E-1,-2.447103709E-1,2.845383378E-1
5.095765083E0,5.003901944E-2,-1.326462924E-1,-2.854769528E-1,3.187413261E-1
5.105780083E0,4.577993602E-2,-1.340879500E-1,-3.187376559E-1,3.488109433E-1
5.115795125E0,4.288081825E-2,-1.339630485E-1,-3.513440788E-1,3.784541249E-1
5.125809125E0,3.663077950E-2,-1.337062269E-1,-3.794290125E-1,4.039623060E-1
5.135824125E0,3.597484529E-2,-1.308302730E-1,-4.076979458E-1,4.296840291E-1
5.145839125E0,2.955390140E-2,-1.287230998E-1,-4.304057360E-1,4.502134683E-1
5.155854125E0,2.238014527E-2,-1.293188483E-1,-4.522362053E-1,4.708947025E-1
5.165868125E0,2.114937641E-2,-1.294961274E-1,-4.655960500E-1,4.837315629E-1
5.175883125E0,1.528962422E-2,-1.266385466E-1,-4.797099829E-1,4.963796549E-1
5.185898125E0,7.488546893E-3,-1.228180751E-1,-4.849635363E-1,5.003298806E-1
5.195913125E0,2.623750828E-3,-1.215006113E-1,-4.906019866E-1,5.054301059E-1
5.205927125E0,-1.412656391E-3,-1.181071103E-1,-4.901852608E-1,5.042151078E-1
5.215942125E0,-6.568270270E-3,-1.178636998E-1,-4.849311113E-1,4.990923528E-1
5.225957125E0,-1.021901518E-2,-1.113423258E-1,-4.783475995E-1,4.912412521E-1
5.235972125E0,-1.608782448E-2,-1.091247126E-1,-4.644198120E-1,4.773392743E-1
5.245986125E0,-2.224715799E-2,-1.061148196E-1,-4.503950775E-1,4.632612835E-1
5.256001125E0,-2.478941157E-2,-1.016020924E-1,-4.305563867E-1,4.430759554E-1
5.266016125E0,-2.917739563E-2,-9.656507522E-2,-4.072299600E-1,4.195382872E-1
5.276031125E0,-3.295029700E-2,-8.948958665E-2,-3.795823753E-1,3.913781903E-1
5.286045125E0,-3.217655048E-2,-8.528142422E-2,-3.474207520E-1,3.591788283E-1
5.296060125E0,-3.575370833E-2,-8.539194614E-2,-3.169030547E-1,3.301479338E-1
5.306075125E0,-3.575013578E-2,-7.708510756E-2,-2.827604413E-1,2.952518470E-1
5.316090125E0,-3.540738672E-2,-7.152202725E-2,-2.454120070E-1,2.580622727E-1
5.326104125E0,-3.577685356E-2,-6.573622674E-2,-2.056138217E-1,2.188110565E-1
5.336119125E0,-3.498376161E-2,-6.264696270E-2,-1.643140465E-1,1.792975499E-1
5.346134125E0,-3.067687526E-2,-5.529211462E-2,-1.191407219E-1,1.348806888E-1
5.356149125E0,-3.375149146E-2,-5.092053488E-2,-7.683560997E-2,9.816198352E-2
5.366163125E0,-3.239050135E-2,-4.589823633E-2,-3.341230005E-2,6.536187322E-2
5.376178125E0,-2.729028091E-2,-4.286170006E-2,1.066274568E-2,5.191896483E-2
5.386193125E0,-2.313910052E-2,-3.508084267E-2,5.301667750E-2,6.765243225E-2
5.396208125E0,-2.023172751E-2,-2.877101302E-2,1.012784764E-1,1.072120505E-1
5.406222125E0,-1.781305857E-2,-2.291738056E-2,1.437995732E-1,1.466997908E-1
5.416237125E0,-1.447931211E-2,-1.816603541E-2,1.833824068E-1,1.848479442E-1
5.426252125E0,-1.413245872E-2,-1.550882962E-2,2.251541764E-1,2.261297267E-1
5.436267125E0,-9.551555850E-3,-7.383791264E-3,2.624573410E-1,2.627348633E-1
5.446281125E0,-5.378793459E-3,-2.773957327E-3,2.991784215E-1,2.992396266E-1
5.456296125E0,-3.633091459E-3,4.406191409E-3,3.339193463E-1,3.339681777E-1
5.466311125E0,-5.873926566E-4,9.214436635E-3,3.648397624E-1,3.649565771E-1
5.476326125E0,6.784078432E-4,1.273726672E-2,3.935838044E-1,3.937904383E-1
5.486340125E0,1.051332336E-3,1.607885212E-2,4.190840721E-1,4.193937223E-1
5.496355125E0,1.476372825E-3,1.932604611E-2,4.421771169E-1,4.426017153E-1
5.506370125E0,2.784375800E-3,2.486451715E-2,4.586557746E-1,4.593376933E-1
5.516385125E0,2.537766937E-3,3.123692796E-2,4.739481807E-1,4.749832249E-1
5.526399125E0,4.293047823E-5,3.321938217E-2,4.831893444E-1,4.843299203E-1
5.536414125E0,-9.799897671E-4,4.159662127E-2,4.889375269E-1,4.907047427E-1
5.546429125E0,-4.884087015E-3,4.564693198E-2,4.940458238E-1,4.961741355E-1
5.556444125E0,-2.886982402E-3,4.973541945E-2,4.927928150E-1,4.953046589E-1
5.566458125E0,-9.489237331E-3,5.144144222E-2,4.892539978E-1,4.920424189E-1
5.576473125E0,-1.393671706E-2,5.831772462E-2,4.774407446E-1,4.811910782E-1
5.586488125E0,-1.345555484E-2,6.357595325E-2,4.650673568E-1,4.695855621E-1
5.596503125E0,-1.833899319E-2,6.623059511E-2,4.499456584E-1,4.551636035E-1
5.606517125E0,-2.282538079E-2,7.182190567E-2,4.269255400E-1,4.335260094E-1
5.616532125E0,-2.415642887E-2,7.542303205E-2,4.025951922E-1,4.103109255E-1
5.626547125E0,-2.547100373E-2,8.160530776E-2,3.771918118E-1,3.867581430E-1
5.636562125E0,-3.014804795E-2,8.410734683E-2,3.429566324E-1,3.544040100E-1
5.646577125E0,-3.327081725E-2,8.822616935E-2,3.120807111E-1,3.260140710E-1
5.656591125E0,-3.499574587E-2,9.540685266E-2,2.771736085E-1,2.952158177E-1
5.666606125E0,-3.898782656E-2,9.694190323E-2,2.368480265E-1,2.588721130E-1
5.676621125E0,-4.185099155E-2,1.041710526E-1,1.953873932E-1,2.253427326E-1
5.686636125E0,-4.165605828E-2,1.063039824E-1,1.545139998E-1,1.921206392E-1
5.696650125E0,-4.268084466E-2,1.129991636E-1,1.135881394E-1,1.658093209E-1
5.706665125E0,-4.192387685E-2,1.170702502E-1,6.954620034E-2,1.424771172E-1
5.716680125E0,-4.136114940E-2,1.191184893E-1,2.346446365E-2,1.282596594E-1
5.726695125E0,-4.032624513E-2,1.239779666E-1,-2.349239215E-2,1.324712600E-1
5.736709125E0,-3.872621804E-2,1.289918870E-1,-6.610430032E-2,1.500280153E-1
5.746724125E0,-3.375848010E-2,1.325616986E-1,-1.087783426E-1,1.747711839E-1
5.756739125E0,-2.848808654E-2,1.337406784E-1,-1.534789652E-1,2.055576145E-1
5.766754125E0,-2.589688823E-2,1.389155388E-1,-1.951705813E-1,2.409558706E-1
5.776768125E0,-1.849995926E-2,1.426847279E-1,-2.372474670E-1,2.774662875E-1
5.786783125E0,-1.562128961E-2,1.447869390E-1,-2.779290080E-1,3.137703235E-1
5.796798125E0,-8.650465868E-3,1.454442143E-1,-3.120012283E-1,3.443451997E-1
5.806813125E0,-8.877015789E-4,1.473684162E-1,-3.468029797E-1,3.768163277E-1
5.816827125E0,3.790140850E-3,1.497234553E-1,-3.802767992E-1,4.087076244E-1
5.826842125E0,1.378910244E-2,1.505675763E-1,-4.070926011E-1,4.342638832E-1
5.836857125E0,2.163024805E-2,1.512197852E-1,-4.340017140E-1,4.601008355E-1
5.846872125E0,2.800296247E-2,1.515649259E-1,-4.555592239E-1,4.809265008E-1
5.856886125E0,3.609497473E-2,1.519324332E-1,-4.694809020E-1,4.947712894E-1
5.866901125E0,4.250308499E-2,1.515899003E-1,-4.862033129E-1,5.110574053E-1
5.876916125E0,4.883208871E-2,1.512548774E-1,-4.958745837E-1,5.207247004E-1
5.886931125E0,5.403112248E-2,1.506804228E-1,-5.015156865E-1,5.264427185E-1
5.896945125E0,6.232074276E-2,1.474041939E-1,-5.032488704E-1,5.280826610E-1
5.906960125E0,6.939658523E-2,1.443662345E-1,-5.016570091E-1,5.266092009E-1
5.916975125E0,7.416497171E-2,1.417667270E-1,-4.963562489E-1,5.215052959E-1
5.926990125E0,7.881496102E-2,1.388653964E-1,-4.873554707E-1,5.128457382E-1
5.937004125E0,8.147359639E-2,1.354762614E-1,-4.737083912E-1,4.993910333E-1
5.947019125E0,8.307873458E-2,1.294148266E-1,-4.569173157E-1,4.821034193E-1
5.957034125E0,8.372855186E-2,1.265407354E-1,-4.373103380E-1,4.628859037E-1
5.967049125E0,8.393145353E-2,1.219467968E-1,-4.112933874E-1,4.371244224E-1
5.977063125E0,8.324862272E-2,1.157493591E-1,-3.826601207E-1,4.083589295E-1
5.987078125E0,8.287335187E-2,1.089218706E-1,-3.560509980E-1,3.814502320E-1
5.997093125E0,8.019500971E-2,1.026903391E-1,-3.204458654E-1,3.459220981E-1
6.007108125E0,7.479703426E-2,1.001574099E-1,-2.870761752E-1,3.131115352E-1
6.017123125E0,7.079616934E-2,9.239216894E-2,-2.479881644E-1,2.739462359E-1
6.027137125E0,6.588114798E-2,8.191568404E-2,-2.082490921E-1,2.332770656E-1
6.037152125E0,5.960035324E-2,7.646552473E-2,-1.670960635E-1,1.931845569E-1
6.047167125E0,5.477499217E-2,6.841136515E-2,-1.255175620E-1,1.530851823E-1
6.057182125E0,4.535352811E-2,6.096915901E-2,-8.254267275E-2,1.121939111E-1
6.067196125E0,3.539830446E-2,5.418610945E-2,-4.111718014E-2,7.667983385E-2
6.077211125E0,3.013509698E-2,4.879134521E-2,3.737907857E-3,5.746904726E-2
6.087226125E0,2.017638832E-2,3.885357827E-2,4.590018839E-2,6.343117912E-2
6.097241125E0,1.114401128E-2,3.008246236E-2,8.655547351E-2,9.230922772E-2
6.107255125E0,4.601507913E-3,2.320848778E-2,1.307682842E-1,1.328915044E-1
6.117270083E0,-6.896423642E-3,1.386025921E-2,1.728294492E-1,1.735214279E-1
6.127285083E0,-1.548276655E-2,1.002830919E-2,2.087109238E-1,2.095245397E-1
6.137300083E0,-2.322830446E-2,3.465482034E-3,2.491970956E-1,2.503013307E-1
6.147314083E0,-2.989803441E-2,-4.840821959E-3,2.822937071E-1,2.839138304E-1
6.157329083E0,-4.158504680E-2,-1.158820651E-2,3.201313615E-1,3.230289325E-1
6.167344083E0,-4.545121640E-2,-1.847564802E-2,3.504205942E-1,3.538386009E-1
6.177359083E0,-4.860785976E-2,-2.454232797E-2,3.761477768E-1,3.800686779E-1
6.187373083E0,-5.591041967E-2,-3.169247508E-2,4.014098048E-1,4.065221020E-1
6.197388083E0,-5.847770721E-2,-3.732879087E-2,4.246341884E-1,4.302641919E-1
6.207403083E0,-6.075451151E-2,-4.396211356E-2,4.444930255E-1,4.507746974E-1
6.217418083E0,-6.576737761E-2,-4.757256061E-2,4.594194889E-1,4.665348468E-1
6.227432083E0,-6.384301186E-2,-5.191136524E-2,4.683315158E-1,4.755051300E-1
6.237447083E0,-6.453382969E-2,-5.906035751E-2,4.767729342E-1,4.847320619E-1
6.247462083E0,-6.343580037E-2,-6.181247532E-2,4.810481071E-1,4.891340964E-1
6.257477083E0,-6.175374240E-2,-6.782775372E-2,4.826971292E-1,4.913355752E-1
6.267492083E0,-6.041860208E-2,-7.043748349E-2,4.798918366E-1,4.887821820E-1
6.277506083E0,-5.701188743E-2,-7.427536696E-2,4.690503776E-1,4.783047587E-1
6.287521083E0,-5.133432150E-2,-7.911830395E-2,4.590624571E-1,4.686504647E-1
6.297536083E0,-4.672971740E-2,-8.640471846E-2,4.446433187E-1,4.553648237E-1
6.307551083E0,-4.153132439E-2,-8.637048304E-2,4.281688035E-1,4.387633024E-1
6.317565083E0,-3.495385125E-2,-9.060224891E-2,4.078563452E-1,4.192580799E-1
6.327580083E0,-2.543070726E-2,-9.658768028E-2,3.810428381E-1,3.939156576E-1
6.337595083E0,-1.856694184E-2,-9.717410803E-2,3.524442315E-1,3.660662166E-1
6.347610083E0,-1.251480076E-2,-1.014110744E-1,3.226761222E-1,3.384681759E-1
6.357624083E0,-4.697890021E-3,-1.064052954E-1,2.900004685E-1,3.089408176E-1
6.367639083E0,4.002969246E-3,-1.076064035E-1,2.547793686E-1,2.766002323E-1
6.377654083E0,8.936741389E-3,-1.125457734E-1,2.162186503E-1,2.439199074E-1
6.387669083E0,1.505159587E-2,-1.101560965E-1,1.770379692E-1,2.090534828E-1
6.397683083E0,2.368582971E-2,-1.164637953E-1,1.398349404E-1,1.835174235E-1
6.407698083E0,2.591779456E-2,-1.192028373E-1,9.656283259E-2,1.555809408E-1
6.417713083E0,3.334321827E-2,-1.206241697E-1,5.474001542E-2,1.365958631E-1
6.427728083E0,3.794082254E-2,-1.234616488E-1,1.057610661E-2,1.295922018E-1
6.437742083E0,4.009265825E-2,-1.239961386E-1,-3.230984136E-2,1.342623904E-1
6.447757083E0,4.650961235E-2,-1.252947748E-1,-7.811558992E-2,1.548030039E-1
6.457772083E0,4.633331299E-2,-1.268687099E-1,-1.160991862E-1,1.781052119E-1
6.467787083E0,5.124329776E-2,-1.292753220E-1,-1.543915421E-1,2.077853043E-1
6.477802083E0,5.136952922E-2,-1.333201230E-1,-1.954087615E-1,2.420695516E-1
6.487816083E0,4.759162664E-2,-1.321111321E-1,-2.336348742E-1,2.725868093E-1
6.497831083E0,4.832372814E-2,-1.335005015E-1,-2.683494389E-1,3.035934584E-1
6.507846083E0,4.906473309E-2,-1.333362758E-1,-3.026287854E-1,3.343203437E-1
6.517861083E0,4.345158860E-2,-1.315309256E-1,-3.318590820E-1,3.596093370E-1
6.527875083E0,4.337938875E-2,-1.321077496E-1,-3.586832583E-1,3.846919659E-1
6.537890083E0,3.788075969E-2,-1.332281381E-1,-3.857452273E-1,4.098585965E-1
6.547905083E0,3.296369687E-2,-1.319808960E-1,-4.064543247E-1,4.286148391E-1
6.557920083E0,3.234531358E-2,-1.323369741E-1,-4.228375554E-1,4.442419299E-1
6.567934083E0,2.345313691E-2,-1.313006133E-1,-4.402893484E-1,4.600484876E-1
6.577949083E0,1.838114671E-2,-1.293522418E-1,-4.506423771E-1,4.691997667E-1
6.587964083E0,1.116597466E-2,-1.265341938E-1,-4.594490826E-1,4.766854735E-1
6.597979083E0,9.425599128E-3,-1.254026294E-1,-4.601329863E-1,4.770084134E-1
6.607993083E0,5.995484069E-3,-1.227110177E-1,-4.600569904E-1,4.761789308E-1
6.618008083E0,-3.529311391E-3,-1.214721203E-1,-4.567743838E-1,4.726634847E-1
6.628023083E0,-7.195090409E-3,-1.178443953E-1,-4.476434886E-1,4.629511462E-1
6.638038083E0,-8.966092952E-3,-1.157921627E-1,-4.360866845E-1,4.512868402E-1
6.648052083E0,-1.696829125E-2,-1.108414233E-1,-4.212301672E-1,4.358997565E-1
6.658067083E0,-2.343577705E-2,-1.059918106E-1,-4.015006721E-1,4.159162046E-1
6.668082083E0,-2.384871989E-2,-1.025532410E-1,-3.790887594E-1,3.934389612E-1
6.678097083E0,-2.833348326E-2,-1.020128876E-1,-3.519599140E-1,3.675393810E-1
6.688112083E0,-3.095051646E-2,-9.705174714E-2,-3.258387446E-1,3.413910714E-1
6.698126083E0,-2.990788966E-2,-9.065483510E-2,-2.925660014E-1,3.077460742E-1
6.708141083E0,-3.399908915E-2,-8.749865741E-2,-2.606835365E-1,2.770701343E-1
6.718156083E0,-3.284940496E-2,-8.438435942E-2,-2.247878611E-1,2.423414658E-1
6.728171083E0,-3.659917787E-2,-7.820229232E-2,-1.849987209E-1,2.041558843E-1
6.738185083E0,-3.338554129E-2,-7.317371666E-2,-1.496386081E-1,1.698843731E-1
6.748200083E0,-3.222493827E-2,-6.891322881E-2,-1.079666913E-1,1.320768192E-1
6.758215083E0,-3.344359994E-2,-6.186889857E-2,-6.572762877E-2,9.626191443E-2
6.768230083E0,-2.975998633E-2,-5.862722546E-2,-2.463700436E-2,7.021246567E-2
6.778244083E0,-2.721613459E-2,-5.206812173E-2,1.659725048E-2,6.105142100E-2
6.788259083E0,-2.594996803E-2,-4.549553990E-2,5.556045100E-2,7.635580336E-2
6.798274083E0,-2.367988974E-2,-3.890155256E-2,9.750097990E-2,1.076127736E-1
6.808289083E0,-2.074107714E-2,-3.779475018E-2,1.384838223E-1,1.450393204E-1
6.818304083E0,-2.054666728E-2,-3.239652142E-2,1.799843907E-1,1.840273921E-1
6.828318083E0,-1.451595314E-2,-2.644408308E-2,2.150124162E-1,2.171182663E-1
6.838333083E0,-1.372952200E-2,-2.062347904E-2,2.505190372E-1,2.517411680E-1
6.848348083E0,-9.556713514E-3,-1.596950926E-2,2.872103751E-1,2.878127091E-1
6.858363083E0,-6.403530482E-3,-1.137875207E-2,3.202383518E-1,3.205044199E-1
6.868377083E0,-5.907915998E-3,-7.512907498E-3,3.512713611E-1,3.514013608E-1
6.878392083E0,-5.481934175E-3,-4.567140713E-4,3.762801290E-1,3.763203365E-1
6.888407083E0,-2.848166274E-3,3.542648628E-3,3.986215591E-1,3.986474756E-1
6.898422083E0,-3.768554656E-3,8.905190974E-3,4.170874059E-1,4.171994830E-1
6.908436083E0,-5.911299377E-5,1.131246518E-2,4.335534573E-1,4.337010211E-1
6.918451083E0,-3.825888038E-3,1.887584478E-2,4.473377168E-1,4.477521277E-1
6.928466083E0,-1.929587219E-3,2.337407507E-2,4.554455280E-1,4.560490102E-1
6.938481083E0,-1.901091426E-3,2.718718909E-2,4.619886577E-1,4.627918293E-1
6.948495083E0,-4.332938232E-3,3.009067103E-2,4.678816199E-1,4.688682471E-1
6.958510083E0,-4.739336204E-3,3.660156950E-2,4.620399773E-1,4.635116793E-1
6.968525083E0,-5.925341044E-3,4.167498276E-2,4.612846076E-1,4.632012555E-1
6.978540083E0,-1.290415507E-2,4.707561061E-2,4.519276023E-1,4.545560340E-1
6.988554083E0,-1.115126256E-2,5.035822466E-2,4.376365244E-1,4.406654388E-1
6.998569083E0,-1.424026303E-2,5.638229474E-2,4.196577966E-1,4.236678115E-1
7.008584083E0,-1.658932306E-2,5.848315358E-2,4.001419842E-1,4.047333597E-1
7.018599083E0,-2.167356387E-2,6.430801749E-2,3.757522106E-1,3.818310991E-1
7.028614083E0,-2.512254007E-2,7.032667845E-2,3.525907993E-1,3.604126184E-1
7.038628083E0,-2.883285470E-2,7.381914556E-2,3.238446414E-1,3.334005872E-1
7.048643083E0,-3.224642947E-2,8.107005805E-2,2.905272543E-1,3.033451368E-1
7.058658083E0,-3.269357234E-2,8.446585387E-2,2.585637271E-1,2.739681572E-1
7.068673083E0,-3.422567248E-2,8.944436163E-2,2.184226960E-1,2.384956281E-1
7.078687083E0,-3.899326548E-2,9.273736179E-2,1.814420372E-1,2.074654330E-1
7.088702083E0,-3.779539093E-2,9.686020762E-2,1.413912922E-1,1.755046692E-1
7.098717083E0,-3.810058907E-2,1.039295644E-1,1.007666364E-1,1.496894260E-1
7.108732083E0,-4.141700640E-2,1.096071526E-1,6.054038554E-2,1.318872041E-1
7.118746250E0,-3.860044852E-2,1.104891896E-1,1.678092033E-2,1.182347450E-1
7.128761250E0,-3.791045770E-2,1.169369891E-1,-2.528664283E-2,1.255024961E-1
7.138776250E0,-3.700764477E-2,1.186075881E-1,-6.804103404E-2,1.416577144E-1
7.148791250E0,-3.318494186E-2,1.236058101E-1,-1.088944525E-1,1.680405857E-1
7.158806250E0,-3.288453817E-2,1.289007217E-1,-1.493726373E-1,2.000224329E-1
7.168820250E0,-2.733850293E-2,1.340624541E-1,-1.914617568E-1,2.353247536E-1
7.178835250E0,-2.415815741E-2,1.364177614E-1,-2.282727659E-1,2.670241147E-1
7.188850250E0,-1.881462522E-2,1.373025477E-1,-2.668588758E-1,3.006985855E-1
7.198865250E0,-1.172582246E-2,1.426325887E-1,-2.988500893E-1,3.313501564E-1
7.208879250E0,-5.913129076E-3,1.446861029E-1,-3.311225474E-1,3.614016807E-1
7.218894250E0,3.574116388E-3,1.446429640E-1,-3.602929413E-1,3.882594042E-1
7.228909250E0,8.236367255E-3,1.452713311E-1,-3.871124089E-1,4.135548506E-1
7.238924250E0,1.289876271E-2,1.487635374E-1,-4.097700417E-1,4.361289433E-1
7.248939250E0,2.045266889E-2,1.501922160E-1,-4.304914773E-1,4.563977710E-1
7.258953250E0,2.843043394E-2,1.519823968E-1,-4.465090632E-1,4.725222556E-1
7.268968250E0,3.384266421E-2,1.505222917E-1,-4.594379961E-1,4.846499340E-1
7.278983250E0,4.019536823E-2,1.491630077E-1,-4.693771899E-1,4.941459469E-1
7.288998250E0,4.696229100E-2,1.477335840E-1,-4.743673205E-1,4.990541288E-1
7.299012250E0,5.276691914E-2,1.482869983E-1,-4.739041924E-1,4.993581533E-1
7.309027250E0,5.707734078E-2,1.461523771E-1,-4.741232991E-1,4.994108959E-1
7.319042250E0,6.251765043E-2,1.436162591E-1,-4.677234590E-1,4.932538095E-1
7.329057250E0,6.853480637E-2,1.402984560E-1,-4.580787420E-1,4.839595131E-1
7.339071250E0,6.940539926E-2,1.358440518E-1,-4.460247457E-1,4.713902732E-1
7.349086250E0,7.350343466E-2,1.366046667E-1,-4.293743968E-1,4.565369235E-1
7.359101250E0,7.431250066E-2,1.333785206E-1,-4.084259570E-1,4.360320399E-1
7.369116250E0,7.570147514E-2,1.262389868E-1,-3.869253695E-1,4.139785462E-1
7.379131250E0,7.418986410E-2,1.200351566E-1,-3.606610298E-1,3.872840730E-1
7.389145250E0,7.476309687E-2,1.141944602E-1,-3.291780949E-1,3.563539161E-1
7.399160250E0,7.174520195E-2,1.114855036E-1,-2.998841107E-1,3.278824048E-1
7.409175250E0,6.886543334E-2,1.101114005E-1,-2.660577893E-1,2.960637021E-1
7.419190250E0,6.594260782E-2,1.011442766E-1,-2.324931920E-1,2.619764808E-1
7.429204250E0,6.343548000E-2,9.298171103E-2,-1.943231672E-1,2.245688136E-1
7.439219250E0,5.701299384E-2,8.536427468E-2,-1.532215327E-1,1.844298754E-1
7.449234250E0,5.192377418E-2,8.020511270E-2,-1.170192361E-1,1.510709768E-1
7.459249250E0,4.538704827E-2,7.390034944E-2,-7.543024421E-2,1.149389731E-1
7.469263250E0,3.734233603E-2,6.592722982E-2,-3.183606267E-2,8.218506299E-2
7.479278250E0,2.875896916E-2,5.878197029E-2,4.693452269E-3,6.560813084E-2
7.489293250E0,2.294182591E-2,4.967952520E-2,4.929774255E-2,7.365222346E-2
7.499308250E0,1.428175904E-2,4.467304796E-2,8.477264643E-2,9.688163622E-2
7.509323250E0,4.315244034E-3,3.674394637E-2,1.287438571E-1,1.339541701E-1
7.519337250E0,-3.406591713E-3,2.979975753E-2,1.648957282E-1,1.676014069E-1
7.529352250E0,-1.060250029E-2,2.292057686E-2,2.053302228E-1,2.068774185E-1
7.539367250E0,-1.865616627E-2,1.672526635E-2,2.393513173E-1,2.406591784E-1
7.549382250E0,-2.432680316E-2,7.502161898E-3,2.698613703E-1,2.710594676E-1
7.559396250E0,-2.925444953E-2,3.406220116E-3,3.037564754E-1,3.051809652E-1
7.569411250E0,-3.824926168E-2,-2.440764569E-3,3.316528201E-1,3.338600851E-1
7.579426250E0,-4.380701110E-2,-1.049016975E-2,3.559488356E-1,3.587877805E-1
7.589441250E0,-4.779439420E-2,-1.530320197E-2,3.803726137E-1,3.836688902E-1
7.599456250E0,-5.252762884E-2,-2.255498990E-2,3.995958269E-1,4.036640982E-1
7.609470250E0,-5.735061690E-2,-2.949838340E-2,4.151971638E-1,4.201760735E-1
7.619485250E0,-5.947874859E-2,-3.109867871E-2,4.302277863E-1,4.354317369E-1
7.629500250E0,-5.761380121E-2,-3.824812919E-2,4.424196482E-1,4.477917089E-1
7.639515250E0,-6.000318751E-2,-4.305300117E-2,4.486740828E-1,4.547113106E-1
7.649529250E0,-5.781500414E-2,-4.981038347E-2,4.521382153E-1,4.585331119E-1
7.659544250E0,-5.622563139E-2,-5.459848046E-2,4.491461813E-1,4.559326791E-1
7.669559250E0,-5.286810175E-2,-6.036350504E-2,4.482626319E-1,4.553879402E-1
7.679574250E0,-5.271816626E-2,-6.294570863E-2,4.416156411E-1,4.491834166E-1
7.689588250E0,-5.048483983E-2,-6.790184975E-2,4.290274084E-1,4.372915473E-1
7.699603250E0,-4.285594821E-2,-7.107128203E-2,4.141765535E-1,4.224097263E-1
7.709618250E0,-3.809439391E-2,-7.600804418E-2,3.958620131E-1,4.048890454E-1
7.719633250E0,-3.023087978E-2,-8.122278005E-2,3.731447160E-1,3.830770486E-1
7.729648250E0,-2.403442003E-2,-8.404874802E-2,3.524810672E-1,3.631593977E-1
7.739662250E0,-1.910357736E-2,-8.545064181E-2,3.277608156E-1,3.392549353E-1
7.749677250E0,-1.226153597E-2,-8.851872385E-2,2.997770011E-1,3.128132992E-1
7.759692250E0,-5.963425618E-3,-9.308364987E-2,2.656419277E-1,2.815417590E-1
7.769707250E0,3.695225809E-3,-9.928765148E-2,2.306705415E-1,2.511584981E-1
7.779721250E0,6.630562246E-3,-1.011279002E-1,1.964763552E-1,2.210741385E-1
7.789736250E0,1.444722340E-2,-1.025274023E-1,1.607436687E-1,1.912043868E-1
7.799751250E0,2.113522030E-2,-1.065346599E-1,1.214897335E-1,1.629603836E-1
7.809766250E0,2.863884158E-2,-1.083042398E-1,8.340670168E-2,1.396662790E-1
7.819781250E0,3.297420591E-2,-1.133996621E-1,4.408140108E-2,1.260553511E-1
7.829795250E0,3.932797536E-2,-1.142590642E-1,4.824545234E-3,1.209342782E-1
7.839810250E0,4.016500711E-2,-1.183984131E-1,-3.587388247E-2,1.300705480E-1
7.849825250E0,4.560026899E-2,-1.202727631E-1,-7.596749812E-2,1.493853502E-1
7.859840250E0,4.735768586E-2,-1.243695021E-1,-1.146528423E-1,1.756581843E-1
7.869854250E0,4.969858751E-2,-1.233005002E-1,-1.526692063E-1,2.024372730E-1
7.879869250E0,5.200781673E-2,-1.253138483E-1,-1.882399768E-1,2.320402172E-1
7.889884250E0,5.444221199E-2,-1.283527762E-1,-2.236584276E-1,2.635554625E-1
7.899899250E0,5.127517879E-2,-1.280989796E-1,-2.544797063E-1,2.894795562E-1
7.909914250E0,4.957845062E-2,-1.303969771E-1,-2.896098197E-1,3.214579942E-1
7.919928250E0,4.851691425E-2,-1.288699210E-1,-3.147737384E-1,3.435751066E-1
7.929943250E0,4.739016294E-2,-1.314929128E-1,-3.388297558E-1,3.665266935E-1
7.939958250E0,4.229659960E-2,-1.313166022E-1,-3.633409441E-1,3.886511212E-1
7.949973250E0,4.019200057E-2,-1.309814155E-1,-3.822253346E-1,4.060390801E-1
7.959987250E0,3.723695874E-2,-1.310791522E-1,-3.995787799E-1,4.221747702E-1
7.970002250E0,2.629848383E-2,-1.288249940E-1,-4.119118750E-1,4.323874213E-1
7.980017250E0,2.539886907E-2,-1.320892274E-1,-4.239903986E-1,4.448151579E-1
7.990032250E0,1.978555880E-2,-1.292117834E-1,-4.298929274E-1,4.493273666E-1
8.000047250E0,1.614608243E-2,-1.272698045E-1,-4.300279617E-1,4.487564451E-1
8.010061250E0,1.031789184E-2,-1.258043945E-1,-4.313447773E-1,4.494346688E-1
8.020076250E0,5.402496085E-3,-1.243931949E-1,-4.248112440E-1,4.426821060E-1
8.030091250E0,-1.188129652E-3,-1.199208423E-1,-4.170769751E-1,4.339765238E-1
8.040106250E0,-6.946416572E-3,-1.201967448E-1,-4.021307826E-1,4.197674076E-1
8.050120250E0,-9.000927210E-3,-1.181741878E-1,-3.909158707E-1,4.084866868E-1
8.060135250E0,-1.574165374E-2,-1.124334782E-1,-3.721062243E-1,3.890400093E-1
8.070150250E0,-1.639443077E-2,-1.101774871E-1,-3.487420678E-1,3.660995574E-1
8.080165250E0,-2.022964880E-2,-1.065513268E-1,-3.228699565E-1,3.405986388E-1
8.090180250E0,-2.573561482E-2,-1.039505973E-1,-2.959839404E-1,3.147610864E-1
8.100194250E0,-2.899718843E-2,-9.900110960E-2,-2.679181993E-1,2.870926996E-1
8.110209250E0,-2.871109359E-2,-9.646800160E-2,-2.373681664E-1,2.578256168E-1
8.120224208E0,-3.516286612E-2,-9.377288818E-2,-2.007880509E-1,2.243783035E-1
8.130239208E0,-3.318559751E-2,-8.647089452E-2,-1.687820554E-1,1.925250158E-1
8.140253208E0,-3.246467933E-2,-8.174005151E-2,-1.320285797E-1,1.586409067E-1
8.150268208E0,-3.213784844E-2,-7.749477774E-2,-9.397005290E-2,1.259708408E-1
8.160283208E0,-3.546759859E-2,-7.089253515E-2,-5.437151715E-2,9.612473130E-2
8.170298208E0,-3.063131496E-2,-6.956945360E-2,-1.502465270E-2,7.748500835E-2
8.180313208E0,-2.944993787E-2,-6.341782212E-2,2.403167076E-2,7.393673108E-2
8.190327208E0,-2.792823128E-2,-5.794206262E-2,6.367170066E-2,9.050610028E-2
8.200342208E0,-2.797084115E-2,-5.201040208E-2,1.003570110E-1,1.164430313E-1
8.210357208E0,-2.564891055E-2,-4.885688797E-2,1.399573833E-1,1.504424516E-1
8.220372208E0,-2.164218388E-2,-4.248607159E-2,1.767766476E-1,1.830940565E-1
8.230386208E0,-1.875431463E-2,-3.773253411E-2,2.120091319E-1,2.161558245E-1
8.240401208E0,-1.678224280E-2,-3.475272283E-2,2.443955541E-1,2.474238919E-1
8.250416208E0,-1.314938720E-2,-3.026666120E-2,2.760256827E-1,2.779912852E-1
8.260431208E0,-1.260903105E-2,-2.496723644E-2,3.042860627E-1,3.055689096E-1
8.270446208E0,-1.205981616E-2,-1.595968381E-2,3.324780464E-1,3.330792729E-1
8.280460208E0,-8.484789170E-3,-1.389813144E-2,3.577746153E-1,3.581449777E-1
8.290475208E0,-6.296536885E-3,-1.045967825E-2,3.754268885E-1,3.756253450E-1
8.300490208E0,-7.748492062E-3,-3.549041227E-3,3.975353837E-1,3.976267296E-1
8.310505208E0,-3.267088905E-3,7.057888433E-4,4.107277095E-1,4.107413096E-1
8.320520208E0,-4.293204751E-3,5.339155905E-3,4.215366840E-1,4.215923555E-1
8.330534208E0,-4.238164984E-3,1.198330987E-2,4.312541485E-1,4.314414240E-1
8.340549208E0,-4.530846607E-3,1.754478738E-2,4.361881614E-1,4.365643827E-1
8.350564208E0,-6.756178103E-3,2.173312753E-2,4.385211766E-1,4.391113721E-1
8.360579208E0,-7.499998901E-3,2.391105890E-2,4.355837107E-1,4.363039740E-1
8.370593208E0,-9.060388431E-3,3.018285334E-2,4.299728870E-1,4.311261751E-1
8.380608208E0,-1.110889204E-2,3.498053551E-2,4.196792543E-1,4.212810485E-1
8.390623208E0,-1.230546925E-2,3.838274255E-2,4.092535079E-1,4.112336236E-1
8.400638208E0,-1.806668565E-2,4.581988603E-2,3.910971284E-1,3.941862896E-1
8.410653208E0,-1.885102503E-2,4.898135737E-2,3.741836250E-1,3.778464235E-1
8.420667208E0,-2.253018320E-2,5.276091769E-2,3.515118957E-1,3.561627948E-1
8.430682208E0,-2.214699611E-2,5.929769576E-2,3.243007064E-1,3.304204206E-1
8.440697208E0,-2.537368238E-2,6.442321092E-2,2.968379259E-1,3.048063781E-1
8.450712208E0,-2.593151107E-2,6.792888790E-2,2.690159976E-1,2.786689507E-1
8.460727208E0,-3.078299016E-2,7.376547158E-2,2.342731953E-1,2.475335680E-1
8.470741208E0,-3.302142024E-2,7.825933397E-2,2.007703036E-1,2.179992027E-1
8.480756208E0,-3.466192633E-2,8.533109725E-2,1.674629450E-1,1.911195522E-1
8.490771208E0,-3.576343134E-2,8.772981912E-2,1.269693077E-1,1.584195356E-1
8.500786208E0,-3.811979666E-2,9.418292344E-2,8.762270957E-2,1.341688533E-1
8.510800208E0,-3.935859352E-2,9.999863803E-2,5.045972019E-2,1.187224067E-1
8.520815208E0,-3.944967687E-2,1.038149446E-1,8.379911073E-3,1.113734378E-1
8.530830208E0,-3.831126168E-2,1.089797169E-1,-3.124620020E-2,1.196689454E-1
8.540845208E0,-3.520628437E-2,1.118215770E-1,-6.714907289E-2,1.351019819E-1
8.550860208E0,-3.478463739E-2,1.160106361E-1,-1.087957248E-1,1.628034042E-1
8.560874208E0,-3.008495644E-2,1.215803772E-1,-1.475812048E-1,1.935642135E-1
8.570889208E0,-2.717838250E-2,1.250475496E-1,-1.856564134E-1,2.254858266E-1
8.580904208E0,-2.169413492E-2,1.302561611E-1,-2.185680270E-1,2.553610883E-1
8.590919208E0,-2.031269297E-2,1.309029907E-1,-2.517954409E-1,2.845156279E-1
8.600934208E0,-1.784713939E-2,1.366269141E-1,-2.874264121E-1,3.187465708E-1
8.610948208E0,-1.197554823E-2,1.380688995E-1,-3.157341480E-1,3.448107988E-1
8.620963208E0,-2.940241480E-3,1.418844163E-1,-3.407750428E-1,3.691442298E-1
8.630978208E0,3.478860599E-4,1.461308897E-1,-3.664726913E-1,3.945333844E-1
8.640993208E0,5.234786775E-3,1.452041119E-1,-3.877423108E-1,4.140721395E-1
8.651007208E0,1.224352978E-2,1.492120624E-1,-4.053675532E-1,4.321307635E-1
8.661022208E0,2.061837167E-2,1.466540992E-1,-4.201094806E-1,4.454486702E-1
8.671037208E0,2.238919027E-2,1.498138607E-1,-4.320395589E-1,4.578249110E-1
8.681052208E0,3.203356266E-2,1.453333646E-1,-4.369964898E-1,4.616425761E-1
8.691067208E0,3.773678467E-2,1.471202821E-1,-4.449262619E-1,4.701359600E-1
8.701081208E0,4.067717865E-2,1.476601064E-1,-4.447379708E-1,4.703721958E-1
8.711096208E0,4.961585626E-2,1.458736062E-1,-4.428228438E-1,4.688634270E-1
8.721111208E0,5.260898173E-2,1.451505572E-1,-4.384363294E-1,4.648255631E-1
8.731126208E0,5.952394009E-2,1.433563381E-1,-4.279783070E-1,4.552576967E-1
8.741141208E0,6.078974158E-2,1.407845169E-1,-4.157147408E-1,4.430963987E-1
8.751155208E0,6.494426727E-2,1.390723735E-1,-3.981998861E-1,4.267575801E-1
8.761170208E0,6.584175676E-2,1.342387348E-1,-3.811559081E-1,4.094325355E-1
8.771185208E0,6.556556374E-2,1.316288561E-1,-3.574818075E-1,3.865465581E-1
8.781200208E0,6.610938162E-2,1.253501773E-1,-3.330097497E-1,3.619096719E-1
8.791214208E0,6.353694946E-2,1.248916760E-1,-3.068115413E-1,3.372954144E-1
8.801229208E0,6.861293316E-2,1.168459877E-1,-2.771087587E-1,3.084639097E-1
8.811244208E0,6.363640726E-2,1.109568253E-1,-2.429722100E-1,2.745842389E-1
8.821259208E0,6.167313084E-2,1.070518270E-1,-2.095426172E-1,2.432524967E-1
8.831274208E0,5.655475706E-2,1.007061005E-1,-1.767066717E-1,2.111052037E-1
8.841288208E0,5.195548013E-2,9.429773688E-2,-1.378713846E-1,1.749284248E-1
8.851303208E0,4.753658175E-2,8.718753606E-2,-1.012557894E-1,1.418242854E-1
8.861318208E0,4.228855669E-2,8.211661130E-2,-6.355048716E-2,1.121165657E-1
8.871333208E0,3.845001757E-2,7.511075586E-2,-2.707328647E-2,8.861711086E-2
8.881348208E0,3.044695221E-2,6.907683611E-2,1.125626080E-2,7.632384682E-2
8.891362208E0,2.135463431E-2,6.264957786E-2,4.786166176E-2,8.168065058E-2
8.901377208E0,1.389911305E-2,5.680607259E-2,8.888232708E-2,1.063963500E-1
8.911392208E0,7.431455888E-3,4.907216504E-2,1.244689450E-1,1.339993365E-1
8.921407208E0,9.815462399E-4,4.426302388E-2,1.607625037E-1,1.667475977E-1
8.931422208E0,-5.877357442E-3,3.320098296E-2,1.960837841E-1,1.989615515E-1
8.941436208E0,-1.408974826E-2,2.906456217E-2,2.268992215E-1,2.291866630E-1
8.951451208E0,-2.002556249E-2,2.376822755E-2,2.580474019E-1,2.599123187E-1
8.961466208E0,-2.562991902E-2,1.538113598E-2,2.883751988E-1,2.899202087E-1
8.971481208E0,-2.974192239E-2,9.967011400E-3,3.119789660E-1,3.135519072E-1
8.981495208E0,-3.334411606E-2,5.612210371E-3,3.356696665E-1,3.373684218E-1
8.991510208E0,-4.011124372E-2,-1.227013767E-3,3.567328155E-1,3.589828953E-1
9.001525208E0,-4.315497354E-2,-9.369894862E-3,3.769840002E-1,3.795616986E-1
9.011540208E0,-4.768847302E-2,-1.250416506E-2,3.889171481E-1,3.920294539E-1
9.021555208E0,-5.146643519E-2,-1.759293303E-2,4.022169709E-1,4.058778104E-1
9.031569208E0,-4.969075695E-2,-2.376841754E-2,4.094971120E-1,4.131851810E-1
9.041584208E0,-5.270199478E-2,-2.970540151E-2,4.150338173E-1,4.194198143E-1
9.051599208E0,-4.947238788E-2,-3.528551385E-2,4.196555018E-1,4.240322215E-1
9.061614208E0,-4.911232740E-2,-4.051010311E-2,4.189937115E-1,4.238028072E-1
9.071629208E0,-4.962575808E-2,-4.384307936E-2,4.146285057E-1,4.198829947E-1
9.081643208E0,-4.575138912E-2,-5.082029849E-2,4.062390029E-1,4.119539050E-1
9.091658208E0,-4.173842818E-2,-5.431393534E-2,3.963476717E-1,4.022232923E-1
9.101673208E0,-3.813330829E-2,-5.920749903E-2,3.825796545E-1,3.890075438E-1
9.111688208E0,-3.407793865E-2,-6.122954562E-2,3.622518778E-1,3.689671884E-1
9.121703750E0,-3.097775392E-2,-6.547568738E-2,3.420342207E-1,3.496199294E-1
9.131717750E0,-2.259452827E-2,-6.873658299E-2,3.236284852E-1,3.316181946E-1
9.141732750E0,-1.423007250E-2,-7.561153173E-2,2.954069674E-1,3.052619778E-1
9.151747750E0,-1.008650567E-2,-7.823417336E-2,2.679473162E-1,2.793171812E-1
9.161762750E0,-2.248556353E-3,-8.171146363E-2,2.368956506E-1,2.506020123E-1
9.171777750E0,2.279127482E-3,-8.659468591E-2,2.077590972E-1,2.250948167E-1
9.181791750E0,1.044677664E-2,-9.039181471E-2,1.732634455E-1,1.957039521E-1
9.191806750E0,1.644098759E-2,-9.234414250E-2,1.395675391E-1,1.681572023E-1
9.201821750E0,2.159819938E-2,-9.702598304E-2,1.034135297E-1,1.434394706E-1
9.211836750E0,2.701256052E-2,-9.999050945E-2,6.891131401E-2,1.244047813E-1
9.221851750E0,3.346673399E-2,-1.016837433E-1,2.897934243E-2,1.109026971E-1
9.231865750E0,3.753118590E-2,-1.041489691E-1,-4.001548979E-3,1.107772994E-1
9.241880750E0,4.415579885E-2,-1.071514189E-1,-4.392179847E-2,1.239366190E-1
9.251895750E0,4.490242153E-2,-1.145993471E-1,-7.821650803E-2,1.458323008E-1
9.261910750E0,4.677435756E-2,-1.138395518E-1,-1.158839911E-1,1.690455071E-1
9.271925750E0,4.956461489E-2,-1.187387705E-1,-1.503740102E-1,1.979087911E-1
9.281939750E0,5.217717588E-2,-1.169624403E-1,-1.822030544E-1,2.227119736E-1
9.291954750E0,5.549194664E-2,-1.210591123E-1,-2.151653022E-1,2.530430241E-1
9.301969750E0,5.208896101E-2,-1.235313267E-1,-2.444140017E-1,2.787677398E-1
9.311984750E0,5.285346135E-2,-1.247946322E-1,-2.708374858E-1,3.028533181E-1
9.321999750E0,4.999056086E-2,-1.268897355E-1,-2.984169126E-1,3.281047315E-1
9.332013750E0,4.855849221E-2,-1.283695698E-1,-3.212226927E-1,3.493146031E-1
9.342028750E0,4.487640411E-2,-1.273682266E-1,-3.441573083E-1,3.697036782E-1
9.352043750E0,4.048749804E-2,-1.286281496E-1,-3.600678444E-1,3.844909504E-1
9.362058750E0,3.786561638E-2,-1.305096745E-1,-3.730829954E-1,3.970610803E-1
9.372072750E0,3.441297263E-2,-1.313521713E-1,-3.851480186E-1,4.083829598E-1
9.382087750E0,2.887918800E-2,-1.324675083E-1,-3.923513293E-1,4.151159042E-1
9.392102750E0,2.564676106E-2,-1.288856715E-1,-3.990085423E-1,4.200917632E-1
9.402117750E0,2.063602209E-2,-1.298161745E-1,-3.993563652E-1,4.204326236E-1
9.412132750E0,1.228861976E-2,-1.282654107E-1,-3.989643455E-1,4.192559775E-1
9.422147750E0,9.236903861E-3,-1.259796321E-1,-3.912097514E-1,4.110976255E-1
9.432161750E0,2.967556473E-3,-1.239020973E-1,-3.825917542E-1,4.021653721E-1
9.442176750E0,-1.539691468E-3,-1.249571368E-1,-3.723008931E-1,3.927144149E-1
9.452191750E0,-7.202939130E-3,-1.209735423E-1,-3.585877717E-1,3.785124440E-1
9.462206750E0,-8.569140919E-3,-1.187556610E-1,-3.392361999E-1,3.595240416E-1
9.472221750E0,-1.410915144E-2,-1.167123839E-1,-3.173443079E-1,3.384202395E-1
9.482235750E0,-1.894651726E-2,-1.126111150E-1,-2.943961322E-1,3.157678204E-1
9.492250750E0,-2.409586683E-2,-1.102953702E-1,-2.705681324E-1,2.931770690E-1
9.502265750E0,-2.430439368E-2,-1.061653346E-1,-2.406038493E-1,2.641060282E-1
9.512280750E0,-2.560712956E-2,-1.005309671E-1,-2.116333693E-1,2.356923491E-1
9.522295750E0,-3.003090620E-2,-9.968994558E-2,-1.777379811E-1,2.059872095E-1
9.532309750E0,-2.988141403E-2,-9.551498294E-2,-1.463988572E-1,1.773376335E-1
9.542324750E0,-3.161007166E-2,-9.166724980E-2,-1.118225083E-1,1.480079548E-1
9.552339750E0,-3.073009104E-2,-8.809176832E-2,-7.570838928E-2,1.201509815E-1
9.562354750E0,-3.522790223E-2,-7.946525514E-2,-3.945903853E-2,9.546071229E-2
9.572369750E0,-2.991905436E-2,-7.802246511E-2,-1.659095753E-3,8.357875014E-2
9.582383750E0,-2.973955683E-2,-7.254247367E-2,3.160005808E-2,8.453055896E-2
9.592398750E0,-2.946213633E-2,-6.869971752E-2,7.005602121E-2,1.024476197E-1
9.602413750E0,-2.662374079E-2,-6.512016803E-2,1.042065397E-1,1.257317095E-1
9.612428750E0,-2.811568975E-2,-5.939511582E-2,1.411884874E-1,1.557320159E-1
9.622443750E0,-2.515478618E-2,-5.502273887E-2,1.742601544E-1,1.844637267E-1
9.632457750E0,-2.277072519E-2,-4.912943020E-2,2.082988173E-1,2.152222203E-1
9.642472750E0,-1.998426020E-2,-4.328805208E-2,2.355512083E-1,2.403281045E-1
9.652487750E0,-1.733134687E-2,-3.910409287E-2,2.644892633E-1,2.679255047E-1
9.662502750E0,-1.668952592E-2,-3.483051807E-2,2.920412719E-1,2.945841302E-1
9.672517750E0,-1.474307198E-2,-3.034836054E-2,3.167737126E-1,3.185654818E-1
9.682531750E0,-1.110253111E-2,-2.642446011E-2,3.379762173E-1,3.391893892E-1
9.692546750E0,-1.299745683E-2,-1.983013004E-2,3.583735228E-1,3.591569988E-1
9.702561750E0,-9.392336011E-3,-1.825061068E-2,3.745455742E-1,3.751075685E-1
9.712576750E0,-8.645410649E-3,-1.053667907E-2,3.886823058E-1,3.889211997E-1
9.722591750E0,-9.279242717E-3,-6.068160757E-3,3.985677063E-1,3.987218874E-1
9.732605750E0,-7.613151800E-3,-3.983973525E-3,4.045202136E-1,4.046114622E-1
9.742620750E0,-6.301278248E-3,2.498160116E-3,4.112947583E-1,4.113506110E-1
9.752635750E0,-7.704795338E-3,6.175210699E-3,4.064695835E-1,4.065894974E-1
9.762650750E0,-8.302675560E-3,1.385709830E-2,4.084690809E-1,4.087883849E-1
9.772665750E0,-1.052093599E-2,1.660638675E-2,3.978224397E-1,3.983078655E-1
9.782679750E0,-1.336492598E-2,2.159981430E-2,3.910295069E-1,3.918536060E-1
9.792694750E0,-1.642701961E-2,2.639084123E-2,3.754529953E-1,3.767376742E-1
9.802709750E0,-1.498545054E-2,3.100902773E-2,3.608876169E-1,3.625272342E-1
9.812724750E0,-1.873102412E-2,3.799913079E-2,3.434051871E-1,3.460085371E-1
9.822739750E0,-2.081974223E-2,4.165645689E-2,3.178532124E-1,3.212466135E-1
9.832753750E0,-1.953735016E-2,4.769775644E-2,2.980210185E-1,3.024455513E-1
9.842768750E0,-2.543784864E-2,5.242725834E-2,2.716181576E-1,2.777987133E-1
9.852783750E0,-2.908683196E-2,5.829173326E-2,2.424891293E-1,2.510875301E-1
9.862798750E0,-3.016594611E-2,6.263907254E-2,2.109354734E-1,2.220977525E-1
9.872813750E0,-3.149388731E-2,6.891995668E-2,1.798602641E-1,1.951705407E-1
9.882827750E0,-3.500153497E-2,7.142732292E-2,1.454468966E-1,1.657762638E-1
9.892842750E0,-3.322684765E-2,7.799100131E-2,1.109080836E-1,1.395966429E-1
9.902857750E0,-3.485617042E-2,8.341719210E-2,7.304352522E-2,1.162270929E-1
9.912872750E0,-4.004114121E-2,9.086290747E-2,3.515863791E-2,1.053351355E-1
9.922887750E0,-3.715294227E-2,9.450211376E-2,-1.471810741E-3,1.015537141E-1
9.932902750E0,-3.355716541E-2,1.009754911E-1,-3.763276339E-2,1.128643346E-1
9.942916750E0,-3.607971221E-2,1.027680635E-1,-7.117608190E-2,1.301117026E-1
9.952931750E0,-3.562989831E-2,1.078041196E-1,-1.110305116E-1,1.588048877E-1
9.962946750E0,-3.149027750E-2,1.117266938E-1,-1.438774168E-1,1.848653639E-1
9.972961750E0,-2.848293446E-2,1.207091510E-1,-1.808747500E-1,2.193117687E-1
9.982976750E0,-2.828719094E-2,1.196955442E-1,-2.121485174E-1,2.452227190E-1
9.992990750E0,-2.500675991E-2,1.277250350E-1,-2.434063405E-1,2.760175161E-1
1.000300575E1,-1.942264289E-2,1.297785938E-1,-2.721727490E-1,3.021551386E-1
1.001302075E1,-1.310956944E-2,1.324938983E-1,-2.973097563E-1,3.257600115E-1
1.002303575E1,-8.837326430E-3,1.351456046E-1,-3.240779936E-1,3.512392044E-1
1.003305075E1,-5.963081960E-3,1.390155554E-1,-3.469807208E-1,3.738402113E-1
1.004306475E1,-4.167829466E-4,1.428222656E-1,-3.672756255E-1,3.940682153E-1
1.005307975E1,8.446482942E-3,1.421173364E-1,-3.830617666E-1,4.086624492E-1
1.006309475E1,1.278690342E-2,1.469432414E-1,-3.974196613E-1,4.239082545E-1
1.007310975E1,1.743337512E-2,1.469080448E-1,-4.044114649E-1,4.306210970E-1
1.008312475E1,2.346649952E-2,1.476766318E-1,-4.122124016E-1,4.384953001E-1
1.009313875E1,2.942920849E-2,1.458745897E-1,-4.169439077E-1,4.427049767E-1
1.010315375E1,3.337521479E-2,1.460860372E-1,-4.158642590E-1,4.420385924E-1
1.011316875E1,3.630021587E-2,1.458540112E-1,-4.147182405E-1,4.411148572E-1
1.012318350E1,4.167793691E-2,1.437298805E-1,-4.070560634E-1,4.336934029E-1
1.013319850E1,4.546301439E-2,1.444615424E-1,-3.976399899E-1,4.255039182E-1
1.014321350E1,5.323491618E-2,1.392630637E-1,-3.839042187E-1,4.118380826E-1
1.015322750E1,5.411431938E-2,1.415783912E-1,-3.697390854E-1,3.995995392E-1
1.016324250E1,5.668400228E-2,1.366632581E-1,-3.483451307E-1,3.784630131E-1
1.017325750E1,5.676829070E-2,1.328771561E-1,-3.285981715E-1,3.589648113E-1
1.018327250E1,5.835473537E-2,1.284776181E-1,-3.039152026E-1,3.350764448E-1
1.019328750E1,5.897990987E-2,1.251663864E-1,-2.765034139E-1,3.091915134E-1
1.020330150E1,5.649118870E-2,1.206065193E-1,-2.495032102E-1,2.828233349E-1
1.021331650E1,5.541383103E-2,1.160307825E-1,-2.198096216E-1,2.546568375E-1
1.022333150E1,5.560025200E-2,1.122690588E-1,-1.868250370E-1,2.249429351E-1
1.023334650E1,5.342919007E-2,1.052849591E-1,-1.555747837E-1,1.953026223E-1
1.024336150E1,4.952552915E-2,1.014478803E-1,-1.202367619E-1,1.649282552E-1
1.025337550E1,4.324308038E-2,9.609366953E-2,-8.734408766E-2,1.368683564E-1
1.026339050E1,3.867229819E-2,9.062646329E-2,-4.886487871E-2,1.099839937E-1
1.027340550E1,3.575416282E-2,8.392097801E-2,-1.459598914E-2,9.238037458E-2
1.028342050E1,2.669674903E-2,7.918322086E-2,2.070208080E-2,8.608876248E-2
1.029343550E1,2.030588686E-2,7.272939384E-2,5.670582503E-2,9.443222100E-2
1.030345050E1,1.604562812E-2,6.531409174E-2,8.951357752E-2,1.119646075E-1
1.031346450E1,1.106746122E-2,6.112939864E-2,1.256005615E-1,1.401242061E-1
1.032347950E1,3.214598633E-3,5.493994802E-2,1.538878679E-1,1.634325776E-1
1.033349450E1,-3.188519506E-3,4.757105932E-2,1.889709383E-1,1.948927599E-1
1.034350950E1,-9.470117278E-3,4.079278186E-2,2.174143046E-1,2.214107360E-1
1.035352450E1,-1.519508753E-2,3.378597274E-2,2.479874045E-1,2.507391781E-1
1.036353850E1,-1.993498206E-2,2.874594182E-2,2.718977928E-1,2.741389108E-1
1.037355350E1,-2.472041920E-2,2.167683654E-2,2.971916795E-1,2.990048139E-1
1.038356850E1,-2.959906496E-2,1.559763774E-2,3.169491291E-1,3.187101213E-1
1.039358350E1,-3.459184989E-2,1.266247034E-2,3.327543139E-1,3.347870483E-1
1.040359850E1,-3.833359107E-2,4.702813923E-3,3.500478268E-1,3.521719206E-1
1.041361350E1,-4.074556381E-2,8.678156883E-4,3.640353382E-1,3.663095433E-1
1.042362750E1,-3.849146515E-2,-3.722143359E-3,3.747090101E-1,3.766992030E-1
1.043364250E1,-4.303087294E-2,-1.197920926E-2,3.787710965E-1,3.813957276E-1
1.044365750E1,-4.319732264E-2,-1.761658862E-2,3.879914880E-1,3.907860638E-1
1.045367250E1,-4.348254949E-2,-2.154157311E-2,3.898977637E-1,3.929058890E-1
1.046368750E1,-4.562426358E-2,-2.611422166E-2,3.831586540E-1,3.867480835E-1
1.047370150E1,-3.897051886E-2,-3.100092337E-2,3.816106617E-1,3.848460156E-1
1.048371650E1,-3.969782591E-2,-3.448593616E-2,3.717745543E-1,3.754750543E-1
1.049373150E1,-3.484138846E-2,-4.156479985E-2,3.603036702E-1,3.643628544E-1
1.050374650E1,-3.289514780E-2,-4.641840979E-2,3.462919593E-1,3.509342967E-1
1.051376150E1,-2.747894637E-2,-5.303650722E-2,3.322157264E-1,3.375429638E-1
1.052377650E1,-2.322268113E-2,-5.493587255E-2,3.098478317E-1,3.155359280E-1
1.053379050E1,-1.981420815E-2,-5.808628350E-2,2.902241945E-1,2.966423811E-1
1.054380550E1,-1.164682582E-2,-6.365868449E-2,2.642109692E-1,2.720211626E-1
1.055382050E1,-6.890588906E-3,-6.644067913E-2,2.402474433E-1,2.493605383E-1
1.056383550E1,-6.374869845E-4,-6.867054105E-2,2.124128789E-1,2.232381704E-1
1.057385050E1,5.487553310E-3,-7.328508794E-2,1.817734987E-1,1.960673919E-1
1.058386550E1,1.205464266E-2,-7.971182466E-2,1.521546096E-1,1.721926671E-1
1.059387950E1,1.855272800E-2,-8.188786358E-2,1.175569370E-1,1.444626573E-1
1.060389450E1,2.407372743E-2,-8.548792452E-2,8.369271457E-2,1.220336022E-1
1.061390950E1,2.812441625E-2,-8.963924646E-2,5.118087307E-2,1.069843870E-1
1.062392450E1,3.256470338E-2,-9.463106841E-2,1.484230720E-2,1.011720964E-1
1.063393950E1,4.058675840E-2,-9.749352187E-2,-1.690755226E-2,1.069492267E-1
1.064395350E1,4.240809381E-2,-1.021058485E-1,-5.005751923E-2,1.213664119E-1
1.065396850E1,4.490119219E-2,-1.031667218E-1,-8.677734435E-2,1.420908056E-1
1.066398350E1,5.090901628E-2,-1.073540077E-1,-1.183933243E-1,1.677307072E-1
1.067399850E1,4.940043762E-2,-1.111451015E-1,-1.493551284E-1,1.926151375E-1
1.068401350E1,5.302393809E-2,-1.107288525E-1,-1.777199209E-1,2.160018219E-1
1.069402850E1,5.219816789E-2,-1.168020070E-1,-2.092463523E-1,2.452578103E-1
1.070404250E1,5.572818965E-2,-1.186028346E-1,-2.352036536E-1,2.692452825E-1
1.071405750E1,5.219116434E-2,-1.199026406E-1,-2.629397213E-1,2.936628303E-1
1.072407250E1,5.085425824E-2,-1.191415116E-1,-2.865198851E-1,3.144431585E-1
1.073408750E1,5.080922693E-2,-1.231602132E-1,-3.036653697E-1,3.316062009E-1
1.074410250E1,-1.808564961E-1,-5.412735045E-2,-3.688395619E-1,4.143446207E-1
1.075411750E1,-2.507255375E-1,-1.196310371E-1,-4.852814674E-1,5.591716935E-1
1.076413150E1,-1.075182017E-2,-2.679342330E-1,-6.073226333E-1,6.638863876E-1
1.077414650E1,1.503534615E-1,-2.285481989E-1,-7.410221100E-1,7.899077225E-1
1.078416150E1,1.745703816E-1,-6.278240681E-2,-8.419069052E-1,8.621042198E-1
1.079417650E1,1.634871811E-1,4.516134970E-3,-8.792169690E-1,8.942991292E-1
1.080419150E1,1.665149182E-1,-7.149793953E-2,-8.675712347E-1,8.862951092E-1
1.081420550E1,1.525820643E-1,-1.046633497E-1,-8.427582979E-1,8.628309521E-1
1.082422050E1,1.010035500E-1,-6.162773073E-2,-8.189437389E-1,8.274470024E-1
1.083423550E1,4.579792544E-2,-1.917066425E-2,-7.948500514E-1,7.963991264E-1
1.084425050E1,-4.716111813E-3,-5.914498121E-2,-7.597647905E-1,7.620780193E-1
1.085426550E1,-3.520805761E-2,-1.945634037E-1,-7.163297534E-1,7.431169767E-1
1.086428050E1,-7.046005875E-2,-2.670402825E-1,-6.593959332E-1,7.148972856E-1
1.087429450E1,-8.946362138E-2,-2.167688161E-1,-5.964729190E-1,6.409152848E-1
1.088430950E1,-6.497585773E-2,-1.122682393E-1,-5.219970942E-1,5.378726484E-1
1.089432450E1,5.700253416E-3,-3.225417063E-2,-4.455120564E-1,4.467144689E-1
1.090433950E1,4.987463728E-2,-8.532330394E-3,-3.670838177E-1,3.705547319E-1
1.091435450E1,2.486494370E-2,-1.386987884E-2,-2.931547165E-1,2.945340842E-1
1.092436950E1,-2.955142781E-2,-4.772558063E-2,-2.207422853E-1,2.277678082E-1
1.093438350E1,-6.999818236E-2,-1.069494858E-1,-1.494526565E-1,1.966571499E-1
1.094439850E1,-7.558176666E-2,-1.600649059E-1,-7.300608605E-2,1.914765420E-1
1.095441350E1,-7.072351873E-2,-1.561211348E-1,1.854416449E-3,1.714032196E-1
1.096442850E1,-6.491489708E-2,-1.178358123E-1,8.986150473E-2,1.617847723E-1
1.097444350E1,-5.497482046E-2,-7.133150101E-2,1.761248559E-1,1.978140005E-1
1.098445850E1,-2.941113710E-2,-4.434169456E-2,2.635841072E-1,2.689010644E-1
1.099447250E1,-2.687460044E-3,-2.944655716E-2,3.465897143E-1,3.478487491E-1
1.100448750E1,-2.522077877E-3,-2.222353220E-2,4.189597964E-1,4.195563815E-1
1.101450250E1,-1.713622175E-2,-3.136852011E-2,4.857957661E-1,4.871089822E-1
1.102451750E1,-3.739835322E-2,-6.617816538E-2,5.471981168E-1,5.524526816E-1
1.103453250E1,-4.469418898E-2,-1.009703875E-1,6.096936464E-1,6.196119206E-1
1.104454750E1,-4.701513425E-2,-1.072919369E-1,6.644426584E-1,6.746895797E-1
1.105456150E1,-3.263643384E-2,-8.156237006E-2,7.196545005E-1,7.249966601E-1
1.106457650E1,-1.317325234E-2,-4.262216389E-2,7.683584094E-1,7.696524077E-1
1.107459150E1,1.243329700E-2,-1.114463061E-2,8.109178543E-1,8.110897337E-1
1.108460650E1,2.088137530E-2,2.053197473E-3,8.478289843E-1,8.480885767E-1
1.109462150E1,1.658333093E-2,-5.886789411E-3,8.731465936E-1,8.733239004E-1
1.110463650E1,2.788156737E-3,-2.884590067E-2,8.916409612E-1,8.921117999E-1
1.111465050E1,-8.308406919E-3,-5.287989974E-2,9.052923322E-1,9.068734863E-1
1.112466471E1,-1.551465411E-2,-6.350245327E-2,9.111006856E-1,9.134427871E-1
1.113467971E1,-1.554733235E-2,-5.041362718E-2,9.092043042E-1,9.107336165E-1
1.114469471E1,-2.364418702E-3,-3.411294892E-2,8.997937441E-1,9.004432607E-1
1.115470971E1,6.324834656E-3,-8.540895768E-3,8.808823228E-1,8.809464326E-1
1.116472471E1,1.229777187E-2,5.393029191E-3,8.573892117E-1,8.574943616E-1
1.117473871E1,1.196819916E-2,1.748579927E-2,8.260578513E-1,8.263295739E-1
1.118475371E1,5.150241312E-3,1.459733397E-2,7.910340428E-1,7.911854802E-1
1.119476871E1,-8.528457955E-3,-8.866209537E-4,7.475870252E-1,7.476361955E-1
1.120478371E1,-2.478173189E-2,-1.342904381E-2,6.989728808E-1,6.995409649E-1
1.121479871E1,-3.321071714E-2,-2.369576693E-2,6.466240883E-1,6.479098337E-1
1.122481371E1,-3.676071018E-2,-9.608175606E-3,5.846347809E-1,5.858681540E-1
1.123482771E1,-3.097033873E-2,1.333515812E-2,5.172931552E-1,5.183909690E-1
1.124484271E1,-2.447781898E-2,3.723196685E-2,4.474384487E-1,4.496515855E-1
1.125485771E1,-2.063960768E-2,5.334055051E-2,3.731443286E-1,3.775021824E-1
1.126487271E1,-1.029957309E-1,6.934188306E-2,2.910409272E-1,3.164194031E-1
1.127488771E1,-7.800987363E-2,9.110693820E-3,2.174706459E-1,2.312185697E-1
1.128490271E1,2.313751355E-2,-2.477190644E-2,1.525603533E-1,1.562806875E-1
1.129491671E1,1.220514067E-2,6.591231376E-2,7.702181488E-2,1.021066038E-1
1.130493171E1,-6.611070037E-2,1.486367583E-1,-6.171075162E-3,1.627930981E-1
1.131494671E1,-8.158034831E-2,9.089899808E-2,-9.195748717E-2,1.528861031E-1
1.132496171E1,-3.712552786E-2,8.715707809E-3,-1.716672331E-1,1.758519471E-1
1.133497671E1,-2.259182930E-2,6.133120507E-2,-2.510890365E-1,2.594563773E-1
1.134499171E1,-4.493148997E-2,1.578867733E-1,-3.240628541E-1,3.632682279E-1
1.135500571E1,-5.031823367E-2,1.400478184E-1,-3.969101310E-1,4.238902784E-1
1.136502071E1,-3.726208583E-2,4.751815274E-2,-4.674066603E-1,4.712912305E-1
1.137503571E1,-4.818272218E-2,3.473904729E-2,-5.383216143E-1,5.415888999E-1
1.138505071E1,-5.534742400E-2,1.153614596E-1,-6.025392413E-1,6.159749516E-1
1.139506571E1,-2.157809027E-2,1.748100072E-1,-6.637651920E-1,6.867374919E-1
1.140508071E1,2.276647091E-2,1.588076055E-1,-7.171828747E-1,7.349077789E-1
1.141509571E1,1.935344189E-2,1.349128485E-1,-7.659332752E-1,7.779651756E-1
1.142510971E1,-1.683012769E-2,1.371275336E-1,-8.061741590E-1,8.179266400E-1
1.143512471E1,-1.686470024E-2,1.340256482E-1,-8.420724273E-1,8.528383582E-1
1.144513971E1,1.703307778E-2,1.177976727E-1,-8.691591620E-1,8.772708056E-1
1.145515471E1,4.116993397E-2,1.262233257E-1,-8.892566562E-1,8.991132809E-1
1.146516971E1,3.140784800E-2,1.655938923E-1,-9.037849903E-1,9.193666835E-1
1.147518471E1,2.967159264E-2,1.742069870E-1,-9.095119834E-1,9.265206558E-1
1.148519871E1,5.486003682E-2,1.499557048E-1,-9.088531137E-1,9.227731678E-1
1.149521371E1,7.746039331E-2,1.404477507E-1,-8.990367055E-1,9.132319974E-1
1.150522871E1,7.700393349E-2,1.602235883E-1,-8.846074343E-1,9.022923677E-1
1.151524371E1,6.850691885E-2,1.752964556E-1,-8.617013097E-1,8.820154151E-1
1.152525871E1,8.017742634E-2,1.496973485E-1,-8.348624706E-1,8.519583679E-1
1.153527371E1,8.885304630E-2,1.302689463E-1,-7.981014848E-1,8.135298656E-1
1.154528871E1,8.175439388E-2,1.342101544E-1,-7.568435073E-1,7.729865723E-1
1.155530271E1,8.342896402E-2,1.411565393E-1,-7.065968513E-1,7.253720914E-1
1.156531771E1,9.411356598E-2,1.428388506E-1,-6.530073881E-1,6.750399614E-1
1.157533271E1,1.051951572E-1,1.429774016E-1,-5.925465226E-1,6.185628019E-1
1.158534771E1,1.001162454E-1,1.425230652E-1,-5.272263885E-1,5.552510706E-1
1.159536271E1,8.898408711E-2,1.395849586E-1,-4.604767859E-1,4.893270877E-1
1.160537771E1,8.396908641E-2,1.197100580E-1,-3.894007504E-1,4.159498165E-1
1.161539171E1,8.040448278E-2,9.932456911E-2,-3.157869577E-1,3.406635489E-1
1.162540671E1,6.933292001E-2,9.488587826E-2,-2.410767525E-1,2.681946761E-1
1.163542171E1,5.967356637E-2,1.013047248E-1,-1.586000621E-1,1.974273575E-1
1.164543671E1,5.383671820E-2,1.007230878E-1,-8.016943187E-2,1.395373443E-1
1.165545171E1,5.187096447E-2,8.736395091E-2,4.029253963E-3,1.016823080E-1
1.166546671E1,4.094507918E-2,8.396335691E-2,7.834449410E-2,1.219188442E-1
1.167548171E1,1.970903948E-2,7.907008380E-2,1.571365148E-1,1.770096287E-1
1.168549571E1,8.238272741E-3,6.831357628E-2,2.323031574E-1,2.422795303E-1
1.169551071E1,-1.343591837E-3,5.924824998E-2,3.083041012E-1,3.139483703E-1
1.170552571E1,-1.243139710E-2,4.767654464E-2,3.832718432E-1,3.864257993E-1
1.171554071E1,-3.337055445E-2,4.164050519E-2,4.518780112E-1,4.550178706E-1
1.172555571E1,-4.728956893E-2,3.763005137E-2,5.172983408E-1,5.208165680E-1
1.173557071E1,-5.378565937E-2,3.159198165E-2,5.782669783E-1,5.816215682E-1
1.174558471E1,-6.355759501E-2,3.079622984E-2,6.365481615E-1,6.404541651E-1
1.175559971E1,-7.469226420E-2,2.652080730E-2,6.855772138E-1,6.901437557E-1
1.176561471E1,-8.894177526E-2,2.151166648E-2,7.328954339E-1,7.385858841E-1
1.177562971E1,-9.699683636E-2,1.060372032E-2,7.709226608E-1,7.770730816E-1
1.178564471E1,-1.072974131E-1,4.512272775E-3,8.047946095E-1,8.119282351E-1
1.179565971E1,-1.159478128E-1,1.087906770E-3,8.320292234E-1,8.400700611E-1
1.180567471E1,-1.192812920E-1,-6.516706198E-4,8.509528637E-1,8.592724990E-1
1.181568871E1,-1.181625426E-1,-7.413144223E-3,8.669368625E-1,8.749839225E-1
1.182570371E1,-1.204773560E-1,-8.012888022E-3,8.720815778E-1,8.804006349E-1
1.183571871E1,-1.245689392E-1,-9.076958522E-3,8.711974621E-1,8.801050106E-1
1.184573371E1,-1.195494160E-1,-7.250828668E-3,8.627592325E-1,8.710327954E-1
1.185574871E1,-1.189990714E-1,-1.514849067E-2,8.489902616E-1,8.574233027E-1
1.186576371E1,-1.143361405E-1,-2.164740302E-2,8.275781870E-1,8.357194617E-1
1.187577871E1,-1.098467782E-1,-2.519267611E-2,7.992752790E-1,8.071814897E-1
1.188579271E1,-1.040125862E-1,-3.109956905E-2,7.623137832E-1,7.700052632E-1
1.189580771E1,-9.395007044E-2,-2.856084704E-2,7.249962687E-1,7.316159699E-1
1.190582271E1,-8.263589442E-2,-2.949029021E-2,6.774908304E-1,6.831487346E-1
1.191583771E1,-6.931050122E-2,-2.996326797E-2,6.269813180E-1,6.315119287E-1
1.192585271E1,-5.821311101E-2,-3.281870857E-2,5.665003657E-1,5.704283463E-1
1.193586771E1,-4.728201404E-2,-3.981391340E-2,5.066316724E-1,5.103884678E-1
1.194588271E1,-3.470496833E-2,-4.298840091E-2,4.430393279E-1,4.464709212E-1
1.195589671E1,-2.199674211E-2,-4.423251003E-2,3.708145320E-1,3.740906157E-1
1.196591171E1,-6.395944394E-3,-5.218045041E-2,3.026770353E-1,3.072085533E-1
1.197592671E1,2.760122065E-3,-5.156828463E-2,2.275738865E-1,2.333597653E-1
1.198594171E1,2.353197895E-2,-5.578672886E-2,1.515968293E-1,1.632406561E-1
1.199595671E1,3.657960519E-2,-5.949118733E-2,7.147561759E-2,9.993013958E-2
1.200597171E1,4.786368832E-2,-5.937185138E-2,-2.773851389E-3,7.631280134E-2
1.201598671E1,6.017391384E-2,-5.982519686E-2,-8.211655915E-2,1.180808341E-1
1.202600071E1,7.129767537E-2,-6.428439170E-2,-1.601429135E-1,1.867125980E-1
1.203601571E1,7.976233959E-2,-7.117699832E-2,-2.361342758E-1,2.592056946E-1
1.204603071E1,9.052417427E-2,-7.833317667E-2,-3.085567951E-1,3.309652678E-1
1.205604571E1,9.423997998E-2,-8.004940301E-2,-3.816889524E-1,4.012175684E-1
1.206606071E1,1.042452082E-1,-8.409766853E-2,-4.483614564E-1,4.679396081E-1
1.207607571E1,1.093040779E-1,-8.285284042E-2,-5.139269233E-1,5.319143325E-1
1.208609071E1,1.138343811E-1,-8.992646635E-2,-5.780734420E-1,5.959982718E-1
1.209610471E1,1.168556809E-1,-8.902341127E-2,-6.326682568E-1,6.494994542E-1
1.210611971E1,1.150295511E-1,-9.210762382E-2,-6.813213229E-1,6.970755748E-1
1.211613471E1,1.158530861E-1,-9.442379326E-2,-7.265587449E-1,7.417717979E-1
1.212615012E1,1.113411635E-1,-1.034263447E-1,-7.634992003E-1,7.784760063E-1
1.213616513E1,1.079091132E-1,-1.043741107E-1,-7.994021177E-1,8.133769591E-1
1.214618012E1,1.017393693E-1,-1.043807715E-1,-8.245425820E-1,8.373271250E-1
1.215619513E1,9.966225177E-2,-1.065130383E-1,-8.439680934E-1,8.564810181E-1
1.216621012E1,9.304243326E-2,-1.077205166E-1,-8.572404981E-1,8.689774886E-1
1.217622412E1,2.303412743E-2,-8.909393847E-2,-8.755637407E-1,8.803863726E-1
1.218623913E1,-1.268472336E-2,-1.125470623E-1,-9.074764252E-1,9.145169248E-1
1.219625412E1,1.159551218E-1,-1.915647686E-1,-9.128657579E-1,9.399290095E-1
1.220626913E1,1.549363583E-1,-1.391803920E-1,-9.098910093E-1,9.334227903E-1
1.221628412E1,8.244723082E-2,-2.816865966E-2,-8.888221979E-1,8.930822576E-1
1.222629913E1,6.105589680E-3,-2.638274431E-2,-8.594408631E-1,8.598673878E-1
1.223631412E1,1.531883515E-2,-1.372962296E-1,-8.184132576E-1,8.299910732E-1
1.224632812E1,4.460907727E-2,-1.790378243E-1,-7.712587714E-1,7.930224491E-1
1.225634313E1,2.312771231E-2,-9.667024761E-2,-7.243038416E-1,7.310923901E-1
1.226635812E1,-1.623434201E-2,-4.422222078E-2,-6.671827435E-1,6.688437575E-1
1.227637313E1,-2.393805981E-2,-1.160545349E-1,-6.041220427E-1,6.156339239E-1
1.228638812E1,-1.840187982E-2,-1.902677864E-1,-5.333519578E-1,5.665728290E-1
1.229640313E1,-3.433789685E-2,-1.398584694E-1,-4.572252035E-1,4.793687196E-1
1.230641812E1,-3.895155713E-2,-4.135826975E-2,-3.785945475E-1,3.828335953E-1
1.231643313E1,-6.667727139E-3,-2.641626820E-2,-2.951330245E-1,2.963878876E-1
1.232644713E1,6.953516277E-6,-7.874871045E-2,-2.130213827E-1,2.271111378E-1
1.233646213E1,-4.371096566E-2,-1.156590581E-1,-1.322192103E-1,1.810237161E-1
1.234647713E1,-8.603178710E-2,-1.129753888E-1,-4.854188487E-2,1.500707215E-1
1.235649213E1,-6.939589977E-2,-1.123824716E-1,3.366287798E-2,1.363040725E-1
1.236650712E1,-3.345387429E-2,-1.052393317E-1,1.205684841E-1,1.634969052E-1
1.237652213E1,-3.021136299E-2,-7.588583231E-2,2.078899294E-1,2.233598190E-1
1.238653712E1,-5.106231570E-2,-4.575669393E-2,2.946562469E-1,3.025282449E-1
1.239655213E1,-5.018841848E-2,-6.056159735E-2,3.763214052E-1,3.844533579E-1
1.240656613E1,-2.671664953E-2,-7.874459028E-2,4.518742263E-1,4.594614307E-1
1.241658112E1,-1.994229294E-2,-7.069358975E-2,5.278659463E-1,5.329519077E-1
1.242659613E1,-3.748027235E-2,-4.838668182E-2,5.966665745E-1,5.997975016E-1
1.243661112E1,-4.130747169E-2,-5.609783530E-2,6.594117284E-1,6.630815198E-1
1.244662613E1,-3.222822025E-2,-8.310122788E-2,7.189424038E-1,7.244464454E-1
1.245664112E1,-2.337875962E-2,-8.646866679E-2,7.730579376E-1,7.782300249E-1
1.246665613E1,-2.277049236E-2,-6.013825908E-2,8.207786083E-1,8.232937686E-1
1.247667013E1,-1.153294183E-2,-3.791451827E-2,8.660311103E-1,8.669373700E-1
1.248668512E1,3.998613451E-3,-3.192373738E-2,8.982068896E-1,8.987829162E-1
1.249670013E1,6.185830105E-3,-3.307766840E-2,9.257284999E-1,9.263399226E-1
1.250671512E1,-3.386651725E-2,-1.222724840E-2,9.447999597E-1,9.454858065E-1
1.251673013E1,-2.461314946E-1,8.830697834E-2,9.220234156E-1,9.583871942E-1
1.252674512E1,-9.197627753E-2,-1.403112859E-1,9.256995916E-1,9.407797970E-1
1.253676013E1,2.974734269E-2,-2.684565485E-1,9.397340417E-1,9.777800836E-1
1.254677512E1,7.358856499E-2,-1.938816458E-1,9.596840143E-1,9.818343938E-1
1.255678912E1,8.875536919E-2,-1.832583733E-2,9.601882100E-1,9.644556758E-1
1.256680413E1,9.355092794E-2,1.057220772E-1,9.340831041E-1,9.446905203E-1
1.257681912E1,9.491094202E-2,1.173550040E-1,8.988881111E-1,9.114714039E-1
1.258683413E1,7.784434408E-2,9.013457596E-2,8.601452112E-1,8.683511779E-1
1.259684912E1,4.037963599E-2,4.624901339E-2,8.201619983E-1,8.224568011E-1
1.260686413E1,-1.988263987E-2,-2.339531481E-2,7.758046389E-1,7.764119382E-1
1.261687912E1,-6.828031689E-2,-1.208745837E-1,7.215971947E-1,7.348301695E-1
1.262689413E1,-8.451494575E-2,-1.633298993E-1,6.534857750E-1,6.788689787E-1
1.263690813E1,-7.110206783E-2,-9.426876158E-2,5.759925246E-1,5.879706556E-1
1.264692312E1,-3.078394569E-2,3.519842029E-2,4.891915917E-1,4.914214012E-1
1.265693813E1,2.017683722E-2,1.299377233E-1,3.999658823E-1,4.210268681E-1
1.266695312E1,4.208000377E-2,1.283001453E-1,3.141825497E-1,3.419683151E-1
1.267696813E1,1.176712196E-2,7.375663519E-2,2.304379195E-1,2.422398422E-1
1.268698313E1,-3.468346596E-2,2.996308170E-2,1.467004120E-1,1.536936562E-1
1.269699813E1,-6.918852031E-2,4.646876827E-3,6.658126414E-2,9.613381061E-2
1.270701313E1,-7.300323248E-2,6.638389081E-3,-1.625396498E-2,7.508482896E-2
1.271702813E1,-6.393843889E-2,2.410737798E-2,-1.045960933E-1,1.249385144E-1
1.272704212E1,-5.948776007E-2,4.746329784E-2,-2.008925378E-1,2.148240443E-1
1.273705713E1,-5.179223046E-2,7.133141160E-2,-2.957532704E-1,3.086107619E-1
1.274707212E1,-3.216153756E-2,9.512036294E-2,-3.848924637E-1,3.977743789E-1
1.275708713E1,-1.795689017E-2,1.158958673E-1,-4.686834216E-1,4.831339894E-1
1.276710212E1,-1.359356847E-2,1.331771165E-1,-5.473505259E-1,5.634833872E-1
1.277711713E1,-2.604863793E-2,1.328330338E-1,-6.138890386E-1,6.286357436E-1
1.278713212E1,-4.054156318E-2,1.049287021E-1,-6.797026992E-1,6.889480460E-1
1.279714713E1,-4.977237061E-2,6.904150546E-2,-7.398693562E-1,7.447487379E-1
1.280716212E1,-4.950232431E-2,5.597869679E-2,-7.999520898E-1,8.034347768E-1
1.281717612E1,-3.115596622E-2,8.546912670E-2,-8.530573845E-1,8.578942633E-1
1.282719113E1,-1.650005579E-3,1.347618550E-1,-8.985396624E-1,9.085906696E-1
1.283720612E1,2.602411620E-2,1.803595424E-1,-9.357728362E-1,9.533507330E-1
1.284722113E1,3.850395605E-2,1.883375943E-1,-9.656492472E-1,9.845974165E-1
1.285723612E1,3.484379500E-2,1.689804941E-1,-9.851258993E-1,1.000120760E0
1.286725113E1,2.669665404E-2,1.370396167E-1,-1.001419067E0,1.011104701E0
1.287726612E1,2.080884762E-2,1.075577810E-1,-1.007957935E0,1.013893921E0
1.288728113E1,2.671094611E-2,1.026093662E-1,-1.003747702E0,1.009332257E0
1.289729612E1,3.847592697E-2,1.271988302E-1,-9.898837805E-1,9.987641555E-1
1.290731012E1,6.062996760E-2,1.550437808E-1,-9.682003260E-1,9.824084884E-1
1.291732513E1,7.815622538E-2,1.718909740E-1,-9.434675574E-1,9.621777042E-1
1.292734012E1,8.871939033E-2,1.699596494E-1,-9.069545865E-1,9.269973218E-1
1.293735513E1,9.095688909E-2,1.591444165E-1,-8.651028275E-1,8.843093368E-1
1.294737012E1,8.778746426E-2,1.460440606E-1,-8.191342950E-1,8.366698870E-1
1.295738513E1,8.449118584E-2,1.328143924E-1,-7.655621767E-1,7.815778079E-1
1.296740012E1,8.063759655E-2,1.232770830E-1,-7.083591223E-1,7.235138612E-1
1.297741513E1,7.921057940E-2,1.172984689E-1,-6.393415928E-1,6.548212878E-1
1.298743012E1,7.832001895E-2,1.185256541E-1,-5.654649734E-1,5.830377280E-1
1.299744412E1,8.048521727E-2,1.263006330E-1,-4.851207733E-1,5.077124036E-1
1.300745913E1,8.465120196E-2,1.302138716E-1,-4.055945277E-1,4.343137107E-1
1.301747412E1,8.624643832E-2,1.321028620E-1,-3.170931637E-1,3.541718351E-1
1.302748913E1,8.032702655E-2,1.268532276E-1,-2.356259972E-1,2.793989676E-1
1.303750412E1,6.371893734E-2,1.131774932E-1,-1.462221742E-1,1.955765123E-1
1.304751913E1,5.102391168E-2,9.884463251E-2,-6.559897959E-2,1.291391771E-1
1.305753413E1,3.247215226E-2,7.989159226E-2,2.157971263E-2,8.889764442E-2
1.306754913E1,2.091776207E-2,6.375549734E-2,1.055997834E-1,1.251144694E-1
1.307756413E1,1.118187048E-2,6.140524149E-2,1.933659017E-1,2.031895909E-1
1.308757813E1,5.099743605E-3,7.140168548E-2,2.860028744E-1,2.948251214E-1
1.309759312E1,-7.410886465E-4,8.128993958E-2,3.689673245E-1,3.778167413E-1
1.310760813E1,-1.602949761E-2,7.981428504E-2,4.461180270E-1,4.534849048E-1
1.311762312E1,-2.943009697E-2,6.302153319E-2,5.226803422E-1,5.272879520E-1
1.312763808E1,-5.279347673E-2,4.434664547E-2,5.911139846E-1,5.951214321E-1
1.313765308E1,-6.875413656E-2,2.537767030E-2,6.570913196E-1,6.611657581E-1
1.314766808E1,-8.485587686E-2,1.742919721E-2,7.141766548E-1,7.194112809E-1
1.315768308E1,-9.281137586E-2,1.934594288E-2,7.697978020E-1,7.756138684E-1
1.316769808E1,-9.922080487E-2,2.651384100E-2,8.218562007E-1,8.282483725E-1
1.317771308E1,-1.065937355E-1,2.941721678E-2,8.648896813E-1,8.719299043E-1
1.318772708E1,-1.110462770E-1,2.632688358E-2,8.986343741E-1,9.058521506E-1
1.319774208E1,-1.235081553E-1,1.402428094E-2,9.297896624E-1,9.380617043E-1
1.320775708E1,-1.340846270E-1,7.744546048E-3,9.458557367E-1,9.553437810E-1
1.321777208E1,-1.383353770E-1,-1.480174251E-3,9.595469236E-1,9.694684967E-1
1.322778708E1,-1.415290385E-1,-4.667178728E-3,9.652114511E-1,9.755436415E-1
1.323780208E1,-1.474417150E-1,-9.226446971E-3,9.621284604E-1,9.734040071E-1
1.324781708E1,-1.424709260E-1,-1.162808575E-2,9.475021362E-1,9.582241258E-1
1.325783208E1,-1.374846548E-1,-8.479698561E-3,9.297489524E-1,9.398973614E-1
1.326784708E1,-1.280040741E-1,-5.163264461E-3,9.044670463E-1,9.134945758E-1
1.327786208E1,-1.227161437E-1,-6.603435613E-3,8.707969785E-1,8.794260827E-1
1.328787608E1,-1.152648851E-1,-9.680451825E-3,8.315488696E-1,8.395553749E-1
1.329789108E1,-1.078370512E-1,-1.741340011E-2,7.847560048E-1,7.923219315E-1
1.330790608E1,-1.017466709E-1,-2.315011621E-2,7.331873178E-1,7.405754222E-1
1.331792108E1,-9.135588259E-2,-3.068759292E-2,6.735002398E-1,6.803603448E-1
1.332793608E1,-7.927311957E-2,-3.445170447E-2,6.086711884E-1,6.147778159E-1
1.333795108E1,-5.942630023E-2,-3.187975660E-2,5.396693349E-1,5.438665232E-1
1.334796608E1,-4.534137249E-2,-2.495633624E-2,4.667088389E-1,4.695698022E-1
1.335798108E1,-2.839587629E-1,-7.054805756E-2,3.334663510E-1,4.436320713E-1
1.336799608E1,-1.000286192E-1,-1.647773534E-1,2.225947231E-1,2.944583359E-1
1.337801108E1,2.057155222E-1,-1.226364970E-1,1.378251612E-1,2.763229298E-1
1.338802608E1,2.524143159E-1,1.061649919E-1,4.328587279E-2,2.772321395E-1
1.339804008E1,7.086608559E-2,2.397890985E-1,-7.208891958E-2,2.602261059E-1
1.340805508E1,-1.374972891E-2,6.543087959E-2,-1.693646014E-1,1.820841104E-1
1.341807008E1,5.752348900E-2,-1.919818223E-1,-2.389936745E-1,3.119037485E-1
1.342808508E1,1.304056793E-1,-2.308152318E-1,-3.024882376E-1,4.022194007E-1
1.343810008E1,1.070097834E-1,-5.384737626E-2,-3.757733703E-1,3.944062112E-1
1.344811508E1,7.082728297E-2,5.740085617E-2,-4.499794245E-1,4.591218191E-1
1.345813008E1,9.390471131E-2,-4.289545864E-2,-5.206833482E-1,5.308194272E-1
1.346814508E1,1.269231141E-1,-1.620261073E-1,-5.852569938E-1,6.203931698E-1
1.347816008E1,1.174603030E-1,-1.167341173E-1,-6.534162164E-1,6.740745721E-1
1.348817508E1,1.201722026E-1,-5.652870983E-3,-7.120766044E-1,7.221678501E-1
1.349819008E1,1.666459739E-1,9.320942685E-3,-7.584789395E-1,7.766260763E-1
1.350820408E1,1.919308305E-1,-6.346458197E-2,-7.971781492E-1,8.224099941E-1
1.351821908E1,1.427092254E-1,-1.003894880E-1,-8.368470073E-1,8.548431938E-1
1.352823408E1,7.797017694E-2,-9.168015420E-2,-8.742431402E-1,8.824883384E-1
1.353824908E1,8.045151085E-2,-1.119064838E-1,-8.939788938E-1,9.045406399E-1
1.354826408E1,1.222202629E-1,-1.382547319E-1,-9.052510262E-1,9.238677307E-1
1.355827908E1,1.286965162E-1,-1.179192886E-1,-9.134576321E-1,9.299852673E-1
1.356829408E1,1.010126919E-1,-6.829101592E-2,-9.147095680E-1,9.228005313E-1
1.357830908E1,9.315770119E-2,-5.296185985E-2,-9.089294076E-1,9.152245538E-1
1.358832408E1,1.090959236E-1,-7.789410651E-2,-8.926905394E-1,9.026991810E-1
1.359833908E1,1.062629893E-1,-9.021481872E-2,-8.712490201E-1,8.823295254E-1
1.360835408E1,6.492593884E-2,-8.806911111E-2,-8.460052013E-1,8.530511981E-1
1.361836908E1,3.556255996E-2,-1.135875806E-1,-8.158392310E-1,8.244758850E-1
1.362838308E1,2.742313780E-2,-1.543808132E-1,-7.700791955E-1,7.858800362E-1
1.363839808E1,2.693016268E-2,-1.494329423E-1,-7.182186246E-1,7.340936116E-1
1.364841308E1,1.725702919E-2,-1.005974859E-1,-6.630051732E-1,6.708155625E-1
1.365842808E1,1.911831275E-2,-6.200429052E-2,-5.983803868E-1,6.018879707E-1
1.366844308E1,2.657303400E-2,-6.789573282E-2,-5.299818516E-1,5.349735691E-1
1.367845808E1,1.333254762E-2,-8.942598104E-2,-4.619145095E-1,4.706801218E-1
1.368847308E1,-1.664346084E-2,-1.044856235E-1,-3.913729489E-1,4.054220461E-1
1.369848808E1,-3.688985109E-2,-1.167039350E-1,-3.173235059E-1,3.401100953E-1
1.370850308E1,-3.932504728E-2,-1.291408986E-1,-2.394278944E-1,2.748627796E-1
1.371851808E1,-3.631330281E-2,-1.246864125E-1,-1.552976519E-1,2.024418882E-1
1.372853308E1,-4.219862446E-2,-1.018529981E-1,-7.107065618E-2,1.311708630E-1
1.373854808E1,-4.218496755E-2,-8.130713552E-2,1.382786315E-2,9.263709610E-2
1.374856208E1,-3.317442536E-2,-8.013588190E-2,9.929802269E-2,1.318423277E-1
1.375857708E1,-1.817683578E-1,2.934537083E-2,1.322876513E-1,2.267176865E-1
1.376859208E1,-5.209132284E-2,-9.935854375E-2,1.655297577E-1,1.999643139E-1
1.377860708E1,9.437409043E-2,-2.314728051E-1,2.172402442E-1,3.311788824E-1
1.378862208E1,4.366004467E-2,-1.512946188E-1,2.994592190E-1,3.383372356E-1
1.379863708E1,-1.143632978E-1,3.575888462E-3,3.768754900E-1,3.938615059E-1
1.380865208E1,-1.094281897E-1,-2.996422723E-2,4.486924112E-1,4.628145022E-1
1.381866708E1,1.710258983E-2,-1.297233999E-1,5.175395012E-1,5.338237484E-1
1.382868208E1,4.139780998E-2,-7.916568965E-2,5.802779794E-1,5.871145701E-1
1.383869708E1,-4.420674592E-2,2.629766241E-2,6.378387213E-1,6.399093981E-1
1.384871208E1,-8.389743418E-2,-4.091412947E-2,6.929329038E-1,6.991915006E-1
1.385872708E1,-3.281829134E-2,-2.067137659E-1,7.456221581E-1,7.744417498E-1
1.386874208E1,-8.827472106E-3,-1.957503259E-1,7.897613645E-1,8.137070278E-1
1.387875708E1,-2.856357954E-2,-3.850904293E-3,8.261539936E-1,8.266565966E-1
1.388877108E1,-1.110123377E-2,9.235978127E-2,8.612270355E-1,8.662364419E-1
1.389878608E1,4.160822183E-2,-1.078770496E-3,8.811421394E-1,8.821246384E-1
1.390880108E1,2.623512410E-2,-1.129174232E-1,9.000628591E-1,9.074975352E-1
1.391881608E1,-4.328359663E-2,-1.105569080E-1,9.083868861E-1,9.161130031E-1
1.392883108E1,-5.722604319E-2,-6.646321714E-2,9.093658924E-1,9.135855217E-1
1.393884608E1,4.629770294E-3,-5.239341781E-2,9.035404325E-1,9.050700625E-1
1.394886108E1,3.960240260E-2,-3.602376953E-2,8.914318681E-1,8.930379822E-1
1.395887608E1,8.573303930E-4,1.259750687E-3,8.688836098E-1,8.688849460E-1
1.396889108E1,-2.686803974E-2,-5.927854218E-3,8.426560163E-1,8.431050901E-1
1.397890608E1,-2.822827315E-3,-6.095990539E-2,8.094397187E-1,8.117368642E-1
1.398892108E1,2.212992683E-2,-6.595014036E-2,7.700464725E-1,7.731822066E-1
1.399893608E1,4.941648338E-3,-6.620325148E-3,7.225698233E-1,7.226170480E-1
1.400895108E1,-2.409905754E-2,3.410846367E-2,6.722856164E-1,6.735815481E-1
1.401896608E1,-1.762818359E-2,-6.027461961E-3,6.152524352E-1,6.155344362E-1
1.402898008E1,-1.163154561E-2,-5.258218199E-2,5.530367494E-1,5.556526117E-1
1.403899508E1,-2.589679323E-2,-3.782150149E-2,4.821280539E-1,4.843021477E-1
1.404901008E1,-3.735264763E-2,3.081990406E-3,4.089419842E-1,4.106558966E-1
1.405902508E1,-2.018083073E-2,2.617640607E-2,3.313766420E-1,3.330209438E-1
1.406904008E1,-6.781401113E-3,3.377227485E-2,2.558128834E-1,2.581216482E-1
1.407905508E1,-2.027643099E-2,4.641204327E-2,1.770415306E-1,1.841437346E-1
1.408907008E1,-4.335165769E-2,4.353795946E-2,9.808280319E-2,1.157374461E-1
1.409908508E1,-4.407138750E-2,4.908398725E-3,1.455875393E-2,4.667265677E-2
1.410910008E1,-1.847441308E-2,-5.473894998E-2,-8.554334193E-2,1.032246091E-1
1.411911508E1,-2.579537034E-2,-2.570443414E-2,-2.029966712E-1,2.062371634E-1
1.412913013E1,-3.422294557E-2,4.033956304E-2,-3.345730603E-1,3.387294245E-1
1.413914512E1,-3.707139567E-2,1.004205495E-1,-4.830217659E-1,4.947409438E-1
1.414916013E1,-5.050225183E-2,1.604119688E-1,-6.253703833E-1,6.475882901E-1
1.415917512E1,-5.338944867E-2,1.780239195E-1,-7.454050779E-1,7.682263204E-1
1.416919013E1,-3.831968829E-2,1.304545403E-1,-8.140360713E-1,8.253129776E-1
1.417920413E1,-2.302868478E-2,6.299007684E-2,-8.664471507E-1,8.690389721E-1
1.418921912E1,-2.837950923E-2,3.782560304E-2,-9.202435017E-1,9.214576904E-1
1.419923413E1,-3.611515835E-2,7.615052164E-2,-9.576973915E-1,9.613987208E-1
1.420924913E1,-9.668105282E-3,1.270011812E-1,-9.950862527E-1,1.003204577E0
1.421926413E1,3.518538922E-2,1.657649726E-1,-1.007919073E0,1.022065015E0
1.422927913E1,5.818790942E-2,2.074029595E-1,-1.003224134E0,1.026089901E0
1.423929413E1,5.681779981E-2,2.211817056E-1,-9.764763117E-1,1.002823811E0
1.424930913E1,5.777573958E-2,1.862791181E-1,-9.335967302E-1,9.537509112E-1
1.425932412E1,6.118356064E-2,1.361134648E-1,-8.775196671E-1,8.901185705E-1
1.426933913E1,5.667616054E-2,1.320473403E-1,-7.986056805E-1,8.114306625E-1
1.427935412E1,5.218419805E-2,1.750173420E-1,-7.076172829E-1,7.308053636E-1
1.428936913E1,7.062392682E-2,2.085292190E-1,-5.927295685E-1,6.322978061E-1
1.429938412E1,9.257748723E-2,2.018489689E-1,-4.745521545E-1,5.239402110E-1
1.430939913E1,8.793932199E-2,1.674222946E-1,-3.424540460E-1,3.912011282E-1
1.431941412E1,3.905823082E-2,1.082089394E-1,-2.136485428E-1,2.426528792E-1
1.432942913E1,-8.612887934E-3,3.798723966E-2,-8.496327698E-2,9.346641456E-2
1.433944412E1,-2.932556905E-2,-7.209884934E-3,5.012698099E-2,5.852081394E-2
1.434945913E1,-3.036180511E-2,-4.595725797E-3,1.816125661E-1,1.841903474E-1
1.435947313E1,-3.205587715E-2,2.429648489E-2,3.118067086E-1,3.143903974E-1
1.436948812E1,-4.674081504E-2,2.909177169E-2,4.321032763E-1,4.355964604E-1
1.437950313E1,-6.593076140E-2,-3.912783228E-3,5.334988236E-1,5.375715487E-1
1.438951812E1,-7.599457353E-2,-3.183149919E-2,6.181455851E-1,6.236123667E-1
1.439953313E1,-7.229200751E-2,-2.206368558E-2,6.886939406E-1,6.928291885E-1
1.440954812E1,-6.053521484E-2,2.130083181E-2,7.388492823E-1,7.416309726E-1
1.441956313E1,-5.103950948E-2,6.040392071E-2,7.740632296E-1,7.780922494E-1
1.442957812E1,-4.976412281E-2,7.383371145E-2,7.857153416E-1,7.907442588E-1
1.443959313E1,-6.054776162E-2,6.262025237E-2,7.840461135E-1,7.888698470E-1
1.444960812E1,-7.192371786E-2,4.144359753E-2,7.713598609E-1,7.758135265E-1
1.445962313E1,-7.486061007E-2,2.655873820E-2,7.534260154E-1,7.576016355E-1
1.446963812E1,-6.752173603E-2,3.490934521E-2,7.348877788E-1,7.388084289E-1
1.447965313E1,-5.882845074E-2,6.026909500E-2,7.061338425E-1,7.111386320E-1
1.448966812E1,-6.047348678E-2,7.689174265E-2,6.757413149E-1,6.827852571E-1
1.449968313E1,-5.916831270E-2,7.104089856E-2,6.331239343E-1,6.398387411E-1
1.450969812E1,-6.199792027E-2,4.709401727E-2,5.853716135E-1,5.905264723E-1
1.451971313E1,-6.193501502E-2,2.746563219E-2,5.381608009E-1,5.424088446E-1
1.452972812E1,-6.033764780E-2,3.005129658E-2,4.828354716E-1,4.875180046E-1
1.453974313E1,-5.308476090E-2,4.534219578E-2,4.248921871E-1,4.305894532E-1
1.454975812E1,-3.707863018E-2,6.134086847E-2,3.632637262E-1,3.702675543E-1
1.455977313E1,-2.459532581E-2,6.282264739E-2,3.005060554E-1,3.079862081E-1
1.456978812E1,-1.969239116E-2,5.917509273E-2,2.310751379E-1,2.393432706E-1
1.457980212E1,-1.774811186E-2,4.563424736E-2,1.612731516E-1,1.685423076E-1
1.458981713E1,-1.016076561E-2,3.407905996E-2,9.261632711E-2,9.920890853E-2
1.459983212E1,1.531113754E-3,3.254528716E-2,2.449033223E-2,4.075924924E-2
1.460984713E1,1.371001545E-2,3.952569887E-2,-4.966272786E-2,6.493559835E-2
1.461986213E1,2.276767790E-2,4.650608078E-2,-1.185922325E-1,1.294036333E-1
1.462987713E1,3.736020252E-2,4.112915695E-2,-1.870229542E-1,1.951024800E-1
1.463989213E1,4.805231467E-2,3.695078194E-2,-2.588194907E-1,2.658230878E-1
1.464990713E1,5.652010068E-2,3.041964397E-2,-3.239226043E-1,3.302207294E-1
1.465992213E1,6.765072793E-2,2.829267085E-2,-3.869578242E-1,3.938444540E-1
1.466993712E1,7.917981595E-2,2.613817528E-2,-4.445782602E-1,4.523300530E-1
1.467995213E1,8.571610600E-2,2.606495097E-2,-4.982411861E-1,5.062320733E-1
1.468996712E1,9.099369496E-2,2.261376008E-2,-5.524786115E-1,5.603783104E-1
1.469998213E1,9.975586087E-2,1.742303744E-2,-6.000192761E-1,6.085046637E-1
1.470999712E1,1.074326932E-1,7.019664161E-3,-6.419526339E-1,6.509180005E-1
1.472001213E1,1.144848764E-1,4.712184891E-3,-6.758801341E-1,6.855238488E-1
1.473002712E1,1.174005046E-1,5.807276815E-3,-7.038031220E-1,7.135512859E-1
1.474004213E1,1.217397600E-1,8.694372140E-3,-7.249988914E-1,7.352003494E-1
1.475005712E1,1.251411438E-1,9.731939994E-3,-7.359147072E-1,7.465423449E-1
1.476007213E1,1.237886548E-1,4.733027890E-4,-7.437580228E-1,7.539892914E-1
1.477008712E1,1.177661866E-1,-1.452508848E-2,-7.435737252E-1,7.529818974E-1
1.478010213E1,1.109327525E-1,-2.196443267E-2,-7.372369766E-1,7.458598203E-1
1.479011712E1,1.398315132E-1,-1.713022590E-1,-7.134330869E-1,7.469163845E-1
1.480013213E1,1.066225842E-1,-1.685187668E-1,-6.811925173E-1,7.097817945E-1
1.481014712E1,1.774837635E-2,4.598288238E-2,-6.562605500E-1,6.581089118E-1
1.482016213E1,2.959217317E-2,1.549133807E-1,-6.203289628E-1,6.400639611E-1
1.483017712E1,1.444188952E-1,7.012605667E-2,-5.664396286E-1,5.887515044E-1
1.484019213E1,1.890626550E-1,-4.794827104E-2,-5.120154023E-1,5.479082920E-1
1.485020712E1,1.012683511E-1,-4.154762998E-2,-4.743694663E-1,4.868345459E-1
1.486022213E1,1.496721618E-2,1.073694043E-2,-4.349496961E-1,4.353395658E-1
1.487023712E1,7.208362222E-3,-1.587842591E-2,-3.877113461E-1,3.881033017E-1
1.488025213E1,4.325586557E-2,-1.079558134E-1,-3.307746053E-1,3.506242534E-1
1.489026712E1,2.840501629E-2,-1.436768025E-1,-2.825482190E-1,3.182504746E-1
1.490028112E1,-2.911159955E-2,-1.008333713E-1,-2.286089063E-1,2.515489734E-1
1.491029613E1,-4.010140151E-2,-6.278185546E-2,-1.733810753E-1,1.887079252E-1
1.492031112E1,1.932039857E-2,-5.242846906E-2,-1.077153161E-1,1.213450102E-1
1.493032613E1,5.843717605E-2,-2.488472685E-2,-5.077612773E-2,8.131647018E-2
1.494034112E1,2.822986431E-2,9.338869713E-3,-3.887051716E-4,2.973702773E-2
1.495035613E1,-2.165833302E-2,-1.646982320E-2,4.877803847E-2,5.585369730E-2
1.496037112E1,-4.587359726E-2,-1.018473953E-1,9.508544207E-2,1.466919226E-1
1.497038613E1,-5.848206580E-2,-1.619962305E-1,1.474780887E-1,2.267437262E-1
1.498040112E1,-6.519467384E-2,-1.429658532E-1,2.016327083E-1,2.556273259E-1
1.499041613E1,-6.150539592E-2,-8.077649772E-2,2.528359592E-1,2.724587649E-1
1.500043112E1,-4.056644067E-2,-5.346438289E-2,3.063305616E-1,3.135960608E-1
1.501044613E1,-2.493634820E-2,-5.409821495E-2,3.555220664E-1,3.604779854E-1
1.502046112E1,-3.089089319E-2,-5.641987920E-2,4.015294313E-1,4.066489079E-1
1.503047613E1,-4.950186238E-2,-5.758900568E-2,4.378714561E-1,4.444078533E-1
1.504049113E1,-5.452405289E-2,-7.590010762E-2,4.765597284E-1,4.856365651E-1
1.505050613E1,-5.876460299E-2,-1.066918373E-1,5.049785972E-1,5.194610768E-1
1.506052113E1,-7.347683609E-2,-1.219334900E-1,5.320683718E-1,5.507843259E-1
1.507053613E1,-7.846200466E-2,-1.174143702E-1,5.567436218E-1,5.743743387E-1
1.508055113E1,-6.541056931E-2,-9.997565299E-2,5.764336586E-1,5.886844966E-1
1.509056612E1,-4.197660834E-2,-8.294793218E-2,5.957463384E-1,6.029561301E-1
1.510058113E1,-2.973446809E-2,-6.027290970E-2,6.088839173E-1,6.125819023E-1
1.511059612E1,-3.124607913E-2,-5.032547191E-2,6.128810644E-1,6.157370946E-1
1.512061113E1,-3.775098547E-2,-6.504145265E-2,6.133823991E-1,6.179753191E-1
1.513062612E1,-4.252443463E-2,-9.645743668E-2,6.078779101E-1,6.169504990E-1
1.514064113E1,-4.991423711E-2,-1.120400280E-1,5.987408161E-1,6.111750681E-1
1.515065612E1,-5.204183608E-2,-1.126139313E-1,5.834915042E-1,5.965338093E-1
1.516067113E1,-4.262408987E-2,-9.985730052E-2,5.651603937E-1,5.754950600E-1
1.517068612E1,-2.880867571E-2,-8.541977406E-2,5.398678184E-1,5.473424329E-1
1.518070113E1,-1.214494184E-2,-6.511162966E-2,5.126272440E-1,5.168884940E-1
1.519071612E1,-1.236651745E-2,-5.247998610E-2,4.801171720E-1,4.831351556E-1
1.520073113E1,-9.396429174E-3,-5.140848830E-2,4.432935715E-1,4.463634349E-1
1.521074612E1,-1.358451601E-2,-6.875525415E-2,4.051381946E-1,4.111554216E-1
1.522076113E1,-2.155442722E-2,-8.352637291E-2,3.641141951E-1,3.741929922E-1
1.523077612E1,-2.756411768E-2,-9.024845064E-2,3.178218007E-1,3.315347047E-1
1.524079113E1,-2.618392743E-2,-8.626442403E-2,2.701472938E-1,2.847923968E-1
1.525080612E1,-2.006584778E-2,-7.389537245E-2,2.175586522E-1,2.306402642E-1
1.526082113E1,-7.783475332E-3,-5.741685629E-2,1.642547548E-1,1.741749188E-1
1.527083612E1,-3.925886471E-3,-3.746605664E-2,1.121675819E-1,1.183244878E-1
1.528085113E1,9.565504733E-4,-2.929984033E-2,5.810417607E-2,6.508064927E-2
1.529086612E1,-4.729032051E-3,-3.294943646E-2,-1.948505640E-3,3.334405166E-2
1.530088113E1,-1.154418942E-2,-4.626263678E-2,-5.025817826E-2,6.927758911E-2
1.531089612E1,-2.046471462E-2,-5.360710248E-2,-1.065502167E-1,1.210184889E-1
1.532091113E1,-2.446206100E-2,-5.352021754E-2,-1.576089412E-1,1.682360974E-1
1.533092612E1,-1.987743005E-2,-4.335200414E-2,-2.098239511E-1,2.151757397E-1
1.534094113E1,-1.596176997E-2,-2.755042166E-2,-2.602831125E-1,2.622233828E-1
1.535095612E1,-9.088417515E-3,-1.038315147E-2,-3.084335923E-1,3.087421093E-1
1.536097113E1,-1.052119955E-2,-5.396278575E-4,-3.505375683E-1,3.506958421E-1
1.537098612E1,-9.999220259E-3,3.115294501E-3,-3.957045078E-1,3.958430838E-1
1.538100113E1,-1.576903090E-2,1.713892445E-3,-4.340929091E-1,4.343826119E-1
1.539101612E1,-2.195422351E-2,-3.583401442E-3,-4.689821601E-1,4.695094197E-1
1.540103113E1,-2.630183101E-2,-6.239056587E-3,-4.996205568E-1,5.003512895E-1
1.541104612E1,-2.904435433E-2,-5.623333156E-3,-5.258238912E-1,5.266554480E-1
1.542106113E1,-2.257006802E-2,4.775879905E-3,-5.491604805E-1,5.496448402E-1
1.543107612E1,-2.033887058E-2,2.068480477E-2,-5.663536191E-1,5.670960701E-1
1.544109113E1,-1.349714492E-2,3.615233675E-2,-5.805467963E-1,5.818279360E-1
1.545110612E1,-1.195624005E-2,4.029941186E-2,-5.910558701E-1,5.925487624E-1
1.546112113E1,-1.178359985E-2,3.810390458E-2,-5.929718018E-1,5.943116341E-1
1.547113612E1,-4.458149523E-2,4.739327729E-2,-5.933718085E-1,5.969285850E-1
1.548115113E1,-3.755731881E-1,1.617165506E-1,-6.511476040E-1,7.688957436E-1
1.549116612E1,-1.877433807E-1,-7.958688587E-2,-6.749013662E-1,7.050343988E-1
1.550118113E1,1.354920566E-1,-2.777809799E-1,-6.158026457E-1,6.890089031E-1
1.551119613E1,2.466960847E-1,-1.056046858E-1,-5.432937741E-1,6.059533257E-1
1.552121113E1,8.892596513E-2,2.641328871E-1,-5.051267147E-1,5.769116113E-1
1.553122613E1,-4.190501571E-2,3.718052804E-1,-4.712616801E-1,6.017331369E-1