"Time (s)","Gyroscope x (rad/s)","Gyroscope y (rad/s)","Gyroscope z (rad/s)","Absolute (rad/s)"
5.223958346E-3,1.570839882E-1,1.331713796E-1,6.968769245E-3,2.060547486E-1
1.523995835E-2,1.544240266E-1,1.290514767E-1,1.130759157E-2,2.015661809E-1
2.525595835E-2,1.097863354E-2,1.994953156E-1,1.355754584E-2,2.002566313E-1
3.527295834E-2,-9.165959805E-2,2.712035775E-1,1.178468019E-2,2.865165633E-1
4.528895834E-2,-5.500038713E-2,2.691602707E-1,1.228870824E-2,2.749969204E-1
5.530495834E-2,6.247404218E-2,1.944420934E-1,2.447346970E-2,2.056931801E-1
6.532095834E-2,1.123639941E-1,1.289420426E-1,2.751576900E-2,1.732305835E-1
7.533795835E-2,4.448774084E-2,1.304342002E-1,2.683932707E-2,1.404015283E-1
8.535395835E-2,-4.586655647E-2,1.714630574E-1,2.181672864E-2,1.788275446E-1
9.536995833E-2,-5.137983337E-2,1.926003098E-1,1.876687631E-2,2.002172877E-1
1.053859583E-1,1.097456645E-2,1.992786527E-1,2.098295093E-2,2.006806088E-1
1.154029583E-1,7.279559225E-2,2.045405209E-1,2.235634252E-2,2.182563378E-1
1.254189583E-1,6.009312347E-2,2.136715204E-1,1.601921767E-2,2.225383505E-1
1.354349583E-1,6.026159041E-3,2.093473375E-1,1.212913729E-2,2.097849811E-1
1.454509583E-1,-2.422847226E-2,1.967107058E-1,8.611586876E-3,1.983841729E-1
1.554679583E-1,-1.385207870E-3,1.835397631E-1,7.058165036E-3,1.836806499E-1
1.654839583E-1,3.895991668E-2,1.692726165E-1,8.284941316E-3,1.738957563E-1
1.754999583E-1,4.380740225E-2,1.546092480E-1,1.788426191E-3,1.607056519E-1
1.855159583E-1,9.636929259E-3,1.437365711E-1,-4.476423375E-3,1.441287988E-1
1.955319583E-1,-1.641837321E-2,1.482405216E-1,-1.082300209E-2,1.495391340E-1
2.055489583E-1,-9.021133184E-3,1.637311876E-1,-1.485351473E-2,1.646508716E-1
2.155649583E-1,2.432537265E-2,1.818827540E-1,-1.514246687E-2,1.841259195E-1
2.255809583E-1,4.725375772E-2,1.901347637E-1,-1.913344488E-2,1.968507930E-1
2.355969583E-1,3.305484727E-2,1.845557094E-1,-2.781961113E-2,1.895451491E-1
2.456139583E-1,9.499832056E-3,1.776979417E-1,-3.538129479E-2,1.814349506E-1
2.556299583E-1,1.338042552E-3,1.554754674E-1,-3.865991160E-2,1.602154802E-1
2.656459583E-1,1.409741584E-2,1.263908893E-1,-4.048962891E-2,1.334646173E-1
2.756619583E-1,2.813546918E-2,1.078648791E-1,-4.365346208E-2,1.197165883E-1
2.856789583E-1,2.639932744E-2,1.099584773E-1,-4.725559428E-2,1.225597096E-1
2.956949583E-1,1.016709488E-2,1.256391704E-1,-5.348632857E-2,1.369282962E-1
3.057109583E-1,6.417827681E-3,1.388158202E-1,-5.173930898E-2,1.482834332E-1
3.157269583E-1,1.813733391E-2,1.414952278E-1,-5.423841998E-2,1.526160823E-1
3.257439583E-1,3.624982759E-2,1.352036446E-1,-5.295236409E-2,1.496597086E-1
3.357599583E-1,3.542238474E-2,1.254841834E-1,-5.609968677E-2,1.419443570E-1
3.457759583E-1,1.910537668E-2,1.103380099E-1,-5.546121672E-2,1.249617478E-1
3.557921667E-1,1.030203234E-2,9.111718088E-2,-5.472432077E-2,1.067858783E-1
3.658091667E-1,1.263501775E-2,8.094304055E-2,-5.285206810E-2,9.749236170E-2
3.758251667E-1,1.948759705E-2,7.236286998E-2,-4.938276857E-2,8.974858897E-2
3.858411667E-1,2.029771730E-2,6.493403763E-2,-4.349395633E-2,8.074745078E-2
3.958571667E-1,1.441745646E-2,6.421604753E-2,-4.126382619E-2,7.768054559E-2
4.058741667E-1,7.580594625E-3,6.949082762E-2,-3.852619231E-2,7.981671524E-2
4.158901667E-1,8.116954938E-3,7.734742016E-2,-3.462199867E-2,8.513043612E-2
4.259061667E-1,1.410539076E-2,6.812922657E-2,-2.387333661E-2,7.355603144E-2
4.359221667E-1,1.272986829E-2,5.331938714E-2,-1.554430183E-2,5.697922350E-2
4.459381667E-1,7.767071016E-3,3.459244221E-2,-9.631380439E-3,3.673864368E-2
4.559551667E-1,-2.552145161E-3,1.678468101E-2,3.643411910E-3,1.736414155E-2
4.659711667E-1,-3.559090197E-3,1.188539714E-2,1.026758738E-2,1.610444469E-2
4.759871667E-1,-5.217973609E-3,3.152359277E-3,2.112769336E-2,2.198963492E-2
4.860031667E-1,-6.096366327E-3,2.376902848E-4,3.015768714E-2,3.076862481E-2
4.960201667E-1,-8.353661746E-3,-4.472642206E-3,3.763904050E-2,3.881347141E-2
5.060361667E-1,-1.300934423E-2,-1.387700438E-3,4.816017300E-2,4.990562106E-2
5.160521667E-1,-1.415263861E-2,-3.753120080E-3,5.562554300E-2,5.752029315E-2
5.260681667E-1,-1.727449521E-2,-1.232735626E-2,6.839980185E-2,7.161637236E-2
5.360851667E-1,-1.908491366E-2,-2.484341525E-2,7.655413449E-2,8.271616963E-2
5.461011667E-1,-2.188236453E-2,-3.868534788E-2,8.539634198E-2,9.627008487E-2
5.561171667E-1,-2.712745965E-2,-5.107570440E-2,9.291711450E-2,1.094450401E-1
5.661331667E-1,-3.123451211E-2,-6.606235355E-2,1.032090932E-1,1.264592671E-1
5.761491667E-1,-2.984088100E-2,-6.665437669E-2,1.093285009E-1,1.314762535E-1
5.861661667E-1,-2.928365581E-2,-6.683674455E-2,1.165091321E-1,1.374738549E-1
5.961821667E-1,-3.080432117E-2,-6.611556560E-2,1.198988035E-1,1.403420725E-1
6.061981667E-1,-3.353090584E-2,-7.017101347E-2,1.258772612E-1,1.479641094E-1
6.162141667E-1,-3.214339912E-2,-7.663743198E-2,1.316131800E-1,1.556551421E-1
6.262311667E-1,-3.445168585E-2,-8.290394396E-2,1.355492622E-1,1.625840861E-1
6.362471667E-1,-3.404581919E-2,-9.444235265E-2,1.378422529E-1,1.705255478E-1
6.462631667E-1,-3.617209941E-2,-1.034978554E-1,1.418260932E-1,1.792620081E-1
6.562791667E-1,-3.922514990E-2,-1.155848727E-1,1.413030475E-1,1.867217888E-1
6.662961667E-1,-3.531577066E-2,-1.227604076E-1,1.434741318E-1,1.920993176E-1
6.763121667E-1,-3.623402864E-2,-1.241151541E-1,1.441060901E-1,1.936079583E-1
6.863281667E-1,-3.413556889E-2,-1.256540716E-1,1.418990493E-1,1.925864039E-1
6.963441667E-1,-3.064549528E-2,-1.245712265E-1,1.398508102E-1,1.897772009E-1
7.063601667E-1,-2.923008241E-2,-1.274625510E-1,1.371204853E-1,1.894812052E-1
7.163771667E-1,-2.966843732E-2,-1.317361295E-1,1.360610723E-1,1.916956948E-1
7.263931667E-1,-3.071288764E-2,-1.409333795E-1,1.284061670E-1,1.931156199E-1
7.364091667E-1,-2.757621557E-2,-1.502142251E-1,1.230068728E-1,1.961006166E-1
7.464251667E-1,-2.859545127E-2,-1.560380161E-1,1.204277873E-1,1.991693105E-1
7.564421667E-1,-2.627130970E-2,-1.598314196E-1,1.153813601E-1,1.988696122E-1
7.664581667E-1,-2.253771387E-2,-1.622326523E-1,1.064918265E-1,1.953660439E-1
7.764741667E-1,-2.135180868E-2,-1.628387868E-1,9.788528830E-2,1.911907422E-1
7.864901667E-1,-1.938881725E-2,-1.615891308E-1,8.987749368E-2,1.859164793E-1
7.965071667E-1,-1.743272506E-2,-1.665154546E-1,8.220785856E-2,1.865192444E-1
8.065231667E-1,-1.891638339E-2,-1.678917259E-1,7.308229804E-2,1.840828169E-1
8.165391667E-1,-1.426064409E-2,-1.724654287E-1,6.291355193E-2,1.841352902E-1
8.265551667E-1,-1.248434838E-2,-1.732143462E-1,5.106290802E-2,1.810151630E-1
8.365711667E-1,-1.229126938E-2,-1.790346950E-1,4.051758721E-2,1.839732921E-1
8.465881667E-1,-1.103687659E-2,-1.846020371E-1,2.803409845E-2,1.870444744E-1
8.566041667E-1,-1.347553357E-2,-1.881054342E-1,2.003396302E-2,1.896486331E-1
8.666201667E-1,-9.915463626E-3,-1.869525313E-1,7.819827646E-3,1.873785342E-1
8.766361667E-1,-8.871770464E-3,-1.848124117E-1,-1.623209100E-3,1.850323502E-1
8.866531667E-1,-8.068850264E-3,-1.812138408E-1,-1.194262505E-2,1.817861071E-1
8.966691667E-1,-7.706128061E-3,-1.798979789E-1,-2.123332955E-2,1.813105664E-1
9.066851667E-1,-6.105389912E-3,-1.809709370E-1,-3.375753760E-2,1.841937219E-1
9.167011667E-1,-7.961346768E-3,-1.828679144E-1,-4.589729011E-2,1.887077593E-1
9.267171667E-1,-4.444851540E-3,-1.882524192E-1,-5.699228868E-2,1.967405678E-1
9.367341667E-1,-5.382550415E-3,-1.888138354E-1,-6.246881187E-2,1.989522273E-1
9.467501667E-1,-5.803199485E-3,-1.859048307E-1,-7.458430529E-2,2.003923696E-1
9.567661667E-1,-7.632258814E-3,-1.856331825E-1,-8.334584534E-2,2.036282391E-1
9.667821667E-1,-7.221132051E-3,-1.830966622E-1,-9.184373170E-2,2.049678109E-1
9.767991667E-1,-7.441908121E-3,-1.797016710E-1,-1.018971652E-1,2.067150329E-1
9.868151667E-1,-6.327887066E-3,-1.773757786E-1,-1.059921160E-1,2.067281733E-1
9.968311667E-1,-9.062686935E-3,-1.756617576E-1,-1.132252589E-1,2.091868653E-1
1.006847167E0,-1.079327520E-2,-1.704487652E-1,-1.183973923E-1,2.078153480E-1
1.016863167E0,-1.049579959E-2,-1.679960042E-1,-1.247330606E-1,2.095021614E-1
1.026880167E0,-8.630455472E-3,-1.698203832E-1,-1.286444217E-1,2.132201551E-1
1.036896167E0,-1.065499056E-2,-1.707658023E-1,-1.301901191E-1,2.149975701E-1
1.046912167E0,-1.224897895E-2,-1.680065393E-1,-1.341318190E-1,2.153313252E-1
1.056928167E0,-1.126520708E-2,-1.597150564E-1,-1.362919062E-1,2.102648041E-1
1.066945167E0,-1.273609512E-2,-1.559443772E-1,-1.375943422E-1,2.083580090E-1
1.076961167E0,-1.356433891E-2,-1.494388133E-1,-1.358180195E-1,2.023919085E-1
1.086977167E0,-1.531011797E-2,-1.431638896E-1,-1.367785484E-1,1.985917176E-1
1.096993167E0,-1.373059675E-2,-1.416807771E-1,-1.354680061E-1,1.965033144E-1
1.107009167E0,-1.561054587E-2,-1.377439946E-1,-1.337177008E-1,1.926071668E-1
1.117026167E0,-1.601481251E-2,-1.337178349E-1,-1.309845001E-1,1.878666358E-1
1.127042167E0,-1.865817793E-2,-1.249728352E-1,-1.252116710E-1,1.778884473E-1
1.137058167E0,-1.450604387E-2,-1.219096705E-1,-1.200033277E-1,1.716775808E-1
1.147074167E0,-1.482119504E-2,-1.135746911E-1,-1.147168130E-1,1.621074504E-1
1.157090167E0,-1.563905180E-2,-1.111853048E-1,-1.084229648E-1,1.560842441E-1
1.167107167E0,-1.493986137E-2,-1.030880883E-1,-1.000594795E-1,1.444377127E-1
1.177123167E0,-1.554812770E-2,-9.768933058E-2,-9.646474570E-2,1.381680019E-1
1.187139167E0,-1.179287024E-2,-8.806109428E-2,-8.617883176E-2,1.237764887E-1
1.197155167E0,-1.087541133E-2,-8.017334342E-2,-7.943357527E-2,1.133831224E-1
1.207172167E0,-8.493645117E-3,-7.413310558E-2,-6.958507746E-2,1.020291250E-1
1.217188167E0,-9.238531813E-3,-7.139883935E-2,-5.900514126E-2,9.308464657E-2
1.227204167E0,-3.749987110E-3,-6.687195599E-2,-4.872734845E-2,8.282677941E-2
1.237220167E0,-5.177174695E-3,-5.799004808E-2,-3.796471655E-2,6.950516900E-2
1.247236167E0,-3.979466856E-3,-4.719433933E-2,-2.960351855E-2,5.585257498E-2
1.257253167E0,-4.721157253E-3,-3.521970287E-2,-2.025768720E-2,4.090343123E-2
1.267269167E0,-2.429516171E-4,-3.086125106E-2,-9.183868766E-3,3.219967838E-2
1.277285167E0,-1.475728815E-3,-2.227229066E-2,1.130287070E-3,2.234972608E-2
1.287301167E0,4.112096503E-3,-1.493278239E-2,1.103358902E-2,1.901676666E-2
1.297318167E0,4.777885973E-3,-9.131619707E-3,2.053441480E-2,2.297557103E-2
1.307334167E0,3.114302177E-3,-2.039910294E-3,3.112970293E-2,3.135153132E-2
1.317350167E0,9.852366522E-3,8.496353403E-3,4.265719280E-2,4.459700937E-2
1.327366167E0,5.769124255E-3,1.487326343E-2,4.996816814E-2,5.245297500E-2
1.337382167E0,9.518322535E-3,2.129361033E-2,6.101629138E-2,6.532230950E-2
1.347399167E0,1.376566198E-2,3.005436435E-2,6.692719460E-2,7.464588162E-2
1.357415042E0,1.196563151E-2,3.904519603E-2,7.871700823E-2,8.867959774E-2
1.367431042E0,1.348844357E-2,4.392027482E-2,8.380623907E-2,9.557413017E-2
1.377447042E0,1.493800245E-2,5.478544161E-2,9.068065882E-2,1.069933195E-1
1.387463042E0,1.756357588E-2,5.522136018E-2,9.777227044E-2,1.136542770E-1
1.397480042E0,1.648446359E-2,6.686922908E-2,1.019992381E-1,1.230734574E-1
1.407496042E0,1.817565225E-2,7.286615670E-2,1.087343097E-1,1.321475737E-1
1.417512042E0,1.856793649E-2,7.806837559E-2,1.130931005E-1,1.386704327E-1
1.427528042E0,1.831322722E-2,8.569233865E-2,1.164179742E-1,1.457110014E-1
1.437544042E0,1.999155246E-2,9.189457446E-2,1.215133965E-1,1.536547445E-1
1.447561042E0,1.733841933E-2,9.909737855E-2,1.227870211E-1,1.587374051E-1
1.457577042E0,1.957254484E-2,1.071385294E-1,1.237894297E-1,1.648804776E-1
1.467593042E0,1.977030002E-2,1.103749797E-1,1.238053590E-1,1.670367260E-1
1.477609042E0,1.907787658E-2,1.173396781E-1,1.255697012E-1,1.729170763E-1
1.487626042E0,1.893306524E-2,1.237806827E-1,1.254141778E-1,1.772253773E-1
1.497642042E0,1.803611219E-2,1.268483847E-1,1.183362976E-1,1.744112765E-1
1.507658042E0,1.776671037E-2,1.320019960E-1,1.234363392E-1,1.815949140E-1
1.517674042E0,1.397996116E-2,1.359333694E-1,1.153975874E-1,1.788572711E-1
1.527690042E0,1.790774800E-2,1.392683089E-1,1.130118445E-1,1.802443516E-1
1.537707042E0,1.577588730E-2,1.451272517E-1,1.064466164E-1,1.806700859E-1
1.547723042E0,1.544400211E-2,1.502499133E-1,1.006488726E-1,1.815041300E-1
1.557739042E0,1.591671258E-2,1.545975208E-1,9.405595064E-2,1.816597287E-1
1.567755042E0,1.534427423E-2,1.596255302E-1,8.925691247E-2,1.835280716E-1
1.577771042E0,1.187390834E-2,1.618921459E-1,7.943384349E-2,1.807202039E-1
1.587788042E0,1.023205929E-2,1.623303145E-1,7.325348258E-2,1.783869355E-1
1.597804042E0,1.172955520E-2,1.661761850E-1,6.379233301E-2,1.783860103E-1
1.607820042E0,1.153001003E-2,1.673183143E-1,5.496770889E-2,1.764930833E-1
1.617836042E0,1.012519188E-2,1.702105105E-1,4.469802976E-2,1.762726617E-1
1.627852042E0,1.117750909E-2,1.722549349E-1,3.592890128E-2,1.763167186E-1
1.637869042E0,1.042383444E-2,1.742834747E-1,2.337582596E-2,1.761528175E-1
1.647885042E0,8.472049609E-3,1.783959121E-1,1.473821141E-2,1.792040511E-1
1.657901042E0,1.120898034E-2,1.760597825E-1,4.050679971E-3,1.764627334E-1
1.667917042E0,9.410328232E-3,1.778321117E-1,-6.820525508E-3,1.782114862E-1
1.677933042E0,1.085775625E-2,1.774331629E-1,-1.491467096E-2,1.783896454E-1
1.687950042E0,1.090669539E-2,1.795108169E-1,-2.505732700E-2,1.815790710E-1
1.697966042E0,1.001560222E-2,1.777837574E-1,-3.519438207E-2,1.815103888E-1
1.707982042E0,1.146586519E-2,1.795393229E-1,-4.428232089E-2,1.852748187E-1
1.717998042E0,1.150048710E-2,1.788210720E-1,-5.474215373E-2,1.873657930E-1
1.728014042E0,1.278126426E-2,1.786390692E-1,-6.580705196E-2,1.908031600E-1
1.738031042E0,1.423668209E-2,1.785312146E-1,-7.364793122E-2,1.936494138E-1
1.748047042E0,1.379244961E-2,1.779523492E-1,-8.165703714E-2,1.962782259E-1
1.758063042E0,1.465664525E-2,1.756926477E-1,-8.893785626E-2,1.974656071E-1
1.768079042E0,1.927950978E-2,1.767093539E-1,-9.834126383E-2,2.031474820E-1
1.778096042E0,1.907551289E-2,1.741258204E-1,-1.045847833E-1,2.040138560E-1
1.788112042E0,1.932675764E-2,1.714311093E-1,-1.109408587E-1,2.051097826E-1
1.798128042E0,2.138831094E-2,1.689559668E-1,-1.156479865E-1,2.058592611E-1
1.808144042E0,2.247413620E-2,1.690456569E-1,-1.202869043E-1,2.086874703E-1
1.818160042E0,2.353380807E-2,1.653380096E-1,-1.228262335E-1,2.073084204E-1
1.828177042E0,2.557174861E-2,1.626029611E-1,-1.268236935E-1,2.077928933E-1
1.838193042E0,2.800534479E-2,1.586707979E-1,-1.307950020E-1,2.075284414E-1
1.848209042E0,2.700945176E-2,1.593317986E-1,-1.295388192E-1,2.071145533E-1
1.858225042E0,2.886700816E-2,1.574875414E-1,-1.326752156E-1,2.079383147E-1
1.868241042E0,2.613545023E-2,1.493198872E-1,-1.307499260E-1,2.001874961E-1
1.878258042E0,2.756157331E-2,1.485893875E-1,-1.295560300E-1,1.990557995E-1
1.888274042E0,2.815280110E-2,1.425047964E-1,-1.278939992E-1,1.935382966E-1
1.898290042E0,2.793122642E-2,1.410307437E-1,-1.284170449E-1,1.927712673E-1
1.908306042E0,2.725290507E-2,1.340155452E-1,-1.223939583E-1,1.835297475E-1
1.918322042E0,2.888622135E-2,1.312211007E-1,-1.199110970E-1,1.800890397E-1
1.928339042E0,2.733631060E-2,1.278316826E-1,-1.154289097E-1,1.743904990E-1
1.938355042E0,2.564440295E-2,1.229770035E-1,-1.076532751E-1,1.654394343E-1
1.948371042E0,2.519226074E-2,1.164630577E-1,-1.022654325E-1,1.570239233E-1
1.958387042E0,2.468306385E-2,1.096456349E-1,-9.564428031E-2,1.475779362E-1
1.968403042E0,2.383410931E-2,1.078833044E-1,-8.602173626E-2,1.400236096E-1
1.978420042E0,2.278801985E-2,1.003881097E-1,-8.027277142E-2,1.305403549E-1
1.988436042E0,2.170227841E-2,9.698154032E-2,-7.414622605E-2,1.239922211E-1
1.998452042E0,1.978986338E-2,8.924585581E-2,-6.206932664E-2,1.104946278E-1
2.008468042E0,1.715356298E-2,8.493303508E-2,-5.483821407E-2,1.025431367E-1
2.018484042E0,1.268877462E-2,7.909511775E-2,-4.186569154E-2,9.038682858E-2
2.028501042E0,1.318944059E-2,7.190916687E-2,-3.286843002E-2,8.015749070E-2
2.038517042E0,9.183247574E-3,6.525259465E-2,-2.173215151E-2,6.938673903E-2
2.048533042E0,7.501619402E-3,5.966807157E-2,-1.178826578E-2,6.128226716E-2
2.058549042E0,4.141487880E-4,5.322828144E-2,-8.282931522E-4,5.323633659E-2
2.068565042E0,6.486226339E-4,4.655182734E-2,8.368982933E-3,4.730257092E-2
2.078582042E0,-4.459365446E-4,3.858817741E-2,1.972763240E-2,4.334080959E-2
2.088598042E0,-3.115659580E-3,3.276595101E-2,2.753006667E-2,4.290943312E-2
2.098614042E0,-7.713074330E-3,2.548220381E-2,4.198810086E-2,4.971755063E-2
2.108630042E0,-1.072756108E-2,1.847815514E-2,5.143828318E-2,5.569936948E-2
2.118646042E0,-1.257393043E-2,1.097230334E-2,5.730549246E-2,5.968596680E-2
2.128663042E0,-1.590064727E-2,4.468255676E-3,7.067070156E-2,7.257509181E-2
2.138679042E0,-1.900882274E-2,-2.856767736E-3,7.888575643E-2,8.119395933E-2
2.148695042E0,-2.031505480E-2,-8.011593483E-3,8.997577429E-2,9.258794220E-2
2.158711042E0,-2.301656641E-2,-1.625167951E-2,9.431459755E-2,9.843334154E-2
2.168727042E0,-2.565990388E-2,-2.330790646E-2,1.011139601E-1,1.068911695E-1
2.178744042E0,-2.666151896E-2,-3.012426570E-2,1.077670678E-1,1.150306433E-1
2.188760042E0,-2.533078007E-2,-3.938278928E-2,1.168491170E-1,1.258823604E-1
2.198776042E0,-3.053246625E-2,-4.369471222E-2,1.199005693E-1,1.312158752E-1
2.208792042E0,-3.257124871E-2,-5.024441332E-2,1.263241917E-1,1.397969553E-1
2.218808042E0,-3.216671571E-2,-5.650443956E-2,1.319626421E-1,1.471108024E-1
2.228825042E0,-3.462554514E-2,-6.430900842E-2,1.350987256E-1,1.535781319E-1
2.238841042E0,-3.402473405E-2,-7.011070102E-2,1.353629082E-1,1.561931812E-1
2.248857042E0,-3.304384649E-2,-7.911326736E-2,1.384738386E-1,1.628674579E-1
2.258873042E0,-3.242066503E-2,-8.427233994E-2,1.379151046E-1,1.648438743E-1
2.268889042E0,-3.352284431E-2,-8.955692500E-2,1.401919723E-1,1.696997731E-1
2.278905042E0,-3.609519079E-2,-9.488724172E-2,1.371780783E-1,1.706583622E-1
2.288922042E0,-3.366489708E-2,-1.015189737E-1,1.365643591E-1,1.734625363E-1
2.298938042E0,-3.180174902E-2,-1.080735400E-1,1.333792061E-1,1.745888138E-1
2.308954042E0,-3.264741600E-2,-1.132486835E-1,1.284440756E-1,1.743244063E-1
2.318970042E0,-3.087721020E-2,-1.187672839E-1,1.269785315E-1,1.765860053E-1
2.328986042E0,-2.771364152E-2,-1.232150346E-1,1.222575456E-1,1.757751351E-1
2.339003042E0,-2.859541401E-2,-1.282662451E-1,1.152907163E-1,1.748195544E-1
2.349019042E0,-2.608228102E-2,-1.321979016E-1,1.120086834E-1,1.752213335E-1
2.359034417E0,-2.521622181E-2,-1.383018643E-1,1.045481041E-1,1.751958035E-1
2.369050417E0,-2.132683806E-2,-1.425113380E-1,9.630522132E-2,1.733176596E-1
2.379066417E0,-2.070765384E-2,-1.462035328E-1,8.908326179E-2,1.724532037E-1
2.389083417E0,-1.942677610E-2,-1.482852548E-1,7.978177071E-2,1.695023521E-1
2.399099417E0,-1.858148910E-2,-1.564744860E-1,7.355476916E-2,1.738960625E-1
2.409115417E0,-1.579903252E-2,-1.590538621E-1,6.263300776E-2,1.716701318E-1
2.419131417E0,-1.766297966E-2,-1.617436558E-1,5.363791808E-2,1.713184675E-1
2.429147417E0,-1.605772972E-2,-1.658062339E-1,4.030466825E-2,1.713885182E-1
2.439164417E0,-1.169600524E-2,-1.683556736E-1,3.166191280E-2,1.717058708E-1
2.449180417E0,-1.289346628E-2,-1.695076823E-1,2.279158868E-2,1.715183732E-1
2.459196417E0,-1.091899909E-2,-1.732267886E-1,1.096555591E-2,1.739166130E-1
2.469212417E0,-9.238864295E-3,-1.760800332E-1,7.805183996E-4,1.763239743E-1
2.479228417E0,-9.415165521E-3,-1.788728833E-1,-1.157894544E-2,1.794943612E-1
2.489244417E0,-5.957899615E-3,-1.801288426E-1,-1.814532280E-2,1.811384808E-1
2.499261417E0,-5.515015684E-3,-1.807719767E-1,-3.028454259E-2,1.833741434E-1
2.509277417E0,-5.775906611E-3,-1.794215143E-1,-4.006988928E-2,1.839321530E-1
2.519293417E0,-5.207321607E-3,-1.820183545E-1,-5.085143074E-2,1.890599524E-1
2.529309417E0,-5.469322670E-3,-1.826461256E-1,-6.064116210E-2,1.925275856E-1
2.539325417E0,-7.100508548E-3,-1.841412187E-1,-6.624419242E-2,1.958231311E-1
2.549342417E0,-5.962701980E-3,-1.856353283E-1,-7.709803432E-2,2.010973292E-1
2.559358417E0,-8.218399249E-3,-1.863048524E-1,-8.505129814E-2,2.049652737E-1
2.569374417E0,-6.467263214E-3,-1.821437925E-1,-9.429291636E-2,2.052056060E-1
2.579390417E0,-4.432607908E-3,-1.815320700E-1,-9.929539263E-2,2.069616280E-1
2.589406417E0,-5.500688683E-3,-1.832971275E-1,-1.057876050E-1,2.117052477E-1
2.599423417E0,-6.560360547E-3,-1.845461428E-1,-1.108215079E-1,2.153641655E-1
2.609439417E0,-1.006125752E-2,-1.809580326E-1,-1.174512208E-1,2.159671913E-1
2.619455417E0,-9.074289352E-3,-1.777111143E-1,-1.229240149E-1,2.162727359E-1
2.629471417E0,-8.709328249E-3,-1.771530509E-1,-1.228206083E-1,2.157404869E-1
2.639487417E0,-9.893103503E-3,-1.732206196E-1,-1.265857816E-1,2.147724764E-1
2.649503417E0,-1.097914390E-2,-1.731262803E-1,-1.285855025E-1,2.159339760E-1
2.659520417E0,-1.192190219E-2,-1.707717776E-1,-1.281908154E-1,2.138644827E-1
2.669536417E0,-1.131889131E-2,-1.656841040E-1,-1.291427761E-1,2.103739438E-1
2.679552417E0,-1.389390137E-2,-1.643282920E-1,-1.295784712E-1,2.097317531E-1
2.689568417E0,-1.393108349E-2,-1.598531902E-1,-1.292670071E-1,2.060511505E-1
2.699584417E0,-1.477397420E-2,-1.562621742E-1,-1.242663935E-1,2.001955893E-1
2.709601417E0,-1.520739403E-2,-1.501863599E-1,-1.218326986E-1,1.939856025E-1
2.719617417E0,-1.647692360E-2,-1.514361799E-1,-1.157692149E-1,1.913293410E-1
2.729633417E0,-1.416720636E-2,-1.425458491E-1,-1.135315448E-1,1.827824950E-1
2.739649417E0,-1.165451389E-2,-1.401713639E-1,-1.090102941E-1,1.779524745E-1
2.749665417E0,-1.627185941E-2,-1.311314404E-1,-1.035975069E-1,1.679067345E-1
2.759681417E0,-1.412641723E-2,-1.276016831E-1,-9.713241458E-2,1.609858726E-1
2.769698417E0,-1.460887399E-2,-1.209013015E-1,-8.817505091E-2,1.503508680E-1
2.779714417E0,-1.144796796E-2,-1.182788834E-1,-8.079995960E-2,1.436996301E-1
2.789730417E0,-1.383665856E-2,-1.096086800E-1,-7.109531760E-2,1.313775477E-1
2.799746417E0,-1.167790033E-2,-1.052229851E-1,-6.623877585E-2,1.248832470E-1
2.809762417E0,-1.060502045E-2,-9.640460461E-2,-5.752739683E-2,1.127639820E-1
2.819779417E0,-9.063050151E-3,-9.107508510E-2,-4.568032175E-2,1.022912596E-1
2.829795417E0,-8.275133558E-3,-8.382625133E-2,-3.783890605E-2,9.234230373E-2
2.839811417E0,-6.530497223E-3,-7.861097902E-2,-2.690263465E-2,8.334317709E-2
2.849827417E0,-8.762965910E-3,-7.105123997E-2,-1.833742671E-2,7.390080846E-2
2.859843417E0,-4.069144372E-3,-6.444074214E-2,-9.492268786E-3,6.526308566E-2
2.869860417E0,-4.841784481E-3,-5.371900648E-2,3.093061969E-5,5.393677308E-2
2.879876417E0,5.529809278E-4,-5.117488652E-2,1.270145178E-2,5.273046251E-2
2.889892417E0,4.402279446E-4,-4.177311063E-2,2.217360213E-2,4.729540362E-2
2.899908417E0,2.934810938E-3,-3.367231041E-2,3.166537359E-2,4.631558581E-2
2.909924417E0,3.691180609E-4,-2.522364073E-2,3.981496021E-2,4.713384512E-2
2.919940417E0,4.769458901E-3,-1.955297217E-2,4.955520853E-2,5.348630808E-2
2.929957417E0,6.454390939E-3,-1.138238423E-2,5.613818392E-2,5.764298333E-2
2.939973417E0,6.065302994E-3,-3.827262670E-3,6.363524497E-2,6.403811554E-2
2.949989417E0,9.575555101E-3,1.631326973E-3,7.344771922E-2,7.408724547E-2
2.960005417E0,9.186999872E-3,1.076729968E-2,7.968404144E-2,8.093134232E-2
2.970021417E0,1.433419716E-2,1.753192395E-2,8.701398969E-2,8.991257958E-2
2.980038417E0,1.063426677E-2,2.533551678E-2,9.410332888E-2,9.803271162E-2
2.990054417E0,1.659282483E-2,3.162078559E-2,9.893238544E-2,1.051799069E-1
3.000070417E0,1.295601390E-2,4.243774712E-2,1.048677713E-1,1.138686530E-1
3.010086417E0,1.361237280E-2,4.757251218E-2,1.089825854E-1,1.196897845E-1
3.020102417E0,1.714718714E-2,5.433161184E-2,1.124963611E-1,1.261006794E-1
3.030118417E0,1.762309484E-2,5.854206905E-2,1.146434024E-1,1.299263523E-1
3.040135417E0,1.579749770E-2,6.588014215E-2,1.150119826E-1,1.334822468E-1
3.050151417E0,1.777659915E-2,7.219623029E-2,1.171708256E-1,1.387706940E-1
3.060167417E0,1.772120409E-2,8.006747067E-2,1.182603315E-1,1.439108993E-1
3.070183417E0,1.630254462E-2,8.786643296E-2,1.195505336E-1,1.492602194E-1
3.080199417E0,1.652438566E-2,9.023557603E-2,1.180101633E-1,1.494721149E-1
3.090216417E0,1.689216495E-2,1.006451324E-1,1.141851097E-1,1.531438121E-1
3.100232417E0,1.649934798E-2,1.001638994E-1,1.141678020E-1,1.527721252E-1
3.110248417E0,1.393322926E-2,1.101609170E-1,1.103842109E-1,1.565702288E-1
3.120264417E0,1.633699797E-2,1.142344922E-1,1.061702892E-1,1.568073564E-1
3.130280417E0,1.536463015E-2,1.198656261E-1,1.009764075E-1,1.574803958E-1
3.140296417E0,1.296032779E-2,1.245711744E-1,9.757741541E-2,1.587680685E-1
3.150313417E0,1.494986378E-2,1.282527596E-1,8.952168375E-2,1.571190651E-1
3.160329417E0,1.330243237E-2,1.320477724E-1,8.442065865E-2,1.572908660E-1
3.170345417E0,1.287787780E-2,1.366713792E-1,7.762616873E-2,1.577045583E-1
3.180361417E0,1.084881555E-2,1.414741129E-1,6.826488674E-2,1.574570296E-1
3.190377417E0,1.021023653E-2,1.437405795E-1,6.041967124E-2,1.562566472E-1
3.200393417E0,1.142011117E-2,1.467664689E-1,5.171033368E-2,1.560281191E-1
3.210410417E0,1.083464082E-2,1.502987444E-1,4.108503461E-2,1.561892509E-1
3.220426417E0,9.678030387E-3,1.541123986E-1,3.301166371E-2,1.579052425E-1
3.230442417E0,8.696871810E-3,1.558476537E-1,2.528169751E-2,1.581242897E-1
3.240458417E0,8.585019037E-3,1.630504429E-1,1.458404399E-2,1.639263366E-1
3.250474417E0,9.802513756E-3,1.626062393E-1,7.093455642E-3,1.630558047E-1
3.260491417E0,9.335394949E-3,1.637103856E-1,-5.657493602E-3,1.640739077E-1
3.270507417E0,9.096079506E-3,1.684739739E-1,-1.798801310E-2,1.696755349E-1
3.280523417E0,9.628711268E-3,1.685863584E-1,-2.843319625E-2,1.712381937E-1
3.290539417E0,1.130900346E-2,1.689475775E-1,-3.453847393E-2,1.728122787E-1
3.300555417E0,8.674603887E-3,1.712054163E-1,-4.436740279E-2,1.770734587E-1
3.310571417E0,1.144850161E-2,1.744711399E-1,-5.275708809E-2,1.826323005E-1
3.320588417E0,1.074649207E-2,1.736910939E-1,-6.418603659E-2,1.854829655E-1
3.330604417E0,1.377732866E-2,1.727047861E-1,-7.271703333E-2,1.878949836E-1
3.340620417E0,1.342259534E-2,1.743335873E-1,-7.832991332E-2,1.915931654E-1
3.350636417E0,1.454756688E-2,1.747514755E-1,-8.742152900E-2,1.959393621E-1
3.360652917E0,1.660059765E-2,1.730561107E-1,-9.391564876E-2,1.975959169E-1
3.370668917E0,1.559818909E-2,1.757049263E-1,-1.017814949E-1,2.036541120E-1
3.380685917E0,1.610125974E-2,1.733869165E-1,-1.050300226E-1,2.033557942E-1
3.390701917E0,1.791460253E-2,1.752536297E-1,-1.117773056E-1,2.086358880E-1
3.400717917E0,2.189203352E-2,1.706404984E-1,-1.172551587E-1,2.081975338E-1
3.410733917E0,2.035677619E-2,1.705959737E-1,-1.204125583E-1,2.098012602E-1
3.420749917E0,2.212112024E-2,1.724844128E-1,-1.222264320E-1,2.125547395E-1
3.430765917E0,2.324097604E-2,1.696711183E-1,-1.261886507E-1,2.127251911E-1
3.440782917E0,2.339384146E-2,1.671195328E-1,-1.273311377E-1,2.113987433E-1
3.450798917E0,2.556074969E-2,1.651193053E-1,-1.267096996E-1,2.096976034E-1
3.460814917E0,2.721989900E-2,1.610326916E-1,-1.246079206E-1,2.054253747E-1
3.470830917E0,2.620443702E-2,1.605180055E-1,-1.284030974E-1,2.072198302E-1
3.480846917E0,2.660018206E-2,1.578010470E-1,-1.269870996E-1,2.042901456E-1
3.490863917E0,2.621663362E-2,1.569179595E-1,-1.232577041E-1,2.012536198E-1
3.500879917E0,2.354281954E-2,1.529645026E-1,-1.210121214E-1,1.964595046E-1
3.510895917E0,2.877390757E-2,1.502801627E-1,-1.176702976E-1,1.930242575E-1
3.520911917E0,2.585614845E-2,1.461096555E-1,-1.109338328E-1,1.852643709E-1
3.530927917E0,2.631543763E-2,1.428806484E-1,-1.079541594E-1,1.810013328E-1
3.540943917E0,2.470582351E-2,1.397591531E-1,-1.012557745E-1,1.743437136E-1
3.550960917E0,2.350047417E-2,1.364984363E-1,-9.544817358E-2,1.682095397E-1
3.560976917E0,2.349621430E-2,1.304038018E-1,-8.519074321E-2,1.575267797E-1
3.570992917E0,2.493623830E-2,1.258593649E-1,-7.882542163E-2,1.505850019E-1
3.581008917E0,2.129117027E-2,1.210150719E-1,-7.176911086E-2,1.422981617E-1
3.591024917E0,2.309066802E-2,1.144601777E-1,-5.988454074E-2,1.312267863E-1
3.601040917E0,1.745541953E-2,1.118630692E-1,-5.273821577E-2,1.248973872E-1
3.611057917E0,1.574870571E-2,1.086796671E-1,-4.408445209E-2,1.183331344E-1
3.621073917E0,1.396918204E-2,1.005833894E-1,-3.206960112E-2,1.064923264E-1
3.631089917E0,9.296506643E-3,9.730969369E-2,-2.559111081E-2,1.010470508E-1
3.641105917E0,9.865623899E-3,9.002915025E-2,-1.382127032E-2,9.161662481E-2
3.651121917E0,9.603090584E-3,8.464230597E-2,-4.225323908E-3,8.529005025E-2
3.661137917E0,5.969206337E-3,7.844885439E-2,5.888829008E-3,7.889570638E-2
3.671154917E0,5.507733207E-3,6.949382275E-2,1.691105030E-2,7.173360543E-2
3.681170917E0,-1.598912291E-3,6.655555964E-2,2.859060839E-2,7.245427473E-2
3.691186917E0,-3.622275777E-3,5.983062088E-2,3.791996092E-2,7.092776264E-2
3.701202917E0,-6.873729173E-3,5.042433739E-2,4.811507463E-2,7.003515089E-2
3.711218917E0,-1.074931957E-2,4.592789710E-2,5.692398921E-2,7.392739783E-2
3.721234917E0,-1.187849976E-2,3.875280917E-2,6.382397562E-2,7.560673805E-2
3.731251917E0,-1.446400303E-2,3.643492609E-2,7.151243091E-2,8.155206311E-2
3.741267917E0,-1.631782763E-2,2.596284449E-2,8.298080415E-2,8.846555629E-2
3.751283917E0,-1.717989519E-2,1.726883650E-2,9.105326980E-2,9.425528874E-2
3.761299917E0,-1.980444044E-2,1.194757409E-2,9.942597896E-2,1.020807802E-1
3.771315917E0,-2.325499244E-2,4.841332324E-3,1.038674265E-1,1.065489346E-1
3.781331917E0,-2.307922393E-2,-2.961729653E-3,1.123818159E-1,1.147653910E-1
3.791348917E0,-2.797864005E-2,-1.070620213E-2,1.181611419E-1,1.218994771E-1
3.801364917E0,-2.783962339E-2,-1.616328582E-2,1.201172322E-1,1.243561253E-1
3.811380917E0,-2.936566994E-2,-2.191825211E-2,1.245878935E-1,1.298649127E-1
3.821396917E0,-3.233056515E-2,-3.117353655E-2,1.284734458E-1,1.360973221E-1
3.831412917E0,-3.189273924E-2,-3.740432486E-2,1.278587431E-1,1.369820737E-1
3.841428917E0,-3.351566941E-2,-4.333092645E-2,1.332614869E-1,1.440815504E-1
3.851445917E0,-3.511543572E-2,-5.060647056E-2,1.358822584E-1,1.491914771E-1
3.861461917E0,-3.141417354E-2,-5.718474463E-2,1.356074214E-1,1.504869365E-1
3.871477917E0,-3.176581115E-2,-6.403395534E-2,1.335517019E-1,1.514776263E-1
3.881493917E0,-3.350458667E-2,-7.048520446E-2,1.322875023E-1,1.535926581E-1
3.891509917E0,-2.898083813E-2,-7.564261556E-2,1.311335117E-1,1.541353047E-1
3.901525917E0,-3.069431707E-2,-8.358096331E-2,1.286538541E-1,1.564600036E-1
3.911542917E0,-2.929211222E-2,-9.096961468E-2,1.231572330E-1,1.558884302E-1
3.921558917E0,-2.783509716E-2,-9.535903484E-2,1.201686338E-1,1.559122789E-1
3.931574917E0,-2.542174049E-2,-1.016536877E-1,1.143914387E-1,1.551294245E-1
3.941590917E0,-2.796452679E-2,-1.079739034E-1,1.092025340E-1,1.560947533E-1
3.951606917E0,-2.440196276E-2,-1.134400964E-1,1.029859632E-1,1.551458020E-1
3.961622917E0,-2.160937339E-2,-1.196071804E-1,9.539089352E-2,1.545065215E-1
3.971639917E0,-2.244906686E-2,-1.228700876E-1,8.623760939E-2,1.517825560E-1
3.981655917E0,-1.923436485E-2,-1.281516701E-1,7.995494455E-2,1.522681992E-1
3.991671917E0,-1.945711114E-2,-1.326337904E-1,7.368828356E-2,1.529714505E-1
4.001687917E0,-1.840755902E-2,-1.368746161E-1,6.188568473E-2,1.513384840E-1
4.011703917E0,-1.579947397E-2,-1.421936601E-1,5.336963013E-2,1.526989777E-1
4.021719917E0,-1.490065642E-2,-1.469500661E-1,4.662703723E-2,1.548884505E-1
4.031736917E0,-1.144616306E-2,-1.506494731E-1,3.457589447E-2,1.549895831E-1
4.041752917E0,-1.035746280E-2,-1.522199363E-1,2.522899583E-2,1.546437463E-1
4.051768917E0,-1.243765838E-2,-1.596476138E-1,1.253546681E-2,1.606212746E-1
4.061784917E0,-9.009105153E-3,-1.604521573E-1,2.131029498E-3,1.607190096E-1
4.071800917E0,-7.361833006E-3,-1.649670899E-1,-5.226081703E-3,1.652139500E-1
4.081816917E0,-9.238297120E-3,-1.675831079E-1,-1.781058311E-2,1.687799190E-1
4.091833917E0,-7.928234525E-3,-1.689866483E-1,-2.884268388E-2,1.716136493E-1
4.101849917E0,-7.000921760E-3,-1.715217233E-1,-3.673336655E-2,1.755507182E-1
4.111865917E0,-4.594861530E-3,-1.747958809E-1,-4.588028789E-2,1.807753123E-1
4.121881917E0,-7.093438879E-3,-1.769565046E-1,-5.469588935E-2,1.853525336E-1
4.131897917E0,-4.822134972E-3,-1.774085909E-1,-6.327454746E-2,1.884163726E-1
4.141913917E0,-5.665292032E-3,-1.789870411E-1,-7.384250313E-2,1.937038247E-1
4.151930917E0,-5.931177177E-3,-1.812012047E-1,-7.991395146E-2,1.981294907E-1
4.161946917E0,-2.321795095E-3,-1.806770861E-1,-8.891303837E-2,2.013830394E-1
4.171962917E0,-6.588181481E-3,-1.827253848E-1,-9.539362788E-2,2.062326711E-1
4.181978917E0,-5.308532622E-3,-1.841496527E-1,-9.712016582E-2,2.082584974E-1
4.191994917E0,-7.071492262E-3,-1.812612563E-1,-1.091267094E-1,2.116938538E-1
4.202010917E0,-6.354569457E-3,-1.840184331E-1,-1.080201715E-1,2.134748738E-1
4.212027917E0,-8.178088814E-3,-1.817485392E-1,-1.156429797E-1,2.155753033E-1
4.222043917E0,-9.434567764E-3,-1.827653348E-1,-1.193729937E-1,2.184996346E-1
4.232059917E0,-8.774206974E-3,-1.793991923E-1,-1.190561131E-1,2.154887816E-1
4.242075917E0,-8.523602970E-3,-1.791131645E-1,-1.239579245E-1,2.179902396E-1
4.252091917E0,-1.246753801E-2,-1.780722439E-1,-1.258835942E-1,2.184304073E-1
4.262107917E0,-1.093009487E-2,-1.758983135E-1,-1.225479990E-1,2.146571586E-1
4.272124917E0,-1.185921486E-2,-1.741717160E-1,-1.225560978E-1,2.132989094E-1
4.282140917E0,-1.384832989E-2,-1.701338291E-1,-1.238440052E-1,2.108900986E-1
4.292156917E0,-1.292442717E-2,-1.707165986E-1,-1.195061952E-1,2.087891964E-1
4.302172917E0,-1.193133462E-2,-1.670497060E-1,-1.194196492E-1,2.056915498E-1
4.312188917E0,-1.438528020E-2,-1.619553268E-1,-1.151238978E-1,1.992234324E-1
4.322204917E0,-1.268352009E-2,-1.598975062E-1,-1.108484566E-1,1.949755485E-1
4.332220917E0,-1.154911518E-2,-1.545243114E-1,-1.045596451E-1,1.869327800E-1
4.342237917E0,-1.556516252E-2,-1.521764696E-1,-9.977421165E-2,1.826330898E-1
4.352253917E0,-1.521490607E-2,-1.476921141E-1,-9.426227957E-2,1.758687900E-1
4.362269542E0,-1.376321726E-2,-1.464004815E-1,-8.684591204E-2,1.707768707E-1
4.372285542E0,-1.324949600E-2,-1.398402154E-1,-7.834712416E-2,1.608387605E-1
4.382301542E0,-1.347133704E-2,-1.310110390E-1,-7.383386046E-2,1.509861193E-1
4.392317542E0,-1.404412929E-2,-1.287150830E-1,-6.512544304E-2,1.449349285E-1
4.402334542E0,-1.362015400E-2,-1.238398999E-1,-5.571968853E-2,1.364789841E-1
4.412350542E0,-1.196744945E-2,-1.185167059E-1,-4.746446759E-2,1.282275521E-1
4.422366542E0,-1.004944090E-2,-1.102649048E-1,-3.924568743E-2,1.174715475E-1
4.432382542E0,-8.491278626E-3,-1.081359014E-1,-2.589929849E-2,1.115179297E-1
4.442398542E0,-8.559188806E-3,-9.769977629E-2,-1.627117023E-2,9.941457127E-2
4.452414542E0,-8.825075813E-3,-9.139508754E-2,-9.448714554E-3,9.230504968E-2
4.462431542E0,-8.186982945E-3,-8.418590575E-2,-4.056468606E-5,8.458306605E-2
4.472447542E0,-5.045251921E-3,-8.006066829E-2,9.368383326E-3,8.076466913E-2
4.482463542E0,-4.058816936E-3,-7.053454220E-2,1.731951721E-2,7.274311868E-2
4.492479542E0,-5.374386092E-5,-6.424468011E-2,2.940670773E-2,7.065505127E-2
4.502495542E0,3.369418846E-4,-5.803898722E-2,3.638365865E-2,6.850115462E-2
4.512511542E0,2.889636904E-3,-5.332999304E-2,4.616953805E-2,7.059790650E-2
4.522527542E0,1.905229583E-4,-4.504968971E-2,5.400615558E-2,7.032905291E-2
4.532544542E0,2.664336236E-3,-3.543641791E-2,5.947847664E-2,6.928583972E-2
4.542560542E0,5.407391582E-3,-2.989144996E-2,7.146536559E-2,7.765331379E-2
4.552576542E0,8.422833867E-3,-2.408122644E-2,7.861266285E-2,8.264865612E-2
4.562592542E0,7.170348894E-3,-1.431647968E-2,8.177303523E-2,8.332589504E-2
4.572608542E0,1.024582051E-2,-8.363049477E-3,8.893910795E-2,8.991708602E-2
4.582624542E0,8.162429556E-3,3.337692469E-4,9.779385477E-2,9.813447248E-2
4.592641542E0,1.070841122E-2,5.701636896E-3,1.027188376E-1,1.034327720E-1
4.602657542E0,1.419262495E-2,1.201785542E-2,1.051007658E-1,1.067334551E-1
4.612673542E0,1.411785744E-2,2.117957175E-2,1.089849994E-1,1.119179085E-1
4.622689542E0,1.629951969E-2,2.633252367E-2,1.115797162E-1,1.157977082E-1
4.632705542E0,1.392369810E-2,3.459181264E-2,1.150330678E-1,1.209258845E-1
4.642721542E0,1.571147889E-2,3.961693123E-2,1.158650443E-1,1.234546893E-1
4.652738542E0,1.551659126E-2,4.712224007E-2,1.164137498E-1,1.265441869E-1
4.662754542E0,1.654616743E-2,5.579455942E-2,1.141492650E-1,1.281283076E-1
4.672770542E0,1.977972500E-2,5.961812288E-2,1.151737422E-1,1.311889819E-1
4.682786542E0,1.777170226E-2,6.674048305E-2,1.131068617E-1,1.325265545E-1
4.692802542E0,1.652704738E-2,7.117106020E-2,1.102826670E-1,1.322903237E-1
4.702818542E0,1.396082435E-2,7.951979339E-2,1.069201529E-1,1.339784358E-1
4.712834542E0,1.649023592E-2,8.500181139E-2,1.009158492E-1,1.329708406E-1
4.722851542E0,1.390989963E-2,9.115397930E-2,9.702363610E-2,1.338511084E-1
4.732867542E0,1.349221356E-2,9.575562924E-2,9.546811134E-2,1.358872350E-1
4.742883542E0,1.448477432E-2,1.003810093E-1,8.894176781E-2,1.348954920E-1
4.752899542E0,1.404103823E-2,1.066131368E-1,8.243909478E-2,1.354980297E-1
4.762915542E0,1.226657443E-2,1.120481193E-1,7.442883402E-2,1.350736881E-1
4.772931542E0,1.564406231E-2,1.139979959E-1,6.734349579E-2,1.333245145E-1
4.782948542E0,1.192975231E-2,1.188233644E-1,5.953964218E-2,1.334401735E-1
4.792964542E0,1.258190814E-2,1.248179451E-1,5.260685831E-2,1.360342066E-1
4.802980542E0,9.679595008E-3,1.311003566E-1,4.357528314E-2,1.384911671E-1
4.812996542E0,1.153901406E-2,1.331312656E-1,3.617329150E-2,1.384398416E-1
4.823012542E0,8.838302456E-3,1.343592405E-1,2.589641884E-2,1.371172696E-1
4.833028542E0,8.591414429E-3,1.401181668E-1,1.460257452E-2,1.411387553E-1
4.843044542E0,7.461435162E-3,1.430644244E-1,6.412554998E-3,1.434023131E-1
4.853061542E0,9.177947417E-3,1.469493061E-1,-3.441855777E-3,1.472758625E-1
4.863077542E0,6.862595677E-3,1.492723823E-1,-1.368197706E-2,1.500551093E-1
4.873093542E0,7.341235410E-3,1.522078812E-1,-2.340862900E-2,1.541722957E-1
4.883109542E0,8.305033669E-3,1.563664079E-1,-3.180158138E-2,1.597835025E-1
4.893125542E0,6.982231513E-3,1.596411765E-1,-4.056456685E-2,1.648621875E-1
4.903141542E0,9.217156097E-3,1.591197252E-1,-5.052185804E-2,1.672019768E-1
4.913157542E0,1.073468197E-2,1.612958014E-1,-5.893388391E-2,1.720603720E-1
4.923174542E0,7.413187530E-3,1.639954448E-1,-6.675505638E-2,1.772165309E-1
4.933190542E0,1.056790724E-2,1.658497602E-1,-7.650904357E-2,1.829520630E-1
4.943206542E0,1.231360994E-2,1.642862111E-1,-8.321355283E-2,1.845699855E-1
4.953222542E0,1.539238915E-2,1.683077663E-1,-9.273757041E-2,1.927814483E-1
4.963238542E0,1.308902167E-2,1.691940725E-1,-9.772194177E-2,1.958252654E-1
4.973254542E0,1.650351845E-2,1.703733206E-1,-1.016420126E-1,1.990741902E-1
4.983271542E0,1.640924253E-2,1.672885865E-1,-1.075915173E-1,1.995762235E-1
4.993287542E0,1.537565701E-2,1.696306467E-1,-1.128367856E-1,2.043113000E-1
5.003303542E0,1.717115939E-2,1.686825603E-1,-1.191902906E-1,2.072558328E-1
5.013319542E0,2.030624636E-2,1.685937941E-1,-1.203757599E-1,2.081502693E-1
5.023335542E0,1.736052334E-2,1.683290750E-1,-1.237712875E-1,2.096554241E-1
5.033351542E0,2.182983048E-2,1.703857183E-1,-1.258694530E-1,2.129576336E-1
5.043367542E0,2.430044487E-2,1.706453711E-1,-1.258540004E-1,2.134234845E-1
5.053384542E0,2.356918901E-2,1.687746495E-1,-1.260345727E-1,2.119554258E-1
5.063400542E0,2.311991528E-2,1.676641107E-1,-1.250153780E-1,2.104153731E-1
5.073416542E0,2.459462360E-2,1.660193950E-1,-1.249488145E-1,2.092356119E-1
5.083432542E0,2.442444861E-2,1.620387584E-1,-1.240449399E-1,2.055243538E-1
5.093448542E0,2.655721642E-2,1.620046049E-1,-1.204324812E-1,2.036044211E-1
5.103464542E0,2.497796342E-2,1.614874154E-1,-1.166233644E-1,2.007563028E-1
5.113481542E0,2.692407928E-2,1.577085406E-1,-1.133341417E-1,1.960650848E-1
5.123497542E0,2.629104629E-2,1.547551006E-1,-1.077904999E-1,1.904183609E-1
5.133513542E0,2.590867318E-2,1.533907503E-1,-1.014092043E-1,1.856981646E-1
5.143529542E0,2.784319222E-2,1.515161544E-1,-9.630925208E-2,1.816806551E-1
5.153545542E0,2.321185358E-2,1.464805752E-1,-8.937520534E-2,1.731567971E-1
5.163561542E0,2.590244450E-2,1.449551135E-1,-8.165176958E-2,1.683743836E-1
5.173577542E0,2.471473627E-2,1.417876184E-1,-7.274493575E-2,1.612649143E-1
5.183594542E0,2.316743881E-2,1.370977759E-1,-6.322573125E-2,1.527416887E-1
5.193610542E0,1.864436828E-2,1.348689944E-1,-5.383343250E-2,1.464079798E-1
5.203626542E0,1.706591249E-2,1.287184209E-1,-4.626659304E-2,1.378414846E-1
5.213642542E0,1.651560701E-2,1.240642816E-1,-3.642031923E-2,1.303501089E-1
5.223658542E0,1.522903237E-2,1.198650002E-1,-2.499003336E-2,1.233857507E-1
5.233674542E0,1.312752813E-2,1.168981791E-1,-1.855962351E-2,1.190881014E-1
5.243690542E0,1.104733348E-2,1.094043106E-1,-7.644125726E-3,1.102260378E-1
5.253707542E0,7.563818246E-3,1.053287983E-1,-3.414950334E-4,1.056005858E-1
5.263723542E0,7.175795268E-3,1.005399078E-1,1.031967066E-2,1.013225577E-1
5.273739542E0,4.732078873E-3,9.355123341E-2,1.921755821E-2,9.562186145E-2
5.283755542E0,6.332076155E-4,8.856447041E-2,3.133947030E-2,9.394801099E-2
5.293771542E0,-5.330429412E-4,8.185043931E-2,4.143973440E-2,9.174437387E-2
5.303787542E0,4.741645826E-4,7.801202685E-2,5.272301286E-2,9.415846882E-2
5.313803542E0,-3.956739325E-3,7.277338207E-2,5.895630643E-2,9.374149023E-2
5.323820542E0,-8.354949765E-3,6.695756316E-2,6.897458434E-2,9.649152157E-2
5.333836542E0,-8.257488720E-3,5.710508302E-2,7.765503973E-2,9.674441494E-2
5.343852542E0,-1.391138043E-2,5.118700489E-2,8.579685539E-2,1.008698982E-1
5.353868917E0,-1.596578956E-2,4.533776268E-2,9.364973754E-2,1.052648683E-1
5.363884917E0,-2.071740292E-2,3.915869817E-2,9.755180031E-2,1.071399467E-1
5.373900917E0,-2.033006772E-2,3.278914839E-2,1.053925529E-1,1.122320369E-1
5.383917917E0,-1.947226189E-2,2.290003188E-2,1.135498136E-1,1.174612303E-1
5.393933917E0,-2.524808608E-2,1.838818192E-2,1.169593781E-1,1.210581976E-1
5.403949917E0,-2.535434626E-2,1.183227822E-2,1.222508177E-1,1.254117543E-1
5.413965917E0,-2.636346593E-2,4.436007701E-3,1.241858900E-1,1.270308851E-1
5.423981917E0,-2.808892727E-2,-2.421898767E-3,1.263768673E-1,1.294834585E-1
5.433997917E0,-2.793339267E-2,-1.051678136E-2,1.288329065E-1,1.322452075E-1
5.444013917E0,-2.838879265E-2,-1.645083725E-2,1.307586432E-1,1.348123746E-1
5.454030917E0,-2.921432815E-2,-2.464710921E-2,1.298206449E-1,1.353305464E-1
5.464046917E0,-3.300853074E-2,-3.005306050E-2,1.300507337E-1,1.374988832E-1
5.474062917E0,-3.022920527E-2,-3.771983087E-2,1.298358738E-1,1.385422124E-1
5.484078917E0,-2.974770591E-2,-4.214414209E-2,1.270461977E-1,1.371196232E-1
5.494094917E0,-2.985283546E-2,-4.959108308E-2,1.266591400E-1,1.392587701E-1
5.504110917E0,-2.844056115E-2,-5.749854073E-2,1.246910691E-1,1.402241435E-1
5.514126917E0,-2.990243025E-2,-6.302299351E-2,1.179398522E-1,1.370250407E-1
5.524142917E0,-2.777083591E-2,-6.946704537E-2,1.130910367E-1,1.355967267E-1
5.534159917E0,-2.757136524E-2,-7.810634375E-2,1.088638008E-1,1.367922082E-1
5.544175917E0,-2.455373853E-2,-8.187604696E-2,1.038796902E-1,1.345271838E-1
5.554191917E0,-2.329156548E-2,-8.968888223E-2,9.722527862E-2,1.343106378E-1
5.564207917E0,-2.170352265E-2,-9.607835114E-2,9.181373566E-2,1.346545748E-1
5.574223917E0,-2.247737348E-2,-9.916089475E-2,8.191864938E-2,1.305709787E-1
5.584239917E0,-1.576434448E-2,-1.070403904E-1,7.402930409E-2,1.310972829E-1
5.594256917E0,-1.673295163E-2,-1.125266850E-1,6.628838181E-2,1.316677488E-1
5.604272917E0,-1.767917350E-2,-1.193675473E-1,5.597954988E-2,1.330220829E-1
5.614288917E0,-1.519405749E-2,-1.254546791E-1,4.580414295E-2,1.344163510E-1
5.624304917E0,-1.533147693E-2,-1.282446086E-1,3.803357109E-2,1.346413249E-1
5.634320917E0,-1.193152275E-2,-1.320836991E-1,2.750414796E-2,1.354435047E-1
5.644336917E0,-9.473425336E-3,-1.384278834E-1,1.966965944E-2,1.401389317E-1
5.654352917E0,-1.004638150E-2,-1.455533653E-1,9.353496134E-3,1.461991786E-1
5.664369917E0,-1.026822254E-2,-1.455584168E-1,-1.210198272E-3,1.459251647E-1
5.674385917E0,-8.077992126E-3,-1.513011158E-1,-1.081863698E-2,1.519023518E-1
5.684401917E0,-7.069719490E-3,-1.538556218E-1,-1.901158690E-2,1.551868994E-1
5.694417917E0,-3.951146267E-3,-1.596183181E-1,-2.979859710E-2,1.624240604E-1
5.704433917E0,-4.038498271E-3,-1.613879800E-1,-3.971594200E-2,1.662520544E-1
5.714449917E0,-5.267819390E-3,-1.633049846E-1,-4.972762614E-2,1.707896505E-1
5.724465917E0,-1.574015012E-3,-1.669085175E-1,-6.000742689E-2,1.773748066E-1
5.734482917E0,-3.442261368E-3,-1.701547205E-1,-6.738190353E-2,1.830431616E-1
5.744498917E0,-3.369024489E-3,-1.725038886E-1,-7.525021583E-2,1.882326669E-1
5.754514917E0,-3.874129150E-3,-1.741408706E-1,-8.015147597E-2,1.917402169E-1
5.764530917E0,-2.875177423E-3,-1.783292294E-1,-8.772311360E-2,1.987584598E-1
5.774546917E0,-3.800011240E-3,-1.765404642E-1,-9.395620227E-2,2.000218576E-1
5.784562917E0,-3.180027241E-3,-1.783594042E-1,-1.005690992E-1,2.047836257E-1
5.794578917E0,-3.415214596E-3,-1.798784435E-1,-1.045768782E-1,2.080967121E-1
5.804594917E0,-6.011530291E-3,-1.804238558E-1,-1.103524789E-1,2.115811330E-1
5.814611917E0,-2.564364579E-3,-1.823919564E-1,-1.130229458E-1,2.145870174E-1
5.824627917E0,-8.292824030E-3,-1.823267043E-1,-1.153542772E-1,2.159129623E-1
5.834643917E0,-6.339260843E-3,-1.805981696E-1,-1.188633293E-1,2.162969628E-1
5.844659917E0,-6.274546031E-3,-1.803816557E-1,-1.180001944E-1,2.156408067E-1
5.854675917E0,-8.765011095E-3,-1.800055653E-1,-1.197237894E-1,2.163622303E-1
5.864691917E0,-1.028327923E-2,-1.785248369E-1,-1.221725717E-1,2.165710057E-1
5.874707917E0,-9.774049744E-3,-1.801703870E-1,-1.175635830E-1,2.153557439E-1
5.884724917E0,-9.015847929E-3,-1.736070216E-1,-1.207849458E-1,2.116829860E-1
5.894740917E0,-1.354175992E-2,-1.753952354E-1,-1.139669195E-1,2.096075538E-1
5.904756917E0,-1.344162505E-2,-1.727017015E-1,-1.142587960E-1,2.075129573E-1
5.914772917E0,-1.171430573E-2,-1.700210273E-1,-1.081317291E-1,2.018337076E-1
5.924788917E0,-1.461528707E-2,-1.690156907E-1,-1.059079915E-1,1.999910323E-1
5.934804917E0,-1.464933157E-2,-1.651337147E-1,-9.843864292E-2,1.928053761E-1
5.944820917E0,-1.412548777E-2,-1.608457565E-1,-9.203241020E-2,1.858516918E-1
5.954837917E0,-1.242210716E-2,-1.579619050E-1,-8.365017921E-2,1.791748438E-1
5.964853917E0,-1.415822189E-2,-1.558012813E-1,-7.839629799E-2,1.749870682E-1
5.974869917E0,-1.324274670E-2,-1.518685818E-1,-7.185897976E-2,1.685323395E-1
5.984885917E0,-1.374768186E-2,-1.479100585E-1,-6.416857243E-2,1.618146775E-1
5.994901917E0,-1.465023961E-2,-1.440054625E-1,-5.783570185E-2,1.558754989E-1
6.004917917E0,-1.510297693E-2,-1.397260278E-1,-4.923582077E-2,1.489148375E-1
6.014933917E0,-1.208778471E-2,-1.326447725E-1,-4.030029848E-2,1.391576957E-1
6.024950917E0,-1.299512386E-2,-1.255753934E-1,-3.132278100E-2,1.300737071E-1
6.034966917E0,-1.231953874E-2,-1.216368452E-1,-2.216241136E-2,1.242516222E-1
6.044982917E0,-1.073762123E-2,-1.167099997E-1,-1.264187694E-2,1.178827282E-1
6.054998917E0,-8.111780509E-3,-1.102247462E-1,-4.225666169E-3,1.106035800E-1
6.065014917E0,-5.858746357E-3,-1.057189405E-1,5.929499865E-3,1.060470568E-1
6.075030917E0,-6.228134967E-3,-9.714256227E-2,1.546488330E-2,9.856282101E-2
6.085046917E0,-3.301587421E-3,-9.303995967E-2,2.351828106E-2,9.602314366E-2
6.095063917E0,-5.309130065E-3,-8.938178420E-2,3.407394513E-2,9.580356959E-2
6.105079917E0,-5.782906082E-4,-8.113130927E-2,4.473857582E-2,9.265076325E-2
6.115095917E0,-1.595470123E-3,-7.387471944E-2,5.122795701E-2,8.991286491E-2
6.125111917E0,-1.560315723E-4,-6.659150869E-2,5.808586255E-2,8.836526921E-2
6.135127917E0,2.446579281E-3,-5.795015395E-2,6.582979113E-2,8.773692206E-2
6.145143917E0,3.134473925E-3,-5.258494988E-2,7.656446099E-2,9.293609938E-2
6.155159917E0,4.331624135E-3,-4.934788123E-2,7.810493559E-2,9.248976869E-2
6.165175917E0,7.349518593E-3,-4.306921363E-2,8.641346544E-2,9.683108796E-2
6.175192917E0,5.589968059E-3,-3.486161679E-2,9.207773954E-2,9.861485784E-2
6.185208917E0,9.119189344E-3,-2.543802187E-2,9.537420422E-2,9.912866085E-2
6.195224917E0,6.445315666E-3,-1.609378308E-2,9.938135743E-2,1.008821399E-1
6.205240917E0,1.059798338E-2,-1.084043272E-2,1.067234278E-1,1.077948156E-1
6.215256917E0,1.104764361E-2,-3.105552867E-3,1.081082150E-1,1.087155971E-1
6.225272917E0,9.224177338E-3,1.504379325E-3,1.086890548E-1,1.090901428E-1
6.235288917E0,1.276036631E-2,6.566653028E-3,1.109271422E-1,1.118515926E-1
6.245305917E0,1.339499839E-2,1.631115936E-2,1.131775156E-1,1.151287537E-1
6.255321917E0,1.442293450E-2,2.336573601E-2,1.122331843E-1,1.155433525E-1
6.265337917E0,1.462267153E-2,3.056000173E-2,1.136164293E-1,1.185598129E-1
6.275353917E0,1.290428080E-2,3.370093554E-2,1.104151011E-1,1.161626793E-1
6.285369917E0,1.195140183E-2,3.908291832E-2,1.080693901E-1,1.155391863E-1
6.295385917E0,1.560361683E-2,4.541550949E-2,1.064800322E-1,1.168076993E-1
6.305401917E0,1.477590669E-2,5.313121900E-2,1.009694189E-1,1.150481525E-1
6.315418917E0,1.404608134E-2,6.195481122E-2,9.866797179E-2,1.173501585E-1
6.325434917E0,1.364287827E-2,6.522730738E-2,9.586925805E-2,1.167546333E-1
6.335450917E0,1.270598639E-2,7.102320343E-2,8.555915952E-2,1.119200933E-1
6.345466917E0,1.328548975E-2,7.433697581E-2,8.471520245E-2,1.134863681E-1
6.355482917E0,1.263556071E-2,8.431105316E-2,7.695161551E-2,1.148458193E-1
6.365498917E0,1.232050825E-2,8.683226258E-2,6.939250231E-2,1.118345033E-1
6.375514917E0,1.336674392E-2,9.485922009E-2,6.250171363E-2,1.143827159E-1
6.385530917E0,1.151105389E-2,9.650505334E-2,5.379397795E-2,1.110834000E-1
6.395547917E0,1.071633864E-2,1.031252146E-1,4.593425617E-2,1.134002014E-1
6.405563917E0,9.199667722E-3,1.079663113E-1,3.989207372E-2,1.154674664E-1
6.415579917E0,1.187773049E-2,1.120479256E-1,2.933127619E-2,1.164308459E-1
6.425595917E0,8.441986516E-3,1.145323813E-1,1.995135657E-2,1.165632452E-1
6.435611917E0,7.614297327E-3,1.203854829E-1,8.931562304E-3,1.209562517E-1
6.445627917E0,8.106448688E-3,1.234723628E-1,1.705873525E-3,1.237499450E-1
6.455643917E0,5.967458710E-3,1.295960397E-1,-1.040687412E-2,1.301500945E-1
6.465660917E0,8.152848110E-3,1.328163296E-1,-1.827332005E-2,1.343151539E-1
6.475676917E0,7.560758851E-3,1.347656995E-1,-2.634952962E-2,1.375254760E-1
6.485692917E0,1.022791490E-2,1.392470002E-1,-3.646075353E-2,1.443042753E-1
6.495708917E0,8.813364431E-3,1.414488852E-1,-4.904264584E-2,1.499688089E-1
6.505724917E0,8.753975853E-3,1.446095407E-1,-5.540999770E-2,1.551090558E-1
6.515740917E0,9.409666061E-3,1.470950246E-1,-6.395284086E-2,1.606718828E-1
6.525756917E0,7.667159662E-3,1.505637914E-1,-7.056520134E-2,1.664562653E-1
6.535772917E0,1.039143279E-2,1.516890228E-1,-7.787637413E-2,1.708281919E-1
6.545789917E0,1.021007169E-2,1.531260610E-1,-8.703684807E-2,1.764291615E-1
6.555805917E0,1.160089485E-2,1.587037742E-1,-9.267561138E-2,1.841473260E-1
6.565821917E0,1.232074760E-2,1.586409211E-1,-1.020065248E-1,1.890081315E-1
6.575837917E0,1.279375982E-2,1.604168117E-1,-1.034021154E-1,1.912831180E-1
6.585853917E0,1.568941399E-2,1.619625092E-1,-1.105606928E-1,1.967274228E-1
6.595869917E0,1.552165207E-2,1.665757596E-1,-1.185822636E-1,2.050613533E-1
6.605885917E0,1.710516587E-2,1.649216712E-1,-1.197039932E-1,2.045013210E-1
6.615902917E0,1.666701771E-2,1.645208597E-1,-1.200037077E-1,2.043178715E-1
6.625918917E0,1.774852723E-2,1.687515527E-1,-1.232972369E-1,2.097481952E-1
6.635934917E0,2.109825984E-2,1.652985811E-1,-1.262724549E-1,2.090777137E-1
6.645950917E0,1.618898846E-2,1.650831103E-1,-1.252663136E-1,2.078609294E-1
6.655966917E0,2.088803425E-2,1.668579727E-1,-1.243614405E-1,2.091498528E-1
6.665982917E0,2.049628273E-2,1.672095209E-1,-1.253566742E-1,2.099843262E-1
6.675998917E0,2.151365206E-2,1.659111083E-1,-1.236331016E-1,2.080251833E-1
6.686014917E0,2.317413315E-2,1.653731465E-1,-1.227699667E-1,2.072625938E-1
6.696031917E0,2.435551956E-2,1.652799994E-1,-1.183788851E-1,2.047540719E-1
6.706047917E0,2.183164284E-2,1.640922278E-1,-1.136477739E-1,2.007951602E-1
6.716063917E0,2.454482950E-2,1.645216644E-1,-1.107827201E-1,1.998565430E-1
6.726079917E0,2.401672490E-2,1.629296243E-1,-1.051874161E-1,1.954156034E-1
6.736095917E0,2.422607318E-2,1.606044322E-1,-9.768385440E-2,1.895331678E-1
6.746111917E0,2.468600124E-2,1.623288244E-1,-9.387420118E-2,1.891359605E-1
6.756127917E0,2.369979024E-2,1.564249843E-1,-8.654462546E-2,1.803342119E-1
6.766143917E0,2.342734858E-2,1.563948840E-1,-7.653513551E-2,1.756867308E-1
6.776160917E0,2.445485629E-2,1.528196037E-1,-6.952425838E-2,1.696628827E-1
6.786176917E0,2.066038363E-2,1.496605575E-1,-6.200029701E-2,1.633069832E-1
6.796192917E0,1.915117167E-2,1.467915326E-1,-5.381347239E-2,1.575132097E-1
6.806208917E0,1.725979336E-2,1.450413018E-1,-4.360237718E-2,1.524337463E-1
6.816224917E0,1.836079732E-2,1.399641931E-1,-3.519447520E-2,1.454845192E-1
6.826240917E0,1.570083201E-2,1.374970376E-1,-2.809262276E-2,1.412131260E-1
6.836256917E0,1.416748576E-2,1.338616908E-1,-1.398045197E-2,1.353333770E-1
6.846273917E0,1.149447076E-2,1.294834614E-1,-4.266838077E-3,1.300626600E-1
6.856289917E0,9.758755565E-3,1.221590191E-1,6.877978332E-3,1.227410520E-1
6.866305917E0,6.657770835E-3,1.200375408E-1,1.756284572E-2,1.214981097E-1
6.876321917E0,4.625001922E-3,1.156726405E-1,2.460194752E-2,1.183503537E-1
6.886337917E0,2.133081900E-3,1.111985222E-1,3.313311934E-2,1.160494074E-1
6.896353917E0,1.899081515E-3,1.059088707E-1,4.362681881E-2,1.145582591E-1
6.906369917E0,-1.775548211E-3,9.929490834E-2,5.515777320E-2,1.136002260E-1
6.916385917E0,7.233693032E-5,9.372211993E-2,6.388923526E-2,1.134269605E-1
6.926402917E0,-5.447597243E-3,8.785198629E-2,6.995245814E-2,1.124321760E-1
6.936418917E0,-1.122733299E-2,8.222525567E-2,7.966414839E-2,1.150366125E-1
6.946434917E0,-1.234293170E-2,7.706431299E-2,8.649702370E-2,1.165031820E-1
6.956450917E0,-1.093460061E-2,7.033816725E-2,9.300742298E-2,1.171213217E-1
6.966466917E0,-1.273143571E-2,6.402274221E-2,1.016155630E-1,1.207755092E-1
6.976482917E0,-1.604138501E-2,5.758488923E-2,1.045405269E-1,1.204245293E-1
6.986498917E0,-2.084492892E-2,5.141807348E-2,1.091856062E-1,1.224737766E-1
6.996514917E0,-2.089532465E-2,4.376894608E-2,1.178863123E-1,1.274735967E-1
7.006531917E0,-1.936800033E-2,3.772703186E-2,1.213846430E-1,1.285794693E-1
7.016547917E0,-2.313984372E-2,3.141847253E-2,1.223768741E-1,1.284471568E-1
7.026563917E0,-2.340802364E-2,2.459705062E-2,1.291809827E-1,1.335689963E-1
7.036579917E0,-2.666015737E-2,1.726749539E-2,1.290230006E-1,1.328753742E-1
7.046595917E0,-2.477117628E-2,9.599987417E-3,1.304837465E-1,1.331607263E-1
7.056611917E0,-2.494750731E-2,1.067946665E-3,1.275019050E-1,1.299240332E-1
7.066627917E0,-2.689561062E-2,-2.833850682E-3,1.303879768E-1,1.331631671E-1
7.076643917E0,-2.779710107E-2,-1.153020095E-2,1.264853030E-1,1.300159846E-1
7.086660917E0,-2.697098814E-2,-1.816946082E-2,1.263265908E-1,1.304452799E-1
7.096676917E0,-2.787422016E-2,-2.313818783E-2,1.239482611E-1,1.291337265E-1
7.106692917E0,-2.743160166E-2,-3.305819631E-2,1.181982309E-1,1.257623111E-1
7.116708917E0,-2.616924047E-2,-3.921382129E-2,1.173029765E-1,1.264220757E-1
7.126724917E0,-2.538067847E-2,-4.738919064E-2,1.119087413E-1,1.241510395E-1
7.136740917E0,-2.544112317E-2,-4.906452075E-2,1.053177565E-1,1.189386724E-1
7.146756917E0,-2.264800109E-2,-5.993447825E-2,1.011656225E-1,1.197478885E-1
7.156772917E0,-2.355756238E-2,-6.664066017E-2,9.319715947E-2,1.169685721E-1
7.166789917E0,-2.013593353E-2,-7.362639904E-2,8.447664231E-2,1.138534389E-1
7.176805917E0,-1.977121271E-2,-7.872495055E-2,7.800997794E-2,1.125791959E-1
7.186821917E0,-2.106870525E-2,-8.361318707E-2,6.958959252E-2,1.108050846E-1
7.196837917E0,-1.764915697E-2,-8.919604123E-2,6.089228019E-2,1.094316970E-1
7.206853917E0,-1.502833795E-2,-9.528855234E-2,5.295259878E-2,1.100442496E-1
7.216869917E0,-1.422860194E-2,-1.022152305E-1,4.485811666E-2,1.125284723E-1
7.226885917E0,-1.026848145E-2,-1.083066761E-1,3.128824756E-2,1.132021742E-1
7.236902917E0,-1.125618629E-2,-1.123786569E-1,2.549651265E-2,1.157831439E-1
7.246918917E0,-9.279588237E-3,-1.189255044E-1,1.359617803E-2,1.200593287E-1
7.256934917E0,-9.748224169E-3,-1.237373054E-1,6.777092814E-3,1.243055816E-1
7.266950917E0,-7.856846787E-3,-1.294356585E-1,-2.734919544E-3,1.297027352E-1
7.276966917E0,-6.973312236E-3,-1.353991479E-1,-1.249734871E-2,1.361533696E-1
7.286982917E0,-8.047364652E-3,-1.379547119E-1,-2.651383169E-2,1.407097931E-1
7.296998917E0,-4.662097432E-3,-1.434397697E-1,-3.090756200E-2,1.468059266E-1
7.307014917E0,-6.696220022E-3,-1.470606029E-1,-4.506305978E-2,1.539556418E-1
7.317030917E0,-2.626674017E-3,-1.517106742E-1,-5.159493908E-2,1.602656102E-1
7.327047917E0,-2.401903272E-3,-1.547237635E-1,-6.106887013E-2,1.663569025E-1
7.337063917E0,-2.452821238E-3,-1.554542184E-1,-6.744611263E-2,1.694727366E-1
7.347079917E0,-2.156677656E-3,-1.617749631E-1,-7.321158797E-2,1.775830132E-1
7.357096292E0,-3.575006034E-3,-1.620998085E-1,-8.176229149E-2,1.815879976E-1
7.367112292E0,8.365202229E-4,-1.683771461E-1,-8.857865632E-2,1.902570405E-1
7.377128292E0,-1.098737004E-3,-1.682016402E-1,-9.550515562E-2,1.934275931E-1
7.387144292E0,-1.767456764E-3,-1.700149775E-1,-1.038339287E-1,1.992227427E-1
7.397161292E0,-4.754458088E-3,-1.720371246E-1,-1.071255952E-1,2.027196840E-1
7.407177292E0,-5.412525032E-3,-1.760347933E-1,-1.084941924E-1,2.068538944E-1
7.417193292E0,-5.085612647E-3,-1.747373044E-1,-1.147134304E-1,2.090888810E-1
7.427209292E0,-3.979335539E-3,-1.760971099E-1,-1.146148890E-1,2.101489948E-1
7.437225292E0,-4.306667484E-3,-1.784231812E-1,-1.206753477E-1,2.154435391E-1
7.447241292E0,-5.765547045E-3,-1.772055924E-1,-1.191339046E-1,2.136070007E-1
7.457257292E0,-4.721055273E-3,-1.780452877E-1,-1.184199154E-1,2.138824191E-1
7.467273292E0,-8.165321313E-3,-1.765728146E-1,-1.199954376E-1,2.136434796E-1
7.477290292E0,-5.398335867E-3,-1.778584570E-1,-1.179314554E-1,2.134727170E-1
7.487306292E0,-1.050308347E-2,-1.781641841E-1,-1.154877394E-1,2.125798890E-1
7.497322292E0,-1.018361840E-2,-1.780125946E-1,-1.149493977E-1,2.121451247E-1
7.507338292E0,-8.958830498E-3,-1.755829901E-1,-1.108752936E-1,2.078532602E-1
7.517354292E0,-1.045080647E-2,-1.746560186E-1,-1.064554229E-1,2.048089384E-1
7.527370292E0,-1.133337803E-2,-1.738322973E-1,-1.029320657E-1,2.023391292E-1
7.537386292E0,-1.176485047E-2,-1.729988605E-1,-9.612605721E-2,1.982605263E-1
7.547402292E0,-1.388366148E-2,-1.695852131E-1,-9.106738865E-2,1.929900770E-1
7.557418292E0,-1.370619237E-2,-1.646116376E-1,-8.434841782E-2,1.854710396E-1
7.567435292E0,-1.321430691E-2,-1.630728543E-1,-7.759223878E-2,1.810743749E-1
7.577451292E0,-9.513084777E-3,-1.614593863E-1,-6.746313721E-2,1.752452770E-1
7.587467292E0,-1.558056474E-2,-1.574140340E-1,-6.144067273E-2,1.696964595E-1
7.597483292E0,-1.770466380E-2,-1.541129202E-1,-5.390209332E-2,1.642244895E-1
7.607499292E0,-1.407743711E-2,-1.512020826E-1,-4.225129634E-2,1.576242877E-1
7.617515292E0,-1.172256749E-2,-1.478983015E-1,-3.653128073E-2,1.527935229E-1
7.627531292E0,-1.215027180E-2,-1.428731829E-1,-2.660887688E-2,1.458369220E-1
7.637547292E0,-1.031215768E-2,-1.370472461E-1,-1.879569329E-2,1.387139731E-1
7.647564292E0,-1.317372452E-2,-1.344208419E-1,-9.192867205E-3,1.353773193E-1
7.657580292E0,-8.660873398E-3,-1.261972636E-1,-3.482881002E-4,1.264945903E-1
7.667596292E0,-1.143588684E-2,-1.246339902E-1,9.550414979E-3,1.255213984E-1
7.677612292E0,-8.062924258E-3,-1.148511916E-1,1.750354469E-2,1.164567776E-1
7.687628292E0,-9.212877601E-3,-1.109286249E-1,2.657160908E-2,1.144381376E-1
7.697644292E0,-6.297266576E-3,-1.050925776E-1,3.533943743E-2,1.110539566E-1
7.707660292E0,-6.443740800E-3,-1.007569507E-1,4.616811872E-2,1.110179269E-1
7.717676292E0,-4.442601930E-3,-9.361448884E-2,5.435490981E-2,1.083414300E-1
7.727693292E0,-1.811132533E-3,-9.106931090E-2,6.154304743E-2,1.099292785E-1
7.737709292E0,-5.887810839E-4,-8.166129142E-2,6.891790777E-2,1.068578083E-1
7.747725292E0,-3.243291867E-4,-7.546651363E-2,7.451906800E-2,1.060584337E-1
7.757741292E0,7.199249812E-4,-6.936514378E-2,8.515695482E-2,1.098350965E-1
7.767757292E0,2.575349296E-3,-6.257141382E-2,8.764941245E-2,1.077229491E-1
7.777773292E0,6.447114516E-3,-5.584187433E-2,9.377852082E-2,1.093356812E-1
7.787789292E0,6.326206960E-3,-5.237497017E-2,1.004563943E-1,1.134664952E-1
7.797805292E0,5.714581348E-3,-4.249397665E-2,1.056328639E-1,1.140030545E-1
7.807822292E0,1.004354935E-2,-3.811707348E-2,1.076901555E-1,1.146776080E-1
7.817838292E0,7.981220260E-3,-2.826457843E-2,1.066780314E-1,1.106471358E-1
7.827854292E0,9.281109087E-3,-2.076644823E-2,1.103167087E-1,1.126372965E-1
7.837870292E0,9.698148817E-3,-1.595391519E-2,1.096079722E-1,1.111867306E-1
7.847886292E0,1.048031915E-2,-9.305333719E-3,1.102868095E-1,1.111737679E-1
7.857902292E0,1.118275896E-2,-3.326404840E-3,1.122255102E-1,1.128303337E-1
7.867918292E0,1.298065949E-2,3.512858413E-3,1.114787608E-1,1.122869174E-1
7.877934292E0,1.025396213E-2,1.203277707E-2,1.102485359E-1,1.113762593E-1
7.887951292E0,1.378584653E-2,1.672766544E-2,1.098067164E-1,1.119257760E-1
7.897967292E0,1.315134577E-2,2.318816446E-2,1.055056825E-1,1.088214037E-1
7.907983292E0,1.198940817E-2,3.020932339E-2,1.014568806E-1,1.065356642E-1
7.917999292E0,1.036325376E-2,3.327668086E-2,9.957040101E-2,1.054940722E-1
7.928015292E0,1.148577593E-2,4.089438915E-2,8.988714218E-2,9.941816958E-2
7.938031292E0,1.199323405E-2,4.619700462E-2,8.670090139E-2,9.896993079E-2
7.948047292E0,1.191014424E-2,5.287700891E-2,7.775746286E-2,9.478424256E-2
7.958063292E0,1.206840016E-2,5.828402936E-2,7.325923443E-2,9.439062342E-2
7.968080292E0,8.899237961E-3,6.415576488E-2,6.574246287E-2,9.228884021E-2
7.978096292E0,1.082860865E-2,6.933494657E-2,6.052001193E-2,9.266749930E-2
7.988112292E0,1.074072439E-2,7.489190251E-2,5.249244720E-2,9.208483716E-2
7.998128292E0,9.733048268E-3,8.237379044E-2,4.308573902E-2,9.346953775E-2
8.008144292E0,1.098366827E-2,8.328006417E-2,3.568747640E-2,9.126777102E-2
8.018160292E0,6.886627991E-3,8.925706148E-2,2.519361116E-2,9.299982104E-2
8.028176292E0,5.224549212E-3,9.724787623E-2,1.413536724E-2,9.840860710E-2
8.038192292E0,8.345439099E-3,9.669026732E-2,7.189978380E-3,9.731572297E-2
8.048208292E0,7.085497957E-3,1.043817550E-1,-9.270701557E-4,1.046260700E-1
8.058225292E0,5.286539905E-3,1.086270362E-1,-1.162736211E-2,1.093753905E-1
8.068241292E0,6.591488607E-3,1.128923520E-1,-1.921417564E-2,1.147053417E-1
8.078257292E0,6.938467268E-3,1.176423579E-1,-2.951892465E-2,1.214875863E-1
8.088273292E0,6.934738718E-3,1.203236282E-1,-4.031351581E-2,1.270867643E-1
8.098289292E0,8.716302924E-3,1.250029355E-1,-5.013551563E-2,1.349639869E-1
8.108305292E0,6.505613681E-3,1.291710436E-1,-5.813325197E-2,1.417990004E-1
8.118321292E0,5.656268913E-3,1.323801726E-1,-6.831435859E-2,1.490749981E-1
8.128337292E0,6.121256854E-3,1.335674077E-1,-7.555149496E-2,1.535765301E-1
8.138354292E0,9.088438004E-3,1.394879371E-1,-8.156506717E-2,1.618404909E-1
8.148370292E0,9.999238886E-3,1.405340284E-1,-9.003099054E-2,1.671986160E-1
8.158386292E0,8.310896344E-3,1.432785392E-1,-9.454470128E-2,1.718618961E-1
8.168402292E0,1.007124595E-2,1.465803385E-1,-1.002949998E-1,1.778941050E-1
8.178418292E0,8.425208740E-3,1.518579274E-1,-1.083216593E-1,1.867227788E-1
8.188434292E0,1.354087517E-2,1.516661793E-1,-1.093203425E-1,1.874484530E-1
8.198450292E0,1.238170359E-2,1.530389041E-1,-1.176735386E-1,1.934457920E-1
8.208466292E0,1.525125932E-2,1.553840786E-1,-1.172000319E-1,1.952246405E-1
8.218483292E0,1.475992892E-2,1.598908156E-1,-1.242551357E-1,2.030326751E-1
8.228499292E0,1.545554772E-2,1.576401740E-1,-1.245403588E-1,2.014934227E-1
8.238515292E0,1.504971925E-2,1.604864299E-1,-1.260008663E-1,2.045937598E-1
8.248531292E0,1.546996552E-2,1.615801901E-1,-1.254692972E-1,2.051585294E-1
8.258547292E0,1.916251518E-2,1.637001336E-1,-1.249897406E-1,2.068510840E-1
8.268563292E0,2.105548978E-2,1.636362076E-1,-1.234605536E-1,2.060646752E-1
8.278579292E0,2.024997212E-2,1.641071290E-1,-1.249931976E-1,2.072788233E-1
8.288595292E0,1.911466755E-2,1.654616147E-1,-1.219502762E-1,2.064334913E-1
8.298611292E0,2.042173594E-2,1.660405248E-1,-1.193215400E-1,2.054851165E-1
8.308628292E0,2.151975594E-2,1.649723351E-1,-1.152218729E-1,2.023735438E-1
8.318644292E0,2.462808415E-2,1.652727872E-1,-1.073289439E-1,1.985979328E-1
8.328660292E0,2.416283078E-2,1.632101685E-1,-1.029770672E-1,1.944882461E-1
8.338676292E0,2.288698405E-2,1.654339731E-1,-9.907455742E-2,1.941854305E-1
8.348692292E0,2.407502010E-2,1.635015905E-1,-9.246246517E-2,1.893718146E-1
8.358707708E0,2.215546370E-2,1.638536006E-1,-8.438532054E-2,1.856333734E-1
8.368723708E0,2.145238966E-2,1.610447615E-1,-7.790345699E-2,1.801792687E-1
8.378739708E0,2.378609404E-2,1.596593112E-1,-6.909734011E-2,1.755884857E-1
8.388756708E0,2.057005838E-2,1.556110531E-1,-5.815547705E-2,1.673917162E-1
8.398772708E0,2.094361186E-2,1.568362415E-1,-5.187653378E-2,1.665155136E-1
8.408788708E0,1.975637488E-2,1.533544213E-1,-4.214374349E-2,1.602622475E-1
8.418804708E0,2.126203664E-2,1.534824520E-1,-3.140828013E-2,1.580993907E-1
8.428820708E0,1.753946953E-2,1.505814791E-1,-2.259641327E-2,1.532743055E-1
8.438836708E0,1.429344527E-2,1.472326815E-1,-1.429579593E-2,1.486140467E-1
8.448852708E0,1.257517375E-2,1.431465894E-1,-2.215696499E-3,1.437149622E-1
8.458868708E0,1.070415042E-2,1.429196149E-1,6.116685923E-3,1.434503712E-1
8.468884708E0,1.216808986E-2,1.356345415E-1,1.649262756E-2,1.371743344E-1
8.478901708E0,5.775884725E-3,1.328255832E-1,2.738443762E-2,1.357420488E-1
8.488917708E0,7.025173865E-3,1.277927309E-1,3.365804628E-2,1.323374445E-1
8.498933708E0,5.064095370E-3,1.221221387E-1,4.395800084E-2,1.298913687E-1
8.508949708E0,1.644117874E-4,1.198326051E-1,5.300742388E-2,1.310330770E-1
8.518965708E0,-2.120591933E-3,1.143895760E-1,6.162374094E-2,1.299498267E-1
8.528981708E0,-3.570416709E-3,1.092600599E-1,7.162284851E-2,1.306917786E-1
8.538997708E0,-3.053853754E-3,1.005266905E-1,8.250904828E-2,1.300872191E-1
8.549013708E0,-7.290676702E-3,9.973546863E-2,8.684254438E-2,1.324460086E-1
8.559030708E0,-1.108398195E-2,9.568093717E-2,9.519216418E-2,1.354224668E-1
8.569046708E0,-1.328055654E-2,8.716201782E-2,9.934242815E-2,1.328251052E-1
8.579062708E0,-1.426941436E-2,8.268570900E-2,1.075964719E-1,1.364461191E-1
8.589078708E0,-1.452188194E-2,7.390606403E-2,1.096401811E-1,1.330186478E-1
8.599094708E0,-1.680889912E-2,6.883920729E-2,1.161141545E-1,1.360289396E-1
8.609110708E0,-1.952798665E-2,6.204841286E-2,1.187408343E-1,1.353910393E-1
8.619126708E0,-2.004822157E-2,5.748467892E-2,1.244004145E-1,1.384986738E-1
8.629142708E0,-2.359581739E-2,5.140042305E-2,1.243881658E-1,1.366425332E-1
8.639158708E0,-2.434013225E-2,4.280014709E-2,1.269823164E-1,1.361939914E-1
8.649175708E0,-2.257925086E-2,3.546393663E-2,1.271341145E-1,1.339051771E-1
8.659191708E0,-2.272748575E-2,3.113270178E-2,1.280218214E-1,1.336988051E-1
8.669207708E0,-2.423909679E-2,2.102680504E-2,1.306828558E-1,1.345647396E-1
8.679223708E0,-2.457246184E-2,1.541765593E-2,1.248328015E-1,1.281590353E-1
8.689239708E0,-2.439775877E-2,9.900918230E-3,1.238682047E-1,1.266357412E-1
8.699255708E0,-2.563663572E-2,1.867623068E-3,1.213905439E-1,1.240821875E-1
8.709271708E0,-2.694078535E-2,-4.751397297E-3,1.175814271E-1,1.207218857E-1
8.719287708E0,-2.628502622E-2,-1.213787310E-2,1.141669899E-1,1.177808650E-1
8.729304708E0,-2.791328169E-2,-2.045758814E-2,1.102912948E-1,1.155933991E-1
8.739320708E0,-2.336599864E-2,-2.605715021E-2,1.063078940E-1,1.119210136E-1
8.749336708E0,-2.248449251E-2,-3.225166351E-2,9.800256044E-2,1.055946213E-1
8.759352708E0,-2.250837162E-2,-4.074568301E-2,9.311458468E-2,1.041016972E-1
8.769368708E0,-2.065720782E-2,-4.696949199E-2,8.394984901E-2,9.838917909E-2
8.779384708E0,-1.978030615E-2,-5.365995318E-2,7.888805866E-2,9.743704062E-2
8.789400708E0,-1.931212284E-2,-6.026752293E-2,6.814220548E-2,9.299727187E-2
8.799416708E0,-1.538828388E-2,-6.492352486E-2,6.399608403E-2,9.245194499E-2
8.809433708E0,-1.541757863E-2,-7.247385383E-2,5.236871913E-2,9.073391848E-2
8.819449708E0,-1.638387516E-2,-7.715369016E-2,4.433201998E-2,9.047901009E-2
8.829465708E0,-1.194225531E-2,-8.454369009E-2,3.197841346E-2,9.117495228E-2
8.839481708E0,-1.133105997E-2,-9.101890028E-2,2.268531546E-2,9.448521929E-2
8.849497708E0,-1.109803282E-2,-9.869787097E-2,1.295598783E-2,1.001613383E-1
8.859513708E0,-8.491533808E-3,-1.017333344E-1,4.268336575E-3,1.021762994E-1
8.869529708E0,-5.401734728E-3,-1.075006798E-1,-3.471608274E-3,1.076922790E-1
8.879545708E0,-6.202115677E-3,-1.131813377E-1,-1.300819777E-2,1.140951123E-1
8.889561708E0,-3.868654137E-3,-1.195931584E-1,-2.212633006E-2,1.216842820E-1
8.899578708E0,-3.511940362E-3,-1.225483343E-1,-3.316416591E-2,1.270050781E-1
8.909594708E0,-1.360905124E-3,-1.275803745E-1,-4.216219112E-2,1.343735628E-1
8.919610708E0,-3.405530471E-3,-1.337518543E-1,-4.914756119E-2,1.425364478E-1
8.929626708E0,-8.217172581E-5,-1.370640248E-1,-5.757113546E-2,1.486640148E-1
8.939642708E0,-9.354737122E-4,-1.422019303E-1,-6.414050609E-2,1.560008609E-1
8.949658708E0,-1.200191909E-3,-1.440845132E-1,-7.311189920E-2,1.615770318E-1
8.959674708E0,1.050242223E-3,-1.488502473E-1,-8.340969682E-2,1.706302337E-1
8.969690708E0,5.860531819E-4,-1.548620611E-1,-8.898369223E-2,1.786076676E-1
8.979707708E0,1.588479732E-3,-1.572894752E-1,-9.539677948E-2,1.839648005E-1
8.989723708E0,-5.108900368E-4,-1.602684855E-1,-9.897314012E-2,1.883664804E-1
8.999739708E0,2.367738925E-4,-1.617817730E-1,-1.035048813E-1,1.920589976E-1
9.009755708E0,1.626677578E-3,-1.640374660E-1,-1.071355715E-1,1.959310262E-1
9.019771708E0,1.152791083E-3,-1.660523862E-1,-1.103554666E-1,1.993816764E-1
9.029787708E0,-1.241657068E-3,-1.696218252E-1,-1.121552289E-1,2.033516675E-1
9.039803708E0,-8.140335558E-4,-1.707409024E-1,-1.168370023E-1,2.068912843E-1
9.049819708E0,-3.201290965E-3,-1.727901995E-1,-1.162143573E-1,2.082606016E-1
9.059835708E0,-3.325519152E-3,-1.716458499E-1,-1.169445515E-1,2.077243005E-1
9.069852708E0,-7.245958317E-3,-1.733867526E-1,-1.165037975E-1,2.090181923E-1
9.079868708E0,-4.994306713E-3,-1.757885814E-1,-1.159182042E-1,2.106266804E-1
9.089884708E0,-3.850212786E-3,-1.755361110E-1,-1.117935032E-1,2.081478747E-1
9.099900708E0,-7.249904796E-3,-1.768371463E-1,-1.102418825E-1,2.085118943E-1
9.109916708E0,-8.070424199E-3,-1.754962504E-1,-1.068681926E-1,2.056328676E-1
9.119932708E0,-9.035059251E-3,-1.757275909E-1,-1.033309326E-1,2.040566101E-1
9.129948708E0,-9.953317232E-3,-1.758026928E-1,-1.000475213E-1,2.025220033E-1
9.139964708E0,-1.369300392E-2,-1.733941436E-1,-9.356931597E-2,1.975050487E-1
9.149980708E0,-1.361018047E-2,-1.723435223E-1,-8.882170171E-2,1.943626029E-1
9.159997708E0,-1.376616489E-2,-1.689067036E-1,-7.967860252E-2,1.872636150E-1
9.170013708E0,-1.175148319E-2,-1.691245586E-1,-7.405666262E-2,1.850016296E-1
9.180029708E0,-1.453267410E-2,-1.692584455E-1,-6.752770394E-2,1.828103137E-1
9.190045708E0,-1.389671117E-2,-1.650053859E-1,-6.189272180E-2,1.767784064E-1
9.200061708E0,-1.263583079E-2,-1.616587937E-1,-5.194471776E-2,1.702688565E-1
9.210077708E0,-1.307605114E-2,-1.616808921E-1,-4.500665143E-2,1.683368428E-1
9.220093708E0,-1.305115689E-2,-1.559519619E-1,-3.354177251E-2,1.600512343E-1
9.230109708E0,-1.410630159E-2,-1.512802541E-1,-2.479222417E-2,1.539459561E-1
9.240126708E0,-1.338187046E-2,-1.496091783E-1,-1.561919134E-2,1.510163562E-1
9.250142708E0,-1.140687056E-2,-1.464061886E-1,-7.407867350E-3,1.470366120E-1
9.260158708E0,-1.141704153E-2,-1.429149956E-1,2.594926395E-3,1.433937880E-1
9.270174708E0,-1.167856436E-2,-1.385649890E-1,1.218257286E-2,1.395888968E-1
9.280190708E0,-9.672240354E-3,-1.322113574E-1,2.093710378E-2,1.342078893E-1
9.290206708E0,-7.694576867E-3,-1.291676313E-1,2.899955772E-2,1.326064019E-1
9.300222708E0,-7.687208708E-3,-1.212908626E-1,3.789237887E-2,1.273043554E-1
9.310238708E0,-7.530881092E-3,-1.161096841E-1,4.606508836E-2,1.251405821E-1
9.320254708E0,-8.717598394E-3,-1.123578846E-1,5.477168784E-2,1.253005529E-1
9.330271708E0,-5.670675542E-3,-1.076621935E-1,6.279499829E-2,1.247658458E-1
9.340287708E0,-5.737697240E-3,-9.971305728E-2,6.780466437E-2,1.207190435E-1
9.350303708E0,-3.624478821E-3,-9.439153224E-2,7.577923685E-2,1.211007471E-1
9.360319833E0,-8.661050815E-4,-9.148655832E-2,8.355650306E-2,1.239041149E-1
9.370335833E0,2.617435821E-4,-8.472453058E-2,8.752115071E-2,1.218124231E-1
9.380351833E0,4.062014632E-4,-7.823633403E-2,9.405083954E-2,1.223382580E-1
9.390367833E0,3.132745856E-3,-7.384850830E-2,9.980939329E-2,1.241987571E-1
9.400383833E0,2.603943227E-3,-6.541334093E-2,1.032782346E-1,1.222786957E-1
9.410400833E0,4.211693536E-3,-5.814291537E-2,1.066266224E-1,1.215219057E-1
9.420416833E0,6.744727492E-3,-5.282418430E-2,1.072687954E-1,1.197600946E-1
9.430432833E0,6.008629687E-3,-4.729519784E-2,1.111482233E-1,1.209415847E-1
9.440448833E0,8.531202562E-3,-4.014933109E-2,1.080852151E-1,1.156164518E-1
9.450464833E0,9.179682471E-3,-3.438705206E-2,1.138275191E-1,1.192620645E-1
9.460480833E0,9.691414423E-3,-2.825239301E-2,1.137423217E-1,1.175986266E-1
9.470496833E0,9.967584163E-3,-2.098329552E-2,1.104708984E-1,1.128869825E-1
9.480512833E0,1.010076702E-2,-1.495622937E-2,1.096936762E-1,1.111684168E-1
9.490528833E0,1.144832652E-2,-9.114319459E-3,1.061356962E-1,1.071397265E-1
9.500545833E0,8.428110741E-3,-8.731028065E-4,1.040674075E-1,1.044117842E-1
9.510561833E0,1.213043742E-2,3.468914889E-3,1.004199460E-1,1.012094187E-1
9.520577833E0,1.244361326E-2,1.142051630E-2,9.632712603E-2,9.779666105E-2
9.530593833E0,1.065024082E-2,1.577984542E-2,9.129960835E-2,9.326333489E-2
9.540609833E0,1.110895071E-2,2.263688669E-2,8.670739830E-2,9.029955894E-2
9.550625833E0,9.713720530E-3,2.770807594E-2,8.019490540E-2,8.540091739E-2
9.560641833E0,1.068956684E-2,3.183784336E-2,7.202789932E-2,7.947284687E-2
9.570657833E0,1.112978719E-2,3.921932727E-2,6.573352218E-2,7.734936155E-2
9.580673833E0,7.777235005E-3,4.697298259E-2,5.752573535E-2,7.467366808E-2
9.590690833E0,9.782860987E-3,4.919538647E-2,4.911467433E-2,7.020072402E-2
9.600706833E0,8.599949069E-3,5.685730278E-2,4.269896820E-2,7.162341719E-2
9.610722833E0,8.011124097E-3,6.339003891E-2,3.362371400E-2,7.220131083E-2
9.620738833E0,8.810338564E-3,6.610380113E-2,2.629975602E-2,7.168690087E-2
9.630754833E0,8.174375631E-3,7.103943825E-2,1.482312847E-2,7.302840092E-2
9.640770833E0,8.088228293E-3,7.742010802E-2,7.745818235E-3,7.822589254E-2
9.650786833E0,7.520975079E-3,8.222179115E-2,-2.498030663E-3,8.260283387E-2
9.660802833E0,7.471872028E-3,8.723025769E-2,-1.221997663E-2,8.839838549E-2
9.670818833E0,6.665733177E-3,9.269293398E-2,-2.322016470E-2,9.578928989E-2
9.680835833E0,6.138224155E-3,9.442824870E-2,-3.006011248E-2,9.928737236E-2
9.690851833E0,3.907027654E-3,1.024134681E-1,-3.992100060E-2,1.099884976E-1
9.700867833E0,6.442536134E-3,1.046749651E-1,-4.746813327E-2,1.151154997E-1
9.710883833E0,5.017745309E-3,1.100939587E-1,-5.692368746E-2,1.240409759E-1
9.720899833E0,6.463865284E-3,1.150232702E-1,-6.868565083E-2,1.341262572E-1
9.730915833E0,5.730431061E-3,1.156043708E-1,-7.394406199E-2,1.373496731E-1
9.740931833E0,4.560085479E-3,1.190427169E-1,-7.851043344E-2,1.426739324E-1
9.750947833E0,6.953468546E-3,1.261227429E-1,-8.784347773E-2,1.538563407E-1
9.760964833E0,6.931910291E-3,1.291438937E-1,-9.589627385E-2,1.610040124E-1
9.770980833E0,9.292002767E-3,1.307329983E-1,-9.951657057E-2,1.645630759E-1
9.780996833E0,7.911701687E-3,1.362798959E-1,-1.081014648E-1,1.741284921E-1
9.791012833E0,9.750348516E-3,1.385097504E-1,-1.093073413E-1,1.767147846E-1
9.801028833E0,1.092083007E-2,1.410179883E-1,-1.146825105E-1,1.820917784E-1
9.811044833E0,1.164733991E-2,1.427272111E-1,-1.198485121E-1,1.867361325E-1
9.821060833E0,1.124468446E-2,1.449091882E-1,-1.226151958E-1,1.901567826E-1
9.831076833E0,1.034320425E-2,1.496498883E-1,-1.229555532E-1,1.939591168E-1
9.841092833E0,1.302995253E-2,1.534939706E-1,-1.232481152E-1,1.972822257E-1
9.851109833E0,1.745719090E-2,1.534753293E-1,-1.255237907E-1,1.990368113E-1
9.861125833E0,1.462607365E-2,1.566096693E-1,-1.262870431E-1,2.017149668E-1
9.871141833E0,1.555658225E-2,1.568371058E-1,-1.231940463E-1,2.000416408E-1
9.881157833E0,1.602366194E-2,1.556723714E-1,-1.226137131E-1,1.988083691E-1
9.891173833E0,1.863116398E-2,1.613694131E-1,-1.239519417E-1,2.043313281E-1
9.901189833E0,2.018373646E-2,1.612349749E-1,-1.186184809E-1,2.011826144E-1
9.911205833E0,2.198989131E-2,1.609281749E-1,-1.135054752E-1,1.981537930E-1
9.921221833E0,1.994350553E-2,1.626085788E-1,-1.110192239E-1,1.979003825E-1
9.931238833E0,2.117548510E-2,1.633760929E-1,-1.057605445E-1,1.957688476E-1
9.941254833E0,2.038404346E-2,1.651813835E-1,-9.812761843E-2,1.932082508E-1
9.951270833E0,2.288528346E-2,1.629746854E-1,-9.085372835E-2,1.879863938E-1
9.961286833E0,2.183388174E-2,1.650783867E-1,-8.495928347E-2,1.869376152E-1
9.971302833E0,2.067327499E-2,1.635747701E-1,-7.673516870E-2,1.818581200E-1
9.981318833E0,1.939906552E-2,1.644729823E-1,-6.983610243E-2,1.797352688E-1
9.991334833E0,2.196901664E-2,1.626058370E-1,-6.023327261E-2,1.747894249E-1
1.000135083E1,2.172171138E-2,1.629929245E-1,-5.246502161E-2,1.726009984E-1
1.001136683E1,2.077895217E-2,1.598730385E-1,-4.094338790E-2,1.663355474E-1
1.002138383E1,1.994654909E-2,1.597778201E-1,-3.556399420E-2,1.648988002E-1
1.003139983E1,1.606978476E-2,1.574041545E-1,-2.420401201E-2,1.600629253E-1
1.004141583E1,1.818282716E-2,1.543503702E-1,-1.445364207E-2,1.560883075E-1
1.005143183E1,1.516386680E-2,1.544113606E-1,-5.332050379E-3,1.552457468E-1
1.006144783E1,1.289964747E-2,1.491963565E-1,4.149601795E-3,1.498104566E-1
1.007146383E1,8.592250757E-3,1.473377347E-1,1.396068744E-2,1.482468739E-1
1.008147983E1,9.445109405E-3,1.460953057E-1,2.567794733E-2,1.486351419E-1
1.009149583E1,9.240844287E-3,1.421668679E-1,3.456518054E-2,1.466000110E-1
1.010151183E1,7.433294319E-3,1.364911497E-1,4.137424007E-2,1.428177704E-1
1.011152883E1,4.598625936E-3,1.329941452E-1,5.195178464E-2,1.428550942E-1
1.012154483E1,9.928703075E-4,1.322344840E-1,5.980403721E-2,1.451325856E-1
1.013156083E1,-1.149376505E-3,1.272583604E-1,7.045135647E-2,1.454627271E-1
1.014157683E1,1.513949130E-3,1.219814494E-1,7.777230442E-2,1.446730707E-1
1.015159283E1,-3.054969944E-3,1.185936406E-1,8.592530340E-2,1.464818835E-1
1.016160883E1,-8.156379685E-3,1.105463728E-1,9.187272191E-2,1.439709141E-1
1.017162483E1,-8.110573515E-3,1.082784161E-1,9.934315830E-2,1.471701733E-1
1.018164083E1,-9.370882064E-3,1.007354856E-1,1.023961157E-1,1.439458787E-1
1.019165783E1,-1.085186563E-2,9.656150639E-2,1.093919724E-1,1.463164076E-1
1.020167383E1,-1.426498778E-2,9.163992107E-2,1.138337925E-1,1.468315270E-1
1.021168983E1,-1.384314336E-2,8.723345399E-2,1.197710410E-1,1.488167006E-1
1.022170583E1,-1.490602363E-2,7.879569381E-2,1.206980050E-1,1.449101767E-1
1.023172183E1,-1.754841208E-2,7.232953608E-2,1.260038316E-1,1.463436850E-1
1.024173783E1,-1.829256304E-2,6.414990127E-2,1.265515238E-1,1.430563381E-1
1.025175383E1,-2.013041079E-2,5.894209817E-2,1.263342202E-1,1.408536104E-1
1.026176983E1,-2.042191289E-2,5.537232757E-2,1.264198422E-1,1.395174745E-1
1.027178583E1,-2.332076430E-2,4.650479928E-2,1.284385324E-1,1.385749292E-1
1.028180283E1,-2.275342122E-2,4.189413786E-2,1.250464618E-1,1.338262104E-1
1.029181883E1,-2.143089473E-2,3.278905526E-2,1.240270063E-1,1.300657668E-1
1.030183483E1,-2.311512828E-2,2.639647201E-2,1.207451522E-1,1.257397100E-1
1.031185083E1,-2.576390840E-2,2.245872095E-2,1.140494347E-1,1.190606848E-1
1.032186683E1,-2.189792134E-2,1.385484915E-2,1.129072532E-1,1.158426676E-1
1.033188283E1,-2.350434102E-2,6.842744537E-3,1.079527065E-1,1.106935592E-1
1.034189883E1,-1.989360526E-2,-7.588509470E-4,1.042151004E-1,1.060995690E-1
1.035191483E1,-2.353254892E-2,-8.306516334E-3,9.886826575E-2,1.019691769E-1
1.036193208E1,-2.352237888E-2,-1.417059638E-2,9.318459779E-2,9.714667969E-2
1.037194808E1,-2.127094194E-2,-2.108283155E-2,8.432053030E-2,8.948123036E-2
1.038196408E1,-1.749177463E-2,-2.873988822E-2,7.725279778E-2,8.426113054E-2
1.039198008E1,-1.631039567E-2,-3.197003528E-2,6.948542595E-2,7.820701108E-2
1.040199608E1,-1.519193314E-2,-4.179656506E-2,5.903026834E-2,7.390751155E-2
1.041201208E1,-1.624867693E-2,-4.878763109E-2,5.213161558E-2,7.322539035E-2
1.042202808E1,-1.390168164E-2,-5.727132782E-2,4.258148372E-2,7.270793972E-2
1.043204408E1,-1.125130337E-2,-6.059388816E-2,3.505192697E-2,7.090027288E-2
1.044206008E1,-1.087316126E-2,-6.633500010E-2,2.615868673E-2,7.213067839E-2
1.045207708E1,-7.552199066E-3,-7.358199358E-2,1.593507826E-2,7.566552854E-2
1.046209308E1,-1.011727937E-2,-7.957243919E-2,5.518043414E-3,8.040261951E-2
1.047210908E1,-5.789909046E-3,-8.836353570E-2,-1.159832813E-3,8.856061597E-2
1.048212508E1,-2.541017719E-3,-9.290302545E-2,-1.149335410E-2,9.364574789E-2
1.049214108E1,-4.888860509E-3,-9.537151456E-2,-2.208314836E-2,9.801679544E-2
1.050215708E1,-1.570688561E-3,-1.049804613E-1,-3.062812425E-2,1.093683972E-1
1.051217308E1,-4.328125622E-3,-1.078121960E-1,-3.963999450E-2,1.149501259E-1
1.052218908E1,3.330917389E-4,-1.132535040E-1,-4.974630848E-2,1.236978671E-1
1.053220608E1,-1.229118556E-3,-1.197132692E-1,-5.753685161E-2,1.328279596E-1
1.054222208E1,2.183620352E-3,-1.262714416E-1,-6.483452767E-2,1.419604210E-1
1.055223808E1,7.108924910E-4,-1.286813319E-1,-7.207220048E-2,1.474916697E-1
1.056225408E1,2.093938529E-4,-1.328020990E-1,-7.858831435E-2,1.543132026E-1
1.057227008E1,1.827530563E-3,-1.376365423E-1,-8.519215137E-2,1.618791534E-1
1.058228608E1,1.037294278E-3,-1.396438330E-1,-9.016578645E-2,1.662267882E-1
1.059230208E1,1.336899819E-3,-1.455099732E-1,-9.535335749E-2,1.739747176E-1
1.060231808E1,-5.038644886E-4,-1.492857486E-1,-1.015874818E-1,1.805727141E-1
1.061233408E1,3.631492145E-3,-1.537071168E-1,-1.078616232E-1,1.878115951E-1
1.062235108E1,4.158734810E-3,-1.549707949E-1,-1.074404269E-1,1.886178350E-1
1.063236708E1,4.385648062E-4,-1.571900100E-1,-1.095198244E-1,1.915815323E-1
1.064238308E1,-5.743490765E-4,-1.596166044E-1,-1.123948544E-1,1.952188351E-1
1.065239908E1,-2.792708401E-4,-1.619681716E-1,-1.149086133E-1,1.985894156E-1
1.066241508E1,-1.978696557E-3,-1.641551703E-1,-1.133845970E-1,1.995166710E-1
1.067243108E1,-1.567238010E-3,-1.681019664E-1,-1.138634309E-1,2.030409029E-1
1.068244708E1,-5.315245129E-3,-1.709222496E-1,-1.121590510E-1,2.045050609E-1
1.069246308E1,-4.329343326E-3,-1.707158685E-1,-1.133377701E-1,2.049587790E-1
1.070248008E1,-6.137299817E-3,-1.701944172E-1,-1.108033955E-1,2.031777512E-1
1.071249608E1,-6.794568151E-3,-1.707480848E-1,-1.038014144E-1,1.999395115E-1
1.072251208E1,-9.408219717E-3,-1.724302769E-1,-1.035709307E-1,2.013644771E-1
1.073252808E1,-8.756277151E-3,-1.719674170E-1,-9.727228433E-2,1.977659278E-1
1.074254408E1,-1.062444691E-2,-1.735544652E-1,-9.318170696E-2,1.972735709E-1
1.075256008E1,-9.024153464E-3,-1.729975939E-1,-8.589050919E-2,1.933566198E-1
1.076257608E1,-1.222192496E-2,-1.705042720E-1,-8.112387359E-2,1.892146006E-1
1.077259208E1,-1.173323579E-2,-1.699050665E-1,-7.226220518E-2,1.850060181E-1
1.078260808E1,-1.453628857E-2,-1.717725396E-1,-6.620928645E-2,1.846639615E-1
1.079262508E1,-1.396370865E-2,-1.663026810E-1,-5.980997533E-2,1.772816968E-1
1.080264108E1,-1.322729420E-2,-1.645053774E-1,-5.045372248E-2,1.725762400E-1
1.081265708E1,-1.494529936E-2,-1.603045017E-1,-4.177288339E-2,1.663306015E-1
1.082267308E1,-1.265082136E-2,-1.639739424E-1,-3.615555540E-2,1.683886019E-1
1.083268908E1,-1.416163240E-2,-1.591949016E-1,-2.619000524E-2,1.619551941E-1
1.084270508E1,-1.426772773E-2,-1.558524966E-1,-1.641042158E-2,1.573622277E-1
1.085272108E1,-1.460674778E-2,-1.563907117E-1,-7.183367852E-3,1.572355321E-1
1.086273708E1,-1.498246938E-2,-1.529209614E-1,9.747312870E-4,1.536562557E-1
1.087275308E1,-1.438219287E-2,-1.468643993E-1,1.133895479E-2,1.480019296E-1
1.088277008E1,-1.117757242E-2,-1.442756653E-1,2.099820599E-2,1.462235630E-1
1.089278608E1,-1.101112459E-2,-1.400082111E-1,2.699271590E-2,1.430110162E-1
1.090280208E1,-1.150022168E-2,-1.346776336E-1,3.446683288E-2,1.394929485E-1
1.091281808E1,-1.032230537E-2,-1.326645464E-1,4.631523788E-2,1.408954687E-1
1.092283408E1,-1.102868933E-2,-1.251692921E-1,5.058972538E-2,1.354559116E-1
1.093285008E1,-6.576683372E-3,-1.225671098E-1,6.004767865E-2,1.366443298E-1
1.094286608E1,-7.383608259E-3,-1.179728284E-1,6.879623979E-2,1.367663282E-1
1.095288208E1,-8.386022411E-3,-1.148207113E-1,7.577851415E-2,1.378278068E-1
1.096289908E1,-3.377377056E-3,-1.094617620E-1,8.067923039E-2,1.360236091E-1
1.097291508E1,-2.890817355E-3,-1.024110392E-1,8.656854182E-2,1.341286330E-1
1.098293108E1,-6.889275392E-4,-9.290735424E-2,9.127400815E-2,1.302428334E-1
1.099294708E1,-2.928912174E-3,-8.742390573E-2,9.552840889E-2,1.295268108E-1
1.100296308E1,-1.955997199E-3,-8.495595306E-2,9.922658652E-2,1.306417060E-1
1.101297908E1,1.023601508E-4,-7.940831780E-2,1.046884581E-1,1.313977347E-1
1.102299508E1,2.148098778E-3,-7.569627464E-2,1.048790663E-1,1.293605770E-1
1.103301108E1,4.739887081E-3,-6.946793944E-2,1.094599739E-1,1.297295148E-1
1.104302708E1,3.650109982E-3,-6.247587875E-2,1.092055663E-1,1.258666534E-1
1.105304408E1,4.824829753E-3,-5.641878396E-2,1.097629666E-1,1.235081658E-1
1.106306008E1,5.738979205E-3,-4.983318970E-2,1.101348475E-1,1.210205243E-1
1.107307608E1,6.169612519E-3,-4.460167512E-2,1.125418171E-1,1.212148264E-1
1.108309208E1,5.359351169E-3,-3.963487968E-2,1.089620292E-1,1.160705395E-1
1.109310808E1,8.539963514E-3,-3.305660561E-2,1.052407995E-1,1.106403906E-1
1.110312408E1,8.054547943E-3,-2.661281824E-2,1.036441624E-1,1.073090408E-1
1.111314008E1,9.690261446E-3,-1.806193963E-2,9.878628701E-2,1.008903629E-1
1.112315608E1,1.078225859E-2,-1.455069426E-2,9.351224452E-2,9.524977522E-2
1.113317308E1,1.082540210E-2,-7.676542737E-3,8.900724351E-2,8.999115533E-2
1.114318908E1,1.069148164E-2,-3.940996714E-3,8.553043008E-2,8.628611536E-2
1.115320508E1,1.009413414E-2,5.372609012E-3,7.902513444E-2,7.984815806E-2
1.116322108E1,1.154702809E-2,9.635266848E-3,7.577478886E-2,7.725277245E-2
1.117323708E1,1.068256609E-2,1.724791527E-2,6.730460376E-2,7.029592795E-2
1.118325308E1,8.833127096E-3,2.038085461E-2,6.100804731E-2,6.492599792E-2
1.119326908E1,8.114873432E-3,2.646644413E-2,5.092931539E-2,5.796653346E-2
1.120328508E1,1.110200305E-2,3.067636862E-2,4.243246093E-2,5.352389938E-2
1.121330108E1,7.809802890E-3,3.743813187E-2,3.621850535E-2,5.267244886E-2
1.122331808E1,7.722094655E-3,4.391986877E-2,2.630356140E-2,5.177318766E-2
1.123333408E1,3.818965983E-3,5.183745176E-2,1.540617459E-2,5.421306227E-2
1.124335008E1,6.102920976E-3,5.552866310E-2,8.936453611E-3,5.657330000E-2
1.125336608E1,5.790532101E-3,5.997534096E-2,-5.169697106E-4,6.025644400E-2
1.126338208E1,4.795218352E-3,6.459079683E-2,-1.058958471E-2,6.562853387E-2
1.127339808E1,3.740340006E-3,7.021752000E-2,-1.996657625E-2,7.309688383E-2
1.128341408E1,4.697264638E-3,7.324333489E-2,-2.790328860E-2,7.851906721E-2
1.129343008E1,6.418031408E-4,7.975609601E-2,-3.826618195E-2,8.846325476E-2
1.130344708E1,5.092540290E-3,8.342567086E-2,-4.524382204E-2,9.504093833E-2
1.131346308E1,3.077859059E-3,8.782068640E-2,-5.651272088E-2,1.044779106E-1
1.132347908E1,3.001823789E-3,9.295333177E-2,-6.315919012E-2,1.124207104E-1
1.133349508E1,2.904618625E-3,9.991536289E-2,-7.004719228E-2,1.220578785E-1
1.134351108E1,4.293592181E-3,1.043234915E-1,-7.924732566E-2,1.310799925E-1
1.135352708E1,4.841937218E-3,1.069118232E-1,-8.725944161E-2,1.380861776E-1
1.136354296E1,3.515365534E-3,1.093183234E-1,-9.418476373E-2,1.443385719E-1
1.137355896E1,4.337749910E-3,1.142960340E-1,-9.967593849E-2,1.517158270E-1
1.138357596E1,7.923950441E-3,1.183098778E-1,-1.042116359E-1,1.578609554E-1
1.139359196E1,6.147355773E-3,1.227586940E-1,-1.072548330E-1,1.631290475E-1
1.140360796E1,5.463937763E-3,1.281442046E-1,-1.123055592E-1,1.704797068E-1
1.141362396E1,7.209639996E-3,1.284475327E-1,-1.166233495E-1,1.736426019E-1
1.142363996E1,6.838435307E-3,1.321691722E-1,-1.185698807E-1,1.776915048E-1
1.143365596E1,1.076153759E-2,1.366536617E-1,-1.201374158E-1,1.822718646E-1
1.144367196E1,9.725086391E-3,1.380909085E-1,-1.211536378E-1,1.839616272E-1
1.145368796E1,1.235229522E-2,1.407937557E-1,-1.238133460E-1,1.878967948E-1
1.146370496E1,1.185136568E-2,1.471289396E-1,-1.236843765E-1,1.925751924E-1
1.147372096E1,1.394647453E-2,1.480061859E-1,-1.214672923E-1,1.919756191E-1
1.148373696E1,1.546402462E-2,1.513860226E-1,-1.230239645E-1,1.956828038E-1
1.149375296E1,1.755327359E-2,1.476687789E-1,-1.184976622E-1,1.901470001E-1
1.150376896E1,1.694045030E-2,1.523928940E-1,-1.174613237E-1,1.931521048E-1
1.151378496E1,1.607465744E-2,1.558248997E-1,-1.143366396E-1,1.939398390E-1
1.152380096E1,1.971297711E-2,1.583207548E-1,-1.087266877E-1,1.930687843E-1
1.153381696E1,2.092178538E-2,1.582453847E-1,-1.054885536E-1,1.913299711E-1
1.154383296E1,1.839378849E-2,1.601942778E-1,-9.867827594E-2,1.890448101E-1
1.155384996E1,2.093497664E-2,1.607237160E-1,-9.064165503E-2,1.857048620E-1
1.156386596E1,1.930676028E-2,1.614509076E-1,-8.476489037E-2,1.833691173E-1
1.157388196E1,2.210734040E-2,1.614181548E-1,-7.806677371E-2,1.806626037E-1
1.158389796E1,2.202596143E-2,1.630918682E-1,-6.968565285E-2,1.787181878E-1
1.159391396E1,2.138707042E-2,1.651254594E-1,-6.367117167E-2,1.782634069E-1
1.160392996E1,1.873837598E-2,1.645359695E-1,-5.625268072E-2,1.748930418E-1
1.161394596E1,1.770054176E-2,1.609849036E-1,-4.548871890E-2,1.682220910E-1
1.162396196E1,2.004319802E-2,1.619388610E-1,-3.517531604E-2,1.669228185E-1
1.163397896E1,1.727990247E-2,1.601289809E-1,-2.755707875E-2,1.633991375E-1
1.164399496E1,1.890001632E-2,1.607957631E-1,-1.795623265E-2,1.628954092E-1
1.165401096E1,1.457104739E-2,1.608215868E-1,-9.273795411E-3,1.617464111E-1
1.166402696E1,1.463512890E-2,1.586350054E-1,-1.089978497E-3,1.593123974E-1
1.167404296E1,1.470516995E-2,1.545973867E-1,1.118772663E-2,1.556976533E-1
1.168405896E1,1.285261102E-2,1.540487707E-1,2.116754651E-2,1.560265310E-1
1.169407496E1,1.137402467E-2,1.521057338E-1,3.074160963E-2,1.555974590E-1
1.170409096E1,9.699089453E-3,1.477513909E-1,3.897059709E-2,1.531118980E-1
1.171410796E1,5.383970216E-3,1.462043673E-1,4.719177261E-2,1.537262748E-1
1.172412396E1,5.358281545E-3,1.422530413E-1,5.556027591E-2,1.528122482E-1
1.173413996E1,1.714278595E-3,1.417039037E-1,6.574926525E-2,1.562238809E-1
1.174415596E1,1.037732698E-3,1.347981989E-1,7.443641126E-2,1.539883458E-1
1.175417196E1,2.030981123E-4,1.331877708E-1,8.120776713E-2,1.559927081E-1
1.176418796E1,-2.258021617E-3,1.280994713E-1,8.635085076E-2,1.545025652E-1
1.177420396E1,-4.722510930E-3,1.261910498E-1,9.089953452E-2,1.555930864E-1
1.178421996E1,-6.246842444E-3,1.203446090E-1,9.835489839E-2,1.555491369E-1
1.179423696E1,-6.359227933E-3,1.137101352E-1,1.040876135E-1,1.542876078E-1
1.180425296E1,-8.039365523E-3,1.080937386E-1,1.107407659E-1,1.549593655E-1
1.181426896E1,-1.076883916E-2,1.045698375E-1,1.143799797E-1,1.553499229E-1
1.182428496E1,-1.263496652E-2,9.762731194E-2,1.171171293E-1,1.529939750E-1
1.183430096E1,-1.554686669E-2,9.471274912E-2,1.185325980E-1,1.525194634E-1
1.184431696E1,-1.529812813E-2,8.790650964E-2,1.217648834E-1,1.509578550E-1
1.185433296E1,-1.589867100E-2,8.165472746E-2,1.234187037E-1,1.488369533E-1
1.186434896E1,-1.640059613E-2,7.607009262E-2,1.227619126E-1,1.453482912E-1
1.187436596E1,-1.880702749E-2,6.979008764E-2,1.225437969E-1,1.422720731E-1
1.188438196E1,-1.984975673E-2,6.414832175E-2,1.218374446E-1,1.391164366E-1
1.189439796E1,-1.947664842E-2,5.962307751E-2,1.220933795E-1,1.372626844E-1
1.190441396E1,-2.072121389E-2,5.148211867E-2,1.212330461E-1,1.333312743E-1
1.191442996E1,-2.175025828E-2,4.365695268E-2,1.146691516E-1,1.246114665E-1
1.192444596E1,-2.048279159E-2,4.059372097E-2,1.088779718E-1,1.179907101E-1
1.193446196E1,-2.151423320E-2,3.304100037E-2,1.047410145E-1,1.119162636E-1
1.194447796E1,-2.143078111E-2,2.465462685E-2,1.039943248E-1,1.090043513E-1
1.195449496E1,-2.133836970E-2,1.679723710E-2,9.705518931E-2,1.007828506E-1
1.196451096E1,-1.920243539E-2,1.221127994E-2,9.252189100E-2,9.527932198E-2
1.197452696E1,-2.153989114E-2,4.386380315E-3,8.318378776E-2,8.603923401E-2
1.198454296E1,-1.560985856E-2,-3.066136502E-3,7.799813896E-2,7.960388533E-2
1.199455896E1,-1.703411900E-2,-9.755730629E-3,7.165608555E-2,7.429623198E-2
1.200457496E1,-1.617337577E-2,-1.560396794E-2,5.967778713E-2,6.376911616E-2
1.201459096E1,-1.197596733E-2,-2.434685826E-2,5.482311174E-2,6.116998350E-2
1.202460796E1,-1.274288725E-2,-3.180258349E-2,4.445533827E-2,5.612541842E-2
1.203462396E1,-1.209014654E-2,-3.966929764E-2,3.455290571E-2,5.397895989E-2
1.204463996E1,-1.083537750E-2,-4.440992326E-2,2.644103579E-2,5.280885402E-2
1.205465596E1,-8.400982246E-3,-5.055116862E-2,1.999192499E-2,5.500612890E-2
1.206467196E1,-7.179501932E-3,-5.871289223E-2,8.858166635E-3,5.980983263E-2
1.207468796E1,-7.699883543E-3,-6.126552820E-2,7.850597613E-4,6.175248555E-2
1.208470396E1,-5.549243651E-3,-7.005588710E-2,-8.309382945E-3,7.076487312E-2
1.209471996E1,-3.159323009E-3,-7.404210418E-2,-1.904192008E-2,7.651672519E-2
1.210473696E1,-5.235149292E-4,-8.100295067E-2,-2.657043934E-2,8.525104299E-2
1.211475296E1,-2.326208632E-3,-8.677642047E-2,-3.601267561E-2,9.398122792E-2
1.212476896E1,-1.953079016E-3,-9.293937683E-2,-4.120942950E-2,1.016846073E-1
1.213478496E1,-8.752977592E-4,-9.828567505E-2,-5.193237960E-2,1.111656967E-1
1.214480096E1,2.492986852E-3,-1.062965915E-1,-5.885125697E-2,1.215263378E-1
1.215481696E1,3.898070659E-3,-1.085549518E-1,-6.561888009E-2,1.269063038E-1
1.216483296E1,1.973240636E-3,-1.126110703E-1,-7.225779444E-2,1.338145571E-1
1.217484896E1,2.604143694E-3,-1.181539074E-1,-8.033249527E-2,1.429000951E-1
1.218486596E1,8.352398290E-4,-1.240387708E-1,-8.624142408E-2,1.510758006E-1
1.219488196E1,2.811571816E-3,-1.276556104E-1,-9.017997235E-2,1.563211029E-1
1.220489796E1,2.227779012E-3,-1.353765726E-1,-9.430195391E-2,1.649989028E-1
1.221491396E1,3.795315744E-3,-1.376245469E-1,-9.981176257E-2,1.700508991E-1
1.222492996E1,3.682906972E-3,-1.417119652E-1,-1.033754423E-1,1.754489298E-1
1.223494596E1,1.132131205E-3,-1.411489844E-1,-1.051821336E-1,1.760329479E-1
1.224496196E1,2.005965449E-3,-1.474554241E-1,-1.089970693E-1,1.833779897E-1
1.225497796E1,-6.388197653E-4,-1.512200534E-1,-1.096668541E-1,1.868013157E-1
1.226499496E1,-7.424267824E-4,-1.544534713E-1,-1.109100878E-1,1.901511861E-1
1.227501096E1,-4.806380603E-4,-1.576713622E-1,-1.123607084E-1,1.936115137E-1
1.228502696E1,-8.311512065E-4,-1.575263590E-1,-1.080857739E-1,1.910439193E-1
1.229504296E1,-2.634910168E-3,-1.618201733E-1,-1.046167389E-1,1.927105946E-1
1.230505896E1,-1.007738407E-3,-1.639335155E-1,-1.045644134E-1,1.944451841E-1
1.231507496E1,-4.002463073E-3,-1.660432667E-1,-1.032152548E-1,1.955499295E-1
1.232509096E1,-5.959241651E-3,-1.654840708E-1,-9.937110543E-2,1.931194108E-1
1.233510696E1,-7.988037542E-3,-1.683227420E-1,-9.587676823E-2,1.938780774E-1
1.234512396E1,-8.367451839E-3,-1.716868430E-1,-9.042319655E-2,1.942234301E-1
1.235513996E1,-9.153351188E-3,-1.696508527E-1,-8.460205793E-2,1.897964801E-1
1.236515617E1,-9.070294909E-3,-1.693827510E-1,-7.941146195E-2,1.872937983E-1
1.237517217E1,-1.325065829E-2,-1.705074012E-1,-7.279404998E-2,1.858691140E-1
1.238518817E1,-1.166443806E-2,-1.683751345E-1,-6.817241758E-2,1.820267111E-1
1.239520417E1,-1.450123731E-2,-1.682949662E-1,-5.891287699E-2,1.788972012E-1
1.240522017E1,-1.415857207E-2,-1.670291871E-1,-5.135424063E-2,1.753182036E-1
1.241523717E1,-1.269995887E-2,-1.644283384E-1,-4.407821968E-2,1.707069327E-1
1.242525317E1,-1.322521362E-2,-1.657533795E-1,-3.461598232E-2,1.698450921E-1
1.243526917E1,-1.163104549E-2,-1.642753333E-1,-2.739295363E-2,1.669492146E-1
1.244528517E1,-1.594115607E-2,-1.643831283E-1,-1.946263574E-2,1.662971061E-1
1.245530117E1,-1.359917223E-2,-1.606978476E-1,-8.163642138E-3,1.614787316E-1
1.246531717E1,-1.229757350E-2,-1.586989313E-1,5.200074520E-4,1.591755368E-1
1.247533317E1,-1.349093672E-2,-1.537222862E-1,9.481278248E-3,1.546041438E-1
1.248534917E1,-1.377259661E-2,-1.493729502E-1,1.640664227E-2,1.509010954E-1
1.249536617E1,-1.475583576E-2,-1.486176699E-1,2.425763942E-2,1.513055834E-1
1.250538217E1,-1.171137672E-2,-1.484467685E-1,3.083388135E-2,1.520668526E-1
1.251539817E1,-1.138247643E-2,-1.427864730E-1,4.122926295E-2,1.490549891E-1
1.252541417E1,-1.042767335E-2,-1.375871897E-1,4.856903851E-2,1.462802879E-1
1.253543017E1,-9.924336337E-3,-1.353482753E-1,5.534492061E-2,1.465629841E-1
1.254544617E1,-8.853247389E-3,-1.307663769E-1,6.197282299E-2,1.449788126E-1
1.255546217E1,-7.632987108E-3,-1.280787140E-1,7.068961859E-2,1.464904149E-1
1.256547917E1,-8.434126154E-3,-1.234304309E-1,7.680679113E-2,1.456210456E-1
1.257549517E1,-6.620780099E-3,-1.196596548E-1,8.241754025E-2,1.454473054E-1
1.258551117E1,-5.846272223E-3,-1.117817685E-1,8.813625574E-2,1.424687413E-1
1.259552717E1,-5.873281043E-4,-1.084962264E-1,9.396031499E-2,1.435281049E-1
1.260554317E1,-2.927413443E-3,-1.032542512E-1,9.741061926E-2,1.419818259E-1
1.261555917E1,-2.785733202E-3,-9.791354835E-2,1.012306586E-1,1.408633008E-1
1.262557517E1,5.026217550E-4,-9.548589587E-2,1.030801013E-1,1.405109114E-1
1.263559117E1,-4.547846038E-4,-8.895102888E-2,1.039051488E-1,1.367800143E-1
1.264560817E1,1.332364627E-3,-8.203824610E-2,1.047508568E-1,1.330593515E-1
1.265562417E1,2.842909424E-3,-7.794550061E-2,1.096534729E-1,1.345639897E-1
1.266564017E1,3.932090476E-3,-6.870958954E-2,1.084299833E-1,1.284271400E-1
1.267565617E1,3.516371362E-3,-6.459340453E-2,1.088294536E-1,1.266038023E-1
1.268567217E1,6.428881548E-3,-5.902514607E-2,1.039545089E-1,1.197156561E-1
1.269568817E1,6.856585853E-3,-5.480909720E-2,1.014913544E-1,1.155488854E-1
1.270570417E1,8.090505376E-3,-4.554854333E-2,1.017767265E-1,1.117972636E-1
1.271572117E1,7.293688133E-3,-4.264063388E-2,9.758410603E-2,1.067430527E-1
1.272573717E1,5.843441468E-3,-3.567387536E-2,9.247684479E-2,9.929117792E-2
1.273575317E1,7.304185070E-3,-3.112093732E-2,8.774467558E-2,9.338625140E-2
1.274576917E1,6.156740244E-3,-2.652891725E-2,8.383715898E-2,8.814963486E-2
1.275578517E1,5.344476085E-3,-1.771705039E-2,7.868634164E-2,8.083314704E-2
1.276580117E1,7.848019712E-3,-1.448644046E-2,7.221564651E-2,7.407123578E-2
1.277581717E1,7.112720981E-3,-9.709527716E-3,6.735111773E-2,6.841811739E-2
1.278583317E1,8.527153172E-3,-8.166888729E-4,5.811431631E-2,5.874225977E-2
1.279585017E1,6.181174424E-3,1.286941580E-3,5.136613548E-2,5.175271017E-2
1.280586617E1,5.917028990E-3,8.351586759E-3,4.326524958E-2,4.445944281E-2
1.281588217E1,7.343417965E-3,1.487366855E-2,3.465977684E-2,3.842462666E-2
1.282589817E1,6.343471818E-3,1.949490793E-2,2.821328864E-2,3.487521649E-2
1.283591417E1,8.162410930E-3,2.413653024E-2,2.000888810E-2,3.239679995E-2
1.284593017E1,7.623808458E-3,3.066427261E-2,1.096624695E-2,3.344665367E-2
1.285594617E1,3.780867672E-3,3.807824478E-2,9.642129298E-4,3.827763567E-2
1.286596317E1,4.690857604E-3,3.987548873E-2,-6.768400781E-3,4.071694973E-2
1.287597917E1,4.960635677E-3,4.822742566E-2,-1.710918918E-2,5.141222468E-2
1.288599517E1,5.222547799E-3,5.097080767E-2,-2.490692027E-2,5.697063206E-2
1.289601117E1,5.221216008E-3,5.791153759E-2,-3.341785073E-2,6.706534150E-2
1.290602717E1,4.847249016E-3,6.302268058E-2,-4.574279860E-2,7.802408419E-2
1.291604317E1,2.817654051E-3,6.542831659E-2,-5.129149556E-2,8.318426115E-2
1.292605917E1,5.241234787E-3,7.143919915E-2,-5.962258205E-2,9.319807942E-2
1.293607617E1,2.853177954E-3,7.760388404E-2,-6.665492803E-2,1.023395470E-1
1.294609217E1,3.651101608E-3,8.139391243E-2,-7.224284858E-2,1.088913619E-1
1.295610817E1,2.876654500E-3,8.811946213E-2,-8.244674653E-2,1.207094891E-1
1.296612417E1,2.738233656E-3,9.228656441E-2,-8.752577007E-2,1.272205499E-1
1.297614017E1,5.560651422E-3,9.635081142E-2,-9.191545844E-2,1.332773469E-1
1.298615617E1,5.947076250E-3,1.011783257E-1,-9.841543436E-2,1.412728531E-1
1.299617217E1,6.233898457E-3,1.050811857E-1,-1.036813036E-1,1.477522581E-1
1.300618917E1,5.604074802E-3,1.119016632E-1,-1.107790321E-1,1.575607243E-1
1.301620517E1,4.920175299E-3,1.139802709E-1,-1.116874367E-1,1.596552342E-1
1.302622117E1,4.475628026E-3,1.176031679E-1,-1.162687764E-1,1.654356815E-1
1.303623717E1,6.999505684E-3,1.199560761E-1,-1.171121970E-1,1.677907029E-1
1.304625317E1,7.269504946E-3,1.237978041E-1,-1.185878366E-1,1.715861795E-1
1.305626917E1,8.742499165E-3,1.266535074E-1,-1.191865131E-1,1.741349107E-1
1.306628517E1,8.603950031E-3,1.317262501E-1,-1.200796366E-1,1.784515397E-1
1.307630217E1,1.154194959E-2,1.351383030E-1,-1.195941418E-1,1.808268130E-1
1.308631817E1,1.303466409E-2,1.378990561E-1,-1.160064712E-1,1.806752709E-1
1.309633417E1,1.302507613E-2,1.387826949E-1,-1.167039499E-1,1.817968672E-1
1.310635017E1,1.566324197E-2,1.450441182E-1,-1.125987694E-1,1.842867771E-1
1.311636617E1,1.342965011E-2,1.446853876E-1,-1.111558750E-1,1.829476577E-1
1.312638217E1,1.430380344E-2,1.500440687E-1,-1.074659824E-1,1.851128270E-1
1.313639817E1,1.905727945E-2,1.519559473E-1,-1.058281362E-1,1.861541948E-1
1.314641517E1,1.855368167E-2,1.502004564E-1,-9.519753605E-2,1.787931404E-1
1.315643117E1,2.013000846E-2,1.567816585E-1,-9.321747720E-2,1.835080482E-1
1.316644717E1,2.029702254E-2,1.568969935E-1,-8.470188826E-2,1.794520704E-1
1.317646317E1,1.803600043E-2,1.596911848E-1,-8.031539619E-2,1.796583832E-1
1.318647917E1,2.197726257E-2,1.603898853E-1,-7.072990388E-2,1.766653183E-1
1.319649517E1,1.875323988E-2,1.622817814E-1,-6.363470852E-2,1.753181015E-1
1.320651117E1,1.901765540E-2,1.618392169E-1,-5.660189688E-2,1.725032698E-1
1.321652817E1,1.897664368E-2,1.590572745E-1,-4.786486551E-2,1.671836562E-1
1.322654417E1,2.005463280E-2,1.640328467E-1,-3.976523131E-2,1.699712820E-1
1.323656017E1,1.786098629E-2,1.644794643E-1,-2.991020493E-2,1.681283122E-1
1.324657617E1,1.906755194E-2,1.619862318E-1,-2.263518423E-2,1.646677333E-1
1.325659217E1,1.585604623E-2,1.633335203E-1,-1.204512361E-2,1.645428153E-1
1.326660817E1,1.668067463E-2,1.594088078E-1,-2.006668597E-3,1.602917328E-1
1.327662417E1,1.640956476E-2,1.584008038E-1,6.574036554E-3,1.593841473E-1
1.328664117E1,1.454826817E-2,1.605255604E-1,1.460009441E-2,1.618433514E-1
1.329665717E1,1.583457552E-2,1.590632200E-1,2.411397174E-2,1.616580508E-1
1.330667317E1,1.119344030E-2,1.585291773E-1,3.271392733E-2,1.622559528E-1
1.331668917E1,8.618695661E-3,1.547293812E-1,4.163312167E-2,1.604642644E-1
1.332670517E1,8.398471400E-3,1.528043598E-1,5.029869825E-2,1.610889994E-1
1.333672117E1,8.318309672E-3,1.481896341E-1,5.868286267E-2,1.596027578E-1
1.334673717E1,3.352504224E-3,1.472690701E-1,6.738977879E-2,1.619901250E-1
1.335675417E1,5.033757538E-3,1.430428922E-1,7.533345371E-2,1.617459025E-1
1.336676946E1,1.042365679E-3,1.411669701E-1,8.149288595E-2,1.630039584E-1
1.337678546E1,-5.352909211E-4,1.371338814E-1,8.709191531E-2,1.624530384E-1
1.338680146E1,-4.445973318E-3,1.345178485E-1,9.211041033E-2,1.630924460E-1
1.339681746E1,-3.897628281E-3,1.288421154E-1,9.761862457E-2,1.616937787E-1
1.340683346E1,-6.689961068E-3,1.254477948E-1,1.019725129E-1,1.618032700E-1
1.341684946E1,-6.030295976E-3,1.194279939E-1,1.065797806E-1,1.601832071E-1
1.342686646E1,-7.613589056E-3,1.166126877E-1,1.115876585E-1,1.615806028E-1
1.343688246E1,-1.022455189E-2,1.121769249E-1,1.137980819E-1,1.601193536E-1
1.344689846E1,-1.146267075E-2,1.064602062E-1,1.151850894E-1,1.572665672E-1
1.345691446E1,-1.284884568E-2,1.006704941E-1,1.166325212E-1,1.546052593E-1
1.346693046E1,-1.305139810E-2,9.701402485E-2,1.199955493E-1,1.548579732E-1
1.347694646E1,-1.478138752E-2,8.941016346E-2,1.193614528E-1,1.498660173E-1
1.348696346E1,-1.854247041E-2,8.539999276E-2,1.171414107E-1,1.461475011E-1
1.349697946E1,-1.884181052E-2,7.807177305E-2,1.164327487E-1,1.414453978E-1
1.350699546E1,-1.867433824E-2,7.439978421E-2,1.119401231E-1,1.357005894E-1
1.351701146E1,-1.908446476E-2,6.796798855E-2,1.127025858E-1,1.329877329E-1
1.352702746E1,-1.628676988E-2,5.876258388E-2,1.097631752E-1,1.255637479E-1
1.353704346E1,-1.713045873E-2,5.135127530E-2,1.081743315E-1,1.209631848E-1
1.354705946E1,-1.693955623E-2,5.098580569E-2,1.003215462E-1,1.138020807E-1
1.355707646E1,-1.712837443E-2,4.022130743E-2,9.638193250E-2,1.058329424E-1
1.356709246E1,-1.680358127E-2,3.465158492E-2,8.811954409E-2,9.616728514E-2
1.357710846E1,-1.559370756E-2,3.034951538E-2,8.225127310E-2,8.904790130E-2
1.358712446E1,-1.656660810E-2,2.199104056E-2,7.609112561E-2,8.091920517E-2
1.359714046E1,-1.920153946E-2,1.479385048E-2,7.043536752E-2,7.448958402E-2
1.360715646E1,-1.067463588E-2,8.298603818E-3,6.440245360E-2,6.580646402E-2
1.361717246E1,-1.475806069E-2,5.503617227E-3,5.665265396E-2,5.880147412E-2
1.362718946E1,-1.303936448E-2,-5.458414555E-3,4.866702855E-2,5.067838773E-2
1.363720546E1,-1.051655225E-2,-1.348891109E-2,3.891479969E-2,4.250776669E-2
1.364722146E1,-9.476221167E-3,-1.753263734E-2,3.307685256E-2,3.861696926E-2
1.365723746E1,-8.994455449E-3,-2.840898558E-2,2.414860576E-2,3.835525845E-2
1.366725346E1,-8.522008546E-3,-3.221618384E-2,1.204752363E-2,3.543515143E-2
1.367726946E1,-6.273767911E-3,-3.678776696E-2,2.929658629E-3,3.743371290E-2
1.368728646E1,-6.232807878E-3,-4.399794340E-2,-3.332540393E-3,4.456201009E-2
1.369730246E1,-4.168857820E-3,-5.416615680E-2,-1.205785573E-2,5.564839443E-2
1.370731846E1,-4.022858106E-3,-5.759705603E-2,-2.289729752E-2,6.211191902E-2
1.371733446E1,-2.795939799E-3,-6.655193865E-2,-2.915306389E-2,7.271092732E-2
1.372735046E1,1.079591806E-3,-6.884782761E-2,-3.427435085E-2,7.691501812E-2
1.373736646E1,7.546861889E-4,-7.523249090E-2,-4.495868832E-2,8.764576940E-2
1.374738246E1,4.112462630E-4,-8.046167344E-2,-5.334164575E-2,9.653797795E-2
1.375739946E1,-5.530843628E-4,-8.821440488E-2,-5.891564116E-2,1.060808178E-1
1.376741546E1,1.741278335E-3,-9.311986715E-2,-6.592674553E-2,1.141081832E-1
1.377743146E1,4.661967047E-3,-1.008712575E-1,-7.257319987E-2,1.243527799E-1
1.378744746E1,2.904395340E-3,-1.044677570E-1,-7.706777751E-2,1.298514155E-1
1.379746346E1,3.275640076E-3,-1.095216349E-1,-8.066197485E-2,1.360590773E-1
1.380747946E1,3.188707866E-3,-1.116330326E-1,-8.807593584E-2,1.422303494E-1
1.381749646E1,5.393006373E-3,-1.213053763E-1,-8.867354691E-2,1.503564989E-1
1.382751246E1,1.996731851E-3,-1.241770685E-1,-9.685308486E-2,1.574942898E-1
1.383752846E1,2.301131142E-3,-1.281747371E-1,-9.867229313E-2,1.617723087E-1
1.384754446E1,3.594892798E-3,-1.339639723E-1,-1.009613350E-1,1.677869491E-1
1.385756046E1,2.371969167E-3,-1.333940625E-1,-1.017032936E-1,1.677592385E-1
1.386757646E1,5.807979964E-3,-1.379384696E-1,-1.007853001E-1,1.709339953E-1
1.387759346E1,-2.248792298E-4,-1.405630261E-1,-9.988036007E-2,1.724357886E-1
1.388760946E1,-1.000232878E-3,-1.441952437E-1,-1.049351767E-1,1.783386107E-1
1.389762546E1,-3.463923000E-3,-1.492520422E-1,-1.043506116E-1,1.821461528E-1
1.390764146E1,-8.292055572E-4,-1.550269723E-1,-1.023441926E-1,1.857643224E-1
1.391765746E1,-6.752748741E-4,-1.557031423E-1,-9.853134304E-2,1.842616348E-1
1.392767346E1,-4.108142573E-3,-1.574623585E-1,-9.319974482E-2,1.830231231E-1
1.393768946E1,-3.817591816E-3,-1.582096368E-1,-9.039650112E-2,1.822536436E-1
1.394770646E1,-4.534353502E-3,-1.597863138E-1,-8.576209843E-2,1.814038697E-1
1.395772246E1,-7.386599202E-3,-1.609794050E-1,-8.028104156E-2,1.800388190E-1
1.396773846E1,-8.416763507E-3,-1.642409712E-1,-7.755779475E-2,1.818272533E-1
1.397775446E1,-1.096540876E-2,-1.631440222E-1,-7.142665982E-2,1.784320036E-1
1.398777046E1,-9.504132904E-3,-1.635910124E-1,-6.492066383E-2,1.762584479E-1
1.399778646E1,-1.048790477E-2,-1.644775867E-1,-5.998556316E-2,1.753885415E-1
1.400780346E1,-1.260873955E-2,-1.644006222E-1,-5.520899594E-2,1.738809309E-1
1.401781946E1,-1.065930538E-2,-1.687026918E-1,-4.356831685E-2,1.745635049E-1
1.402783546E1,-1.361504011E-2,-1.658707112E-1,-3.670489043E-2,1.704280233E-1
1.403785146E1,-1.335538179E-2,-1.628853083E-1,-2.714680694E-2,1.656711773E-1
1.404786746E1,-1.524399128E-2,-1.610485166E-1,-2.054698020E-2,1.630680299E-1
1.405788346E1,-1.600219309E-2,-1.632259041E-1,-1.120461151E-2,1.643907214E-1
1.406790046E1,-1.341615710E-2,-1.598864943E-1,-5.747760646E-3,1.605513036E-1
1.407791646E1,-1.649024338E-2,-1.582683474E-1,4.818863701E-3,1.591980507E-1
1.408793246E1,-1.407123730E-2,-1.577494889E-1,1.353506930E-2,1.589531349E-1
1.409794846E1,-1.442996506E-2,-1.557736844E-1,2.124225721E-2,1.578762114E-1
1.410796446E1,-1.349120401E-2,-1.550974846E-1,2.815048397E-2,1.582077497E-1
1.411798046E1,-1.249917690E-2,-1.513826400E-1,3.718126193E-2,1.563821580E-1
1.412799746E1,-1.173314266E-2,-1.472243816E-1,4.509344324E-2,1.544218371E-1
1.413801346E1,-1.141169854E-2,-1.449079663E-1,5.351462215E-2,1.548946750E-1
1.414802946E1,-1.326899044E-2,-1.408384144E-1,5.700949207E-2,1.525175638E-1
1.415804546E1,-1.151902694E-2,-1.383885741E-1,6.349775195E-2,1.526959395E-1
1.416806146E1,-1.013445016E-2,-1.356918067E-1,6.958259642E-2,1.528290260E-1
1.417807746E1,-9.791169316E-3,-1.298762560E-1,7.632385194E-2,1.509603896E-1
1.418809446E1,-7.260898128E-3,-1.270136833E-1,8.148900419E-2,1.510816144E-1
1.419811046E1,-4.708524793E-3,-1.245175079E-1,8.601637930E-2,1.514120123E-1
1.420812646E1,-4.874334205E-3,-1.204161942E-1,8.879163116E-2,1.496922601E-1
1.421814246E1,-3.730506403E-3,-1.136714742E-1,9.406309575E-2,1.475906050E-1
1.422815846E1,-1.426605508E-3,-1.111770049E-1,9.791392088E-2,1.481536281E-1
1.423817446E1,-3.927313723E-3,-1.040162966E-1,1.035041660E-1,1.467921187E-1
1.424819146E1,-1.880752679E-4,-1.010646448E-1,1.023772433E-1,1.438582557E-1
1.425820746E1,-1.668526558E-3,-9.745765477E-2,1.017005295E-1,1.408679387E-1
1.426822346E1,2.737673465E-3,-9.254439175E-2,1.010046452E-1,1.370178735E-1
1.427823946E1,1.310485415E-3,-8.399191499E-2,9.835933149E-2,1.293480469E-1
1.428825546E1,3.022951540E-3,-7.843742520E-2,9.843820333E-2,1.259033271E-1
1.429827146E1,4.522311036E-3,-7.389646769E-2,1.004038826E-1,1.247480616E-1
1.430828846E1,2.547577256E-3,-6.854990870E-2,9.594149143E-2,1.179421464E-1
1.431830446E1,6.272274069E-3,-6.195112690E-2,9.286474437E-2,1.118085162E-1
1.432832046E1,6.184015889E-3,-5.842757970E-2,9.065214545E-2,1.080270133E-1
1.433833646E1,5.996529479E-3,-5.518118665E-2,8.568055928E-2,1.020885888E-1
1.434835246E1,8.547893725E-3,-4.688215256E-2,8.372174948E-2,9.633449046E-2
1.435836846E1,6.272488739E-3,-4.141042382E-2,7.652135938E-2,8.723351281E-2
1.436838517E1,5.813783966E-3,-3.833828121E-2,7.453406602E-2,8.401756297E-2
1.437840117E1,4.832941573E-3,-3.011230938E-2,6.445853412E-2,7.130926393E-2
1.438841717E1,5.793974269E-3,-2.520867251E-2,5.731197819E-2,6.287853490E-2
1.439843317E1,8.731175214E-3,-1.918593422E-2,5.170255899E-2,5.583447053E-2
1.440844917E1,8.677375503E-3,-1.441769674E-2,4.402955621E-2,4.713564093E-2
1.441846517E1,5.169459153E-3,-5.950708874E-3,3.939832002E-2,4.017912224E-2
1.442848217E1,5.916267168E-3,-2.781724557E-3,2.912458964E-2,2.984932043E-2
1.443849817E1,3.314891597E-3,2.380280755E-3,2.247600816E-2,2.284349329E-2
1.444851417E1,4.791560583E-3,9.659031406E-3,1.415065676E-2,1.779036333E-2
1.445853017E1,4.615525249E-3,1.490332745E-2,1.776811434E-3,1.570252532E-2
1.446854617E1,3.583069425E-3,1.953375712E-2,-4.067670088E-3,2.027195091E-2
1.447856317E1,4.968179390E-3,2.460095286E-2,-1.117325015E-2,2.747237171E-2
1.448857917E1,4.960303195E-3,2.939094231E-2,-2.217211202E-2,3.714881760E-2
1.449859517E1,4.168279469E-3,3.440035135E-2,-2.895971015E-2,4.515997718E-2
1.450861117E1,1.233789837E-3,3.989183158E-2,-3.905241936E-2,5.583880301E-2
1.451862717E1,3.518515732E-3,4.659740627E-2,-4.647012427E-2,6.590273647E-2
1.452864317E1,3.518467769E-3,5.194259435E-2,-5.158672482E-2,7.329121981E-2
1.453866017E1,2.444148529E-3,5.382837355E-2,-5.996317044E-2,8.061668233E-2
1.454867617E1,3.275802883E-4,5.853212997E-2,-6.673740596E-2,8.876935790E-2
1.455869217E1,4.074913915E-3,6.636155397E-2,-7.379238307E-2,9.932661561E-2
1.456870817E1,3.577805823E-3,7.060709596E-2,-8.036813140E-2,1.070383073E-1
1.457872417E1,4.161571153E-3,7.346893102E-2,-8.621057123E-2,1.133457767E-1
1.458874017E1,3.454285674E-3,8.200781792E-2,-9.313869476E-2,1.241452003E-1
1.459875717E1,1.553321374E-3,8.304032683E-2,-9.769376367E-2,1.282270648E-1
1.460877317E1,3.623725148E-3,8.929777890E-2,-1.008882746E-1,1.347800751E-1
1.461878917E1,2.703869250E-3,9.451810271E-2,-1.053661108E-1,1.415733024E-1
1.462880517E1,5.202226341E-3,9.804523736E-2,-1.067963690E-1,1.450703145E-1
1.463882117E1,4.174512345E-3,1.042413488E-1,-1.093367562E-1,1.511231670E-1
1.464883817E1,6.398847792E-3,1.100934744E-1,-1.146820262E-1,1.591021228E-1
1.465885417E1,6.212159991E-3,1.113305092E-1,-1.115879640E-1,1.577496336E-1
1.466887017E1,7.542241830E-3,1.160456166E-1,-1.136277765E-1,1.625876445E-1
1.467888617E1,1.069302764E-2,1.189585850E-1,-1.144831777E-1,1.654445035E-1
1.468890217E1,8.057138883E-3,1.234176531E-1,-1.148404852E-1,1.687755066E-1
1.469891817E1,1.131045725E-2,1.275562048E-1,-1.111663878E-1,1.695773499E-1
1.470893517E1,8.500871249E-3,1.292009652E-1,-1.111617759E-1,1.706519693E-1
1.471895117E1,1.181410998E-2,1.343081146E-1,-1.090581417E-1,1.734125749E-1
1.472896717E1,1.473144442E-2,1.352776289E-1,-1.055365577E-1,1.722063220E-1
1.473898317E1,1.268400624E-2,1.415107697E-1,-1.005396694E-1,1.740528859E-1
1.474899917E1,1.080338098E-2,1.434479803E-1,-9.824406356E-2,1.742008384E-1
1.475901617E1,1.665221341E-2,1.450157911E-1,-9.077443182E-2,1.718920398E-1
1.476903217E1,1.619431563E-2,1.469146460E-1,-8.537877351E-2,1.706918394E-1
1.477904817E1,1.796824858E-2,1.487298608E-1,-7.768650353E-2,1.687561029E-1
1.478906417E1,1.737410016E-2,1.517548710E-1,-7.285877317E-2,1.692329786E-1
1.479908017E1,1.865987480E-2,1.555397660E-1,-6.477314979E-2,1.695180541E-1
1.480909617E1,1.612508111E-2,1.569309533E-1,-5.870917439E-2,1.683273878E-1
1.481911317E1,1.723162457E-2,1.556283981E-1,-4.967040569E-2,1.642689148E-1
1.482912917E1,1.850876957E-2,1.617383361E-1,-4.223468155E-2,1.681833292E-1
1.483914517E1,1.666213386E-2,1.588448137E-1,-3.383001313E-2,1.632598277E-1
1.484916117E1,1.752021350E-2,1.603914797E-1,-2.661745809E-2,1.635263701E-1
1.485917717E1,1.876470819E-2,1.624753922E-1,-1.627294160E-2,1.643629398E-1
1.486919417E1,1.743035018E-2,1.644068956E-1,-9.222004563E-3,1.655852947E-1
1.487921017E1,1.536693424E-2,1.619567871E-1,2.280454850E-3,1.627001661E-1
1.488922617E1,1.397618745E-2,1.614904404E-1,1.152176037E-2,1.625030680E-1
1.489924217E1,1.398124732E-2,1.587737501E-1,1.879751682E-2,1.604927588E-1
1.490925817E1,1.178598870E-2,1.590191871E-1,2.572825737E-2,1.615176604E-1
1.491927517E1,1.165123284E-2,1.610152274E-1,3.443492949E-2,1.650679226E-1
1.492929117E1,1.057128701E-2,1.599335670E-1,4.378986359E-2,1.661567035E-1
1.493930717E1,8.854080923E-3,1.561353654E-1,5.043764785E-2,1.643186033E-1
1.494932317E1,5.941812415E-3,1.538581699E-1,5.752072856E-2,1.643662855E-1
1.495933917E1,5.281881429E-3,1.517201811E-1,6.669424474E-2,1.658162655E-1
1.496935617E1,4.116252065E-3,1.479660273E-1,7.288040966E-2,1.649922509E-1
1.497937217E1,1.654692227E-3,1.499996185E-1,8.030157536E-2,1.701498356E-1
1.498938817E1,1.013742061E-3,1.460248828E-1,8.718230575E-2,1.700736561E-1
1.499940417E1,1.166341244E-3,1.441193968E-1,8.979326487E-2,1.698075125E-1
1.500942017E1,8.236947469E-4,1.368675381E-1,9.768754244E-2,1.681554561E-1
1.501943617E1,-4.744442645E-3,1.341218054E-1,9.759299457E-2,1.659384254E-1
1.502945317E1,-2.274530008E-3,1.275150180E-1,1.032694355E-1,1.641031066E-1
1.503946917E1,-7.088992745E-3,1.266220659E-1,1.050351113E-1,1.646686855E-1
1.504948517E1,-7.165891118E-3,1.232495308E-1,1.103810966E-1,1.656073166E-1
1.505950117E1,-9.420256130E-3,1.181040406E-1,1.086700186E-1,1.607684004E-1
1.506951717E1,-9.955244139E-3,1.116256863E-1,1.111295745E-1,1.578264333E-1
1.507953417E1,-8.947238326E-3,1.080415994E-1,1.120235994E-1,1.558920367E-1
1.508955017E1,-1.036274247E-2,1.047269255E-1,1.117712334E-1,1.535184809E-1
1.509956617E1,-1.123279706E-2,9.942324460E-2,1.103059649E-1,1.489246897E-1
1.510958217E1,-1.651295088E-2,9.199620038E-2,1.105157211E-1,1.447401225E-1
1.511959817E1,-1.341835782E-2,8.756443113E-2,1.071367040E-1,1.390174639E-1
1.512961517E1,-1.368339080E-2,8.033662289E-2,1.038657278E-1,1.320200650E-1
1.513963117E1,-1.518754382E-2,7.346539944E-2,1.041509509E-1,1.283559386E-1
1.514964717E1,-1.184606832E-2,6.881333888E-2,9.869861603E-2,1.209008757E-1
1.515966317E1,-1.503893174E-2,6.496454030E-2,9.535315633E-2,1.163562864E-1
1.516967917E1,-1.376716234E-2,5.724151433E-2,8.820718527E-2,1.060501450E-1
1.517969617E1,-1.500713080E-2,5.232824385E-2,8.597172797E-2,1.017575407E-1
1.518971217E1,-1.629718766E-2,4.650353640E-2,7.930222899E-2,9.336498672E-2
1.519972817E1,-1.567081176E-2,3.756383806E-2,7.513944060E-2,8.545496945E-2
1.520974417E1,-1.529985853E-2,3.175640106E-2,6.672205031E-2,7.546116005E-2
1.521976017E1,-1.189420838E-2,2.541195415E-2,5.998771265E-2,6.622511061E-2
1.522977717E1,-1.200212073E-2,2.034135908E-2,5.479770154E-2,5.967084619E-2
1.523979317E1,-1.149292476E-2,1.122669037E-2,4.530566186E-2,4.807004153E-2
1.524980917E1,-7.801040076E-3,3.728089854E-3,3.872867674E-2,3.968205239E-2
1.525982517E1,-7.869482972E-3,-6.823707372E-4,2.941400371E-2,3.045616533E-2
1.526984117E1,-8.438122459E-3,-8.465394378E-3,2.136987820E-2,2.448543459E-2
1.527985817E1,-4.541119095E-3,-1.529160887E-2,1.242219005E-2,2.021795910E-2
1.528987417E1,-6.418528967E-3,-1.937334985E-2,6.848514080E-3,2.152733944E-2
1.529989017E1,-7.845451124E-3,-2.738760039E-2,-2.399046440E-3,2.858998395E-2
1.530990617E1,-2.978908829E-3,-3.190813586E-2,-9.645295329E-3,3.346692029E-2
1.531992217E1,-1.239864621E-3,-4.146462306E-2,-1.984653436E-2,4.598627139E-2
1.532993917E1,-7.562359679E-5,-4.800266027E-2,-2.737306058E-2,5.525889574E-2
1.533995517E1,-3.973334387E-4,-5.198701471E-2,-3.440833092E-2,6.234373111E-2
1.534997117E1,7.651363267E-4,-5.877488106E-2,-3.954184055E-2,7.084228421E-2
1.535998717E1,9.547534864E-4,-6.719553471E-2,-4.986292124E-2,8.368071673E-2
1.537000367E1,1.067359233E-3,-7.049277425E-2,-5.631903931E-2,9.023416574E-2
1.538002067E1,9.179558838E-4,-7.730966806E-2,-6.156839430E-2,9.883468316E-2
1.539003667E1,4.122105893E-3,-8.276709914E-2,-6.678726524E-2,1.064327170E-1
1.540005267E1,2.142578363E-3,-8.886227012E-2,-7.336819917E-2,1.152561770E-1
1.541006867E1,2.482994925E-3,-9.278123081E-2,-8.034247905E-2,1.227576311E-1
1.542008467E1,3.854522714E-3,-9.701459110E-2,-8.611381054E-2,1.297777970E-1
1.543010167E1,2.464986173E-3,-1.009633318E-1,-8.715897799E-2,1.334029908E-1
1.544011767E1,7.888247259E-3,-1.107810810E-1,-9.241339564E-2,1.444815146E-1
1.545013367E1,2.535495907E-3,-1.122611463E-1,-9.291807562E-2,1.457489708E-1
1.546014967E1,2.943492029E-3,-1.185243726E-1,-9.844413400E-2,1.541036617E-1
1.547016667E1,2.404064639E-3,-1.228610203E-1,-1.017011628E-1,1.595109286E-1
1.548018267E1,1.591800596E-3,-1.259953082E-1,-1.009067371E-1,1.614296166E-1
1.549019867E1,2.641241765E-3,-1.310770214E-1,-1.004884467E-1,1.651850163E-1
1.550021467E1,-4.187303130E-4,-1.366962940E-1,-9.752061963E-2,1.679176089E-1
1.551023067E1,7.478901534E-4,-1.386115104E-1,-9.914711118E-2,1.704225918E-1
1.552024767E1,-3.747601295E-5,-1.398030072E-1,-9.559152275E-2,1.693594446E-1
1.553026367E1,-4.412874114E-3,-1.428999603E-1,-9.342972934E-2,1.707893042E-1
1.554027967E1,1.880032360E-4,-1.467421055E-1,-8.931274712E-2,1.717848878E-1
1.555029567E1,-3.786764573E-3,-1.500417590E-1,-8.646476269E-2,1.732138107E-1
1.556031167E1,-5.089316983E-3,-1.549204141E-1,-8.319173753E-2,1.759178815E-1
1.557032867E1,-6.418711506E-3,-1.552728117E-1,-7.971626520E-2,1.746583203E-1
1.558034467E1,-7.196621038E-3,-1.546051502E-1,-7.231055200E-2,1.708313781E-1
1.559036067E1,-9.744844399E-3,-1.576820463E-1,-6.596112996E-2,1.712000595E-1
1.560037667E1,-1.104153693E-2,-1.585102975E-1,-6.204149127E-2,1.705771866E-1
1.561039267E1,-9.961248375E-3,-1.598308086E-1,-5.388893187E-2,1.689648805E-1
1.562040967E1,-1.023076009E-2,-1.604068428E-1,-4.905023426E-2,1.680504364E-1
1.563042567E1,-1.383922156E-2,-1.580506563E-1,-4.160264134E-2,1.640192482E-1
1.564044167E1,-1.132280100E-2,-1.621407419E-1,-3.461956978E-2,1.661816495E-1
1.565045767E1,-1.468982361E-2,-1.630598456E-1,-2.769405209E-2,1.660459716E-1
1.566047467E1,-1.454175171E-2,-1.616073549E-1,-2.093654685E-2,1.636054360E-1
1.567049067E1,-1.709186099E-2,-1.620899588E-1,-1.150605269E-2,1.633942340E-1
1.568050667E1,-1.701276563E-2,-1.596936584E-1,-3.342665732E-3,1.606321018E-1
1.569052267E1,-1.356906630E-2,-1.593789160E-1,5.615295377E-3,1.600540221E-1
1.570053867E1,-1.560212299E-2,-1.582249701E-1,1.323593035E-2,1.595423369E-1
1.571055567E1,-1.489040256E-2,-1.569960862E-1,1.874420792E-2,1.588107065E-1
1.572057167E1,-1.366268657E-2,-1.564903557E-1,2.867913060E-2,1.596821624E-1
1.573058767E1,-1.293078344E-2,-1.533773094E-1,3.616657108E-2,1.581133298E-1
1.574060367E1,-1.141224895E-2,-1.490222514E-1,4.228091985E-2,1.553240066E-1
1.575062067E1,-1.358420122E-2,-1.476466358E-1,4.900199920E-2,1.561577904E-1
1.576063667E1,-1.338579599E-2,-1.475331932E-1,5.576136708E-2,1.582862998E-1
1.577065267E1,-1.048044302E-2,-1.425036639E-1,6.389981508E-2,1.565257815E-1
1.578066867E1,-1.044422388E-2,-1.416676939E-1,7.132950425E-2,1.589550738E-1
1.579068467E1,-8.323437534E-3,-1.371135563E-1,7.451180369E-2,1.562735288E-1
1.580070167E1,-7.481079549E-3,-1.354184449E-1,7.922479510E-2,1.570690610E-1
1.581071767E1,-9.150516242E-3,-1.305731684E-1,8.370196819E-2,1.553676406E-1
1.582073367E1,-7.221055217E-3,-1.284064204E-1,8.681254089E-2,1.551669091E-1
1.583074967E1,-7.513631601E-3,-1.225453317E-1,9.107591212E-2,1.528680305E-1
1.584076667E1,-5.489629228E-3,-1.174203455E-1,9.287621081E-2,1.498120960E-1
1.585078267E1,-4.712656606E-3,-1.155780107E-1,9.442666918E-2,1.493214035E-1
1.586079867E1,-2.470008330E-3,-1.092873588E-1,9.871515632E-2,1.472905626E-1
1.587081467E1,-2.175815403E-3,-1.066374853E-1,9.829795361E-2,1.450474927E-1
1.588083067E1,-1.042107702E-3,-1.039223969E-1,9.964311868E-2,1.439781291E-1
1.589084767E1,-6.506229984E-4,-9.587538987E-2,9.660631418E-2,1.361076546E-1
1.590086367E1,1.505205990E-3,-9.482876211E-2,9.428191185E-2,1.337304702E-1
1.591087967E1,1.673536608E-3,-8.953378350E-2,9.682989120E-2,1.318905870E-1
1.592089567E1,2.099642297E-3,-8.429188281E-2,9.322690219E-2,1.257011746E-1
1.593091267E1,2.487577498E-3,-7.824567705E-2,9.112124890E-2,1.201318277E-1
1.594092867E1,6.662348751E-3,-7.165249437E-2,8.973960578E-2,1.150289689E-1
1.595094467E1,3.591346322E-3,-6.632790715E-2,8.059101552E-2,1.044375451E-1
1.596096067E1,4.194019362E-3,-6.223756075E-2,7.765302062E-2,9.960469556E-2
1.597097667E1,2.980584279E-3,-5.756523088E-2,7.341260463E-2,9.333836407E-2
1.598099367E1,3.778733546E-3,-4.965963960E-2,6.737469137E-2,8.378369572E-2
1.599100967E1,3.892112058E-3,-4.622471333E-2,5.996452272E-2,7.581303742E-2
1.600102567E1,8.196312934E-3,-4.128135368E-2,5.653090775E-2,7.047746618E-2
1.601104167E1,5.928224884E-3,-3.667266294E-2,5.200440064E-2,6.390998157E-2
1.602105867E1,4.018738400E-3,-2.821233124E-2,4.390173405E-2,5.233973772E-2
1.603107467E1,5.735412240E-3,-2.722350135E-2,3.546058014E-2,4.507179521E-2
1.604109067E1,6.331693847E-3,-2.023616433E-2,2.748734131E-2,3.471522183E-2
1.605110667E1,6.038914900E-3,-1.430389471E-2,1.698450744E-2,2.301180980E-2
1.606112367E1,5.185105372E-3,-8.836424910E-3,1.239028946E-2,1.607753077E-2
1.607113967E1,4.419477191E-3,-3.994893283E-3,5.150164943E-3,7.874969836E-3
1.608115567E1,3.427982796E-3,1.052329317E-3,-3.237194847E-3,4.830930916E-3
1.609117167E1,3.705788869E-3,7.672262378E-3,-1.311622001E-2,1.564070678E-2
1.610118767E1,3.887949511E-3,1.294079330E-2,-2.319122478E-2,2.684051396E-2
1.611120467E1,2.190073486E-3,1.624683663E-2,-2.858997695E-2,3.295668224E-2
1.612122067E1,2.838819521E-3,2.426641434E-2,-3.588118032E-2,4.340940984E-2
1.613123667E1,3.784076544E-4,2.866698988E-2,-4.425267503E-2,5.272796931E-2
1.614125267E1,3.120131791E-3,3.164227307E-2,-5.129327253E-2,6.034872388E-2
1.615126967E1,1.601853059E-3,3.966417164E-2,-5.786874890E-2,7.017552668E-2
1.616128567E1,-6.514475681E-4,4.400032759E-2,-6.396578997E-2,7.764068198E-2
1.617130167E1,2.982508391E-3,5.011696741E-2,-7.123806328E-2,8.715197897E-2
1.618131767E1,1.470365562E-3,5.420811847E-2,-7.770101726E-2,9.475299555E-2
1.619133467E1,1.794875949E-3,6.198738143E-2,-8.367110044E-2,1.041465798E-1
1.620135067E1,3.155484796E-3,6.278712302E-2,-8.911832422E-2,1.090607886E-1
1.621136667E1,1.042671036E-3,6.864146143E-2,-9.245240688E-2,1.151528763E-1
1.622138267E1,3.251763061E-3,7.238186896E-2,-9.946850687E-2,1.230597122E-1
1.623139867E1,2.444180194E-3,8.049931377E-2,-1.026763767E-1,1.304934936E-1
1.624141567E1,4.053794313E-3,8.366341144E-2,-1.032966301E-1,1.329894486E-1
1.625143167E1,3.430743003E-3,8.963032067E-2,-1.056918055E-1,1.386222281E-1
1.626144767E1,5.076842848E-3,9.334222972E-2,-1.079959720E-1,1.428344362E-1
1.627146367E1,5.458724685E-3,9.814715385E-2,-1.076025963E-1,1.457428565E-1
1.628148067E1,3.104223870E-3,1.004419997E-1,-1.125699282E-1,1.508980459E-1
1.629149667E1,5.694389343E-3,1.060559154E-1,-1.092349514E-1,1.523566798E-1
1.630151267E1,6.276822649E-3,1.106314957E-1,-1.096197739E-1,1.558692439E-1
1.631152867E1,8.920623921E-3,1.165159866E-1,-1.088401228E-1,1.596925953E-1
1.632154567E1,8.485996164E-3,1.196941957E-1,-1.067367569E-1,1.605971602E-1
1.633156167E1,1.119405869E-2,1.200918108E-1,-1.040573344E-1,1.592961984E-1
1.634157767E1,1.044943929E-2,1.278152466E-1,-1.008788496E-1,1.631639370E-1
1.635159367E1,1.242986228E-2,1.307236105E-1,-9.706135839E-2,1.632913688E-1
1.636161067E1,1.499848161E-2,1.337300539E-1,-9.122770280E-2,1.625766758E-1
1.637162704E1,1.598841138E-2,1.384136528E-1,-8.942133188E-2,1.655600893E-1
1.638164304E1,1.667737216E-2,1.397505701E-1,-8.054874092E-2,1.621618211E-1
1.639165904E1,1.681559719E-2,1.424609274E-1,-7.738078386E-2,1.629897722E-1
1.640167604E1,1.498201024E-2,1.445328742E-1,-7.126909494E-2,1.618440492E-1
1.641169204E1,1.452341396E-2,1.487547755E-1,-6.506765634E-2,1.630113882E-1
1.642170804E1,1.643183641E-2,1.490423977E-1,-5.590159446E-2,1.600269660E-1
1.643172404E1,1.464928407E-2,1.535155326E-1,-4.971465841E-2,1.620282924E-1
1.644174104E1,1.697316021E-2,1.533602625E-1,-4.212757945E-2,1.599443379E-1
1.645175704E1,1.887227036E-2,1.528381556E-1,-3.279601038E-2,1.574523506E-1
1.646177304E1,1.505516190E-2,1.554358155E-1,-2.390345000E-2,1.579820419E-1
1.647178904E1,1.511347294E-2,1.546191424E-1,-1.674419269E-2,1.562557655E-1
1.648180604E1,1.641762443E-2,1.586546302E-1,-7.218332961E-3,1.596650694E-1
1.649182204E1,1.571373455E-2,1.608017236E-1,-6.520161405E-4,1.615689973E-1
1.650183804E1,1.632226631E-2,1.599990427E-1,7.890871726E-3,1.610229049E-1
1.651185404E1,1.385856885E-2,1.607776731E-1,1.690687984E-2,1.622570883E-1
1.652187104E1,1.140925940E-2,1.609819382E-1,2.408622950E-2,1.631732273E-1
1.653188704E1,1.074936334E-2,1.568507403E-1,3.401391208E-2,1.608559908E-1
1.654190304E1,1.100795623E-2,1.551521868E-1,4.237597436E-2,1.612113500E-1
1.655191904E1,9.367012419E-3,1.590025127E-1,4.921482131E-2,1.667082440E-1
1.656193604E1,9.525736794E-3,1.577897072E-1,5.617765710E-2,1.677625122E-1
1.657195204E1,7.917415351E-3,1.530935019E-1,6.323975325E-2,1.658299496E-1
1.658196804E1,7.797573227E-3,1.547198892E-1,6.862972677E-2,1.694375568E-1
1.659198404E1,7.103096228E-3,1.509407610E-1,7.462160289E-2,1.685287836E-1
1.660200104E1,3.477202496E-3,1.495716274E-1,8.007682115E-2,1.696940186E-1
1.661201704E1,7.638504030E-6,1.490553021E-1,8.432468027E-2,1.712545908E-1
1.662203304E1,7.248277543E-4,1.476366371E-1,8.997271210E-2,1.728935826E-1
1.663204904E1,6.389196496E-4,1.417114437E-1,9.535893053E-2,1.708094468E-1
1.664206604E1,-3.029318526E-3,1.347246319E-1,9.720743448E-2,1.661601292E-1
1.665208204E1,-4.387851222E-4,1.361243725E-1,9.932239354E-2,1.685080864E-1
1.666209804E1,-4.077728372E-3,1.314055175E-1,1.031203270E-1,1.670863242E-1
1.667211404E1,-5.824095104E-3,1.289656907E-1,1.054688916E-1,1.667025991E-1
1.668213104E1,-1.068889163E-2,1.231131256E-1,1.045330614E-1,1.618587502E-1
1.669214704E1,-5.972320680E-3,1.195528284E-1,1.062771454E-1,1.600730428E-1
1.670216304E1,-1.168320328E-2,1.120488420E-1,1.049205363E-1,1.539472610E-1
1.671217904E1,-8.072622120E-3,1.114804223E-1,1.064954475E-1,1.543837171E-1
1.672219604E1,-9.744554758E-3,1.031987816E-1,1.030192226E-1,1.461434402E-1
1.673221204E1,-1.077078469E-2,1.001421362E-1,1.005053744E-1,1.422876928E-1
1.674222804E1,-1.260730065E-2,9.339129180E-2,9.596095234E-2,1.344967724E-1
1.675224404E1,-1.252717804E-2,8.935794234E-2,9.194163978E-2,1.288217263E-1
1.676226104E1,-2.125074118E-1,1.415580362E-1,9.337335080E-2,2.718761857E-1
1.677227704E1,-3.278767765E-1,1.243469343E-1,2.000835538E-1,4.037310604E-1
1.678229304E1,-1.489344686E-1,5.559610203E-2,3.784823418E-1,4.105134414E-1
1.679231004E1,7.372764498E-2,5.285350978E-2,5.349487662E-1,5.425858841E-1
1.680232604E1,1.820506603E-1,9.063763916E-2,6.064391732E-1,6.396296548E-1
1.681234204E1,9.775683284E-2,1.008492932E-1,5.994820595E-1,6.157156145E-1
1.682235804E1,-9.812292457E-2,6.640928984E-2,5.500700474E-1,5.626858441E-1
1.683237504E1,-2.227995247E-1,7.577240467E-5,5.161755681E-1,5.622071247E-1