"Time (s)","Gyroscope x (rad/s)","Gyroscope y (rad/s)","Gyroscope z (rad/s)","Absolute (rad/s)"
5.958499998E-3,-2.863814533E-1,-1.586844772E-1,-1.236393861E-2,3.276399961E-1
1.597349999E-2,-2.158077061E-1,-1.588669121E-1,-4.330513068E-3,2.680119683E-1
2.598949999E-2,-9.798862971E-3,-1.985224187E-1,2.751515061E-2,2.006595424E-1
3.600333333E-2,1.421286166E-1,-2.321346998E-1,5.076986924E-2,2.768838062E-1
4.601833333E-2,1.250380427E-1,-2.219524533E-1,4.193621874E-2,2.581783300E-1
5.603433332E-2,-2.652696893E-2,-1.682849675E-1,6.888222881E-3,1.705020762E-1
6.604933333E-2,-1.460343003E-1,-1.313460767E-1,-1.946657524E-2,1.973746597E-1
7.606533333E-2,-1.189595461E-1,-1.780986637E-1,-1.942716166E-2,2.150533009E-1
8.608033332E-2,5.707933567E-3,-2.828759849E-1,1.012490364E-3,2.829353786E-1
9.609533333E-2,7.524892688E-2,-3.370199203E-1,2.317705657E-3,3.453262218E-1
1.061113333E-1,2.298002690E-2,-3.072152436E-1,-4.893960897E-3,3.081123795E-1
1.161263333E-1,-7.356222719E-2,-2.534974217E-1,-2.397897281E-2,2.650421386E-1
1.261413333E-1,-1.026847512E-1,-2.480732352E-1,-3.244976699E-2,2.704394119E-1
1.361573333E-1,-4.103336856E-2,-2.859306037E-1,-2.748243883E-2,2.901643189E-1
1.461723333E-1,2.725564502E-2,-3.137639761E-1,-2.200928330E-2,3.157136542E-1
1.561873333E-1,3.196890652E-2,-3.008657694E-1,-2.442610264E-2,3.035438299E-1
1.662033333E-1,-2.373835258E-2,-2.769474983E-1,-3.060870431E-2,2.796431994E-1
1.762183333E-1,-6.610072404E-2,-2.637875080E-1,-3.456509486E-2,2.741311746E-1
1.862333333E-1,-5.017774925E-2,-2.811108232E-1,-3.268024698E-2,2.874179882E-1
1.962493333E-1,-9.839648381E-3,-3.201857805E-1,-2.708414569E-2,3.214798651E-1
2.062643333E-1,4.195610527E-3,-3.559533954E-1,-2.517358959E-2,3.568671075E-1
2.162793333E-1,-2.281816304E-2,-3.624999821E-1,-2.492564917E-2,3.640716874E-1
2.262953333E-1,-5.611113831E-2,-3.385440409E-1,-2.520022169E-2,3.440865860E-1
2.363103333E-1,-5.040691420E-2,-3.113382757E-1,-2.294638939E-2,3.162260516E-1
2.463253333E-1,-2.195788547E-2,-2.994523942E-1,-1.728085615E-2,3.007532429E-1
2.563413333E-1,-3.256636672E-3,-3.067449331E-1,-1.349037886E-2,3.070587077E-1
2.663563333E-1,-1.652235538E-2,-3.194654882E-1,-7.606809493E-3,3.199828901E-1
2.763723333E-1,-3.697996214E-2,-3.180345893E-1,-6.130086724E-3,3.202359998E-1
2.863873333E-1,-4.849058762E-2,-3.196041882E-1,1.089455793E-3,3.232636093E-1
2.964023333E-1,-3.429194540E-2,-3.283590674E-1,6.483688485E-3,3.302084991E-1
3.064183333E-1,-2.090644278E-2,-3.374299705E-1,1.181967556E-2,3.382835631E-1
3.164333333E-1,-1.793408766E-2,-3.314549029E-1,1.758648455E-2,3.324052776E-1
3.264483333E-1,-3.218417987E-2,-3.239814639E-1,2.577408776E-2,3.265947244E-1
3.364643333E-1,-3.429713100E-2,-3.265687227E-1,3.147831187E-2,3.298701380E-1
3.464793333E-1,-2.666515857E-2,-3.196090460E-1,3.698530793E-2,3.228449875E-1
3.564943333E-1,-1.807140559E-2,-3.066679239E-1,4.305598140E-2,3.102025287E-1
3.665103333E-1,-1.876085624E-2,-2.938146889E-1,5.022837594E-2,2.986669230E-1
3.765253333E-1,-2.320460603E-2,-2.891213894E-1,5.510728806E-2,2.952396395E-1
3.865403333E-1,-2.366456389E-2,-2.938862443E-1,6.538824737E-2,3.020012567E-1
3.965563333E-1,-1.958326995E-2,-2.973933518E-1,6.999178976E-2,3.061456529E-1
4.065713333E-1,-1.740452833E-2,-2.946656048E-1,7.698769867E-2,3.050538346E-1
4.165873333E-1,-1.432245225E-2,-2.885011733E-1,8.257634193E-2,3.004278813E-1
4.266023333E-1,-1.194080804E-2,-2.811436653E-1,8.979499340E-2,2.953768513E-1
4.366173333E-1,-8.886961266E-3,-2.705469429E-1,9.185361862E-2,2.858526083E-1
4.466333333E-1,-5.661880597E-3,-2.604127526E-1,9.811785072E-2,2.783414652E-1
4.566483333E-1,-5.996906199E-3,-2.468700409E-1,1.020433456E-1,2.671958539E-1
4.666633333E-1,-2.643453423E-3,-2.415112257E-1,1.053818837E-1,2.635147081E-1
4.766793333E-1,-3.822701285E-3,-2.341353446E-1,1.121172905E-1,2.596233030E-1
4.866943333E-1,3.278891556E-3,-2.250260860E-1,1.154662669E-1,2.529425810E-1
4.967093333E-1,4.966537002E-3,-2.178928107E-1,1.190378368E-1,2.483383781E-1
5.067253333E-1,5.462922622E-3,-2.153811008E-1,1.211508811E-1,2.471768559E-1
5.167403333E-1,8.035535924E-3,-2.044024915E-1,1.197660416E-1,2.370418804E-1
5.267553333E-1,1.065109391E-2,-1.943610609E-1,1.218756661E-1,2.296591948E-1
5.367713333E-1,1.327084564E-2,-1.816199571E-1,1.234051138E-1,2.199789678E-1
5.467863333E-1,1.576523669E-2,-1.686496735E-1,1.231022403E-1,2.093929717E-1
5.568023333E-1,1.596790366E-2,-1.564673185E-1,1.240971982E-1,2.003424826E-1
5.668173333E-1,1.690851338E-2,-1.442154646E-1,1.197931468E-1,1.882402616E-1
5.768323333E-1,1.890322194E-2,-1.335351318E-1,1.165938899E-1,1.782781489E-1
5.868483333E-1,2.007976919E-2,-1.272674799E-1,1.166570485E-1,1.738075819E-1
5.968633333E-1,1.938921213E-2,-1.165788919E-1,1.137126535E-1,1.640034974E-1
6.068783333E-1,1.849416085E-2,-1.035703048E-1,1.093807146E-1,1.517662108E-1
6.168943333E-1,2.179807797E-2,-8.990589529E-2,1.064877287E-1,1.410597837E-1
6.269093333E-1,2.461626008E-2,-7.772891968E-2,1.029962227E-1,1.313619698E-1
6.369243333E-1,2.025560103E-2,-6.654843688E-2,9.572526067E-2,1.183313541E-1
6.469403333E-1,1.854693703E-2,-5.202166736E-2,8.657927811E-2,1.026947620E-1
6.569553333E-1,1.967824809E-2,-4.168247804E-2,8.329826593E-2,9.520117400E-2
6.669703333E-1,1.842355914E-2,-2.910239622E-2,7.515893131E-2,8.267552210E-2
6.769863333E-1,1.744218357E-2,-1.494077127E-2,6.643228233E-2,7.029014546E-2
6.870013333E-1,1.929227263E-2,-4.976194352E-3,6.039004773E-2,6.359176172E-2
6.970163333E-1,1.589434408E-2,6.604560651E-3,5.044154078E-2,5.329727414E-2
7.070323333E-1,1.529529225E-2,1.681029052E-2,4.258085415E-2,4.826656164E-2
7.170473333E-1,1.300843619E-2,2.993541211E-2,3.112180531E-2,4.509894761E-2
7.270623333E-1,1.322297566E-2,4.082906991E-2,2.119738981E-2,4.786636993E-2
7.370783333E-1,8.661779575E-3,5.460773408E-2,1.221135072E-2,5.662285876E-2
7.470933333E-1,8.352253586E-3,6.678904593E-2,2.756996080E-3,6.736570213E-2
7.571093333E-1,5.890960339E-3,8.038289100E-2,-7.494043559E-3,8.094611336E-2
7.671243333E-1,3.467730014E-3,9.163658321E-2,-1.938970014E-2,9.372965916E-2
7.771393333E-1,1.626686892E-3,1.013840139E-1,-2.980345860E-2,1.056863782E-1
7.871553333E-1,6.008372875E-4,1.129589081E-1,-3.991734609E-2,1.198059700E-1
7.971703333E-1,-1.923040487E-3,1.220703870E-1,-5.226935446E-2,1.328042277E-1
8.071853333E-1,-8.941807318E-4,1.319947243E-1,-6.043969467E-2,1.451770074E-1
8.172013333E-1,-1.642528921E-3,1.429624259E-1,-7.146757841E-2,1.598391939E-1
8.272163333E-1,-2.717470285E-3,1.539093554E-1,-8.265660703E-2,1.747214612E-1
8.372313333E-1,-1.510525704E-3,1.635412127E-1,-9.341178089E-2,1.883448187E-1
8.472473333E-1,-1.587092876E-3,1.729744375E-1,-1.000672877E-1,1.998402786E-1
8.572623333E-1,-3.992459737E-3,1.845621169E-1,-1.125798970E-1,2.162252250E-1
8.672773333E-1,-4.285236821E-3,1.918976009E-1,-1.225510761E-1,2.277319010E-1
8.772933333E-1,-4.928923212E-3,2.038802207E-1,-1.330353916E-1,2.434950802E-1
8.873083333E-1,-3.592330497E-3,2.116657495E-1,-1.383694708E-1,2.529059209E-1
8.973233333E-1,-4.198465962E-3,2.184123397E-1,-1.463991702E-1,2.629720408E-1
9.073393333E-1,-3.610269167E-3,2.277465314E-1,-1.577493250E-1,2.770674397E-1
9.173543333E-1,-1.934335451E-4,2.323836237E-1,-1.615280807E-1,2.830079625E-1
9.273703333E-1,1.283171587E-3,2.405353487E-1,-1.689981520E-1,2.939715562E-1
9.373853333E-1,1.105272444E-3,2.506692111E-1,-1.756334156E-1,3.060773950E-1
9.474003333E-1,3.366529942E-3,2.574100792E-1,-1.792504787E-1,3.136909571E-1
9.574163333E-1,7.337036543E-3,2.606000304E-1,-1.836936921E-1,3.189193949E-1
9.674313333E-1,5.216101650E-3,2.680226862E-1,-1.894436628E-1,3.282564080E-1
9.774463333E-1,8.353571407E-3,2.749205530E-1,-1.918306500E-1,3.353357882E-1
9.874623333E-1,1.263984758E-2,2.801594436E-1,-1.936514378E-1,3.408078035E-1
9.974773333E-1,1.531179715E-2,2.841027975E-1,-1.930343956E-1,3.438184529E-1
1.007492333E0,1.647647284E-2,2.879922390E-1,-1.954153329E-1,3.484223819E-1
1.017508333E0,1.979876682E-2,2.969207466E-1,-1.972747445E-1,3.570311551E-1
1.027523333E0,2.156374604E-2,2.995182574E-1,-1.948788762E-1,3.579859746E-1
1.037539250E0,2.334380150E-2,3.011041582E-1,-1.910159588E-1,3.573454122E-1
1.047555250E0,2.629125863E-2,3.073894382E-1,-1.911104918E-1,3.629086897E-1
1.057570250E0,3.107562847E-2,3.095519245E-1,-1.876989752E-1,3.633441811E-1
1.067585250E0,3.334622085E-2,3.099481761E-1,-1.838510931E-1,3.619130652E-1
1.077601250E0,3.679128364E-2,3.150596023E-1,-1.770725548E-1,3.632779118E-1
1.087616250E0,3.846982867E-2,3.162990510E-1,-1.749468297E-1,3.634988454E-1
1.097631250E0,4.122593254E-2,3.164649606E-1,-1.664494872E-1,3.599376065E-1
1.107647250E0,4.165194184E-2,3.171582818E-1,-1.587053239E-1,3.570877201E-1
1.117662250E0,4.394891858E-2,3.173114061E-1,-1.516913623E-1,3.544408347E-1
1.127678250E0,4.449419305E-2,3.158843517E-1,-1.435120553E-1,3.497976085E-1
1.137693250E0,4.561192170E-2,3.183373809E-1,-1.350037903E-1,3.487766604E-1
1.147708250E0,4.802043363E-2,3.203409016E-1,-1.271128505E-1,3.479682918E-1
1.157724250E0,5.119492114E-2,3.153434992E-1,-1.180543825E-1,3.405866698E-1
1.167739250E0,4.923430458E-2,3.147213757E-1,-1.078504845E-1,3.363112964E-1
1.177754250E0,5.017040297E-2,3.087716103E-1,-1.008298546E-1,3.286694939E-1
1.187770250E0,5.123953894E-2,3.094274104E-1,-8.872865885E-2,3.259502838E-1
1.197785250E0,4.990822449E-2,3.081357777E-1,-7.626772672E-2,3.213335565E-1
1.207800250E0,4.664195329E-2,3.035638630E-1,-6.523661315E-2,3.139781942E-1
1.217816250E0,4.786674306E-2,2.992607057E-1,-5.902984366E-2,3.087599675E-1
1.227831250E0,4.316314310E-2,2.959641814E-1,-4.511490837E-2,3.024784431E-1
1.237846250E0,4.349044710E-2,2.915161550E-1,-3.756165132E-2,2.971261774E-1
1.247862250E0,4.026597738E-2,2.872220576E-1,-2.482296526E-2,2.910911179E-1
1.257877250E0,3.857114166E-2,2.790520191E-1,-1.570190489E-2,2.821423615E-1
1.267892250E0,3.557603806E-2,2.748674750E-1,-3.724759910E-3,2.771852398E-1
1.277908250E0,3.260634467E-2,2.686851919E-1,3.955530003E-3,2.706853381E-1
1.287923250E0,3.145985305E-2,2.609998584E-1,1.439032797E-2,2.632826048E-1
1.297939250E0,2.725818567E-2,2.510907650E-1,2.356305346E-2,2.536627652E-1
1.307954250E0,2.372815646E-2,2.434159070E-1,3.326516226E-2,2.468215959E-1
1.317969250E0,2.473882586E-2,2.346293330E-1,4.230818897E-2,2.396933797E-1
1.327985250E0,1.617863588E-2,2.284666747E-1,4.875629023E-2,2.341707615E-1
1.338000250E0,1.318977028E-2,2.179916650E-1,5.739398673E-2,2.258061243E-1
1.348015250E0,1.168726292E-2,2.084324807E-1,6.242977828E-2,2.178948562E-1
1.358031250E0,6.501022726E-3,1.982240528E-1,6.473767012E-2,2.086288674E-1
1.368046250E0,3.129658755E-3,1.873679459E-1,7.516939938E-2,2.019083468E-1
1.378061250E0,-1.617425820E-3,1.759150177E-1,7.907599211E-2,1.928774794E-1
1.388077250E0,-2.959904494E-3,1.670099646E-1,8.320640773E-2,1.866129567E-1
1.398092250E0,-5.354618654E-3,1.533817798E-1,8.717957884E-2,1.765075672E-1
1.408107250E0,-9.729811922E-3,1.423772871E-1,9.162268788E-2,1.695897346E-1
1.418123250E0,-1.198657416E-2,1.299653500E-1,9.165810794E-2,1.594862970E-1
1.428138250E0,-1.340314932E-2,1.185089052E-1,9.377482533E-2,1.517159282E-1
1.438153250E0,-1.721200347E-2,1.053299904E-1,9.474980831E-2,1.427171542E-1
1.448169250E0,-1.811167225E-2,8.993492275E-2,9.728159755E-2,1.337162377E-1
1.458184250E0,-2.171919122E-2,7.748171687E-2,9.731169790E-2,1.262723496E-1
1.468199250E0,-2.348118648E-2,6.702059507E-2,9.670899808E-2,1.199823178E-1
1.478215250E0,-2.580106631E-2,5.465766788E-2,9.455610067E-2,1.122230451E-1
1.488230250E0,-2.808983438E-2,4.253846034E-2,9.371691942E-2,1.066837400E-1
1.498246250E0,-2.896335162E-2,2.720025182E-2,9.145909548E-2,9.971707768E-2
1.508261250E0,-2.632675506E-2,1.150010340E-2,9.104750305E-2,9.547249982E-2
1.518276250E0,-2.687083930E-2,-7.435129955E-4,8.672466129E-2,9.079516337E-2
1.528292250E0,-3.083959594E-2,-1.278867014E-2,8.229486644E-2,8.880921013E-2
1.538307250E0,-2.872318029E-2,-2.661873214E-2,7.962265611E-2,8.873187337E-2
1.548322250E0,-3.161890432E-2,-4.074518755E-2,7.650555670E-2,9.226605890E-2
1.558338250E0,-2.843136713E-2,-5.323035643E-2,7.006043941E-2,9.246771681E-2
1.568353250E0,-3.062380478E-2,-6.777266413E-2,6.585163623E-2,9.933473419E-2
1.578368250E0,-2.945467643E-2,-7.797922939E-2,5.814497918E-2,1.016325577E-1
1.588384250E0,-2.996588126E-2,-9.355007857E-2,5.760190263E-2,1.138751528E-1
1.598399250E0,-2.869635262E-2,-1.062000990E-1,5.072402209E-2,1.211398700E-1
1.608414250E0,-2.933880128E-2,-1.198417917E-1,4.520191997E-2,1.314002811E-1
1.618430250E0,-3.088316880E-2,-1.284304857E-1,3.831844777E-2,1.375371340E-1
1.628445250E0,-2.671222761E-2,-1.393162459E-1,3.455876932E-2,1.460029726E-1
1.638460250E0,-2.626348473E-2,-1.541436762E-1,2.758608386E-2,1.587798336E-1
1.648476250E0,-2.353664674E-2,-1.663125157E-1,2.686160430E-2,1.701040047E-1
1.658491250E0,-2.846322954E-2,-1.745270342E-1,1.933338121E-2,1.778865389E-1
1.668506250E0,-2.578610554E-2,-1.861600429E-1,1.389749348E-2,1.884505907E-1
1.678522250E0,-2.617039904E-2,-1.962611526E-1,9.007396176E-3,1.982030852E-1
1.688537250E0,-2.521015145E-2,-2.071742564E-1,6.516554859E-3,2.088041900E-1
1.698553250E0,-2.770313621E-2,-2.152255327E-1,2.609164920E-3,2.170168229E-1
1.708568250E0,-2.283374406E-2,-2.261114866E-1,-1.718600746E-3,2.272679868E-1
1.718583250E0,-2.464948781E-2,-2.343824655E-1,-3.193193115E-3,2.356966989E-1
1.728599250E0,-2.597181499E-2,-2.430060357E-1,-1.125498489E-2,2.446490205E-1
1.738614250E0,-2.442345396E-2,-2.502785921E-1,-1.146857068E-2,2.517288360E-1
1.748629250E0,-2.582236379E-2,-2.584452033E-1,-1.147334464E-2,2.599852981E-1
1.758645250E0,-2.681838535E-2,-2.639789879E-1,-1.526914909E-2,2.657767461E-1
1.768660250E0,-2.576974407E-2,-2.707863152E-1,-1.276698895E-2,2.723092070E-1
1.778675250E0,-2.982254326E-2,-2.778476775E-1,-1.566610485E-2,2.798823732E-1
1.788691250E0,-2.893293649E-2,-2.833537757E-1,-1.305100136E-2,2.851259470E-1
1.798706250E0,-2.863972262E-2,-2.905741334E-1,-1.467606239E-2,2.923507269E-1
1.808721250E0,-3.097657859E-2,-2.939118743E-1,-1.314274408E-2,2.958318272E-1
1.818737250E0,-2.888359874E-2,-3.002259433E-1,-1.180343889E-2,3.018430064E-1
1.828752250E0,-3.034020588E-2,-3.018348813E-1,-8.921042085E-3,3.034870815E-1
1.838767250E0,-3.101638332E-2,-3.080091774E-1,-5.914067384E-3,3.096233932E-1
1.848783250E0,-3.376676887E-2,-3.091965616E-1,-2.767067868E-3,3.110472071E-1
1.858798250E0,-3.471592069E-2,-3.129071295E-1,4.709442146E-5,3.148270463E-1
1.868813250E0,-3.228731081E-2,-3.170742989E-1,3.913127352E-3,3.187379708E-1
1.878829250E0,-3.306388855E-2,-3.152090311E-1,8.903091773E-3,3.170634307E-1
1.888844250E0,-3.332763165E-2,-3.166306019E-1,1.288718916E-2,3.186404694E-1
1.898860250E0,-3.311591223E-2,-3.186591268E-1,1.643079147E-2,3.207963117E-1
1.908875250E0,-3.144541755E-2,-3.187099993E-1,2.276178636E-2,3.210653779E-1
1.918890250E0,-3.373919800E-2,-3.224834502E-1,3.132385015E-2,3.257531162E-1
1.928906250E0,-3.204646707E-2,-3.167875707E-1,3.437200561E-2,3.202542362E-1
1.938921250E0,-2.990794741E-2,-3.182866573E-1,4.314792156E-2,3.225873908E-1
1.948936250E0,-2.984499373E-2,-3.171980977E-1,4.633341357E-2,3.219505273E-1
1.958952250E0,-3.068069369E-2,-3.142481148E-1,5.406883359E-2,3.203382921E-1
1.968967250E0,-2.704461105E-2,-3.142183125E-1,6.101716310E-2,3.212283504E-1
1.978982250E0,-2.942893840E-2,-3.095703125E-1,6.746866554E-2,3.182009768E-1
1.988998250E0,-2.451637760E-2,-3.090838492E-1,7.004664838E-2,3.178685445E-1
1.999013250E0,-2.319012396E-2,-3.044970632E-1,7.843773067E-2,3.152914856E-1
2.009028250E0,-2.155264094E-2,-3.006010354E-1,8.378265798E-2,3.128019063E-1
2.019044250E0,-1.970627159E-2,-2.965527773E-1,8.787247539E-2,3.099249244E-1
2.029059250E0,-1.684062183E-2,-2.907358706E-1,9.611334652E-2,3.066736513E-1
2.039074583E0,-1.487281360E-2,-2.854830623E-1,9.964150190E-2,3.027378541E-1
2.049090583E0,-1.240320131E-2,-2.810057104E-1,1.052398533E-1,3.003222858E-1
2.059105583E0,-1.123434026E-2,-2.763819396E-1,1.094303429E-1,2.974696403E-1
2.069120583E0,-7.201467641E-3,-2.672968507E-1,1.124746203E-1,2.900862074E-1
2.079136583E0,-5.533796269E-3,-2.581696808E-1,1.186225265E-1,2.841716221E-1
2.089151583E0,-3.401703201E-3,-2.504306436E-1,1.199738607E-1,2.777063306E-1
2.099167583E0,-1.170240575E-3,-2.465251237E-1,1.215738878E-1,2.748749102E-1
2.109182583E0,4.176547285E-3,-2.387617975E-1,1.256251186E-1,2.698264441E-1
2.119197583E0,5.151264369E-3,-2.308418155E-1,1.261356473E-1,2.631058358E-1
2.129213583E0,2.717080526E-3,-2.231509984E-1,1.253083944E-1,2.559412907E-1
2.139228583E0,7.524884772E-3,-2.124192715E-1,1.262567490E-1,2.472232543E-1
2.149243583E0,9.356544353E-3,-2.048415840E-1,1.273517460E-1,2.413836918E-1
2.159259583E0,1.025323011E-2,-1.933393925E-1,1.250009835E-1,2.304571442E-1
2.169274583E0,1.274057012E-2,-1.873351634E-1,1.254613698E-1,2.258259083E-1
2.179289583E0,1.531717740E-2,-1.704248935E-1,1.202804670E-1,2.091570008E-1
2.189305583E0,1.343176141E-2,-1.656055450E-1,1.191151515E-1,2.044358777E-1
2.199320583E0,1.662142947E-2,-1.534468830E-1,1.178767830E-1,1.942090466E-1
2.209335583E0,1.699225232E-2,-1.424711496E-1,1.126640216E-1,1.824279223E-1
2.219351583E0,1.679118350E-2,-1.337767243E-1,1.080498248E-1,1.727799770E-1
2.229366583E0,1.778004877E-2,-1.218760163E-1,1.015862897E-1,1.596548394E-1
2.239381583E0,1.886661910E-2,-1.108550578E-1,9.842032194E-2,1.494367857E-1
2.249397583E0,2.020523138E-2,-9.845321625E-2,8.987673372E-2,1.348299463E-1
2.259412583E0,1.680943556E-2,-8.666393161E-2,8.458236605E-2,1.222594406E-1
2.269427583E0,1.830761507E-2,-7.448390871E-2,7.679114491E-2,1.085352540E-1
2.279443583E0,1.750999689E-2,-6.516497582E-2,7.248587906E-2,9.903169558E-2
2.289458583E0,1.584089175E-2,-5.223888531E-2,6.287070364E-2,8.326199833E-2
2.299473583E0,1.459586434E-2,-4.115321487E-2,5.358106643E-2,6.911987435E-2
2.309489583E0,1.447505970E-2,-3.026931360E-2,4.804151505E-2,5.859817290E-2
2.319504583E0,1.350300573E-2,-1.716922410E-2,3.679312766E-2,4.278840570E-2
2.329520583E0,1.485417131E-2,-4.770465195E-3,2.689740807E-2,3.109460250E-2
2.339535583E0,9.574986994E-3,7.567694411E-3,1.824746095E-2,2.195268106E-2
2.349550583E0,8.673971519E-3,2.026805840E-2,9.082855657E-3,2.384387217E-2
2.359566583E0,6.376994774E-3,2.953266166E-2,-2.346633002E-3,3.030430421E-2
2.369581583E0,6.290366873E-3,4.401530325E-2,-1.083378308E-2,4.576337500E-2
2.379596583E0,4.924964160E-3,5.293928832E-2,-1.994578913E-2,5.678607244E-2
2.389612583E0,2.714151051E-3,6.384135038E-2,-3.301146626E-2,7.192246894E-2
2.399627583E0,1.114656450E-3,7.472116500E-2,-4.136100784E-2,8.541210645E-2
2.409642583E0,1.788255526E-3,8.769983053E-2,-4.855981469E-2,1.002622249E-1
2.419658583E0,-1.060794340E-3,9.751783311E-2,-6.094963849E-2,1.150030934E-1
2.429673583E0,-3.324150108E-3,1.092946380E-1,-7.009134442E-2,1.298813475E-1
2.439688583E0,-5.943368655E-3,1.182958633E-1,-7.838602364E-2,1.420338115E-1
2.449704583E0,-5.055689253E-3,1.315224022E-1,-8.717497438E-2,1.578707649E-1
2.459719583E0,-3.325700061E-3,1.379584670E-1,-9.784758836E-2,1.691678145E-1
2.469734583E0,-8.096665144E-3,1.465077549E-1,-1.055867523E-1,1.807723444E-1
2.479750583E0,-8.917719126E-3,1.598536521E-1,-1.152673438E-1,1.972796907E-1
2.489765583E0,-5.504753441E-3,1.689697802E-1,-1.211399361E-1,2.079807036E-1
2.499781583E0,-3.991545644E-3,1.790224165E-1,-1.315196007E-1,2.221764241E-1
2.509796583E0,-7.223805413E-3,1.888982356E-1,-1.398091167E-1,2.351197905E-1
2.519811583E0,-4.462906159E-3,1.953726411E-1,-1.454869807E-1,2.436326086E-1
2.529827583E0,-1.902677352E-3,2.045222372E-1,-1.525864303E-1,2.551775547E-1
2.539842583E0,-6.041200832E-4,2.132640630E-1,-1.588685662E-1,2.659344785E-1
2.549857583E0,-2.988448134E-3,2.216500938E-1,-1.637813002E-1,2.756120629E-1
2.559873583E0,-1.412626880E-4,2.305631638E-1,-1.683134586E-1,2.854624542E-1
2.569888583E0,1.249976340E-4,2.353300750E-1,-1.699348688E-1,2.902724918E-1
2.579903583E0,3.880321048E-3,2.439483404E-1,-1.754260361E-1,3.004998233E-1
2.589919583E0,7.215986028E-3,2.507051528E-1,-1.776539683E-1,3.073533415E-1
2.599934583E0,7.767793257E-3,2.552887201E-1,-1.793440133E-1,3.120848352E-1
2.609949583E0,8.766403422E-3,2.673047781E-1,-1.793828160E-1,3.220355398E-1
2.619965583E0,1.275688410E-2,2.704190612E-1,-1.807594001E-1,3.255198419E-1
2.629980583E0,1.498967875E-2,2.743847668E-1,-1.793852150E-1,3.281626824E-1
2.639995583E0,1.808640175E-2,2.790426612E-1,-1.802123934E-1,3.326686511E-1
2.650011583E0,1.897403412E-2,2.858542204E-1,-1.786704212E-1,3.376325943E-1
2.660026583E0,2.518612333E-2,2.866427898E-1,-1.759151220E-1,3.372603741E-1
2.670041583E0,2.823296934E-2,2.930842936E-1,-1.725834161E-1,3.412924541E-1
2.680057583E0,2.671203762E-2,2.953852415E-1,-1.706973612E-1,3.422039786E-1
2.690072583E0,3.123939410E-2,2.999903560E-1,-1.641061604E-1,3.433670708E-1
2.700088583E0,3.172275797E-2,3.040364981E-1,-1.616083831E-1,3.457770886E-1
2.710103583E0,3.488426656E-2,3.054803610E-1,-1.554682702E-1,3.445367122E-1
2.720118583E0,3.545764834E-2,3.072329760E-1,-1.477664113E-1,3.427597681E-1
2.730134583E0,4.064640775E-2,3.085854650E-1,-1.427011341E-1,3.424043418E-1
2.740149583E0,4.143017530E-2,3.094211519E-1,-1.335752755E-1,3.395589240E-1
2.750164583E0,4.081295431E-2,3.118600249E-1,-1.277357340E-1,3.394683934E-1
2.760180583E0,4.454696923E-2,3.108120561E-1,-1.202783436E-1,3.362371880E-1
2.770195583E0,4.301358759E-2,3.106913865E-1,-1.110958979E-1,3.327485610E-1
2.780210583E0,4.453558475E-2,3.128876984E-1,-1.053794250E-1,3.331470446E-1
2.790226583E0,4.455262795E-2,3.120839596E-1,-9.747143090E-2,3.299727479E-1
2.800241583E0,4.411240667E-2,3.092442155E-1,-8.795809001E-2,3.245219790E-1
2.810256583E0,4.297507554E-2,3.077526689E-1,-7.721561193E-2,3.201887147E-1
2.820272583E0,4.517830908E-2,3.081391156E-1,-6.789854169E-2,3.187491272E-1
2.830287583E0,4.428663477E-2,3.059034348E-1,-5.990108475E-2,3.148433855E-1
2.840302583E0,4.567573965E-2,2.993235588E-1,-4.798876494E-2,3.065677537E-1
2.850318583E0,4.102420807E-2,2.992187440E-1,-4.172667861E-2,3.048867956E-1
2.860333583E0,3.994269669E-2,2.929776311E-1,-3.128575534E-2,2.973383760E-1
2.870349583E0,4.017671570E-2,2.896682322E-1,-2.350978181E-2,2.933846674E-1
2.880364583E0,3.487382829E-2,2.843621671E-1,-1.462947018E-2,2.868659049E-1
2.890379583E0,3.401140869E-2,2.784746885E-1,-6.676459219E-3,2.806234188E-1
2.900395583E0,3.268355504E-2,2.739984393E-1,2.970575355E-3,2.759568514E-1
2.910410583E0,2.678613551E-2,2.670090497E-1,1.138627157E-2,2.685907237E-1
2.920425583E0,2.681409940E-2,2.620432973E-1,1.630779356E-2,2.639159520E-1
2.930441583E0,2.500360087E-2,2.542359233E-1,2.530744299E-2,2.567129748E-1
2.940456583E0,2.137504518E-2,2.475569844E-1,3.152912110E-2,2.504704345E-1
2.950471583E0,1.796236634E-2,2.378664464E-1,3.972357512E-2,2.418285660E-1
2.960487583E0,1.676447690E-2,2.287054211E-1,4.490475357E-2,2.336742481E-1
2.970502583E0,1.307069976E-2,2.218232304E-1,5.041580275E-2,2.278555286E-1
2.980517583E0,1.069515944E-2,2.125647515E-1,5.263688043E-2,2.192459833E-1
2.990533583E0,7.719942834E-3,2.013451010E-1,5.762697756E-2,2.095717437E-1
3.000548583E0,6.818995345E-3,1.905246675E-1,6.258179247E-2,2.006554967E-1
3.010563583E0,4.969525151E-3,1.817002147E-1,6.861255318E-2,1.942867640E-1
3.020579583E0,-1.143494621E-3,1.702267826E-1,6.775288284E-2,1.832182257E-1
3.030594583E0,-2.587737981E-3,1.610049307E-1,6.926123798E-2,1.752894840E-1
3.040610250E0,-5.568880588E-3,1.513669491E-1,7.325118780E-2,1.682519011E-1
3.050625250E0,-9.147083387E-3,1.385571659E-1,7.321561873E-2,1.569786106E-1
3.060640250E0,-1.117215026E-2,1.265750825E-1,7.722686976E-2,1.486945119E-1
3.070656250E0,-1.099807583E-2,1.133224741E-1,7.474796474E-2,1.361991154E-1
3.080671250E0,-1.517710835E-2,1.015582234E-1,7.162487507E-2,1.251980035E-1
3.090686250E0,-1.812306978E-2,8.992467076E-2,7.471271604E-2,1.183084190E-1
3.100702250E0,-1.670174114E-2,7.567889243E-2,6.930756569E-2,1.039700994E-1
3.110717250E0,-1.749938354E-2,6.283719093E-2,7.025441527E-2,9.586669835E-2
3.120732250E0,-1.598830707E-2,5.102234334E-2,6.779844314E-2,8.634543633E-2
3.130748250E0,-2.112694457E-2,3.977503255E-2,6.665448099E-2,8.044389870E-2
3.140763250E0,-2.130031586E-2,2.522059157E-2,6.122562662E-2,6.955831402E-2
3.150778250E0,-2.092951722E-2,9.268001653E-3,5.994170532E-2,6.416345207E-2
3.160794250E0,-2.314340323E-2,-4.339419305E-3,5.632513016E-2,6.104889812E-2
3.170809250E0,-2.188451961E-2,-1.542811468E-2,5.346281454E-2,5.979323925E-2
3.180824250E0,-2.389573865E-2,-2.976550907E-2,4.867418483E-2,6.185602739E-2
3.190840250E0,-2.133276686E-2,-4.279116541E-2,4.537791759E-2,6.591908816E-2
3.200855250E0,-2.140413970E-2,-5.382171273E-2,4.331476986E-2,7.232622793E-2
3.210870250E0,-2.525659278E-2,-6.707663834E-2,3.662829474E-2,8.049101108E-2
3.220886250E0,-2.091111243E-2,-7.934474945E-2,3.377817944E-2,8.873460032E-2
3.230901250E0,-2.280483767E-2,-9.249389172E-2,2.732109837E-2,9.910410205E-2
3.240917250E0,-2.372655831E-2,-1.049596146E-1,2.394101396E-2,1.102390240E-1
3.250932250E0,-2.210508287E-2,-1.165844277E-1,2.094421722E-2,1.204957414E-1
3.260947250E0,-2.128589526E-2,-1.302491128E-1,1.935031638E-2,1.333879885E-1
3.270963250E0,-2.432480827E-2,-1.391458958E-1,1.347230189E-2,1.418970738E-1
3.280978250E0,-2.030290291E-2,-1.507018954E-1,1.203179732E-2,1.525386288E-1
3.290993250E0,-2.332016081E-2,-1.630258411E-1,6.344710011E-3,1.648074941E-1
3.301009250E0,-2.402989194E-2,-1.730260104E-1,4.408591893E-3,1.747423007E-1
3.311024250E0,-2.405345067E-2,-1.837751865E-1,1.415523468E-3,1.853480277E-1
3.321039250E0,-2.556373179E-2,-1.921593547E-1,-4.620049149E-4,1.938528706E-1
3.331055250E0,-2.239163965E-2,-2.032341063E-1,-3.496677149E-3,2.044938000E-1
3.341070250E0,-2.520553395E-2,-2.128489166E-1,-3.944087774E-3,2.143724238E-1
3.351085250E0,-2.528298646E-2,-2.212293893E-1,-6.390981842E-3,2.227611204E-1
3.361101250E0,-2.503637783E-2,-2.317866981E-1,-5.747029092E-3,2.332057503E-1
3.371116250E0,-2.702343836E-2,-2.392871082E-1,-9.035423398E-3,2.409776447E-1
3.381132250E0,-2.635658160E-2,-2.450943887E-1,-7.990133017E-3,2.466369214E-1
3.391147250E0,-2.786899172E-2,-2.531310320E-1,-9.970192797E-3,2.548556548E-1
3.401162250E0,-2.962321602E-2,-2.602909207E-1,-5.256397650E-3,2.620239074E-1
3.411178250E0,-3.025234863E-2,-2.642349899E-1,-3.070780542E-3,2.659788792E-1
3.421193250E0,-3.251923248E-2,-2.725419104E-1,-3.377842717E-3,2.744959075E-1
3.431208250E0,-3.263627738E-2,-2.799052596E-1,-1.802854706E-3,2.818072590E-1
3.441224250E0,-3.230364993E-2,-2.833977342E-1,1.176689984E-3,2.852353171E-1
3.451239250E0,-3.174081817E-2,-2.888039351E-1,8.343890309E-3,2.906627134E-1
3.461254250E0,-3.190353885E-2,-2.931475341E-1,1.017587818E-2,2.950539968E-1
3.471270250E0,-3.333652020E-2,-2.979343235E-1,1.313238591E-2,3.000810629E-1
3.481285250E0,-3.393253312E-2,-3.013652563E-1,1.726667583E-2,3.037607160E-1
3.491300250E0,-3.591292724E-2,-3.023229241E-1,2.209272422E-2,3.052490414E-1
3.501316250E0,-3.606925532E-2,-3.071869314E-1,2.835914306E-2,3.105946603E-1
3.511331250E0,-3.310451284E-2,-3.086194396E-1,3.407736123E-2,3.122549180E-1
3.521346250E0,-3.403155878E-2,-3.094168007E-1,3.604171053E-2,3.133622640E-1
3.531362250E0,-3.375234082E-2,-3.094877005E-1,4.347368330E-2,3.143434720E-1
3.541377250E0,-3.429109976E-2,-3.123889267E-1,4.763966799E-2,3.178557205E-1
3.551393250E0,-3.489512950E-2,-3.128309250E-1,5.428701267E-2,3.194181232E-1
3.561408250E0,-3.372307494E-2,-3.136368096E-1,6.073612347E-2,3.212384952E-1
3.571423250E0,-3.140547872E-2,-3.118445575E-1,6.517283618E-2,3.201262731E-1
3.581439250E0,-3.092371300E-2,-3.101366758E-1,7.267416269E-2,3.200352600E-1
3.591454250E0,-3.237118199E-2,-3.092525601E-1,7.872916013E-2,3.207542985E-1
3.601469250E0,-2.643472701E-2,-3.065100312E-1,8.292496949E-2,3.186279093E-1
3.611485250E0,-2.789031528E-2,-3.080717921E-1,8.975202590E-2,3.220893121E-1
3.621500250E0,-2.453633025E-2,-3.023992777E-1,9.381520748E-2,3.175667612E-1
3.631515250E0,-2.496016212E-2,-3.003178537E-1,9.828565270E-2,3.169761702E-1
3.641531250E0,-2.058085985E-2,-2.967654765E-1,1.034761518E-1,3.149613211E-1
3.651546250E0,-1.726555824E-2,-2.927922606E-1,1.087000743E-1,3.127956418E-1
3.661561250E0,-1.762828231E-2,-2.872947156E-1,1.145233437E-1,3.097815460E-1
3.671577250E0,-1.686684601E-2,-2.822072208E-1,1.167744771E-1,3.058785453E-1
3.681592250E0,-1.259753108E-2,-2.781027555E-1,1.173909977E-1,3.021266072E-1
3.691607250E0,-1.213169657E-2,-2.745770514E-1,1.189734638E-1,2.994902675E-1
3.701623250E0,-6.935870275E-3,-2.680043876E-1,1.239189506E-1,2.953478701E-1
3.711638250E0,-3.910643049E-3,-2.603990436E-1,1.265153289E-1,2.895325257E-1
3.721654250E0,-3.409968689E-3,-2.540434003E-1,1.287558377E-1,2.848293223E-1
3.731669250E0,1.080244896E-3,-2.459145039E-1,1.281057149E-1,2.772835811E-1
3.741684250E0,2.248839941E-3,-2.397548705E-1,1.264548153E-1,2.710687653E-1
3.751700250E0,1.608140301E-3,-2.304230332E-1,1.275784820E-1,2.633887421E-1
3.761715250E0,6.754432339E-3,-2.262948751E-1,1.271534413E-1,2.596593740E-1
3.771730250E0,6.033990532E-3,-2.134902477E-1,1.225373074E-1,2.462313681E-1
3.781746250E0,9.540841915E-3,-2.090142816E-1,1.225924343E-1,2.425013454E-1
3.791761250E0,9.996727109E-3,-1.974891424E-1,1.213407293E-1,2.320031649E-1
3.801776250E0,1.144921500E-2,-1.879094988E-1,1.186464131E-1,2.225264829E-1
3.811792250E0,1.382839680E-2,-1.776310354E-1,1.109150052E-1,2.098717411E-1
3.821807250E0,1.625560224E-2,-1.720546484E-1,1.105903611E-1,2.051762038E-1
3.831822250E0,1.271572802E-2,-1.626512855E-1,1.025066003E-1,1.926777972E-1
3.841838250E0,1.266406290E-2,-1.509640068E-1,9.843756258E-2,1.806667196E-1
3.851853250E0,1.481252164E-2,-1.413875371E-1,9.264250845E-2,1.696834724E-1
3.861869250E0,1.685010456E-2,-1.280586720E-1,8.705040067E-2,1.557585367E-1
3.871884250E0,1.574807055E-2,-1.189964935E-1,7.945468277E-2,1.439486499E-1
3.881899250E0,1.507322490E-2,-1.074588820E-1,7.303512841E-2,1.308003953E-1
3.891915250E0,1.546287350E-2,-9.544489533E-2,6.625436246E-2,1.172112155E-1
3.901930250E0,1.351450477E-2,-8.722131699E-2,5.670160428E-2,1.049060146E-1
3.911945250E0,1.236231811E-2,-7.308775187E-2,5.111579597E-2,9.004149588E-2
3.921961250E0,1.337858010E-2,-6.413606554E-2,4.330208153E-2,7.853337872E-2
3.931976250E0,1.381209493E-2,-5.093926564E-2,3.143129125E-2,6.142889239E-2
3.941991250E0,9.484725073E-3,-4.030233249E-2,2.357363328E-2,4.764403635E-2
3.952007250E0,9.403431788E-3,-2.885871753E-2,1.743624359E-2,3.500389546E-2
3.962022250E0,5.357823335E-3,-1.812777668E-2,6.580666173E-3,2.001568699E-2
3.972037250E0,7.916122675E-3,-6.909755990E-3,-3.460913897E-3,1.106289524E-2
3.982053250E0,7.055655587E-3,6.169560365E-3,-1.134360395E-2,1.471472397E-2
3.992068250E0,3.784475615E-3,1.801607385E-2,-2.158943377E-2,2.837260692E-2
4.002083250E0,4.428694025E-3,2.647480369E-2,-2.812775970E-2,3.888057904E-2
4.012099250E0,1.507539651E-3,3.954931721E-2,-3.747159243E-2,5.450267339E-2
4.022114250E0,9.695811896E-4,5.190105364E-2,-4.978764802E-2,7.192683332E-2
4.032130250E0,-1.730987919E-3,6.072266027E-2,-5.554241687E-2,8.231159008E-2
4.042145000E0,-4.717457108E-3,7.528135926E-2,-6.620917469E-2,1.003652941E-1
4.052160000E0,-4.690606613E-3,8.666774631E-2,-7.517765462E-2,1.148258673E-1
4.062176000E0,-5.880506709E-3,9.715633839E-2,-8.294475824E-2,1.278818493E-1
4.072191000E0,-5.399873015E-3,1.057096273E-1,-9.110935032E-2,1.396588617E-1
4.082206000E0,-5.593218375E-3,1.152325571E-1,-9.920296073E-2,1.521547032E-1
4.092222000E0,-6.966153625E-3,1.273716092E-1,-1.077737361E-1,1.669947075E-1
4.102237000E0,-6.566146854E-3,1.357565820E-1,-1.139946133E-1,1.773914759E-1
4.112252000E0,-3.961806186E-3,1.484612972E-1,-1.207138151E-1,1.913851557E-1
4.122268000E0,-8.002353832E-3,1.555799246E-1,-1.255415827E-1,2.000745851E-1
4.132283000E0,-4.079867620E-3,1.654287577E-1,-1.313754916E-1,2.112885207E-1
4.142298000E0,-5.808258895E-3,1.764859408E-1,-1.387439221E-1,2.245682504E-1
4.152314000E0,-5.189598538E-3,1.835850477E-1,-1.435636580E-1,2.331114016E-1
4.162329000E0,-2.636426128E-3,1.926408559E-1,-1.466334760E-1,2.421132512E-1
4.172345000E0,-1.144523267E-3,2.004625648E-1,-1.523515582E-1,2.517886954E-1
4.182360000E0,-4.078929487E-4,2.102422267E-1,-1.568261981E-1,2.622907103E-1
4.192375000E0,1.053137472E-3,2.173115909E-1,-1.570796072E-1,2.681407087E-1
4.202391000E0,3.443590598E-3,2.259644866E-1,-1.599278599E-1,2.768550666E-1
4.212406000E0,3.636641894E-3,2.320213765E-1,-1.609794497E-1,2.824208341E-1
4.222421000E0,6.919520441E-3,2.400734425E-1,-1.611586809E-1,2.892321870E-1
4.232437000E0,8.275059052E-3,2.446424514E-1,-1.615371853E-1,2.932791637E-1
4.242452000E0,8.807690814E-3,2.528910637E-1,-1.630895436E-1,3.010476121E-1
4.252467000E0,1.341266930E-2,2.589077652E-1,-1.606086940E-1,3.049725941E-1
4.262483000E0,1.397486217E-2,2.633003592E-1,-1.618382782E-1,3.093767998E-1
4.272498000E0,1.643955894E-2,2.695171237E-1,-1.578220576E-1,3.127579590E-1
4.282513000E0,1.987077668E-2,2.752261460E-1,-1.564252228E-1,3.171957274E-1
4.292529000E0,2.427615784E-2,2.795433700E-1,-1.518809199E-1,3.190636949E-1
4.302544000E0,2.537497878E-2,2.855709195E-1,-1.482696682E-1,3.227669967E-1
4.312560000E0,2.748916671E-2,2.876112461E-1,-1.460696757E-1,3.237471750E-1
4.322575000E0,2.765428275E-2,2.928049564E-1,-1.397840828E-1,3.256364409E-1
4.332590000E0,3.121350147E-2,2.914342880E-1,-1.356594115E-1,3.229732231E-1
4.342606000E0,3.088593297E-2,2.984631658E-1,-1.298039109E-1,3.269300498E-1
4.352621000E0,3.426509723E-2,3.000297844E-1,-1.221355572E-1,3.257438607E-1
4.362636000E0,3.419372439E-2,3.037057221E-1,-1.186372265E-1,3.278432063E-1
4.372652000E0,3.648770601E-2,3.064307272E-1,-1.123714820E-1,3.284181683E-1
4.382667000E0,3.829838708E-2,3.035001755E-1,-1.069913581E-1,3.240775735E-1
4.392682000E0,3.725563735E-2,3.048793077E-1,-9.908118099E-2,3.227327923E-1
4.402698000E0,4.125996679E-2,3.077432513E-1,-8.954466879E-2,3.231509575E-1
4.412713000E0,3.885893524E-2,3.065995872E-1,-8.445437253E-2,3.203839334E-1
4.422728000E0,4.366993532E-2,3.085492849E-1,-7.541507483E-2,3.206199588E-1
4.432744000E0,4.030429944E-2,3.057524264E-1,-6.814078242E-2,3.158356361E-1
4.442759000E0,4.166037962E-2,3.051066101E-1,-5.973744765E-2,3.136784873E-1
4.452775000E0,4.075529799E-2,3.030640781E-1,-5.582132563E-2,3.108453798E-1
4.462790000E0,4.069431126E-2,3.028672934E-1,-4.661237821E-2,3.091234998E-1
4.472805000E0,3.822028264E-2,2.971872389E-1,-3.652723506E-2,3.018530833E-1
4.482821000E0,3.809431568E-2,2.971315682E-1,-3.160118684E-2,3.012257969E-1
4.492836000E0,3.543836996E-2,2.923133373E-1,-2.144132182E-2,2.952332900E-1
4.502851000E0,3.389586881E-2,2.888940871E-1,-1.487583108E-2,2.912559250E-1
4.512867000E0,3.304183111E-2,2.822250724E-1,-8.560716175E-3,2.842816208E-1
4.522882000E0,3.287991136E-2,2.790729403E-1,-3.732671496E-3,2.810279834E-1
4.532897000E0,3.018621728E-2,2.724341154E-1,5.345283542E-3,2.741534735E-1
4.542913000E0,2.890470438E-2,2.657392025E-1,9.752016515E-3,2.674844061E-1
4.552928000E0,2.510527708E-2,2.611554563E-1,1.207412221E-2,2.626370723E-1
4.562943000E0,2.501286566E-2,2.558560371E-1,2.204739302E-2,2.580194619E-1
4.572959000E0,2.195265517E-2,2.474779487E-1,2.657334134E-2,2.498667577E-1
4.582974000E0,1.908097044E-2,2.399353385E-1,2.982239798E-2,2.425333493E-1
4.592990000E0,1.737532951E-2,2.311468571E-1,3.380530700E-2,2.342510841E-1
4.603005000E0,1.548022404E-2,2.240247726E-1,3.435099125E-2,2.271711397E-1
4.613020000E0,1.293016039E-2,2.154206187E-1,3.878729790E-2,2.192662456E-1
4.623036000E0,8.993742056E-3,2.076194137E-1,4.256819189E-2,2.121291100E-1
4.633051000E0,9.028609842E-3,1.939016581E-1,4.584429786E-2,1.994519201E-1
4.643066000E0,6.059717387E-3,1.873737276E-1,4.798015207E-2,1.935141570E-1
4.653082000E0,3.332917579E-3,1.752349287E-1,4.587205127E-2,1.811701788E-1
4.663097000E0,1.366173383E-3,1.661245227E-1,4.954374954E-2,1.733603374E-1
4.673112000E0,8.366605034E-4,1.571061015E-1,5.126396567E-2,1.652604651E-1
4.683128000E0,-1.906129066E-3,1.438137293E-1,4.879947752E-2,1.518795940E-1
4.693143000E0,-2.595041413E-3,1.315429211E-1,5.234549195E-2,1.415991697E-1
4.703158000E0,-6.012675818E-3,1.194582880E-1,4.932466894E-2,1.293806701E-1
4.713174000E0,-7.196433377E-3,1.093492284E-1,4.996953160E-2,1.204408423E-1
4.723189000E0,-1.018796209E-2,9.655114263E-2,4.962838069E-2,1.090362045E-1
4.733205000E0,-8.780718781E-3,8.363261074E-2,4.653449357E-2,9.610917590E-2
4.743220000E0,-7.432626095E-3,7.183586806E-2,4.405722395E-2,8.459713265E-2
4.753235000E0,-1.234680414E-2,5.794168264E-2,4.432231933E-2,7.398749996E-2
4.763251000E0,-1.413671486E-2,4.664162174E-2,4.052465409E-2,6.338402933E-2
4.773266000E0,-1.266953163E-2,3.432525694E-2,3.838109225E-2,5.302686619E-2
4.783281000E0,-1.656653546E-2,2.108322456E-2,3.396317735E-2,4.327181382E-2
4.793297000E0,-1.458682958E-2,8.854459040E-3,3.241189942E-2,3.662933614E-2
4.803312000E0,-1.416977867E-2,-5.699183792E-3,3.051226586E-2,3.412127916E-2
4.813327000E0,-1.731541753E-2,-1.839574240E-2,2.714441717E-2,3.708161817E-2
4.823343000E0,-1.557956729E-2,-3.056026436E-2,2.557981014E-2,4.278994464E-2
4.833358000E0,-1.485701557E-2,-4.249303043E-2,2.061457373E-2,4.951110175E-2
4.843374000E0,-1.724107750E-2,-5.427751690E-2,1.925183460E-2,6.011602723E-2
4.853389000E0,-1.819308102E-2,-6.788584590E-2,1.576674730E-2,7.202823468E-2
4.863404000E0,-1.767669432E-2,-7.684232295E-2,9.843077511E-3,7.946127543E-2
4.873420000E0,-1.991904527E-2,-9.200750291E-2,1.234741975E-2,9.494528809E-2
4.883435000E0,-1.860344410E-2,-1.034002379E-1,8.988108486E-3,1.054442195E-1
4.893450000E0,-1.988375001E-2,-1.155776531E-1,7.251251489E-3,1.174995236E-1
4.903466000E0,-1.854231581E-2,-1.257093847E-1,2.801109571E-3,1.271004055E-1
4.913481000E0,-2.283154614E-2,-1.367480606E-1,1.814217772E-3,1.386528145E-1
4.923496000E0,-2.334047668E-2,-1.490686536E-1,9.526852518E-4,1.508878688E-1
4.933512000E0,-2.445802651E-2,-1.599751413E-1,-1.834028866E-3,1.618443838E-1
4.943527000E0,-2.094052359E-2,-1.686013937E-1,-2.727519255E-3,1.699187301E-1
4.953543000E0,-2.509359829E-2,-1.800930798E-1,-3.332646098E-3,1.818634449E-1
4.963558000E0,-2.517136186E-2,-1.906224191E-1,-3.946770914E-3,1.923176568E-1
4.973573000E0,-2.800288238E-2,-1.976992041E-1,-3.237589728E-3,1.996988200E-1
4.983589000E0,-2.772458084E-2,-2.092482597E-1,-8.934754878E-4,2.110788593E-1
4.993604000E0,-2.835996449E-2,-2.165589333E-1,-1.516103745E-3,2.184132728E-1
5.003619000E0,-2.754556946E-2,-2.269053161E-1,1.819239231E-3,2.285784122E-1
5.013635000E0,-3.004235961E-2,-2.321788073E-1,3.318407573E-3,2.341378947E-1
5.023650000E0,-2.994142659E-2,-2.406593710E-1,3.963425290E-3,2.425471720E-1
5.033664875E0,-2.971974574E-2,-2.492948472E-1,8.238695562E-3,2.511952632E-1
5.043680875E0,-3.259516135E-2,-2.547205091E-1,1.100385562E-2,2.570332024E-1
5.053695875E0,-3.279315680E-2,-2.592613399E-1,1.387746260E-2,2.616952760E-1
5.063710875E0,-3.400036693E-2,-2.678628266E-1,1.876409724E-2,2.706632782E-1
5.073726875E0,-3.692213446E-2,-2.728044689E-1,2.030627057E-2,2.760396111E-1
5.083741875E0,-3.570906445E-2,-2.787848413E-1,2.284985781E-2,2.819897889E-1
5.093757875E0,-3.802373260E-2,-2.813654244E-1,2.886206098E-2,2.853862731E-1
5.103772875E0,-3.705780208E-2,-2.859340906E-1,3.367572278E-2,2.902854443E-1
5.113787875E0,-3.725238144E-2,-2.872683704E-1,3.719938919E-2,2.920524801E-1
5.123803875E0,-3.508963063E-2,-2.963886559E-1,4.524746537E-2,3.018689296E-1
5.133818875E0,-3.640297428E-2,-2.972418070E-1,4.768819362E-2,3.032359348E-1
5.143833875E0,-3.806372359E-2,-2.993840575E-1,5.456074700E-2,3.066863806E-1
5.153849875E0,-3.779130057E-2,-3.000200391E-1,6.015912816E-2,3.083169261E-1
5.163864875E0,-3.744722158E-2,-3.054299951E-1,6.562074274E-2,3.146360726E-1
5.173879875E0,-3.421617672E-2,-3.037783802E-1,7.121901214E-2,3.138856459E-1
5.183895875E0,-3.298633173E-2,-3.039357662E-1,7.531122863E-2,3.148600153E-1
5.193910875E0,-3.381516412E-2,-3.058706820E-1,8.252511919E-2,3.186074932E-1
5.203926875E0,-3.066571057E-2,-3.051638901E-1,8.526364714E-2,3.183320203E-1
5.213941875E0,-3.008268774E-2,-3.041983545E-1,9.266731143E-2,3.194195322E-1
5.223956875E0,-3.122491762E-2,-3.026172519E-1,9.697870165E-2,3.193071643E-1
5.233972875E0,-2.797121927E-2,-3.048839271E-1,1.008393690E-1,3.223432587E-1
5.243987875E0,-2.357434109E-2,-3.012284636E-1,1.062328070E-1,3.202807302E-1
5.254002875E0,-2.213631198E-2,-2.996160686E-1,1.078816429E-1,3.192150588E-1
5.264018875E0,-2.229317278E-2,-2.956751287E-1,1.128380522E-1,3.172588743E-1
5.274033875E0,-1.971936785E-2,-2.944835126E-1,1.155552194E-1,3.169580436E-1
5.284048875E0,-1.792945713E-2,-2.903220356E-1,1.201603562E-1,3.147171126E-1
5.294064875E0,-1.730043627E-2,-2.850740552E-1,1.228822619E-1,3.109124834E-1
5.304079875E0,-1.339677535E-2,-2.791309357E-1,1.252665967E-1,3.062438131E-1
5.314095875E0,-9.454793297E-3,-2.776275277E-1,1.259444505E-1,3.050056424E-1
5.324110875E0,-6.125576328E-3,-2.722689807E-1,1.276488751E-1,3.007692735E-1
5.334125875E0,-6.398361176E-3,-2.678749263E-1,1.265293658E-1,2.963234645E-1
5.344141875E0,-6.182644982E-3,-2.634820342E-1,1.265629083E-1,2.923682219E-1
5.354156875E0,-1.015910995E-3,-2.540363371E-1,1.268634647E-1,2.839539247E-1
5.364171875E0,-3.021271434E-3,-2.459461689E-1,1.237667352E-1,2.753485987E-1
5.374187875E0,2.859100234E-3,-2.435834557E-1,1.274372488E-1,2.749205826E-1
5.384202875E0,4.204262514E-3,-2.354874462E-1,1.217005327E-1,2.651094732E-1
5.394217875E0,6.440702826E-3,-2.258574814E-1,1.195455343E-1,2.556251539E-1
5.404233875E0,9.579771198E-3,-2.197721601E-1,1.149691567E-1,2.482125729E-1
5.414248875E0,7.251653355E-3,-2.119376510E-1,1.128051803E-1,2.401981746E-1
5.424264875E0,8.503605612E-3,-2.024232298E-1,1.123673618E-1,2.316762812E-1
5.434279875E0,1.141041610E-2,-1.904000491E-1,1.056349799E-1,2.180392746E-1
5.444294875E0,1.014674641E-2,-1.829911470E-1,1.008423567E-1,2.091838838E-1
5.454310875E0,1.290788129E-2,-1.745634973E-1,9.395604581E-2,1.986624437E-1
5.464325875E0,1.502030063E-2,-1.679008007E-1,8.876048774E-2,1.905117122E-1
5.474340875E0,1.315741427E-2,-1.579944938E-1,8.443785459E-2,1.796249674E-1
5.484356875E0,1.092941407E-2,-1.455788463E-1,7.707688212E-2,1.650863360E-1
5.494371875E0,1.136536151E-2,-1.341969222E-1,6.788678467E-2,1.508197630E-1
5.504386875E0,1.100796461E-2,-1.275448799E-1,6.333544105E-2,1.428294429E-1
5.514402875E0,1.055524405E-2,-1.153161600E-1,5.238436908E-2,1.270958381E-1
5.524417875E0,1.234835107E-2,-1.054707170E-1,4.679386318E-2,1.160440414E-1
5.534433875E0,9.247318842E-3,-9.386088699E-2,3.715186566E-2,1.013688322E-1
5.544448875E0,6.461386103E-3,-8.049661666E-2,3.023111075E-2,8.622861974E-2
5.554463875E0,9.530820884E-3,-7.045102119E-2,2.054764703E-2,7.400262652E-2
5.564479875E0,7.762215100E-3,-6.102636456E-2,1.374060567E-2,6.303390675E-2
5.574494875E0,7.318438031E-3,-5.107245222E-2,5.467992276E-3,5.188307865E-2
5.584509875E0,4.213991575E-3,-3.947625309E-2,-4.212598316E-3,3.992340501E-2
5.594525875E0,1.336612273E-3,-2.929343656E-2,-9.528622031E-3,3.083320605E-2
5.604540875E0,3.274594434E-3,-1.698670350E-2,-2.052907459E-2,2.684611645E-2
5.614555875E0,9.392211214E-4,-6.953471340E-3,-2.514967695E-2,2.611013502E-2
5.624571875E0,2.984646126E-4,2.980118617E-3,-3.543534130E-2,3.556168726E-2
5.634586875E0,9.940107120E-4,1.711321808E-2,-4.465081915E-2,4.782829645E-2
5.644602875E0,5.316860043E-4,2.706518583E-2,-5.246639624E-2,5.903837488E-2
5.654617875E0,-2.186666476E-3,3.992266953E-2,-6.050394475E-2,7.252122712E-2
5.664632875E0,-2.278811764E-3,5.218838900E-2,-6.792563945E-2,8.568963429E-2
5.674648875E0,-4.957484081E-3,6.197578460E-2,-7.556825131E-2,9.785772903E-2
5.684663875E0,-4.431243520E-3,7.141987979E-2,-8.600224555E-2,1.118786011E-1
5.694678875E0,-7.201931439E-3,8.396229893E-2,-9.096890688E-2,1.240035382E-1
5.704694875E0,-7.053593174E-3,9.630258381E-2,-9.563955665E-2,1.359075628E-1
5.714709875E0,-7.993831299E-3,1.035369188E-1,-1.014463753E-1,1.451728691E-1
5.724724875E0,-5.438528024E-3,1.117706075E-1,-1.083934978E-1,1.557928004E-1
5.734740875E0,-6.328775547E-3,1.254698783E-1,-1.130026057E-1,1.689743551E-1
5.744755875E0,-5.687220022E-3,1.334116906E-1,-1.169038713E-1,1.774754597E-1
5.754771875E0,-4.231991712E-3,1.437869966E-1,-1.251754612E-1,1.906869325E-1
5.764786875E0,-2.387220040E-3,1.529418826E-1,-1.278583258E-1,1.993606525E-1
5.774801875E0,-4.503586795E-3,1.615062952E-1,-1.310929954E-1,2.080623443E-1
5.784817875E0,-1.606333884E-3,1.720651984E-1,-1.340174079E-1,2.181047419E-1
5.794832875E0,-1.975555439E-3,1.830884516E-1,-1.354723871E-1,2.277675385E-1
5.804847875E0,5.728234537E-4,1.888355613E-1,-1.411065757E-1,2.357334576E-1
5.814863875E0,2.578466432E-3,1.977039129E-1,-1.414707750E-1,2.431202703E-1
5.824878875E0,5.195821170E-3,2.058270872E-1,-1.430596262E-1,2.507146646E-1
5.834893875E0,3.724971088E-3,2.135608047E-1,-1.441764981E-1,2.576993506E-1
5.844909875E0,5.531659815E-3,2.214671969E-1,-1.450457424E-1,2.647953662E-1
5.854924875E0,7.463737857E-3,2.318465114E-1,-1.440446377E-1,2.730519545E-1
5.864940875E0,1.197486650E-2,2.351240516E-1,-1.424099803E-1,2.751496312E-1
5.874955875E0,1.233697683E-2,2.433830202E-1,-1.434421986E-1,2.827775802E-1
5.884970875E0,1.257746108E-2,2.495903373E-1,-1.395483911E-1,2.862294228E-1
5.894986875E0,1.717800833E-2,2.547274530E-1,-1.394749731E-1,2.909199673E-1
5.905001875E0,1.898443140E-2,2.595491111E-1,-1.361641288E-1,2.937121375E-1
5.915016875E0,1.730778255E-2,2.684162557E-1,-1.332464516E-1,3.001690566E-1
5.925032875E0,2.052275091E-2,2.711251974E-1,-1.328264624E-1,3.026101867E-1
5.935047875E0,2.249831520E-2,2.775548100E-1,-1.245276183E-1,3.050409390E-1
5.945062875E0,2.430953085E-2,2.804259658E-1,-1.222719103E-1,3.068877574E-1
5.955078875E0,2.632209286E-2,2.846120894E-1,-1.169923991E-1,3.088431891E-1
5.965093875E0,2.947021648E-2,2.871178389E-1,-1.119853929E-1,3.095898501E-1
5.975109875E0,3.321456164E-2,2.928760052E-1,-1.083931327E-1,3.140519586E-1
5.985124875E0,3.339112923E-2,2.947735190E-1,-1.019592062E-1,3.136910499E-1
5.995139875E0,3.232354298E-2,2.949811220E-1,-9.581456333E-2,3.118318526E-1
6.005155875E0,3.201222047E-2,2.976669371E-1,-9.037985653E-2,3.127281666E-1
6.015170875E0,3.683646023E-2,2.988204658E-1,-8.392135054E-2,3.125594162E-1
6.025185875E0,3.405665234E-2,3.001784086E-1,-8.215487003E-2,3.130756382E-1
6.035202333E0,3.772634640E-2,3.020161092E-1,-7.411511242E-2,3.132571744E-1
6.045217333E0,3.546851873E-2,3.025308847E-1,-6.741380692E-2,3.119736742E-1
6.055233333E0,3.413291276E-2,3.035112619E-1,-6.119176000E-2,3.114940984E-1
6.065248333E0,3.885895759E-2,3.012081981E-1,-5.419617146E-2,3.085022239E-1
6.075263333E0,3.662976623E-2,2.983470261E-1,-4.746923968E-2,3.043123666E-1
6.085279333E0,3.654215112E-2,3.001105785E-1,-4.351790994E-2,3.054431152E-1
6.095294333E0,3.660833836E-2,2.980459929E-1,-3.617285565E-2,3.024567073E-1
6.105309333E0,3.509220108E-2,2.947905362E-1,-3.238184378E-2,2.986327286E-1
6.115325333E0,3.490386903E-2,2.932747006E-1,-2.453752235E-2,2.963619748E-1
6.125340333E0,3.329744935E-2,2.880660892E-1,-2.300434187E-2,2.908951557E-1
6.135355333E0,3.160438314E-2,2.858413756E-1,-1.670120656E-2,2.880678034E-1
6.145371333E0,3.073672764E-2,2.810604572E-1,-1.013491675E-2,2.829177329E-1
6.155386333E0,2.946213819E-2,2.761309445E-1,-4.622706678E-3,2.777367198E-1
6.165402333E0,2.811910585E-2,2.699641287E-1,-9.339624085E-4,2.714262095E-1
6.175417333E0,2.707619406E-2,2.665776014E-1,4.189050291E-3,2.679818763E-1
6.185432333E0,2.586978301E-2,2.596043646E-1,6.740625016E-3,2.609772171E-1
6.195448333E0,2.593405917E-2,2.574056089E-1,1.068453677E-2,2.589292997E-1
6.205463333E0,2.162666246E-2,2.444802225E-1,1.543348655E-2,2.459196702E-1
6.215478333E0,2.067187242E-2,2.407510281E-1,1.600471511E-2,2.421663369E-1
6.225494333E0,1.556872204E-2,2.326558232E-1,2.081518248E-2,2.341033725E-1
6.235509333E0,1.634881087E-2,2.248615175E-1,2.186422050E-2,2.265127586E-1
6.245524333E0,1.532588992E-2,2.158059627E-1,2.393376455E-2,2.176692939E-1
6.255540333E0,1.229402237E-2,2.067335248E-1,2.391038276E-2,2.084744581E-1
6.265555333E0,1.151744463E-2,1.982646734E-1,2.652267739E-2,2.003621338E-1
6.275571333E0,1.067430340E-2,1.891305894E-1,2.766528353E-2,1.914410836E-1
6.285586333E0,1.060878951E-2,1.802087426E-1,2.899766341E-2,1.828349032E-1
6.295601333E0,7.599462755E-3,1.683236808E-1,2.949830890E-2,1.710577784E-1
6.305617333E0,6.752843503E-3,1.582558602E-1,2.818563767E-2,1.608879994E-1
6.315632333E0,3.020426026E-3,1.490624845E-1,2.943417244E-2,1.519707793E-1
6.325647333E0,1.437443076E-3,1.353559941E-1,2.763414197E-2,1.381555543E-1
6.335663333E0,-6.859053974E-5,1.260346472E-1,2.836666815E-2,1.291874795E-1
6.345678333E0,-7.705998141E-4,1.153617501E-1,2.587341703E-2,1.182301185E-1
6.355694333E0,1.480068080E-3,1.023894250E-1,2.394386381E-2,1.051622250E-1
6.365709333E0,-1.698414562E-3,9.322921932E-2,2.430072799E-2,9.635920987E-2
6.375724333E0,-3.279360011E-3,8.135200292E-2,2.117445134E-2,8.412645226E-2
6.385740333E0,-1.718481304E-3,6.925459206E-2,1.828039251E-2,7.164722221E-2
6.395755333E0,-4.539316986E-3,5.510358512E-2,1.543549635E-2,5.740439913E-2
6.405770333E0,-9.024878964E-3,4.178032279E-2,1.544801332E-2,4.544980669E-2
6.415786333E0,-9.180033579E-3,2.995411307E-2,1.333915815E-2,3.405077159E-2
6.425801333E0,-9.003199637E-3,2.023836598E-2,1.256497670E-2,2.546620703E-2
6.435817333E0,-1.128239371E-2,6.366634741E-3,1.234491635E-2,1.789478710E-2
6.445832333E0,-1.150902919E-2,-4.086005501E-3,1.043276675E-2,1.606224816E-2
6.455847333E0,-1.150213648E-2,-1.826993003E-2,6.917483639E-3,2.267026835E-2
6.465863333E0,-1.367927063E-2,-3.054310754E-2,6.848241203E-3,3.415995127E-2
6.475878333E0,-1.350306440E-2,-4.511358216E-2,5.461187102E-3,4.740667262E-2
6.485893333E0,-1.411985233E-2,-5.425594747E-2,4.686207045E-3,5.625867580E-2
6.495909333E0,-1.607657038E-2,-6.802880764E-2,1.181495609E-3,6.991259340E-2
6.505924333E0,-1.506802998E-2,-7.964923978E-2,2.686714288E-3,8.110650627E-2
6.515939333E0,-1.779509336E-2,-9.231081605E-2,3.048703307E-3,9.405980384E-2
6.525955333E0,-1.995252073E-2,-1.040566862E-1,-1.145775430E-3,1.059585288E-1
6.535970333E0,-1.816090010E-2,-1.131516993E-1,3.239032812E-4,1.146003065E-1
6.545986333E0,-1.911830530E-2,-1.234618574E-1,-5.642608739E-4,1.249346158E-1
6.556001333E0,-2.356545813E-2,-1.360205263E-1,3.203009255E-4,1.380471549E-1
6.566016333E0,-2.186955698E-2,-1.502295583E-1,1.466628164E-4,1.518131063E-1
6.576032333E0,-2.254253812E-2,-1.573427320E-1,2.760778880E-3,1.589733412E-1
6.586047333E0,-2.375347726E-2,-1.663628519E-1,1.029724255E-3,1.680532252E-1
6.596062333E0,-2.486605011E-2,-1.765123755E-1,5.380076356E-3,1.783364359E-1
6.606078333E0,-2.679124847E-2,-1.869706064E-1,5.795529578E-3,1.889692219E-1
6.616093333E0,-2.935043722E-2,-1.951762587E-1,5.336504895E-3,1.974428991E-1
6.626109333E0,-3.140080720E-2,-2.030171454E-1,1.091343071E-2,2.057208667E-1
6.636124333E0,-3.221637756E-2,-2.123517394E-1,1.186935883E-2,2.151093626E-1
6.646139333E0,-3.402253240E-2,-2.194224298E-1,1.447473001E-2,2.225157370E-1
6.656155333E0,-3.441368416E-2,-2.305256873E-1,1.923925243E-2,2.338729207E-1
6.666170333E0,-3.317851201E-2,-2.368051559E-1,2.161559090E-2,2.400931679E-1
6.676185333E0,-3.371206671E-2,-2.436711639E-1,2.809112146E-2,2.475908938E-1
6.686201333E0,-3.581383452E-2,-2.494797856E-1,3.085495159E-2,2.539189284E-1
6.696216333E0,-3.799209744E-2,-2.565507293E-1,3.583759815E-2,2.618129286E-1
6.706232333E0,-3.766852617E-2,-2.641010582E-1,4.059693217E-2,2.698451366E-1
6.716247333E0,-3.606752679E-2,-2.676945031E-1,4.339218885E-2,2.735764893E-1
6.726262333E0,-3.804359213E-2,-2.706021369E-1,4.916485772E-2,2.776508862E-1
6.736278333E0,-3.714308143E-2,-2.783305943E-1,5.350846797E-2,2.858508079E-1
6.746293333E0,-3.941955417E-2,-2.802749872E-1,5.897061527E-2,2.891115757E-1
6.756308333E0,-3.914451227E-2,-2.851811647E-1,6.642764807E-2,2.954204157E-1
6.766324333E0,-3.888032585E-2,-2.864858508E-1,7.051160932E-2,2.975864740E-1
6.776339333E0,-3.803240880E-2,-2.893787622E-1,7.703058422E-2,3.018612977E-1
6.786355333E0,-3.660069034E-2,-2.924675047E-1,8.035393804E-2,3.055054946E-1
6.796370333E0,-3.675255552E-2,-2.949378490E-1,8.391232789E-2,3.088371155E-1
6.806385333E0,-3.655308113E-2,-2.953634262E-1,9.000803530E-2,3.109294578E-1
6.816401333E0,-3.443439677E-2,-2.965710163E-1,9.405796230E-2,3.130287458E-1
6.826416333E0,-3.178215399E-2,-2.985545397E-1,9.880743921E-2,3.160819965E-1
6.836431333E0,-3.317086771E-2,-2.971717119E-1,1.010748073E-1,3.156381623E-1
6.846447333E0,-3.182597086E-2,-2.984292507E-1,1.059103087E-1,3.182607478E-1
6.856462333E0,-2.818282880E-2,-2.980327010E-1,1.094231531E-1,3.187337277E-1
6.866477333E0,-2.644857951E-2,-2.981304526E-1,1.138719693E-1,3.202313531E-1
6.876493333E0,-2.750878409E-2,-2.950953543E-1,1.167380959E-1,3.185369435E-1
6.886508333E0,-2.297395468E-2,-2.929046452E-1,1.188238859E-1,3.169227818E-1
6.896524333E0,-1.981007308E-2,-2.933300138E-1,1.209645495E-1,3.179109281E-1
6.906539333E0,-1.827982068E-2,-2.890836000E-1,1.200494915E-1,3.135528027E-1
6.916554333E0,-1.456647832E-2,-2.868121266E-1,1.216742843E-1,3.118942285E-1
6.926570333E0,-1.446101721E-2,-2.817731500E-1,1.242117435E-1,3.082755039E-1
6.936585333E0,-1.096616779E-2,-2.786200047E-1,1.256763786E-1,3.058494989E-1
6.946600333E0,-9.162941948E-3,-2.726372182E-1,1.252167076E-1,3.001570191E-1
6.956616333E0,-9.349722415E-3,-2.687479854E-1,1.243786216E-1,2.962818564E-1
6.966631333E0,-7.597095799E-3,-2.643154263E-1,1.241631657E-1,2.921247203E-1
6.976647333E0,-4.625055473E-3,-2.620634139E-1,1.233130619E-1,2.896631410E-1
6.986662333E0,-2.114493400E-3,-2.543565035E-1,1.204594895E-1,2.814466034E-1
6.996677333E0,-1.025071542E-4,-2.472194135E-1,1.161172912E-1,2.731312399E-1
7.006693333E0,-6.260846276E-4,-2.409844249E-1,1.145361736E-1,2.668190775E-1
7.016708333E0,1.754797879E-3,-2.354637980E-1,1.106751934E-1,2.601831623E-1
7.026723333E0,6.002806127E-3,-2.293651551E-1,1.072809994E-1,2.532856508E-1
7.036738375E0,4.288858268E-3,-2.209407985E-1,1.047591120E-1,2.445561332E-1
7.046753375E0,8.817563765E-3,-2.160248607E-1,9.802077711E-2,2.373869471E-1
7.056769375E0,7.085411344E-3,-2.060999870E-1,9.377899021E-2,2.265433881E-1
7.066784375E0,8.981315419E-3,-1.952396184E-1,8.974643052E-2,2.150664884E-1
7.076799375E0,7.403784897E-3,-1.871360242E-1,8.257900923E-2,2.046802393E-1
7.086815375E0,7.071688771E-3,-1.796288490E-1,7.751767337E-2,1.957690524E-1
7.096830375E0,1.046906784E-2,-1.740657985E-1,7.177978009E-2,1.885758214E-1
7.106845375E0,1.288988162E-2,-1.644323468E-1,6.137401611E-2,1.759855550E-1
7.116861375E0,1.101233717E-2,-1.517647803E-1,5.576049164E-2,1.620587934E-1
7.126876375E0,7.325722836E-3,-1.403446198E-1,4.594914243E-2,1.478566948E-1
7.136892375E0,9.286341257E-3,-1.292942315E-1,4.199811444E-2,1.362610585E-1
7.146907375E0,1.033589337E-2,-1.228738800E-1,3.481024504E-2,1.281271799E-1
7.156922375E0,1.114782505E-2,-1.133958101E-1,2.685262449E-2,1.170638595E-1
7.166938375E0,8.977881633E-3,-1.027439684E-1,2.113375254E-2,1.052784921E-1
7.176953375E0,7.295989897E-3,-9.178835154E-2,1.367086731E-2,9.308719331E-2
7.186968375E0,6.020335946E-3,-7.855856419E-2,4.391615279E-3,7.891120793E-2
7.196984375E0,4.477391951E-3,-6.695324928E-2,-4.277701490E-3,6.723900176E-2
7.206999375E0,2.407050226E-3,-5.585345626E-2,-1.351247821E-2,5.751512440E-2
7.217015375E0,3.970548045E-3,-5.000552163E-2,-1.709341817E-2,5.299530535E-2
7.227030375E0,1.810191548E-3,-3.801596910E-2,-2.631008625E-2,4.626782185E-2
7.237045375E0,1.254966948E-3,-2.874806896E-2,-3.719463572E-2,4.702624094E-2
7.247061375E0,-5.256225704E-4,-1.360853203E-2,-4.038776830E-2,4.262206296E-2
7.257076375E0,4.280881258E-4,-2.870206721E-3,-4.707825184E-2,4.716760692E-2
7.267091375E0,-2.455050126E-3,8.099352941E-3,-5.684832111E-2,5.747485017E-2
7.277107375E0,-3.622590739E-4,1.753348857E-2,-6.260294467E-2,6.501294590E-2
7.287122375E0,-2.029930474E-3,2.998403460E-2,-6.796175987E-2,7.430991692E-2
7.297138375E0,-4.730109591E-3,4.144814238E-2,-7.631636411E-2,8.697419085E-2
7.307153375E0,-3.203585511E-3,5.139904469E-2,-8.179688454E-2,9.665844544E-2
7.317168375E0,-2.542369533E-3,6.181364134E-2,-8.522732556E-2,1.053142294E-1
7.327184375E0,-3.700578120E-3,7.087131590E-2,-9.112995118E-2,1.155037043E-1
7.337199375E0,-2.692024689E-3,8.273892850E-2,-9.655471146E-2,1.271840776E-1
7.347214375E0,-5.010839086E-3,9.143894166E-2,-1.004482508E-1,1.359265965E-1
7.357230375E0,-5.005325656E-3,1.025489643E-1,-1.039323881E-1,1.460934108E-1
7.367245375E0,-2.560543828E-3,1.136564836E-1,-1.080893129E-1,1.568682639E-1
7.377261375E0,-6.800969131E-3,1.218261048E-1,-1.113123298E-1,1.651613991E-1
7.387276375E0,-1.198477112E-3,1.320044398E-1,-1.125746667E-1,1.734925476E-1
7.397291375E0,-2.093425486E-3,1.443624645E-1,-1.189366356E-1,1.870583515E-1
7.407307375E0,-3.152031917E-3,1.526294500E-1,-1.167658940E-1,1.921977063E-1
7.417322375E0,1.150444616E-3,1.609381288E-1,-1.217155904E-1,2.017847610E-1
7.427337375E0,1.048711827E-3,1.723172814E-1,-1.225603521E-1,2.114601266E-1
7.437353375E0,2.741687000E-3,1.781563908E-1,-1.234336346E-1,2.167558040E-1
7.447368375E0,4.863161128E-3,1.903339475E-1,-1.221534461E-1,2.262125689E-1
7.457384375E0,5.162766669E-3,1.970669627E-1,-1.248206049E-1,2.333285781E-1
7.467399375E0,7.920203730E-3,2.024681121E-1,-1.253950447E-1,2.382855079E-1
7.477414375E0,1.067460049E-2,2.120314538E-1,-1.240191087E-1,2.458699328E-1
7.487430375E0,9.262858890E-3,2.195359766E-1,-1.221817955E-1,2.514164608E-1
7.497445375E0,1.252458617E-2,2.296660095E-1,-1.194859818E-1,2.591915142E-1
7.507460375E0,1.508628111E-2,2.321962863E-1,-1.214657724E-1,2.624817044E-1
7.517476375E0,1.465005521E-2,2.386254221E-1,-1.185592040E-1,2.668576419E-1
7.527491375E0,1.536458172E-2,2.459712178E-1,-1.166379973E-1,2.726579043E-1
7.537507375E0,2.005653828E-2,2.534922659E-1,-1.125524417E-1,2.780802865E-1
7.547522375E0,1.915079728E-2,2.577320039E-1,-1.084447801E-1,2.802727408E-1
7.557537375E0,1.981821842E-2,2.608986795E-1,-1.084672362E-1,2.832419885E-1
7.567553375E0,2.090745233E-2,2.686378360E-1,-1.046554595E-1,2.890608477E-1
7.577568375E0,2.415359206E-2,2.721263468E-1,-9.734337032E-2,2.900204758E-1
7.587583375E0,2.629823610E-2,2.794095576E-1,-9.647491574E-2,2.967637233E-1
7.597599375E0,2.747460082E-2,2.810473740E-1,-9.149292856E-2,2.968390744E-1
7.607614375E0,2.853081003E-2,2.835528851E-1,-8.847290277E-2,2.984019106E-1
7.617630375E0,3.087630123E-2,2.862801850E-1,-8.396601677E-2,2.999332964E-1
7.627645375E0,2.884803899E-2,2.897081971E-1,-7.973159105E-2,3.018611857E-1
7.637660375E0,2.966322005E-2,2.914986312E-1,-7.648876309E-2,3.028231984E-1
7.647676375E0,3.226193041E-2,2.930310071E-1,-6.977893412E-2,3.029473599E-1
7.657691375E0,3.292287886E-2,2.932288945E-1,-6.456953287E-2,3.020535136E-1
7.667707375E0,3.608618304E-2,2.946515679E-1,-6.120996177E-2,3.030980345E-1
7.677722375E0,3.443779424E-2,2.957809865E-1,-5.444432795E-2,3.027152763E-1
7.687737375E0,3.485723957E-2,2.952366471E-1,-5.057448521E-2,3.015584247E-1
7.697753375E0,3.305058554E-2,2.951148450E-1,-4.722058773E-2,3.006906997E-1
7.707768375E0,3.221089393E-2,2.969747782E-1,-4.561923072E-2,3.021798716E-1
7.717783375E0,3.291169554E-2,2.943061590E-1,-3.878081590E-2,2.986691257E-1
7.727799375E0,3.287920356E-2,2.900280654E-1,-3.304916248E-2,2.937508603E-1
7.737814375E0,3.441937268E-2,2.917804122E-1,-2.968839742E-2,2.952996835E-1
7.747830375E0,3.161879256E-2,2.858053446E-1,-2.488085814E-2,2.886234574E-1
7.757845375E0,2.996744588E-2,2.847380936E-1,-2.309234813E-2,2.872404677E-1
7.767860375E0,2.948674560E-2,2.821148932E-1,-1.665681973E-2,2.841403364E-1
7.777876375E0,3.103639372E-2,2.771111131E-1,-1.543098502E-2,2.792703744E-1
7.787891375E0,2.818680927E-2,2.742910683E-1,-1.290471107E-2,2.760373488E-1
7.797906375E0,2.652869187E-2,2.711944580E-1,-1.212991029E-2,2.727587584E-1
7.807922375E0,2.508153021E-2,2.617780268E-1,-6.911445875E-3,2.630676464E-1
7.817937375E0,2.716757171E-2,2.607745230E-1,-5.189816933E-3,2.622372266E-1
7.827953375E0,2.540562302E-2,2.522817254E-1,-2.369795460E-3,2.535687887E-1
7.837968375E0,2.488668077E-2,2.451425344E-1,1.005367143E-3,2.464045856E-1
7.847983375E0,2.111164853E-2,2.419994622E-1,1.051706029E-3,2.429208668E-1
7.857999375E0,1.964320615E-2,2.323503643E-1,1.452448079E-3,2.331837408E-1
7.868014375E0,2.167626284E-2,2.258442640E-1,4.577401094E-3,2.269282807E-1
7.878030375E0,1.682568528E-2,2.177509516E-1,4.813103005E-3,2.184530764E-1
7.888045375E0,1.668933034E-2,2.091939598E-1,4.614165053E-3,2.099093545E-1
7.898060375E0,1.576392911E-2,2.021445334E-1,6.655495614E-3,2.028674677E-1
7.908076375E0,1.391143352E-2,1.928911209E-1,5.464263726E-3,1.934693017E-1
7.918091375E0,1.290255971E-2,1.838056147E-1,2.204724122E-3,1.842711069E-1
7.928106375E0,1.017122157E-2,1.727069020E-1,8.075661957E-3,1.731945267E-1
7.938122375E0,6.947453599E-3,1.632779390E-1,6.046498660E-3,1.635374960E-1
7.948137375E0,9.675062262E-3,1.534173191E-1,7.191391662E-3,1.538902100E-1
7.958153375E0,5.664122757E-3,1.460621655E-1,6.396188866E-3,1.463118235E-1
7.968168375E0,6.887312513E-3,1.333146840E-1,5.618546158E-3,1.336106587E-1
7.978183375E0,2.826384734E-3,1.201164350E-1,5.307970103E-3,1.202668739E-1
7.988199375E0,-3.784478758E-5,1.094416827E-1,4.269603640E-3,1.095249417E-1
7.998214375E0,1.148918411E-3,9.750752151E-2,1.976740547E-3,9.753432354E-2
8.008230375E0,1.412837766E-3,8.691106737E-2,3.543212079E-3,8.699473601E-2
8.018245375E0,-5.482127890E-4,7.451249659E-2,-2.821432427E-4,7.451504741E-2
8.028260375E0,-3.068095772E-3,6.524709612E-2,7.216020022E-4,6.532317715E-2
8.038277458E0,-7.200537366E-4,5.160839856E-2,5.686427467E-4,5.161655387E-2
8.048292458E0,-4.561397247E-3,3.938741982E-2,-4.737186246E-4,3.965349410E-2
8.058307458E0,-2.817160916E-3,2.835977077E-2,-1.985143870E-3,2.856840545E-2
8.068323458E0,-5.420667119E-3,1.339600328E-2,-1.321484335E-3,1.451147328E-2
8.078338458E0,-6.928993855E-3,3.350893967E-3,-2.492677886E-3,8.090295993E-3
8.088354458E0,-7.696516812E-3,-6.618384272E-3,-2.877770923E-3,1.055087422E-2
8.098369458E0,-1.089180447E-2,-1.900028996E-2,-2.946688328E-3,2.209808579E-2
8.108384458E0,-9.099762887E-3,-3.171502054E-2,-2.355998848E-3,3.307867807E-2
8.118400458E0,-1.207934041E-2,-4.598176479E-2,-2.232607454E-3,4.759430317E-2
8.128415458E0,-1.484210324E-2,-5.472066253E-2,-1.717818435E-3,5.672380309E-2
8.138431458E0,-1.388569735E-2,-6.783634424E-2,-2.815748565E-3,6.930014885E-2
8.148446458E0,-1.715818979E-2,-8.158624172E-2,-5.102502182E-4,8.337252947E-2
8.158461458E0,-1.984692179E-2,-9.107547998E-2,1.100459136E-3,9.321938838E-2
8.168477458E0,-1.797285676E-2,-1.035438627E-1,2.612601966E-3,1.051245964E-1
8.178492458E0,-2.085002139E-2,-1.126946732E-1,3.402606351E-3,1.146577102E-1
8.188507458E0,-2.249771915E-2,-1.258903742E-1,6.342203356E-3,1.280420135E-1
8.198523458E0,-2.475463040E-2,-1.337762624E-1,8.294275030E-3,1.362999454E-1
8.208538458E0,-2.636930533E-2,-1.439815015E-1,1.117634773E-2,1.468023289E-1
8.218554458E0,-2.673797868E-2,-1.533365697E-1,1.204983052E-2,1.561160514E-1
8.228569458E0,-2.795317955E-2,-1.659727395E-1,1.395612117E-2,1.688878439E-1
8.238584458E0,-2.876459807E-2,-1.739169806E-1,1.822918095E-2,1.772196978E-1
8.248600458E0,-2.946607396E-2,-1.842748076E-1,2.177171782E-2,1.878815103E-1
8.258615458E0,-3.123887256E-2,-1.955776960E-1,2.516973950E-2,1.996497386E-1
8.268631458E0,-3.230094537E-2,-1.992959976E-1,2.794129215E-2,2.038209056E-1
8.278646458E0,-3.388107568E-2,-2.083018869E-1,3.223517537E-2,2.134870252E-1
8.288661458E0,-3.477430344E-2,-2.153041363E-1,3.461417556E-2,2.208240576E-1
8.298677458E0,-3.760669753E-2,-2.236125320E-1,3.962523118E-2,2.301890248E-1
8.308692458E0,-3.795450553E-2,-2.319855094E-1,4.411212727E-2,2.391729517E-1
8.318707458E0,-3.833585978E-2,-2.388132662E-1,4.746914282E-2,2.464847536E-1
8.328723458E0,-4.072764516E-2,-2.449627817E-1,5.594838038E-2,2.545500476E-1
8.338738458E0,-3.848316520E-2,-2.515636086E-1,5.863346159E-2,2.611572056E-1
8.348754458E0,-4.297272488E-2,-2.565090954E-1,6.403302401E-2,2.678503300E-1
8.358769458E0,-4.066748172E-2,-2.615783215E-1,6.841789186E-2,2.734192207E-1
8.368784458E0,-4.097028449E-2,-2.658641636E-1,7.190796733E-2,2.784476135E-1
8.378800458E0,-4.218702391E-2,-2.709846199E-1,7.603865117E-2,2.845949502E-1
8.388815458E0,-4.012333974E-2,-2.723025978E-1,8.184274286E-2,2.871529587E-1
8.398831458E0,-4.098713025E-2,-2.779707015E-1,8.681491017E-2,2.940824448E-1
8.408846458E0,-3.553217649E-2,-2.816671729E-1,9.006556869E-2,2.978434799E-1
8.418861458E0,-3.797805682E-2,-2.848653197E-1,9.508624673E-2,3.027077427E-1
8.428877458E0,-3.569173440E-2,-2.866525650E-1,9.634991735E-2,3.045109185E-1
8.438892458E0,-3.482013941E-2,-2.885854840E-1,1.004340202E-1,3.075402675E-1
8.448907458E0,-3.352051601E-2,-2.885282040E-1,1.054663286E-1,3.090231317E-1
8.458923458E0,-3.424569592E-2,-2.906659245E-1,1.073659658E-1,3.117481323E-1
8.468938458E0,-3.110982291E-2,-2.930867374E-1,1.133751199E-1,3.157872298E-1
8.478954458E0,-2.947107702E-2,-2.906302810E-1,1.114838794E-1,3.126710091E-1
8.488969458E0,-2.924896777E-2,-2.923163176E-1,1.163593233E-1,3.159807332E-1
8.498984458E0,-2.604750358E-2,-2.919004560E-1,1.172665954E-1,3.156513948E-1
8.509000458E0,-2.504082769E-2,-2.879568636E-1,1.157936007E-1,3.113749449E-1
8.519015458E0,-2.203717455E-2,-2.890129089E-1,1.196089014E-1,3.135608201E-1
8.529031458E0,-1.975511201E-2,-2.866530716E-1,1.230283976E-1,3.125639687E-1
8.539046458E0,-1.718747802E-2,-2.843548954E-1,1.187172085E-1,3.086209512E-1
8.549061458E0,-1.663460582E-2,-2.843407691E-1,1.218826398E-1,3.098092332E-1
8.559077458E0,-1.316883974E-2,-2.788704038E-1,1.189092621E-1,3.034493913E-1
8.569092458E0,-1.130808890E-2,-2.755702138E-1,1.209449843E-1,3.011552836E-1
8.579108458E0,-1.143970434E-2,-2.709545195E-1,1.184322983E-1,2.959280787E-1
8.589123458E0,-9.127547964E-3,-2.701936662E-1,1.173276156E-1,2.947095159E-1
8.599138458E0,-5.778521299E-3,-2.639194727E-1,1.140561998E-1,2.875685937E-1
8.609154458E0,-2.488718368E-3,-2.590666413E-1,1.086534485E-1,2.809400118E-1
8.619169458E0,-3.361445852E-3,-2.553378046E-1,1.098399088E-1,2.779811132E-1
8.629185458E0,-1.592041459E-3,-2.501529157E-1,1.055354401E-1,2.715082779E-1
8.639200458E0,-5.828311550E-4,-2.391168773E-1,1.007154360E-1,2.594625595E-1
8.649215458E0,1.497363904E-3,-2.355921865E-1,9.722323716E-2,2.548691395E-1
8.659231458E0,4.511839710E-3,-2.272985131E-1,9.188988060E-2,2.452115839E-1
8.669246458E0,4.414900672E-3,-2.227993757E-1,8.733081818E-2,2.393443648E-1
8.679261458E0,4.929333460E-3,-2.170618623E-1,8.059097081E-2,2.315924329E-1
8.689277458E0,7.855615579E-3,-2.091642618E-1,7.601619512E-2,2.226878107E-1
8.699292458E0,7.561058272E-3,-2.015633732E-1,7.125596702E-2,2.139214245E-1
8.709308458E0,5.045702215E-3,-1.927760094E-1,6.350589544E-2,2.030296719E-1
8.719323458E0,6.191103719E-3,-1.816460043E-1,5.745005235E-2,1.906150812E-1
8.729338458E0,8.698203601E-3,-1.761327386E-1,5.130108073E-2,1.836578374E-1
8.739354458E0,7.390187122E-3,-1.674658954E-1,4.540612549E-2,1.736696785E-1
8.749369458E0,6.833320018E-3,-1.614753753E-1,3.829149157E-2,1.660940379E-1
8.759385458E0,7.549270056E-3,-1.502776593E-1,3.260247782E-2,1.539587215E-1
8.769400458E0,6.694395095E-3,-1.364545226E-1,2.315091901E-2,1.385662900E-1
8.779415458E0,7.981871255E-3,-1.278104037E-1,1.823340729E-2,1.293509440E-1
8.789431458E0,3.617216600E-3,-1.183159575E-1,7.819382474E-3,1.186292240E-1
8.799446458E0,3.531589173E-3,-1.095642447E-1,1.449433854E-3,1.096307288E-1
8.809462458E0,2.622918691E-3,-9.834594280E-2,-2.319205552E-3,9.840824600E-2
8.819477458E0,2.983049024E-3,-8.890172839E-2,-1.076691784E-2,8.960101792E-2
8.829492458E0,5.606377963E-4,-7.877452672E-2,-1.684558205E-2,8.055751988E-2
8.839508458E0,1.116404310E-3,-6.419923156E-2,-2.744727768E-2,6.982936878E-2
8.849523458E0,1.120398985E-3,-5.478736013E-2,-2.888858132E-2,6.194723767E-2
8.859539458E0,-9.281618404E-4,-4.541382939E-2,-3.640519828E-2,5.821181878E-2
8.869554458E0,-2.028580057E-3,-3.553137183E-2,-4.326976836E-2,5.602558679E-2
8.879569458E0,-1.815932337E-3,-2.381814457E-2,-4.950907081E-2,5.497044400E-2
8.889585458E0,5.976904649E-4,-1.228612475E-2,-5.557442084E-2,5.691943734E-2
8.899600458E0,6.932382239E-4,-1.825300045E-3,-5.814597011E-2,5.817874302E-2
8.909615458E0,-1.229297719E-3,1.154163852E-2,-6.407896429E-2,6.512168807E-2
8.919631458E0,-1.435390557E-3,2.111136168E-2,-6.906820834E-2,7.223688352E-2
8.929646458E0,-3.163515590E-3,2.849577740E-2,-7.545100152E-2,8.071474953E-2
8.939662458E0,-2.859087894E-3,4.058798403E-2,-7.939325273E-2,8.921237252E-2
8.949677458E0,-3.487860085E-3,4.969039932E-2,-8.174961805E-2,9.573035571E-2
8.959692458E0,-2.028236398E-3,6.276465952E-2,-8.450211585E-2,1.052811655E-1
8.969708458E0,-2.724919235E-3,7.346230745E-2,-8.858047426E-2,1.151114079E-1
8.979723458E0,-1.660151174E-3,8.291938156E-2,-9.291325510E-2,1.245441806E-1
8.989739458E0,9.167619282E-5,9.065426141E-2,-9.066474438E-2,1.282119315E-1
8.999754458E0,-9.560573380E-4,1.004435495E-1,-9.867022932E-2,1.408035327E-1
9.009769458E0,4.538201028E-4,1.123931482E-1,-9.996692091E-2,1.504187854E-1
9.019785458E0,1.596638002E-3,1.224641651E-1,-1.009780094E-1,1.587343043E-1
9.029800458E0,2.165880287E-4,1.327000260E-1,-1.036361083E-1,1.683739492E-1
9.039816083E0,2.120334189E-3,1.426262259E-1,-1.037686169E-1,1.763934863E-1
9.049831083E0,2.694245428E-3,1.497179568E-1,-1.042996496E-1,1.824860062E-1
9.059846083E0,2.534116618E-3,1.604352146E-1,-1.040989459E-1,1.912654448E-1
9.069862083E0,3.622284159E-3,1.714806706E-1,-1.038619280E-1,2.005144419E-1
9.079877083E0,5.719339475E-3,1.760721058E-1,-1.065714955E-1,2.058921585E-1
9.089893083E0,8.219782263E-3,1.862230152E-1,-1.041671932E-1,2.135354311E-1
9.099908083E0,7.922911085E-3,1.941897124E-1,-1.052962691E-1,2.210423516E-1
9.109923083E0,1.006435882E-2,2.014526874E-1,-1.017348245E-1,2.259080589E-1
9.119939083E0,1.026912034E-2,2.076169103E-1,-9.869394451E-2,2.301102583E-1
9.129954083E0,1.266969461E-2,2.163155973E-1,-9.965135157E-2,2.385023075E-1
9.139970083E0,1.382358465E-2,2.234241068E-1,-1.000890210E-1,2.452085544E-1
9.149985083E0,1.555437408E-2,2.335899174E-1,-9.667671472E-2,2.532835866E-1
9.160000083E0,1.830566861E-2,2.380644530E-1,-9.527215362E-2,2.570730724E-1
9.170016083E0,2.171105333E-2,2.444738895E-1,-9.114958346E-2,2.618150092E-1
9.180031083E0,2.056645416E-2,2.477883399E-1,-8.938115090E-2,2.642177711E-1
9.190047083E0,2.142585628E-2,2.549093664E-1,-8.672012389E-2,2.701078160E-1
9.200062083E0,2.234670520E-2,2.585189044E-1,-8.217447251E-2,2.721838407E-1
9.210077083E0,2.357468754E-2,2.639679909E-1,-7.918454707E-2,2.765954783E-1
9.220093083E0,2.443940565E-2,2.675512433E-1,-7.892498374E-2,2.800180448E-1
9.230108083E0,2.565780282E-2,2.728743553E-1,-7.496752590E-2,2.841458544E-1
9.240124083E0,2.767306194E-2,2.756376266E-1,-7.537683845E-2,2.870950493E-1
9.250139083E0,2.605146356E-2,2.793596685E-1,-6.969898194E-2,2.890993795E-1
9.260154083E0,2.745660208E-2,2.805346549E-1,-6.616645306E-2,2.895367975E-1
9.270170083E0,2.764089406E-2,2.816310525E-1,-6.463566422E-2,2.902720066E-1
9.280185083E0,2.995304950E-2,2.854596376E-1,-5.979830027E-2,2.931897451E-1
9.290201083E0,3.043481521E-2,2.903726399E-1,-6.099698693E-2,2.982669616E-1
9.300216083E0,3.055002913E-2,2.897460163E-1,-5.658905208E-2,2.967968649E-1
9.310231083E0,2.789192647E-2,2.892671824E-1,-5.509874597E-2,2.957859600E-1
9.320247083E0,2.816662751E-2,2.915341854E-1,-4.826672375E-2,2.968420738E-1
9.330262083E0,2.868621051E-2,2.886973917E-1,-4.668320715E-2,2.938509903E-1
9.340278083E0,2.992619015E-2,2.908143699E-1,-4.349850118E-2,2.955684256E-1
9.350293083E0,3.117654473E-2,2.880537212E-1,-4.317572713E-2,2.929352602E-1
9.360308083E0,3.121826053E-2,2.851432562E-1,-3.668244183E-2,2.891830871E-1
9.370324083E0,3.047524020E-2,2.845959663E-1,-3.798046708E-2,2.887319175E-1
9.380339083E0,2.850664034E-2,2.841815948E-1,-3.485328332E-2,2.877265347E-1
9.390355083E0,3.135515749E-2,2.820215225E-1,-3.020846471E-2,2.853626402E-1
9.400370083E0,2.805013023E-2,2.802990377E-1,-2.936639078E-2,2.832256084E-1
9.410385083E0,2.669511363E-2,2.739569843E-1,-2.671574615E-2,2.765479876E-1
9.420401083E0,2.861715294E-2,2.716071904E-1,-2.613046393E-2,2.743578110E-1
9.430416083E0,2.743604034E-2,2.666225433E-1,-2.257647552E-2,2.689795795E-1
9.440432083E0,2.663902007E-2,2.609796524E-1,-2.142338641E-2,2.632090003E-1
9.450447083E0,2.499851212E-2,2.550269365E-1,-2.024786733E-2,2.570479335E-1
9.460462083E0,2.830166183E-2,2.517897189E-1,-2.004937083E-2,2.541673147E-1
9.470478083E0,2.200195380E-2,2.459142655E-1,-1.510521118E-2,2.473582005E-1
9.480493083E0,2.276356146E-2,2.407914102E-1,-1.878181845E-2,2.425931567E-1
9.490509083E0,2.228232846E-2,2.325494587E-1,-1.538415719E-2,2.341205357E-1
9.500524083E0,2.209775336E-2,2.240853012E-1,-1.313644275E-2,2.255550909E-1
9.510539083E0,2.316727862E-2,2.166742533E-1,-1.241499186E-2,2.182626557E-1
9.520555083E0,2.009656280E-2,2.103623748E-1,-1.594371162E-2,2.119207458E-1
9.530570083E0,1.857856102E-2,2.025862038E-1,-1.434981078E-2,2.039417808E-1
9.540586083E0,1.728240028E-2,1.979485750E-1,-1.359959878E-2,1.991664349E-1
9.550601083E0,1.823767647E-2,1.845736504E-1,-1.391092129E-2,1.859934380E-1
9.560616083E0,1.713129878E-2,1.758947074E-1,-1.222846378E-2,1.771495550E-1
9.570632083E0,1.288169157E-2,1.670807153E-1,-1.338374335E-2,1.681101662E-1
9.580647083E0,1.195261441E-2,1.577148736E-1,-1.203339361E-2,1.586242380E-1
9.590663083E0,1.234756131E-2,1.466739476E-1,-1.418576017E-2,1.478747611E-1
9.600678083E0,1.125641912E-2,1.372538358E-1,-9.533766657E-3,1.380442506E-1
9.610693083E0,8.983410895E-3,1.266027987E-1,-1.062805951E-2,1.273653248E-1
9.620709083E0,6.217589136E-3,1.146091297E-1,-1.322938688E-2,1.155375597E-1
9.630724083E0,4.163492937E-3,1.055456027E-1,-1.069512311E-2,1.061677662E-1
9.640740083E0,4.544628784E-3,9.329870343E-2,-1.235568337E-2,9.422295169E-2
9.650755083E0,8.486938314E-4,8.371132612E-2,-1.233357936E-2,8.461928611E-2
9.660770083E0,1.571309520E-3,6.992464513E-2,-1.174755767E-2,7.092200026E-2
9.670786083E0,-5.957046524E-4,5.880834535E-2,-8.042834699E-3,5.935876967E-2
9.680801083E0,-1.813735580E-3,4.631462693E-2,-1.011917740E-2,4.744188082E-2
9.690817083E0,-4.970114212E-3,3.640340641E-2,-6.469580811E-3,3.730637358E-2
9.700832083E0,-4.178729840E-3,2.439093962E-2,-7.826680318E-3,2.595451104E-2
9.710848083E0,-5.033871159E-3,1.357424539E-2,-5.647149403E-3,1.553995795E-2
9.720863083E0,-6.767588668E-3,1.872581430E-3,-4.512376618E-3,8.346757474E-3
9.730878083E0,-9.486942552E-3,-1.299637929E-2,-3.258293495E-3,1.641719921E-2
9.740894083E0,-1.379344054E-2,-2.123170346E-2,-1.845893450E-3,2.538605043E-2
9.750909083E0,-1.213189494E-2,-3.277996927E-2,1.019423362E-4,3.495310648E-2
9.760925083E0,-1.342963334E-2,-4.590418935E-2,1.180252992E-3,4.784289549E-2
9.770940083E0,-1.505602617E-2,-5.743781105E-2,3.340609372E-3,5.947222657E-2
9.780955083E0,-1.775686629E-2,-6.726898253E-2,7.238460239E-3,6.994867846E-2
9.790971083E0,-2.141498402E-2,-7.800151408E-2,8.669642732E-3,8.135109369E-2
9.800986083E0,-2.294751629E-2,-8.820802718E-2,7.677929476E-3,9.146690748E-2
9.811002083E0,-2.238505706E-2,-1.001818627E-1,1.395899430E-2,1.035970555E-1
9.821017083E0,-2.322928607E-2,-1.128103584E-1,1.737680286E-2,1.164805991E-1
9.831032083E0,-2.619205229E-2,-1.233061403E-1,1.921012253E-2,1.275125745E-1
9.841048083E0,-2.883576415E-2,-1.307198107E-1,2.532936260E-2,1.362378318E-1
9.851063083E0,-2.888743021E-2,-1.462569535E-1,2.275701426E-2,1.508093557E-1
9.861079083E0,-3.107340634E-2,-1.518439949E-1,2.906673402E-2,1.576928355E-1
9.871094083E0,-3.394802287E-2,-1.631698906E-1,3.359943256E-2,1.700170678E-1
9.881109083E0,-3.509514406E-2,-1.713857055E-1,3.725023568E-2,1.788639406E-1
9.891125083E0,-3.522750363E-2,-1.798079610E-1,3.950247169E-2,1.874361894E-1
9.901140083E0,-3.663901985E-2,-1.882117540E-1,4.482834041E-2,1.969153681E-1
9.911156083E0,-3.626484424E-2,-1.974145770E-1,4.844944179E-2,2.064824510E-1
9.921171083E0,-3.619213030E-2,-2.050900310E-1,5.258622020E-2,2.147954880E-1
9.931187083E0,-3.567600995E-2,-2.157826275E-1,5.872693658E-2,2.264592084E-1
9.941202083E0,-3.904565424E-2,-2.220386416E-1,6.052548066E-2,2.334289084E-1
9.951217083E0,-3.943873942E-2,-2.267945111E-1,6.734210253E-2,2.398460406E-1
9.961233083E0,-4.192804173E-2,-2.333296090E-1,6.872586906E-2,2.468276974E-1
9.971248083E0,-4.211685807E-2,-2.401012331E-1,7.401198149E-2,2.547551870E-1
9.981264083E0,-4.107733443E-2,-2.434880435E-1,7.788770646E-2,2.589213579E-1
9.991279083E0,-4.204645753E-2,-2.524833977E-1,7.991277426E-2,2.681451514E-1
1.000129408E1,-3.994069621E-2,-2.557963729E-1,8.443162590E-2,2.723155211E-1
1.001131008E1,-4.004003480E-2,-2.611461282E-1,8.973371238E-2,2.790208662E-1
1.002132508E1,-3.994075954E-2,-2.664890289E-1,9.462893754E-2,2.855981489E-1
1.003134108E1,-4.004063085E-2,-2.707189322E-1,9.751260281E-2,2.905179858E-1
1.004135558E1,-4.096281156E-2,-2.732858360E-1,9.991852939E-2,2.938482816E-1
1.005137058E1,-3.520559147E-2,-2.744608223E-1,1.016977876E-1,2.948060662E-1
1.006138658E1,-3.851307556E-2,-2.804987729E-1,1.057314575E-1,3.022283237E-1
1.007140158E1,-3.388556838E-2,-2.813347280E-1,1.055434421E-1,3.023853156E-1
1.008141758E1,-3.521101549E-2,-2.832244635E-1,1.103729159E-1,3.060034197E-1
1.009143258E1,-3.174171597E-2,-2.833128572E-1,1.122118309E-1,3.063742916E-1
1.010144858E1,-3.211269528E-2,-2.841123641E-1,1.127215549E-1,3.073389164E-1
1.011146358E1,-3.060880676E-2,-2.861073315E-1,1.137399524E-1,3.094043972E-1
1.012147858E1,-3.030431084E-2,-2.859393060E-1,1.141182408E-1,3.093583858E-1
1.013149458E1,-2.577027865E-2,-2.847877741E-1,1.165358573E-1,3.087859932E-1
1.014150958E1,-2.493263595E-2,-2.843349278E-1,1.142075732E-1,3.074269950E-1
1.015152558E1,-2.306176536E-2,-2.831756473E-1,1.173754036E-1,3.074040950E-1
1.016154058E1,-1.863395609E-2,-2.836953402E-1,1.147923172E-1,3.066065009E-1
1.017155558E1,-1.768187620E-2,-2.809906304E-1,1.145963073E-1,3.039748291E-1
1.018157158E1,-1.691784710E-2,-2.782098651E-1,1.114227921E-1,3.001699205E-1
1.019158658E1,-1.328982227E-2,-2.752761245E-1,1.115370393E-1,2.973114112E-1
1.020160258E1,-1.065785345E-2,-2.763814926E-1,1.098282561E-1,2.975946322E-1
1.021161758E1,-1.051004790E-2,-2.691760361E-1,1.057496220E-1,2.893945094E-1
1.022163258E1,-7.973977365E-3,-2.660271823E-1,1.043195799E-1,2.858611915E-1
1.023164858E1,-5.479660816E-3,-2.611919343E-1,1.016995609E-1,2.803463107E-1
1.024166358E1,-7.203973830E-3,-2.580434084E-1,9.545225650E-2,2.752261454E-1
1.025167958E1,-6.346169394E-3,-2.543935478E-1,9.136057645E-2,2.703758605E-1
1.026169458E1,-1.915195026E-3,-2.501132488E-1,8.891268820E-2,2.654538968E-1
1.027171058E1,-4.123222083E-3,-2.423128784E-1,8.249207586E-2,2.560028800E-1
1.028172558E1,-2.727394458E-4,-2.362846583E-1,8.003737777E-2,2.494724353E-1
1.029174058E1,-8.687549271E-4,-2.321690023E-1,7.413714379E-2,2.437201601E-1
1.030175658E1,5.353103857E-3,-2.254633158E-1,6.969185919E-2,2.360493968E-1
1.031177158E1,2.113368595E-3,-2.183090001E-1,6.494876742E-2,2.277753899E-1
1.032178758E1,-5.673890701E-5,-2.129376531E-1,5.885433406E-2,2.209214339E-1
1.033180258E1,2.777397167E-3,-2.037667781E-1,5.223930627E-2,2.103748058E-1
1.034181758E1,1.832898706E-3,-1.948983967E-1,4.577887803E-2,2.002110143E-1
1.035183358E1,5.659328308E-3,-1.856372505E-1,4.207841307E-2,1.904305901E-1
1.036184858E1,5.643274635E-3,-1.780369133E-1,3.489157930E-2,1.815114634E-1
1.037186458E1,4.385463893E-3,-1.721755564E-1,2.848507836E-2,1.745710578E-1
1.038187958E1,4.282620270E-3,-1.645471752E-1,2.231398597E-2,1.661084816E-1
1.039189558E1,5.777186248E-3,-1.553326249E-1,1.667767391E-2,1.563321626E-1
1.040191058E1,4.159481265E-3,-1.434663981E-1,1.052263472E-2,1.439118984E-1
1.041192558E1,4.643644206E-3,-1.329234838E-1,6.528425962E-3,1.331646963E-1
1.042194158E1,5.093621090E-3,-1.241251603E-1,-6.129615940E-4,1.242311399E-1
1.043195658E1,1.271718647E-3,-1.159125045E-1,-4.848719109E-3,1.160208431E-1
1.044197258E1,4.504893906E-3,-1.082258597E-1,-1.330360211E-2,1.091334807E-1
1.045198758E1,2.573036589E-3,-9.699957073E-2,-1.803257689E-2,9.869504075E-2
1.046200358E1,1.075495617E-3,-8.580120653E-2,-2.330112457E-2,8.891538753E-2
1.047201858E1,4.019821645E-4,-7.325931638E-2,-2.841838822E-2,7.857922000E-2
1.048203358E1,2.203264739E-3,-6.256549060E-2,-3.242496774E-2,7.050300364E-2
1.049204958E1,6.130912225E-4,-5.254481360E-2,-4.001630470E-2,6.605026843E-2
1.050206458E1,7.342199679E-4,-4.539046064E-2,-4.538259283E-2,6.419044109E-2
1.051208058E1,1.453806181E-3,-3.615142405E-2,-4.654479399E-2,5.895300553E-2
1.052209558E1,-2.101287944E-3,-2.360571921E-2,-5.326174572E-2,5.829630304E-2
1.053211058E1,1.502767904E-3,-1.111868955E-2,-5.295867845E-2,5.413414073E-2
1.054212658E1,-7.107661222E-4,1.098755747E-4,-6.028882414E-2,6.029311385E-2
1.055214158E1,1.176083460E-3,1.046051644E-2,-6.417463720E-2,6.503221998E-2
1.056215758E1,7.334811380E-5,1.712943614E-2,-6.759322435E-2,6.972995726E-2
1.057217258E1,7.268878398E-4,3.041648120E-2,-7.208517939E-2,7.824297912E-2
1.058218858E1,4.107814748E-4,4.162821919E-2,-7.386478782E-2,8.478846769E-2
1.059220358E1,-4.012729041E-3,5.414453894E-2,-7.663100958E-2,9.391509314E-2
1.060221858E1,1.997497398E-3,6.353010237E-2,-7.584342360E-2,9.895599430E-2
1.061223458E1,1.077108900E-3,7.318033278E-2,-7.902510464E-2,1.077102058E-1
1.062224958E1,-1.222219318E-3,8.215115219E-2,-8.198998868E-2,1.160718048E-1
1.063226558E1,-3.393813677E-4,9.115663171E-2,-8.263127506E-2,1.230348499E-1
1.064228058E1,1.585632563E-3,1.035534814E-1,-8.398244530E-2,1.333374998E-1
1.065229658E1,1.956877299E-3,1.130561680E-1,-8.305273950E-2,1.402971276E-1
1.066231158E1,1.993814018E-3,1.222016290E-1,-8.500521630E-2,1.488727652E-1
1.067232658E1,4.550714977E-3,1.322952956E-1,-8.645956963E-2,1.581075945E-1
1.068234258E1,6.803925615E-3,1.383937150E-1,-8.622603863E-2,1.631993980E-1
1.069235758E1,5.646249279E-3,1.515534669E-1,-8.665028214E-2,1.746671259E-1
1.070237358E1,1.036763657E-2,1.609015912E-1,-8.469574153E-2,1.821268200E-1
1.071238858E1,6.872769911E-3,1.685360670E-1,-8.469574153E-2,1.887458860E-1
1.072240458E1,8.603594266E-3,1.769065261E-1,-8.610179275E-2,1.969351658E-1
1.073241958E1,1.036048122E-2,1.839356720E-1,-8.734522015E-2,2.038844244E-1
1.074243458E1,1.189673319E-2,1.906539649E-1,-8.244833350E-2,2.080581512E-1
1.075245058E1,1.208608411E-2,2.007380277E-1,-8.367472142E-2,2.178148025E-1
1.076246558E1,1.294100378E-2,2.073410302E-1,-8.210583776E-2,2.233811563E-1
1.077248158E1,1.617088541E-2,2.139025331E-1,-8.204032481E-2,2.296658574E-1
1.078249658E1,1.541245822E-2,2.212413251E-1,-7.772874087E-2,2.350043084E-1
1.079251158E1,1.542950142E-2,2.278675288E-1,-7.972104847E-2,2.419031330E-1
1.080252758E1,1.818339713E-2,2.328712344E-1,-7.794697583E-2,2.462425203E-1
1.081254258E1,2.253207192E-2,2.397395372E-1,-7.646386325E-2,2.526449334E-1
1.082255858E1,1.777032018E-2,2.448925525E-1,-7.528948784E-2,2.568202748E-1
1.083257358E1,1.983453520E-2,2.510737777E-1,-7.574436069E-2,2.629993513E-1
1.084258958E1,2.285701782E-2,2.570609152E-1,-7.064412534E-2,2.675693365E-1
1.085260458E1,2.292998880E-2,2.597855926E-1,-6.881586462E-2,2.697220082E-1
1.086261958E1,2.605373599E-2,2.613920569E-1,-6.723141670E-2,2.711543250E-1
1.087263558E1,2.455197833E-2,2.677295804E-1,-6.701090932E-2,2.770783099E-1
1.088265058E1,2.436085604E-2,2.706712484E-1,-6.501803547E-2,2.794346453E-1
1.089266658E1,2.826691419E-2,2.724872828E-1,-6.270348281E-2,2.810339205E-1
1.090268158E1,2.675579861E-2,2.758701444E-1,-6.049449369E-2,2.836896069E-1
1.091269758E1,2.641544677E-2,2.780749500E-1,-5.919220671E-2,2.855296324E-1
1.092271258E1,2.660147473E-2,2.817985713E-1,-5.658005178E-2,2.886509580E-1
1.093272758E1,2.822466940E-2,2.818318605E-1,-5.395923555E-2,2.883356181E-1
1.094274358E1,2.805830166E-2,2.831040919E-1,-5.383642390E-2,2.895402488E-1
1.095275858E1,2.869453095E-2,2.836273909E-1,-5.126168206E-2,2.896474288E-1
1.096277458E1,3.019194491E-2,2.854201496E-1,-4.840636626E-2,2.910659575E-1
1.097278958E1,2.854291536E-2,2.840116024E-1,-4.881729186E-2,2.895866300E-1
1.098280558E1,3.036797978E-2,2.819079757E-1,-4.625160247E-2,2.872864976E-1
1.099282058E1,2.857194468E-2,2.793308198E-1,-4.734402895E-2,2.847516813E-1
1.100283558E1,2.950343490E-2,2.796596289E-1,-4.454011098E-2,2.847170212E-1
1.101285158E1,2.824988402E-2,2.788993120E-1,-4.486661404E-2,2.838941621E-1
1.102286658E1,3.251355886E-2,2.769005597E-1,-4.195348173E-2,2.819417424E-1
1.103288258E1,2.961870097E-2,2.724829018E-1,-4.278119281E-2,2.774066143E-1
1.104289825E1,2.608597651E-2,2.727858126E-1,-4.007428885E-2,2.769449880E-1
1.105291425E1,2.769718878E-2,2.676645517E-1,-3.884790093E-2,2.718834418E-1
1.106292925E1,2.669893950E-2,2.639715075E-1,-3.965157270E-2,2.682648642E-1
1.107294425E1,2.682597190E-2,2.595916688E-1,-3.756179288E-2,2.636633376E-1
1.108296025E1,2.744071931E-2,2.542770207E-1,-3.625068814E-2,2.583097147E-1
1.109297525E1,2.472722344E-2,2.493352443E-1,-3.720037267E-2,2.533048901E-1
1.110299125E1,2.397231013E-2,2.423576713E-1,-3.477739915E-2,2.460109346E-1
1.111300625E1,2.688234486E-2,2.376705110E-1,-3.215178847E-2,2.413372532E-1
1.112302225E1,2.395175956E-2,2.310164273E-1,-3.334481269E-2,2.346362142E-1
1.113303725E1,2.474032156E-2,2.252333760E-1,-3.091068193E-2,2.286867452E-1
1.114305325E1,2.029523998E-2,2.171978205E-1,-3.046646714E-2,2.202611987E-1
1.115306825E1,2.177409269E-2,2.103343308E-1,-3.400421143E-2,2.141749944E-1
1.116308325E1,1.966993511E-2,2.028972805E-1,-3.043354489E-2,2.061077714E-1
1.117309925E1,1.833728887E-2,1.949189752E-1,-2.800341137E-2,1.977722279E-1
1.118311425E1,1.972035691E-2,1.877826601E-1,-2.778215706E-2,1.908482857E-1
1.119313025E1,1.763270423E-2,1.794086099E-1,-2.795259655E-2,1.824272710E-1
1.120314525E1,1.738259010E-2,1.711323410E-1,-2.638534270E-2,1.740247652E-1
1.121316125E1,1.418786123E-2,1.616874337E-1,-2.584312297E-2,1.643532435E-1
1.122317625E1,1.406877488E-2,1.521574110E-1,-2.461320721E-2,1.547760256E-1
1.123319225E1,1.146580186E-2,1.423527151E-1,-2.253221348E-2,1.445802918E-1
1.124320725E1,1.045441348E-2,1.307381839E-1,-2.126184292E-2,1.328677291E-1
1.125322225E1,1.008077245E-2,1.188860536E-1,-2.103920095E-2,1.211534716E-1
1.126323825E1,7.333150599E-3,1.104607508E-1,-1.928482205E-2,1.123710680E-1
1.127325325E1,9.190705605E-3,9.710498899E-2,-1.608130708E-2,9.885573526E-2
1.128326925E1,4.518766887E-3,8.745392412E-2,-1.343464293E-2,8.859513378E-2
1.129328425E1,1.301668235E-3,7.662072033E-2,-1.545731351E-2,7.817517294E-2
1.130330025E1,2.123300452E-3,6.797610968E-2,-1.099003106E-2,6.889151381E-2
1.131331525E1,-4.208175233E-4,5.754690990E-2,-1.090933662E-2,5.857335189E-2
1.132333025E1,-1.082704635E-3,4.693450034E-2,-1.019598730E-2,4.804141680E-2
1.133334625E1,-3.667568788E-3,3.114834428E-2,-6.594594568E-3,3.204932276E-2
1.134336125E1,-6.494558882E-3,2.132717147E-2,-4.353823606E-3,2.271526619E-2
1.135337725E1,-7.541447412E-3,1.127773616E-2,-8.847904392E-4,1.359572051E-2
1.136339225E1,-1.157236099E-2,-1.760552637E-3,-8.032005280E-4,1.173303949E-2
1.137340825E1,-1.016195118E-2,-1.260760799E-2,2.267956734E-3,1.635116690E-2
1.138342325E1,-1.277823839E-2,-2.267963067E-2,3.662203439E-3,2.628803450E-2
1.139343925E1,-1.678043790E-2,-3.528037667E-2,8.372535929E-3,3.995481738E-2
1.140345425E1,-1.877691969E-2,-4.586619511E-2,1.127868518E-2,5.082803662E-2
1.141346925E1,-1.979611069E-2,-5.720433593E-2,1.709130034E-2,6.289940059E-2
1.142348525E1,-2.186800539E-2,-6.941927969E-2,1.628562808E-2,7.458195315E-2
1.143350025E1,-2.447097935E-2,-7.790251076E-2,1.832986996E-2,8.368759852E-2
1.144351625E1,-2.480738051E-2,-8.978310227E-2,2.287507243E-2,9.591496505E-2
1.145353125E1,-2.747959644E-2,-9.871561080E-2,2.571506798E-2,1.056464138E-1
1.146354725E1,-2.778408490E-2,-1.130491048E-1,3.157602251E-2,1.206196529E-1
1.147356225E1,-3.162569553E-2,-1.212106273E-1,3.451934457E-2,1.299376232E-1
1.148357825E1,-3.039385192E-2,-1.342470646E-1,4.038875178E-2,1.434479413E-1
1.149359325E1,-3.412413970E-2,-1.425380111E-1,4.412623122E-2,1.530642538E-1
1.150360825E1,-3.282234445E-2,-1.491772085E-1,4.766574502E-2,1.600099031E-1
1.151362425E1,-3.704185411E-2,-1.625611931E-1,5.171028897E-2,1.745628667E-1
1.152363925E1,-3.602288291E-2,-1.697291732E-1,5.622321367E-2,1.823915845E-1
1.153365525E1,-3.720506281E-2,-1.794044375E-1,5.692655593E-2,1.918614127E-1
1.154367025E1,-4.143229872E-2,-1.860746443E-1,6.089671701E-2,2.001220097E-1
1.155368625E1,-3.807165474E-2,-1.958769411E-1,6.616018713E-2,2.102246353E-1
1.156370125E1,-4.190003872E-2,-2.033011913E-1,6.823538244E-2,2.185018422E-1
1.157371725E1,-4.151600972E-2,-2.086165845E-1,7.232493162E-2,2.246672075E-1
1.158373225E1,-4.158902541E-2,-2.201426029E-1,7.768468559E-2,2.371230124E-1
1.159374725E1,-4.177544639E-2,-2.227841914E-1,8.200646192E-2,2.410457294E-1
1.160376325E1,-4.166008532E-2,-2.303849459E-1,8.451509476E-2,2.489087930E-1
1.161377825E1,-4.405160248E-2,-2.350566685E-1,8.623816073E-2,2.542227399E-1
1.162379425E1,-4.387246445E-2,-2.407440990E-1,9.051402658E-2,2.609124439E-1
1.163380925E1,-4.365062341E-2,-2.448299080E-1,9.277504683E-2,2.654322326E-1
1.164382525E1,-4.191996902E-2,-2.519307435E-1,9.760081768E-2,2.734086738E-1
1.165384025E1,-4.159532860E-2,-2.587583065E-1,1.000631750E-1,2.805328350E-1
1.166385625E1,-3.970954567E-2,-2.605882585E-1,1.007644832E-1,2.821995208E-1
1.167387125E1,-3.814067692E-2,-2.643963099E-1,1.032867730E-1,2.864057914E-1
1.168388625E1,-3.729729727E-2,-2.672159672E-1,1.061526686E-1,2.899376667E-1
1.169390225E1,-3.744270280E-2,-2.704003155E-1,1.039161459E-1,2.920904860E-1
1.170391725E1,-3.417203203E-2,-2.729005814E-1,1.086549014E-1,2.957166594E-1
1.171393325E1,-3.323033825E-2,-2.739647627E-1,1.074868441E-1,2.961661159E-1
1.172394825E1,-2.995997667E-2,-2.760606110E-1,1.108854637E-1,2.990027545E-1
1.173396425E1,-3.043321893E-2,-2.780824602E-1,1.131139919E-1,3.017462686E-1
1.174397925E1,-2.873634361E-2,-2.785398066E-1,1.088038012E-1,3.004138287E-1
1.175399525E1,-2.726867422E-2,-2.792737782E-1,1.095241904E-1,3.012191429E-1
1.176401025E1,-2.363288216E-2,-2.801555991E-1,1.106435284E-1,3.021384835E-1
1.177402625E1,-2.502438426E-2,-2.788852751E-1,1.079801023E-1,3.001048466E-1
1.178404125E1,-2.179224044E-2,-2.801370919E-1,1.068111956E-1,3.005999393E-1
1.179405625E1,-1.705900207E-2,-2.783852816E-1,1.062450111E-1,2.984583336E-1
1.180407225E1,-1.915579848E-2,-2.779071331E-1,1.044194624E-1,2.974941064E-1
1.181408725E1,-1.335436851E-2,-2.761297226E-1,1.020937264E-1,2.947016997E-1
1.182410325E1,-1.365659293E-2,-2.731057405E-1,9.944948554E-2,2.909698407E-1
1.183411825E1,-1.268373989E-2,-2.696737051E-1,9.556766599E-2,2.863877848E-1
1.184413425E1,-1.177520305E-2,-2.683983147E-1,9.401804209E-2,2.846325754E-1
1.185414925E1,-1.025586948E-2,-2.619963586E-1,8.928240836E-2,2.769812687E-1
1.186416525E1,-7.406464312E-3,-2.604048252E-1,8.369767666E-2,2.736253457E-1
1.187418025E1,-5.149168894E-3,-2.571818531E-1,8.316850662E-2,2.703442620E-1
1.188419625E1,-8.161782287E-3,-2.536410987E-1,7.982683927E-2,2.660314754E-1
1.189421125E1,-4.168904386E-3,-2.490580529E-1,7.425922900E-2,2.599263868E-1
1.190422625E1,-3.201778280E-3,-2.412228733E-1,6.693850458E-2,2.503587214E-1
1.191424225E1,-2.583658556E-3,-2.353282422E-1,6.833639741E-2,2.450630941E-1
1.192425725E1,-2.186092781E-3,-2.298796475E-1,5.687014759E-2,2.368198577E-1
1.193427325E1,1.753255026E-3,-2.250715792E-1,5.731542781E-2,2.322613785E-1
1.194428825E1,1.145611284E-3,-2.204154283E-1,4.954693466E-2,2.259185078E-1
1.195430425E1,2.186108381E-3,-2.145777792E-1,4.515804350E-2,2.192889675E-1
1.196431925E1,2.701652469E-3,-2.063824534E-1,3.820950165E-2,2.099070795E-1
1.197433525E1,5.458235973E-4,-1.972696483E-1,3.296440467E-2,2.000056600E-1
1.198435025E1,4.461824428E-3,-1.868661493E-1,2.807052806E-2,1.890153967E-1
1.199436625E1,1.055641565E-3,-1.773810238E-1,2.186269872E-2,1.787263818E-1
1.200438125E1,1.598257688E-3,-1.713662148E-1,1.977585256E-2,1.725109224E-1
1.201439625E1,5.279811565E-3,-1.662718505E-1,1.243697759E-2,1.668199121E-1
1.202441225E1,5.141550675E-3,-1.635991335E-1,8.918054402E-3,1.639226760E-1
1.203442725E1,2.776397392E-3,-1.506287307E-1,3.736341372E-3,1.507006408E-1
1.204444321E1,3.156786319E-3,-1.382795125E-1,3.572714049E-4,1.383160024E-1
1.205445821E1,4.840378533E-4,-1.287874728E-1,-6.270538084E-3,1.289409442E-1
1.206447421E1,8.512409404E-4,-1.176862046E-1,-1.269127894E-2,1.183716010E-1
1.207448921E1,1.331675216E-3,-1.107135117E-1,-1.720134169E-2,1.120497264E-1
1.208450521E1,-2.439003438E-3,-1.041748375E-1,-2.071124874E-2,1.062417118E-1
1.209452021E1,3.785070032E-3,-9.439331293E-2,-2.637898922E-2,9.808300237E-2
1.210453621E1,3.324587015E-4,-8.397490531E-2,-2.973585203E-2,8.908488170E-2
1.211455121E1,1.111433376E-3,-7.204767317E-2,-3.268982843E-2,7.912475830E-2
1.212456721E1,1.732860692E-4,-5.879466981E-2,-3.444068134E-2,6.813959023E-2
1.213458221E1,8.111131610E-4,-5.007468164E-2,-4.004903510E-2,6.412532151E-2
1.214459721E1,-2.830454032E-4,-4.343265668E-2,-4.392104223E-2,6.177000673E-2
1.215461321E1,2.117261756E-3,-3.344393522E-2,-4.867638275E-2,5.909627601E-2
1.216462821E1,1.020707772E-3,-1.990544423E-2,-5.201769620E-2,5.570555872E-2
1.217464421E1,8.860143134E-5,-9.966794401E-3,-5.193061009E-2,5.287847488E-2
1.218465921E1,2.142210957E-3,2.917966805E-3,-5.567968264E-2,5.579722804E-2
1.219467521E1,-9.623065125E-6,1.081823464E-2,-5.832100660E-2,5.931588408E-2
1.220469021E1,4.209927283E-3,2.217041701E-2,-5.898674205E-2,6.315604972E-2
1.221470621E1,-1.576569339E-4,3.171465173E-2,-6.130262837E-2,6.902069425E-2
1.222472121E1,-7.408051169E-5,4.166191444E-2,-6.320619583E-2,7.570167630E-2
1.223473721E1,2.785621909E-3,5.266023800E-2,-6.424376369E-2,8.311511011E-2
1.224475221E1,9.424069431E-4,6.641250849E-2,-6.491736323E-2,9.287504220E-2
1.225476821E1,3.125932533E-3,7.370717824E-2,-6.571818143E-2,9.879979225E-2
1.226478321E1,4.858939908E-3,8.131442964E-2,-6.786040217E-2,1.060220729E-1
1.227479921E1,3.736150684E-3,9.288559854E-2,-6.807371974E-2,1.152203305E-1
1.228481421E1,5.526195746E-3,1.029929295E-1,-6.739811599E-2,1.232095305E-1
1.229482921E1,3.865448292E-3,1.133592799E-1,-7.006900012E-2,1.333226643E-1
1.230484521E1,4.990415648E-3,1.238967329E-1,-6.948430091E-2,1.421385688E-1
1.231486021E1,8.934557438E-3,1.320212334E-1,-6.931892037E-2,1.493805379E-1
1.232487621E1,6.941045169E-3,1.369869113E-1,-6.726444513E-2,1.527681169E-1
1.233489121E1,9.430035949E-3,1.485458314E-1,-6.955876201E-2,1.642961077E-1
1.234490721E1,1.233066060E-2,1.558185220E-1,-6.864817441E-2,1.707162231E-1
1.235492221E1,1.063103043E-2,1.655893922E-1,-7.010811567E-2,1.801333214E-1
1.236493821E1,1.075224578E-2,1.738952994E-1,-6.907046586E-2,1.874190898E-1
1.237495321E1,1.485884003E-2,1.836381853E-1,-6.851120293E-2,1.965643740E-1
1.238496921E1,1.378549822E-2,1.896508783E-1,-6.685713679E-2,2.015623287E-1
1.239498421E1,1.441693399E-2,1.971937567E-1,-6.779243797E-2,2.090192343E-1
1.240500021E1,1.625154540E-2,2.068961561E-1,-6.594908983E-2,2.177599931E-1
1.241501521E1,1.591279171E-2,2.111614645E-1,-6.531259418E-2,2.216035107E-1
1.242503121E1,1.821122319E-2,2.191011757E-1,-6.536061317E-2,2.293664831E-1
1.243504621E1,1.612064242E-2,2.263966352E-1,-6.604344398E-2,2.363832651E-1
1.244506221E1,1.922611333E-2,2.317532897E-1,-6.588426977E-2,2.417022295E-1
1.245507721E1,1.747055724E-2,2.367027849E-1,-6.526721269E-2,2.461569373E-1
1.246509221E1,2.223619632E-2,2.418850809E-1,-6.721987575E-2,2.520344272E-1
1.247510821E1,2.073071152E-2,2.475267202E-1,-6.533089280E-2,2.568411282E-1
1.248512321E1,2.073487826E-2,2.507964671E-1,-6.334724277E-2,2.595027480E-1
1.249513921E1,2.162463963E-2,2.560841739E-1,-6.230914965E-2,2.644412209E-1
1.250515421E1,2.245666087E-2,2.590159774E-1,-6.316648424E-2,2.675510846E-1
1.251517021E1,2.273176424E-2,2.609465122E-1,-6.130306795E-2,2.690127906E-1
1.252518521E1,2.256921679E-2,2.667523623E-1,-6.119535491E-2,2.746107496E-1
1.253520121E1,2.528377809E-2,2.686509192E-1,-5.947095528E-2,2.763139163E-1
1.254521621E1,2.482926659E-2,2.707320750E-1,-6.258264184E-2,2.789783790E-1
1.255523221E1,2.516722120E-2,2.723355591E-1,-6.035411358E-2,2.800761768E-1
1.256524721E1,2.349795587E-2,2.730673552E-1,-5.951555446E-2,2.804639649E-1
1.257526321E1,2.635339834E-2,2.744513750E-1,-6.277207285E-2,2.827691496E-1
1.258527821E1,2.718367614E-2,2.741847038E-1,-5.888852850E-2,2.817517752E-1
1.259529421E1,2.571520954E-2,2.757503986E-1,-5.847493559E-2,2.830527732E-1
1.260530921E1,2.736397646E-2,2.763407528E-1,-5.772586167E-2,2.836287609E-1
1.261532521E1,2.556873858E-2,2.751966715E-1,-5.613861606E-2,2.820257304E-1
1.262534021E1,2.914229967E-2,2.781212628E-1,-5.695243925E-2,2.853844614E-1
1.263535521E1,2.769247442E-2,2.749627531E-1,-5.484375358E-2,2.817431916E-1
1.264537121E1,2.947923355E-2,2.723011374E-1,-5.497796088E-2,2.793555277E-1
1.265538621E1,2.734258026E-2,2.719187140E-1,-5.455451831E-2,2.786818961E-1
1.266540221E1,2.719366737E-2,2.677372694E-1,-5.333913863E-2,2.743497853E-1
1.267541721E1,2.738994360E-2,2.645446658E-1,-5.077797547E-2,2.707627966E-1
1.268543321E1,2.741896734E-2,2.630783916E-1,-5.221761018E-2,2.696084544E-1
1.269544821E1,2.911140583E-2,2.599531710E-1,-5.240376294E-2,2.667757100E-1
1.270546421E1,2.767302655E-2,2.550072670E-1,-4.988560081E-2,2.613103056E-1
1.271547921E1,2.729405835E-2,2.503381968E-1,-4.953406751E-2,2.566472330E-1
1.272549521E1,2.764364704E-2,2.454771399E-1,-5.008836463E-2,2.520556322E-1
1.273551021E1,2.613789588E-2,2.414602935E-1,-4.834239557E-2,2.476353169E-1
1.274552621E1,2.677079476E-2,2.387381792E-1,-4.898577929E-2,2.451778951E-1
1.275554121E1,2.425597236E-2,2.313098311E-1,-4.653460532E-2,2.371878152E-1
1.276555721E1,2.508779615E-2,2.272277474E-1,-4.605320096E-2,2.332010807E-1
1.277557221E1,2.282304503E-2,2.174941599E-1,-4.473599792E-2,2.232171824E-1
1.278558821E1,2.046446688E-2,2.134070098E-1,-4.434354231E-2,2.189239503E-1
1.279560321E1,2.129483968E-2,2.053101957E-1,-4.350517690E-2,2.109465503E-1
1.280561921E1,1.876594685E-2,1.979734302E-1,-4.053787142E-2,2.029506315E-1
1.281563421E1,1.935370639E-2,1.900518537E-1,-3.900123015E-2,1.949753035E-1
1.282565021E1,2.136377990E-2,1.822261810E-1,-3.466409817E-2,1.867200896E-1
1.283566521E1,1.540335733E-2,1.738191098E-1,-3.636825457E-2,1.782498143E-1
1.284568121E1,1.451958530E-2,1.632896662E-1,-3.253753111E-2,1.671317575E-1
1.285569621E1,1.363621466E-2,1.555491835E-1,-3.182167187E-2,1.593553063E-1
1.286571221E1,1.316514611E-2,1.460746825E-1,-2.914092131E-2,1.495336993E-1
1.287572721E1,1.331987418E-2,1.364734471E-1,-2.631743811E-2,1.396245980E-1
1.288574321E1,1.071143989E-2,1.274228543E-1,-2.466784045E-2,1.302298779E-1
1.289575821E1,9.820878506E-3,1.184040681E-1,-2.156046405E-2,1.207510936E-1
1.290577421E1,8.123515174E-3,1.042324305E-1,-2.047632635E-2,1.065348347E-1
1.291578921E1,4.564732779E-3,9.551697224E-2,-1.456810348E-2,9.672930482E-2
1.292580521E1,2.820628695E-3,8.703000844E-2,-1.482989267E-2,8.832951959E-2
1.293582021E1,1.630195649E-3,7.605965436E-2,-1.090572588E-2,7.685482038E-2
1.294583521E1,-2.660786733E-3,6.469479948E-2,-9.595333599E-3,6.545660618E-2
1.295585121E1,-3.980383277E-3,5.306930095E-2,-5.094591528E-3,5.346165932E-2
1.296586621E1,-4.305196460E-3,4.292865470E-2,-1.651969738E-3,4.317560787E-2
1.297588221E1,-4.337953404E-3,2.999421209E-2,-1.560090575E-3,3.034640805E-2
1.298589721E1,-8.018001914E-3,1.888470165E-2,2.768391278E-3,2.070227769E-2
1.299591321E1,-1.075226907E-2,1.360711455E-2,7.256350480E-3,1.879945422E-2
1.300592821E1,-1.393590402E-2,-1.609259285E-3,9.749114513E-3,1.708345311E-2
1.301594421E1,-1.755806990E-2,-1.119850390E-2,1.316914614E-2,2.463977918E-2
1.302595921E1,-1.830176637E-2,-2.531063184E-2,1.703642309E-2,3.557839861E-2
1.303597521E1,-1.844770834E-2,-3.834227845E-2,1.835442334E-2,4.633932580E-2
1.304598987E1,-2.089958079E-2,-4.619134218E-2,2.495921403E-2,5.651013125E-2
1.305600587E1,-2.503307350E-2,-5.667487532E-2,2.476959676E-2,6.672502667E-2
1.306602087E1,-2.596483380E-2,-7.102132589E-2,3.137432784E-2,8.186910145E-2
1.307603687E1,-2.811853215E-2,-7.960682362E-2,3.889775649E-2,9.295662256E-2
1.308605187E1,-2.542243339E-2,-9.131720662E-2,3.809612244E-2,1.021589296E-1
1.309606787E1,-2.924247086E-2,-1.020769104E-1,4.341525584E-2,1.147157452E-1
1.310608287E1,-3.173853084E-2,-1.118720546E-1,4.513016716E-2,1.247374159E-1
1.311609887E1,-3.148180246E-2,-1.225723699E-1,5.050096288E-2,1.362550439E-1
1.312611387E1,-3.628081828E-2,-1.300071180E-1,5.356040224E-2,1.452131715E-1
1.313612987E1,-3.619932756E-2,-1.389135271E-1,5.781959742E-2,1.547593783E-1
1.314614487E1,-3.681845218E-2,-1.491921693E-1,6.271063536E-2,1.659714602E-1
1.315616087E1,-3.747225925E-2,-1.594434679E-1,6.648912281E-2,1.767687560E-1
1.316617587E1,-3.955281526E-2,-1.682661325E-1,6.894966215E-2,1.860966750E-1
1.317619187E1,-3.871525079E-2,-1.772497743E-1,7.102373242E-2,1.948351193E-1
1.318620687E1,-4.212995991E-2,-1.852234602E-1,7.639219612E-2,2.047399115E-1
1.319622287E1,-4.079385102E-2,-1.911972016E-1,7.864470035E-2,2.107261186E-1
1.320623787E1,-4.165258631E-2,-1.983351707E-1,8.089371026E-2,2.182099225E-1
1.321625387E1,-4.313090816E-2,-2.084786296E-1,8.577714860E-2,2.295241457E-1
1.322626887E1,-4.266418517E-2,-2.131196111E-1,8.756702393E-2,2.343249561E-1
1.323628487E1,-4.142714664E-2,-2.218720913E-1,8.969089389E-2,2.428742263E-1
1.324629987E1,-4.221233726E-2,-2.255569845E-1,9.430965781E-2,2.480970501E-1
1.325631587E1,-4.129115120E-2,-2.325160801E-1,9.636242688E-2,2.550576484E-1
1.326633087E1,-3.913937509E-2,-2.381730080E-1,9.992799163E-2,2.612352884E-1
1.327634687E1,-4.209148884E-2,-2.423595041E-1,9.931386262E-2,2.652792227E-1
1.328636187E1,-3.688984364E-2,-2.471880317E-1,1.003452912E-1,2.693175840E-1
1.329637787E1,-3.967497870E-2,-2.534680367E-1,1.010180041E-1,2.757259268E-1
1.330639287E1,-3.935758024E-2,-2.557992637E-1,9.990299493E-2,2.774218644E-1
1.331640887E1,-3.438625857E-2,-2.575201988E-1,1.023557633E-1,2.792414186E-1
1.332642387E1,-3.445664048E-2,-2.615499198E-1,1.053482071E-1,2.840666566E-1
1.333643987E1,-3.448300436E-2,-2.655704916E-1,1.045149043E-1,2.874719618E-1
1.334645487E1,-3.083003871E-2,-2.686809003E-1,1.042552963E-1,2.898432064E-1
1.335647087E1,-3.081805445E-2,-2.703997195E-1,1.031535417E-1,2.910436633E-1
1.336648587E1,-2.821171284E-2,-2.708534002E-1,1.051264554E-1,2.919058697E-1
1.337650187E1,-3.014649823E-2,-2.727764845E-1,1.030803546E-1,2.931576050E-1
1.338651687E1,-2.680082060E-2,-2.750464380E-1,9.990671277E-2,2.938540085E-1
1.339653287E1,-2.242657728E-2,-2.735598683E-1,1.014428288E-1,2.926236498E-1
1.340654787E1,-2.302556485E-2,-2.724093497E-1,9.857965261E-2,2.906113871E-1
1.341656387E1,-2.048757300E-2,-2.726290524E-1,9.780947119E-2,2.903670669E-1
1.342657887E1,-1.713767089E-2,-2.724074125E-1,9.463255852E-2,2.888854778E-1
1.343659487E1,-1.901067235E-2,-2.697977722E-1,9.027509391E-2,2.851347683E-1
1.344660987E1,-1.299988106E-2,-2.712646127E-1,8.741813153E-2,2.852988200E-1
1.345662587E1,-1.312318537E-2,-2.707599699E-1,8.878992498E-2,2.852487162E-1
1.346664087E1,-1.255490910E-2,-2.690917253E-1,8.296078444E-2,2.818696049E-1
1.347665687E1,-1.144943107E-2,-2.640474141E-1,8.239539713E-2,2.768413405E-1
1.348667187E1,-9.805333801E-3,-2.604541183E-1,7.763955742E-2,2.719566016E-1
1.349668787E1,-7.612752263E-3,-2.558202147E-1,7.092306763E-2,2.655786471E-1
1.350670287E1,-7.295037154E-3,-2.539115250E-1,6.997711211E-2,2.634787967E-1
1.351671887E1,-4.350912757E-3,-2.513239980E-1,6.588995457E-2,2.598541293E-1
1.352673387E1,-4.067681730E-3,-2.463544309E-1,6.134870276E-2,2.539108406E-1
1.353674987E1,-4.236259963E-3,-2.418949753E-1,5.689270049E-2,2.485314957E-1
1.354676487E1,-3.941476345E-3,-2.363860607E-1,5.218915269E-2,2.421107445E-1
1.355678087E1,-1.663674600E-3,-2.290583700E-1,4.786178097E-2,2.340112278E-1
1.356679587E1,-2.129226224E-3,-2.230638713E-1,4.291175306E-2,2.271639118E-1
1.357681187E1,1.675365726E-3,-2.187985480E-1,3.844004124E-2,2.221559097E-1
1.358682687E1,1.171006006E-3,-2.124016732E-1,3.141942620E-2,2.147161437E-1
1.359684287E1,1.000829972E-3,-2.066388577E-1,2.763614058E-2,2.084811153E-1
1.360685787E1,2.186520491E-3,-2.007746696E-1,2.320139110E-2,2.021226197E-1
1.361687387E1,1.316466019E-3,-1.943391412E-1,2.127672359E-2,1.955048180E-1
1.362688987E1,2.508445643E-3,-1.815891564E-1,1.785781048E-2,1.824823701E-1
1.363690487E1,-6.157088210E-4,-1.759408563E-1,1.118526049E-2,1.762971187E-1
1.364692087E1,3.031224012E-3,-1.660203189E-1,7.208895404E-3,1.662044006E-1
1.365693587E1,1.797914156E-3,-1.639358699E-1,4.878895823E-3,1.640183086E-1
1.366695187E1,2.610083669E-3,-1.536271721E-1,-1.287345309E-3,1.536547357E-1
1.367696687E1,8.457392687E-4,-1.450472623E-1,-5.071164574E-3,1.451383488E-1
1.368698287E1,3.644188866E-3,-1.341658533E-1,-8.226744831E-3,1.344672288E-1
1.369699787E1,2.412743401E-3,-1.235219985E-1,-1.374294981E-2,1.243075787E-1
1.370701387E1,5.171202589E-3,-1.117859483E-1,-1.437625941E-2,1.128251586E-1
1.371702887E1,-6.552611594E-4,-1.045573279E-1,-2.151672915E-2,1.067503341E-1
1.372704487E1,-1.008439227E-3,-9.719684720E-2,-2.227440663E-2,9.972157864E-2
1.373705987E1,3.906424623E-3,-9.141673148E-2,-2.406218648E-2,9.461113975E-2
1.374707587E1,4.605134018E-3,-7.998890430E-2,-2.904246189E-2,8.522262999E-2
1.375709087E1,-1.976106432E-4,-6.599771976E-2,-3.208192810E-2,7.338247866E-2
1.376710687E1,3.875256283E-3,-5.605973676E-2,-3.616778925E-2,6.682679609E-2
1.377712187E1,2.813454252E-3,-4.738448933E-2,-3.844319656E-2,6.108260567E-2
1.378713787E1,6.159302313E-3,-3.769940138E-2,-3.991236910E-2,5.524653000E-2
1.379715287E1,7.991581224E-4,-3.051792458E-2,-4.224742949E-2,5.212319707E-2
1.380716887E1,5.221536383E-3,-1.882644556E-2,-4.424734041E-2,4.836865336E-2
1.381718387E1,2.343990840E-3,-5.879222415E-3,-4.667374864E-2,4.710093801E-2
1.382719987E1,4.270108417E-3,5.643442273E-3,-4.568056017E-2,4.622548912E-2
1.383721487E1,4.656533245E-3,1.328511722E-2,-4.929367080E-2,5.126444794E-2
1.384723087E1,2.439260948E-3,2.447625436E-2,-5.252480134E-2,5.799906704E-2
1.385724587E1,5.731726997E-3,3.012002446E-2,-4.855349660E-2,5.742395493E-2
1.386726187E1,5.053419620E-3,4.433517903E-2,-5.211281031E-2,6.860677917E-2
1.387727787E1,6.955449469E-3,5.564482510E-2,-5.272587016E-2,7.697234713E-2
1.388729287E1,6.000738591E-3,6.572306156E-2,-5.523290113E-2,8.605929962E-2
1.389730887E1,7.463879418E-3,7.609766722E-2,-5.620335788E-2,9.489669061E-2
1.390732387E1,6.640844978E-3,8.392473310E-2,-5.455761403E-2,1.003194642E-1
1.391733987E1,7.160427514E-3,9.331264347E-2,-5.311844125E-2,1.076108264E-1
1.392735487E1,7.975174114E-3,1.031606793E-1,-5.679997429E-2,1.180337504E-1
1.393737087E1,6.009228062E-3,1.133994609E-1,-5.378155038E-2,1.256503232E-1
1.394738587E1,9.151343256E-3,1.224547178E-1,-5.674981698E-2,1.352754476E-1
1.395740187E1,6.259949412E-3,1.295339316E-1,-5.726221204E-2,1.417645489E-1
1.396741687E1,1.021793950E-2,1.404286623E-1,-5.490478128E-2,1.511262733E-1
1.397743287E1,1.170478202E-2,1.486983001E-1,-5.598122999E-2,1.593175586E-1
1.398744787E1,1.038273610E-2,1.571451575E-1,-5.867177248E-2,1.680618297E-1
1.399746387E1,1.560386270E-2,1.663117558E-1,-5.895726383E-2,1.771412984E-1
1.400747887E1,1.525115315E-2,1.751195788E-1,-5.657867715E-2,1.846635082E-1
1.401749487E1,1.589004509E-2,1.805364490E-1,-5.871533230E-2,1.905082496E-1
1.402750987E1,1.308569498E-2,1.885200888E-1,-5.885304883E-2,1.979260990E-1
1.403752587E1,1.522927266E-2,1.942088604E-1,-5.847141519E-2,2.033910485E-1
1.404754075E1,1.596800052E-2,2.021256387E-1,-5.918013304E-2,2.112156221E-1
1.405755675E1,1.570594683E-2,2.076975107E-1,-5.990158021E-2,2.167328587E-1
1.406757175E1,1.796167530E-2,2.158710510E-1,-6.037502363E-2,2.248734664E-1
1.407758775E1,1.840695553E-2,2.230605185E-1,-5.924078450E-2,2.315259844E-1
1.408760375E1,1.913804747E-2,2.277366370E-1,-6.121958047E-2,2.365968675E-1
1.409761875E1,1.868903823E-2,2.312797010E-1,-6.303265691E-2,2.404427085E-1
1.410763475E1,1.867226139E-2,2.359564751E-1,-6.145766377E-2,2.445427487E-1
1.411764975E1,1.899503544E-2,2.435164005E-1,-6.232319027E-2,2.520817897E-1
1.412766575E1,1.912018470E-2,2.463602722E-1,-6.077868491E-2,2.544661347E-1
1.413768075E1,1.871165447E-2,2.496149242E-1,-6.341788173E-2,2.582238643E-1
1.414769675E1,2.093156055E-2,2.530093491E-1,-6.377464533E-2,2.617614684E-1
1.415771175E1,2.312733606E-2,2.578003705E-1,-6.415947527E-2,2.666689763E-1
1.416772775E1,2.130740508E-2,2.591524422E-1,-6.541640311E-2,2.681292592E-1
1.417774275E1,2.559243143E-2,2.629051208E-1,-6.282461435E-2,2.715161271E-1
1.418775875E1,2.372817695E-2,2.652873397E-1,-6.432531774E-2,2.740039151E-1
1.419777375E1,2.592821419E-2,2.672527432E-1,-6.254313141E-2,2.756953833E-1
1.420778975E1,2.936265618E-2,2.675217688E-1,-6.401073188E-2,2.766359271E-1
1.421780475E1,2.553809062E-2,2.695630789E-1,-6.581795216E-2,2.786547154E-1
1.422782075E1,2.330536954E-2,2.704515159E-1,-6.521253288E-2,2.791770713E-1
1.423783675E1,2.751236595E-2,2.683185935E-1,-6.644184887E-2,2.777882596E-1
1.424785175E1,2.626044862E-2,2.694542110E-1,-6.611446291E-2,2.786867510E-1
1.425786775E1,2.739575319E-2,2.704664767E-1,-6.517889351E-2,2.795548792E-1
1.426788275E1,2.553251013E-2,2.708722055E-1,-6.631974876E-2,2.800392291E-1
1.427789875E1,2.681242675E-2,2.688082755E-1,-6.544010341E-2,2.779553963E-1
1.428791375E1,2.671841532E-2,2.672615051E-1,-6.367735565E-2,2.760387499E-1
1.429792975E1,2.846864611E-2,2.631748915E-1,-6.436205655E-2,2.724223956E-1
1.430794475E1,2.750572003E-2,2.589037120E-1,-6.496652216E-2,2.683437082E-1
1.431796075E1,2.789720520E-2,2.606789768E-1,-6.222213060E-2,2.694501374E-1
1.432797575E1,2.673668228E-2,2.568796575E-1,-6.286020577E-2,2.658070994E-1
1.433799175E1,2.664107643E-2,2.540098131E-1,-6.145778671E-2,2.626933414E-1
1.434800775E1,2.679852396E-2,2.488263994E-1,-6.173373759E-2,2.577669341E-1
1.435802275E1,2.825500444E-2,2.423317581E-1,-5.711581558E-2,2.505698359E-1
1.436803875E1,2.512426674E-2,2.397503406E-1,-5.934293941E-2,2.482600231E-1
1.437805375E1,2.412638068E-2,2.366253883E-1,-5.810111016E-2,2.448456567E-1
1.438806975E1,2.903591841E-2,2.306367457E-1,-5.408692732E-2,2.386666896E-1
1.439808475E1,2.667928673E-2,2.276939601E-1,-5.595513433E-2,2.359815689E-1
1.440810075E1,2.551813610E-2,2.186563313E-1,-5.176991969E-2,2.261457297E-1
1.441811575E1,2.303553745E-2,2.098146379E-1,-5.138296261E-2,2.172395616E-1
1.442813175E1,2.210383676E-2,2.049835026E-1,-4.765349999E-2,2.116073534E-1
1.443814675E1,2.476140484E-2,1.940395087E-1,-4.526997358E-2,2.007830387E-1
1.444816275E1,2.154576592E-2,1.916095316E-1,-4.345233366E-2,1.976525688E-1
1.445817875E1,1.973188668E-2,1.825382710E-1,-4.184831306E-2,1.883105122E-1
1.446819375E1,1.930366270E-2,1.769133359E-1,-4.185582697E-2,1.828192278E-1
1.447820975E1,1.661999524E-2,1.674734950E-1,-3.487834334E-2,1.718723207E-1
1.448822475E1,1.614740118E-2,1.590215713E-1,-3.599954396E-2,1.638431136E-1
1.449824075E1,1.343976613E-2,1.501090378E-1,-2.929050662E-2,1.535294249E-1
1.450825575E1,1.397745498E-2,1.409124434E-1,-2.802514844E-2,1.443505971E-1
1.451827175E1,9.943032637E-3,1.323937923E-1,-2.304317243E-2,1.347515044E-1
1.452828675E1,7.738019805E-3,1.237964928E-1,-2.094484866E-2,1.257940192E-1
1.453830275E1,6.270617712E-3,1.099523157E-1,-1.810938120E-2,1.116099550E-1
1.454831775E1,4.979910329E-3,9.977921098E-2,-1.294441894E-2,1.007385151E-1
1.455833375E1,7.476145402E-4,9.241530299E-2,-6.981068291E-3,9.268161883E-2
1.456834975E1,-1.613823231E-3,8.297846466E-2,-6.198576186E-3,8.322531087E-2
1.457836475E1,4.554529442E-4,7.175617665E-2,-2.245912794E-3,7.179276042E-2
1.458838075E1,-5.496458616E-3,6.259124726E-2,-8.700690232E-4,6.283814376E-2
1.459839575E1,-6.082354113E-3,4.816409945E-2,2.800033428E-3,4.862731429E-2
1.460841175E1,-9.037845768E-3,3.786292672E-2,5.222728942E-3,3.927544747E-2
1.461842675E1,-1.070099045E-2,3.030620888E-2,1.031708997E-2,3.375529349E-2
1.462844275E1,-1.399162132E-2,1.814910397E-2,1.367953233E-2,2.668866889E-2
1.463845775E1,-1.607075147E-2,7.132672705E-3,1.774831116E-2,2.498292661E-2
1.464847375E1,-1.720730402E-2,-6.444985978E-3,2.335028723E-2,2.971304544E-2
1.465848975E1,-2.238768339E-2,-1.350768935E-2,2.527761832E-2,3.636789830E-2
1.466850475E1,-2.020055614E-2,-2.636107057E-2,3.013732657E-2,4.484670515E-2
1.467852075E1,-2.139578387E-2,-3.741319105E-2,3.442714736E-2,5.516117210E-2
1.468853575E1,-2.548655123E-2,-4.601815343E-2,3.812662512E-2,6.496825595E-2
1.469855175E1,-2.931138314E-2,-5.758639425E-2,4.192402586E-2,7.702580041E-2
1.470856675E1,-2.844107710E-2,-7.046963274E-2,4.362957180E-2,8.762650022E-2
1.471858275E1,-3.032579646E-2,-7.913182676E-2,5.093115568E-2,9.887104003E-2
1.472859875E1,-3.255657479E-2,-9.037193656E-2,5.065490678E-2,1.085952902E-1
1.473861375E1,-3.192966431E-2,-1.017151400E-1,5.599614605E-2,1.204202705E-1
1.474862975E1,-3.520217165E-2,-1.105226725E-1,5.940717459E-2,1.303213967E-1
1.475864475E1,-3.574359044E-2,-1.195997968E-1,6.283652782E-2,1.397502948E-1
1.476866075E1,-3.638455644E-2,-1.300338954E-1,6.646290421E-2,1.504990616E-1
1.477867575E1,-3.732811287E-2,-1.378859580E-1,6.927546859E-2,1.587608767E-1
1.478869175E1,-3.723912314E-2,-1.491559595E-1,7.156632841E-2,1.695759178E-1
1.479870675E1,-4.088738933E-2,-1.586440057E-1,7.594563067E-2,1.805752972E-1
1.480872275E1,-4.387095571E-2,-1.640949994E-1,7.806517929E-2,1.869384974E-1
1.481873875E1,-4.050099105E-2,-1.737004966E-1,8.099039644E-2,1.958867966E-1
1.482875375E1,-3.989426792E-2,-1.840025783E-1,8.455436677E-2,2.063926897E-1
1.483876975E1,-4.068682343E-2,-1.914639622E-1,8.715574443E-2,2.142661667E-1
1.484878475E1,-4.265471920E-2,-1.983130127E-1,8.756132424E-2,2.209399502E-1
1.485880075E1,-4.092393070E-2,-2.049602717E-1,8.967374265E-2,2.274310032E-1
1.486881575E1,-3.857220709E-2,-2.106741369E-1,9.327442199E-2,2.336054899E-1
1.487883175E1,-4.390997812E-2,-2.162942141E-1,9.381531179E-2,2.398178183E-1
1.488884775E1,-3.901633620E-2,-2.225873172E-1,9.452826530E-2,2.449550596E-1
1.489886275E1,-4.122835770E-2,-2.296596169E-1,9.490403533E-2,2.518930191E-1
1.490887875E1,-3.854281083E-2,-2.335252613E-1,9.748511761E-2,2.559744989E-1
1.491889375E1,-3.754732385E-2,-2.400239110E-1,9.736261517E-2,2.617264951E-1
1.492890975E1,-3.682920709E-2,-2.434940934E-1,9.872297943E-2,2.653148897E-1
1.493892475E1,-3.359985724E-2,-2.486974001E-1,9.933124483E-2,2.699000619E-1
1.494894075E1,-3.716312721E-2,-2.523486018E-1,1.007318050E-1,2.742404263E-1
1.495895675E1,-3.260406107E-2,-2.564885020E-1,9.562306851E-2,2.756685468E-1
1.496897175E1,-3.242656961E-2,-2.575064600E-1,1.008045375E-1,2.784288313E-1
1.497898775E1,-2.961693332E-2,-2.604380548E-1,9.556104243E-2,2.789929317E-1
1.498900275E1,-2.671533450E-2,-2.626461387E-1,9.562417120E-2,2.807858354E-1
1.499901875E1,-3.027171828E-2,-2.649473846E-1,9.496397525E-2,2.830753436E-1
1.500903375E1,-2.794661187E-2,-2.657861412E-1,9.295146167E-2,2.829545196E-1
1.501904975E1,-2.309140190E-2,-2.677994967E-1,9.004595131E-2,2.834749664E-1
1.502906475E1,-2.162937261E-2,-2.680829167E-1,8.967087418E-2,2.835086342E-1
1.503908075E1,-2.158862539E-2,-2.690072954E-1,8.535042405E-2,2.830471491E-1
1.504909696E1,-2.185124159E-2,-2.687375546E-1,8.394235373E-2,2.823892150E-1
1.505911196E1,-1.910791919E-2,-2.708715498E-1,8.224005997E-2,2.837251074E-1
1.506912796E1,-1.620098017E-2,-2.676205039E-1,7.625776529E-2,2.787444217E-1
1.507914296E1,-1.612214930E-2,-2.639879584E-1,7.491499931E-2,2.748851088E-1
1.508915896E1,-1.144938171E-2,-2.648035884E-1,7.383007556E-2,2.751416159E-1
1.509917496E1,-1.232103445E-2,-2.636203468E-1,7.135786861E-2,2.733851506E-1
1.510918996E1,-1.111676916E-2,-2.598993182E-1,6.857758015E-2,2.690243905E-1
1.511920596E1,-1.046615839E-2,-2.573810220E-1,6.440253556E-2,2.655225368E-1
1.512922096E1,-7.551298477E-3,-2.570530772E-1,6.040236726E-2,2.641623603E-1
1.513923696E1,-7.718545385E-3,-2.495384216E-1,5.801617727E-2,2.563101181E-1
1.514925196E1,-5.389499944E-3,-2.480002195E-1,5.428037047E-2,2.539281674E-1
1.515926796E1,-5.959948990E-3,-2.432536632E-1,4.790050536E-2,2.479966211E-1
1.516928396E1,-3.333342262E-3,-2.384538651E-1,4.421275854E-2,2.425409758E-1
1.517929896E1,-2.368745161E-3,-2.363875061E-1,4.076449573E-2,2.398883243E-1
1.518931496E1,-3.817268880E-3,-2.308471948E-1,3.745109215E-2,2.338965224E-1
1.519932996E1,-2.488617785E-3,-2.244753093E-1,3.359057382E-2,2.269882912E-1
1.520934596E1,2.339582890E-3,-2.209162414E-1,3.200378641E-2,2.232346338E-1
1.521936096E1,-1.152353827E-3,-2.127134353E-1,2.301215567E-2,2.139576892E-1
1.522937696E1,-8.890661411E-4,-2.068471611E-1,2.477999777E-2,2.083280748E-1
1.523939296E1,2.250534482E-3,-2.010406703E-1,2.010348625E-2,2.020558491E-1
1.524940796E1,1.256642747E-3,-1.937707663E-1,1.517397538E-2,1.943680492E-1
1.525942396E1,1.115495223E-3,-1.870739907E-1,1.223597489E-2,1.874770424E-1
1.526943896E1,3.054694738E-3,-1.797250360E-1,7.275923155E-3,1.798981901E-1
1.527945496E1,5.497254897E-4,-1.691056788E-1,5.927564576E-3,1.692104276E-1
1.528947096E1,2.768602921E-3,-1.606416404E-1,2.603605157E-3,1.606865911E-1
1.529948596E1,2.533712192E-3,-1.556876302E-1,9.750821628E-4,1.557112991E-1
1.530950196E1,3.416686319E-3,-1.496422440E-1,-3.695168067E-3,1.497268486E-1
1.531951696E1,1.210523653E-3,-1.395826787E-1,-8.843591437E-3,1.398677899E-1
1.532953296E1,3.593253903E-3,-1.299665272E-1,-9.793274105E-3,1.303845002E-1
1.533954896E1,2.199887764E-3,-1.197304055E-1,-1.268200390E-2,1.204202754E-1
1.534956396E1,1.093725674E-3,-1.097395048E-1,-1.342191454E-2,1.105626652E-1
1.535957996E1,3.285773564E-3,-1.018243209E-1,-1.703076437E-2,1.032910236E-1
1.536959496E1,3.262295853E-3,-9.461591393E-2,-2.211687900E-2,9.722124294E-2
1.537961096E1,3.246050561E-3,-8.442851901E-2,-2.200848795E-2,8.731028123E-2
1.538962696E1,2.143047284E-3,-7.466018945E-2,-2.464404330E-2,7.865154423E-2
1.539964196E1,5.146560259E-3,-6.406187266E-2,-2.408664301E-2,6.863364323E-2
1.540965796E1,2.655972261E-3,-5.288485438E-2,-2.524192259E-2,5.866017957E-2
1.541967296E1,2.583267633E-3,-4.154564813E-2,-3.095386922E-2,5.187346306E-2
1.542968896E1,5.262266379E-3,-3.454136476E-2,-3.030323237E-2,4.625022399E-2
1.543970396E1,5.649223924E-3,-2.313184924E-2,-2.994956821E-2,3.826189771E-2
1.544971996E1,4.422180820E-3,-1.284582540E-2,-3.402902186E-2,3.664075930E-2
1.545973596E1,5.893310998E-3,-2.923153341E-3,-3.237253800E-2,3.303418164E-2
1.546975096E1,5.880277138E-3,5.258003250E-3,-3.741714358E-2,3.823959847E-2
1.547976696E1,5.603308324E-3,1.514845155E-2,-3.898734599E-2,4.220054261E-2
1.548978196E1,6.824001670E-3,2.631176263E-2,-3.758142889E-2,4.638145803E-2
1.549979796E1,9.395284578E-3,3.461522982E-2,-3.821313009E-2,5.240924364E-2
1.550981396E1,6.052933633E-3,4.744214565E-2,-3.842300549E-2,6.134918532E-2
1.551982896E1,7.213805802E-3,5.738718435E-2,-4.171227664E-2,7.131088237E-2
1.552984496E1,9.458417073E-3,6.485695392E-2,-4.366707057E-2,7.875721667E-2
1.553985996E1,9.710618295E-3,7.542384416E-2,-4.275600240E-2,8.724177965E-2
1.554987596E1,9.243874811E-3,8.447803557E-2,-4.153592885E-2,9.458975156E-2
1.555989196E1,9.199933149E-3,9.687718004E-2,-4.494743794E-2,1.071918792E-1
1.556990696E1,1.010552328E-2,1.043338180E-1,-4.541517422E-2,1.142374948E-1
1.557992296E1,9.617898613E-3,1.135731190E-1,-4.724689946E-2,1.233840624E-1
1.558993796E1,8.470252156E-3,1.244715676E-1,-4.809071124E-2,1.337072654E-1
1.559995396E1,1.184421126E-2,1.309081465E-1,-4.651625082E-2,1.394309498E-1
1.560996996E1,1.156243216E-2,1.396644413E-1,-4.821503535E-2,1.482043712E-1
1.561998496E1,1.290253550E-2,1.502164006E-1,-4.991652817E-2,1.588178272E-1
1.563000096E1,1.485758647E-2,1.577651799E-1,-5.183447525E-2,1.667255610E-1
1.564001596E1,1.213769987E-2,1.640244126E-1,-5.047253519E-2,1.720430426E-1
1.565003196E1,1.284010801E-2,1.709102690E-1,-5.231184885E-2,1.791974273E-1
1.566004796E1,1.263584383E-2,1.783258319E-1,-5.296485499E-2,1.864538622E-1
1.567006296E1,1.462062355E-2,1.865059137E-1,-5.403348804E-2,1.947250275E-1
1.568007896E1,1.589707658E-2,1.951622516E-1,-5.554430187E-2,2.035342501E-1
1.569009396E1,1.450301986E-2,1.993114352E-1,-5.671948195E-2,2.077317632E-1
1.570010996E1,1.700958610E-2,2.054199278E-1,-5.900181457E-2,2.144012288E-1
1.571012596E1,1.688078046E-2,2.137566954E-1,-5.971008539E-2,2.225807266E-1
1.572014096E1,1.813832484E-2,2.166046798E-1,-6.129306555E-2,2.258393811E-1
1.573015696E1,1.810815744E-2,2.223013639E-1,-6.299553812E-2,2.317633267E-1
1.574017196E1,2.015985735E-2,2.273382097E-1,-6.151109189E-2,2.363740592E-1
1.575018796E1,1.757713035E-2,2.330755740E-1,-6.465644389E-2,2.425152252E-1
1.576020396E1,1.638350263E-2,2.348231375E-1,-6.532223523E-2,2.442894175E-1
1.577021896E1,1.825063676E-2,2.410612106E-1,-6.718628854E-2,2.509135118E-1
1.578023496E1,2.110341564E-2,2.466841936E-1,-6.946275383E-2,2.571449391E-1
1.579025096E1,1.901562884E-2,2.493718714E-1,-7.027062774E-2,2.597804563E-1
1.580026596E1,1.923028007E-2,2.534489334E-1,-6.858244538E-2,2.632673875E-1
1.581028196E1,2.294952609E-2,2.547662258E-1,-7.202195376E-2,2.657436215E-1
1.582029696E1,2.214738168E-2,2.573449612E-1,-7.065787911E-2,2.677862421E-1
1.583031296E1,2.398787625E-2,2.607200444E-1,-7.435829192E-2,2.721755230E-1
1.584032896E1,2.208131924E-2,2.604199052E-1,-7.275933027E-2,2.712932580E-1
1.585034396E1,2.291037701E-2,2.622371912E-1,-7.211595774E-2,2.729357822E-1
1.586035996E1,2.473837137E-2,2.629490495E-1,-7.356099039E-2,2.741631065E-1
1.587037496E1,2.497797273E-2,2.630167603E-1,-7.461562008E-2,2.745345263E-1
1.588039096E1,2.623392083E-2,2.650040090E-1,-7.480869442E-2,2.766074550E-1
1.589040696E1,2.622505464E-2,2.648944557E-1,-7.377929240E-2,2.762249267E-1
1.590042196E1,2.742773853E-2,2.643280029E-1,-7.523870468E-2,2.761927527E-1
1.591043796E1,2.520902827E-2,2.614143491E-1,-7.719390094E-2,2.737368359E-1
1.592045396E1,2.683089301E-2,2.609664202E-1,-7.546044886E-2,2.729792091E-1
1.593046896E1,2.647488378E-2,2.608598173E-1,-7.398430258E-2,2.724379576E-1
1.594048496E1,2.880994417E-2,2.580057085E-1,-7.583333552E-2,2.704582283E-1
1.595049996E1,2.615427226E-2,2.507625818E-1,-7.281553745E-2,2.624271726E-1
1.596051596E1,2.595000900E-2,2.524262369E-1,-7.418679446E-2,2.643786839E-1
1.597053196E1,2.752863802E-2,2.487159073E-1,-7.006488740E-2,2.598586480E-1
1.598054696E1,2.833690681E-2,2.436912954E-1,-6.801398844E-2,2.545865872E-1
1.599056296E1,2.712444589E-2,2.416929603E-1,-6.769130379E-2,2.524546201E-1
1.600057896E1,2.612442896E-2,2.391200960E-1,-6.724096090E-2,2.497643948E-1
1.601059396E1,2.811297029E-2,2.356364429E-1,-6.271785498E-2,2.454554983E-1
1.602060996E1,2.696727775E-2,2.295777351E-1,-6.004270911E-2,2.388269194E-1
1.603062496E1,2.300699800E-2,2.237035930E-1,-5.919361860E-2,2.325435528E-1
1.604064096E1,2.462380379E-2,2.187927216E-1,-5.514268577E-2,2.269742332E-1
1.605065696E1,2.286626026E-2,2.101998627E-1,-5.550996214E-2,2.186051327E-1
1.606067196E1,2.363670990E-2,2.052327991E-1,-5.098951235E-2,2.127889241E-1
1.607068796E1,2.261752635E-2,1.972138584E-1,-4.863197729E-2,2.043769254E-1
1.608070396E1,2.135731839E-2,1.906140149E-1,-4.606362432E-2,1.972604755E-1
1.609071896E1,1.772599854E-2,1.851962358E-1,-4.063500836E-2,1.904286236E-1
1.610073496E1,1.957103610E-2,1.785234213E-1,-3.856999427E-2,1.836880014E-1
1.611074996E1,1.533115841E-2,1.710935533E-1,-3.383571282E-2,1.750797072E-1
1.612076596E1,1.288371347E-2,1.614880562E-1,-3.307937831E-2,1.653439676E-1
1.613078196E1,1.334003825E-2,1.535139382E-1,-2.910165675E-2,1.568164286E-1
1.614079696E1,9.483514354E-3,1.425347924E-1,-2.507628687E-2,1.450342175E-1
1.615081296E1,9.652665816E-3,1.361157447E-1,-1.989243738E-2,1.378998875E-1
1.616082896E1,7.464613300E-3,1.264580488E-1,-1.850839145E-2,1.280231195E-1
1.617084396E1,3.114262829E-3,1.163110584E-1,-1.486989297E-2,1.172990821E-1
1.618085996E1,1.973098377E-3,1.066626832E-1,-9.936921299E-3,1.071427249E-1
1.619087596E1,2.534078434E-3,9.755606204E-2,-3.926245030E-3,9.766791794E-2
1.620089096E1,-1.798884594E-3,8.762913197E-2,1.412593527E-3,8.765897659E-2
1.621090696E1,-3.731416073E-3,7.696040720E-2,3.257655306E-3,7.711964769E-2
1.622092196E1,-5.275783129E-3,6.608831882E-2,3.927174024E-3,6.641477598E-2
1.623093796E1,-9.372009896E-3,5.657345057E-2,1.140351407E-2,5.846734141E-2
1.624095396E1,-9.963497519E-3,4.293673486E-2,1.725474373E-2,4.733456099E-2
1.625096896E1,-1.250671595E-2,3.624007851E-2,1.970082521E-2,4.310317562E-2
1.626098496E1,-1.579225622E-2,2.585534938E-2,2.394217625E-2,3.861505214E-2
1.627100096E1,-1.930223778E-2,1.401307806E-2,3.078816086E-2,3.894680461E-2
1.628101596E1,-1.957015321E-2,3.165757284E-3,3.266781941E-2,3.821255475E-2
1.629103196E1,-2.046341822E-2,-8.204309270E-3,3.709558398E-2,4.315257265E-2
1.630104796E1,-2.179366723E-2,-1.758928970E-2,3.977765515E-2,4.864780460E-2
1.631106296E1,-2.328710258E-2,-2.696094476E-2,4.561483487E-2,5.787827614E-2
1.632107896E1,-2.636118978E-2,-3.916541487E-2,5.004553497E-2,6.879969200E-2
1.633109396E1,-3.034677729E-2,-5.002112687E-2,5.197896063E-2,7.826143605E-2
1.634110996E1,-3.182775900E-2,-5.777891353E-2,5.201996863E-2,8.400884613E-2
1.635112596E1,-2.978046425E-2,-7.008148730E-2,5.747761205E-2,9.540422841E-2
1.636114096E1,-3.303644434E-2,-8.024676889E-2,6.133732945E-2,1.062695561E-1
1.637115696E1,-3.371392936E-2,-8.810891211E-2,6.403862685E-2,1.140208540E-1
1.638117296E1,-3.760294244E-2,-9.877274185E-2,6.473611295E-2,1.239386951E-1
1.639118796E1,-3.604204580E-2,-1.086627245E-1,6.972949207E-2,1.340478229E-1
1.640120396E1,-3.983278945E-2,-1.208307147E-1,7.289865613E-2,1.466319433E-1
1.641121996E1,-3.918506950E-2,-1.275078207E-1,7.417884469E-2,1.526309766E-1
1.642123496E1,-3.934432566E-2,-1.372304857E-1,7.665079087E-2,1.620355699E-1
1.643125096E1,-3.671848774E-2,-1.469386369E-1,7.978968322E-2,1.711887961E-1
1.644126696E1,-3.958804160E-2,-1.584176570E-1,8.052258939E-2,1.820638748E-1
1.645128196E1,-3.896418586E-2,-1.625209600E-1,7.986929268E-2,1.852305972E-1
1.646129796E1,-4.068938270E-2,-1.741046458E-1,8.451890200E-2,1.977662721E-1
1.647131296E1,-4.355989769E-2,-1.809114516E-1,8.598903567E-2,2.049891028E-1
1.648132896E1,-4.019552469E-2,-1.863783747E-1,8.740850538E-2,2.097446676E-1
1.649134496E1,-3.916593269E-2,-1.948624849E-1,8.684626222E-2,2.169046601E-1
1.650135996E1,-3.935261816E-2,-2.009752393E-1,9.127323329E-2,2.242107903E-1
1.651137596E1,-3.721261024E-2,-2.094845474E-1,9.246332943E-2,2.319871144E-1
1.652139196E1,-3.773458675E-2,-2.138265520E-1,8.974424005E-2,2.349462109E-1
1.653140696E1,-3.752138466E-2,-2.214970589E-1,8.886228502E-2,2.415891287E-1
1.654142296E1,-3.662549704E-2,-2.275115401E-1,9.424666315E-2,2.489685952E-1
1.655143896E1,-3.540815040E-2,-2.303521335E-1,9.135468304E-2,2.503228328E-1
1.656145396E1,-3.746970370E-2,-2.353953719E-1,8.937063068E-2,2.545625060E-1
1.657146996E1,-3.334478661E-2,-2.388950735E-1,8.947090805E-2,2.572698473E-1
1.658148596E1,-3.188404068E-2,-2.455340773E-1,8.883414418E-2,2.630495777E-1
1.659150096E1,-3.225403652E-2,-2.495868057E-1,8.892600983E-2,2.669114679E-1
1.660151696E1,-3.236882016E-2,-2.506933510E-1,8.596537262E-2,2.669924008E-1
1.661153296E1,-2.961146645E-2,-2.531673610E-1,8.657708764E-2,2.691953635E-1
1.662154796E1,-3.021094389E-2,-2.546318471E-1,8.579571545E-2,2.703904279E-1
1.663156396E1,-2.679964155E-2,-2.544393837E-1,8.303930610E-2,2.689854032E-1
1.664157996E1,-2.659564279E-2,-2.602485418E-1,8.267205209E-2,2.743561553E-1
1.665159496E1,-2.584296465E-2,-2.584236264E-1,7.689582556E-2,2.708571533E-1
1.666161096E1,-2.242453210E-2,-2.630735040E-1,7.806681097E-2,2.753269967E-1
1.667162696E1,-2.133175358E-2,-2.629835606E-1,7.494799793E-2,2.742856162E-1
1.668164196E1,-1.944357343E-2,-2.636834383E-1,7.394558936E-2,2.745450024E-1
1.669165796E1,-1.859417185E-2,-2.618082464E-1,7.049672306E-2,2.717702873E-1
1.670167396E1,-1.876195148E-2,-2.618444562E-1,6.929110736E-2,2.715065149E-1
1.671168896E1,-1.453679893E-2,-2.608819008E-1,6.573189795E-2,2.694278514E-1
1.672170496E1,-1.363798231E-2,-2.594057322E-1,6.193875894E-2,2.670463224E-1
1.673172096E1,-1.600782759E-2,-2.599187791E-1,5.914986879E-2,2.670444331E-1
1.674173596E1,-1.282508392E-2,-2.575134337E-1,5.718392134E-2,2.640978080E-1
1.675175196E1,-1.240512263E-2,-2.536824048E-1,5.403211713E-2,2.596692497E-1
1.676176796E1,-9.344617836E-3,-2.504858077E-1,5.098226294E-2,2.557922064E-1
1.677178296E1,-8.488558233E-3,-2.508974671E-1,4.769904166E-2,2.555323721E-1
1.678179896E1,-6.633400451E-3,-2.444467694E-1,4.318924248E-2,2.483214363E-1
1.679181496E1,-8.141158149E-3,-2.431325763E-1,4.259750992E-2,2.469701925E-1
1.680182996E1,-6.605579518E-3,-2.393082827E-1,3.986271098E-2,2.426955368E-1
1.681184596E1,-3.833228722E-3,-2.348134071E-1,3.764589503E-2,2.378428960E-1
1.682186196E1,-3.703266382E-3,-2.290252894E-1,3.073259816E-2,2.311077454E-1
1.683187696E1,-2.237214474E-3,-2.230480164E-1,3.204451501E-2,2.253492261E-1
1.684189296E1,-3.098848392E-4,-2.178628445E-1,2.642471530E-2,2.194597471E-1
1.685190896E1,-2.399520017E-3,-2.132814676E-1,2.613930404E-2,2.148906822E-1
1.686192396E1,-3.617916256E-3,-2.087341249E-1,2.110246569E-2,2.098293075E-1
1.687193996E1,-7.678659167E-4,-2.022575736E-1,1.967388391E-2,2.032136251E-1
1.688195596E1,-6.384362932E-4,-1.947549284E-1,1.735293865E-2,1.955275280E-1
1.689197096E1,-5.369880237E-4,-1.890884489E-1,1.396864187E-2,1.896044641E-1
1.690198696E1,2.436963841E-3,-1.814137548E-1,1.190282777E-2,1.818201489E-1
1.691200296E1,1.482486958E-3,-1.713763028E-1,8.597046137E-3,1.715982055E-1
1.692201796E1,2.384499647E-3,-1.641514152E-1,6.203928962E-3,1.642859145E-1
1.693203396E1,1.387026859E-3,-1.567337513E-1,2.305672970E-3,1.567568460E-1
1.694204996E1,3.524479922E-3,-1.521752179E-1,1.446537441E-3,1.522229003E-1
1.695206496E1,4.514519125E-3,-1.444674134E-1,1.613227418E-3,1.445469368E-1
1.696208096E1,2.414083807E-3,-1.339580417E-1,-2.042760141E-3,1.339953641E-1
1.697209696E1,3.384480253E-3,-1.219561324E-1,-5.349833518E-3,1.221203244E-1
1.698211196E1,6.880944595E-3,-1.164553761E-1,-7.062778808E-3,1.168720877E-1
1.699212796E1,6.822561845E-3,-1.068543121E-1,-9.959992021E-3,1.075341472E-1
1.700214396E1,7.083285134E-3,-9.948880225E-2,-1.183379255E-2,1.004401979E-1
1.701215896E1,6.948607042E-3,-8.791701496E-2,-1.424750220E-2,8.933462922E-2
1.702217496E1,6.472700275E-3,-7.901273668E-2,-1.410289202E-2,8.052204648E-2
1.703219096E1,9.522042237E-3,-6.883995235E-2,-1.580033638E-2,7.126892000E-2
1.704220596E1,6.989909336E-3,-5.867786705E-2,-1.847441681E-2,6.191328606E-2
1.705222183E1,1.067626197E-2,-5.005789921E-2,-2.274655551E-2,5.601054927E-2
1.706223783E1,5.986435339E-3,-3.979727626E-2,-1.963172294E-2,4.477795385E-2
1.707225283E1,6.434084382E-3,-2.813730389E-2,-2.340717986E-2,3.716182693E-2
1.708226883E1,8.747572079E-3,-1.926258579E-2,-2.115068212E-2,2.991518983E-2
1.709228483E1,9.545128793E-3,-9.629296139E-3,-2.478798851E-2,2.825379979E-2
1.710229983E1,7.211135235E-3,1.413095742E-4,-2.688682452E-2,2.783741677E-2
1.711231583E1,9.225757793E-3,1.007473748E-2,-2.632858790E-2,2.966158261E-2
1.712233183E1,9.968512692E-3,2.021578699E-2,-2.837575972E-2,3.623855721E-2
1.713234783E1,8.597724140E-3,3.030128218E-2,-2.908678353E-2,4.287341295E-2
1.714236283E1,8.441130631E-3,3.753256053E-2,-2.961115912E-2,4.854653984E-2
1.715237883E1,1.035967190E-2,4.710316658E-2,-3.328765184E-2,5.860118487E-2
1.716239483E1,9.148466401E-3,5.863597989E-2,-3.456756845E-2,6.867888587E-2
1.717240983E1,8.785830811E-3,6.586678326E-2,-3.421697766E-2,7.474239440E-2
1.718242583E1,1.053126715E-2,8.142097294E-2,-3.991294652E-2,9.128705123E-2
1.719244183E1,1.111107878E-2,8.470061421E-2,-3.403401002E-2,9.195631549E-2
1.720245683E1,1.304080524E-2,9.675940871E-2,-4.017259553E-2,1.055759594E-1
1.721247283E1,1.009608340E-2,1.068051159E-1,-3.893215954E-2,1.141270202E-1
1.722248883E1,1.085455157E-2,1.143115014E-1,-4.260172695E-2,1.224738657E-1
1.723250383E1,1.197734568E-2,1.197860017E-1,-4.456384107E-2,1.283669699E-1
1.724251983E1,9.457728826E-3,1.298647225E-1,-4.545466974E-2,1.379145452E-1
1.725253583E1,1.318768691E-2,1.382145435E-1,-4.651840031E-2,1.464279231E-1
1.726255183E1,1.211150363E-2,1.458194554E-1,-4.796236381E-2,1.539817860E-1
1.727256683E1,1.248363592E-2,1.547245830E-1,-4.926879331E-2,1.628586865E-1
1.728258283E1,1.260188036E-2,1.646019816E-1,-5.104032531E-2,1.727939078E-1
1.729259883E1,1.205736492E-2,1.684921980E-1,-5.550141633E-2,1.778072216E-1
1.730261383E1,1.489256602E-2,1.765136272E-1,-5.385345221E-2,1.851460057E-1
1.731262983E1,1.400341373E-2,1.836110502E-1,-5.620431527E-2,1.925306169E-1
1.732264583E1,1.472406462E-2,1.920953542E-1,-5.847679079E-2,2.013379205E-1
1.733266083E1,1.295484975E-2,1.988740712E-1,-6.145571917E-2,2.085558193E-1
1.734267683E1,1.511520613E-2,2.036443204E-1,-6.419531256E-2,2.140572746E-1
1.735269283E1,1.705968753E-2,2.086385190E-1,-6.415582448E-2,2.189452771E-1
1.736270783E1,1.691614278E-2,2.145869583E-1,-6.523360312E-2,2.249203004E-1
1.737272383E1,1.541368850E-2,2.198148668E-1,-6.637240201E-2,2.301335551E-1
1.738273983E1,1.482992247E-2,2.265462726E-1,-6.997192651E-2,2.375693809E-1
1.739275583E1,1.765133440E-2,2.278447300E-1,-7.217574120E-2,2.396541847E-1
1.740277083E1,1.767929830E-2,2.334102094E-1,-7.433183491E-2,2.455974453E-1
1.741278683E1,1.801850647E-2,2.350884378E-1,-7.392214984E-2,2.470945657E-1
1.742280283E1,1.958817430E-2,2.381750345E-1,-7.493335009E-2,2.504516931E-1
1.743281783E1,2.319258079E-2,2.411371917E-1,-7.664600760E-2,2.540859136E-1
1.744283383E1,2.128389291E-2,2.471740693E-1,-7.621964067E-2,2.595331544E-1
1.745284983E1,2.025230974E-2,2.483388335E-1,-8.093500882E-2,2.619786402E-1
1.746286583E1,2.124486864E-2,2.508131564E-1,-8.087215573E-2,2.643839810E-1
1.747288083E1,2.233923785E-2,2.509730458E-1,-8.110953122E-2,2.646984460E-1
1.748289683E1,2.507537045E-2,2.532092929E-1,-8.185148984E-2,2.672889571E-1
1.749291283E1,2.497974411E-2,2.535348237E-1,-8.263601363E-2,2.678294330E-1
1.750292783E1,2.389743552E-2,2.558831871E-1,-8.315213770E-2,2.701139960E-1
1.751294383E1,2.623065561E-2,2.608979642E-1,-8.377232403E-2,2.752700443E-1
1.752295983E1,2.758939937E-2,2.552919984E-1,-8.366499841E-2,2.700648281E-1
1.753297583E1,2.665803954E-2,2.590065300E-1,-8.527339995E-2,2.739828214E-1
1.754299083E1,2.206142433E-2,2.568797171E-1,-8.320359141E-2,2.709183145E-1
1.755300683E1,2.680293284E-2,2.544897497E-1,-8.249337971E-2,2.688653708E-1
1.756302283E1,2.412991785E-2,2.534625530E-1,-7.994127274E-2,2.668634966E-1
1.757303783E1,2.522074804E-2,2.538409829E-1,-7.906881720E-2,2.670640533E-1
1.758305383E1,2.455442585E-2,2.488891184E-1,-7.977695763E-2,2.625130017E-1
1.759306983E1,2.810941450E-2,2.496331781E-1,-7.644461095E-2,2.625845413E-1
1.760308483E1,2.852300368E-2,2.448309809E-1,-7.422113419E-2,2.574190119E-1
1.761310083E1,2.809198573E-2,2.438346297E-1,-7.274378836E-2,2.560002833E-1
1.762311683E1,2.593855374E-2,2.393631786E-1,-7.120075077E-2,2.510718757E-1
1.763313283E1,2.727918886E-2,2.352959961E-1,-6.920684874E-2,2.467750956E-1
1.764314783E1,2.429085597E-2,2.321433425E-1,-6.618256122E-2,2.426122597E-1
1.765316383E1,2.440914139E-2,2.257147133E-1,-6.203707308E-2,2.353540661E-1
1.766317983E1,2.480302379E-2,2.236411721E-1,-6.052280217E-2,2.330098140E-1
1.767319583E1,2.280030958E-2,2.160807848E-1,-5.985296890E-2,2.253733293E-1
1.768321083E1,2.316489629E-2,2.113776356E-1,-5.352742970E-2,2.192767726E-1
1.769322683E1,2.337695099E-2,2.066398859E-1,-4.814431444E-2,2.134581910E-1
1.770324283E1,2.083203383E-2,1.982610524E-1,-4.530911148E-2,2.044366261E-1
1.771325783E1,1.918152347E-2,1.918538213E-1,-4.101564735E-2,1.971245873E-1
1.772327383E1,2.007235214E-2,1.873131245E-1,-3.599798307E-2,1.917940581E-1
1.773328983E1,1.524050161E-2,1.787626743E-1,-3.297680244E-2,1.824166553E-1
1.774330583E1,1.335365325E-2,1.711257994E-1,-3.148436546E-2,1.745096689E-1
1.775332083E1,1.423005760E-2,1.653718203E-1,-2.609626763E-2,1.680218697E-1
1.776333683E1,1.108433120E-2,1.568880528E-1,-2.264401317E-2,1.589008334E-1
1.777335283E1,1.096213423E-2,1.487938613E-1,-1.564415172E-2,1.500150693E-1
1.778336883E1,8.029460907E-3,1.392975599E-1,-1.248191390E-2,1.400859757E-1
1.779338383E1,5.902111530E-3,1.310932338E-1,-8.792319335E-3,1.315202485E-1
1.780339983E1,2.151315100E-3,1.193369776E-1,-5.260701291E-3,1.194722451E-1
1.781341583E1,3.740048851E-4,1.129671559E-1,1.604461577E-4,1.129678889E-1
1.782343083E1,-1.929363119E-3,1.029494107E-1,3.183134133E-3,1.030166780E-1
1.783344683E1,-4.704509396E-3,9.273192286E-2,7.237926591E-3,9.313285944E-2
1.784346283E1,-3.871473018E-3,8.380313963E-2,1.120683551E-2,8.463774381E-2
1.785347883E1,-9.503268637E-3,7.296477258E-2,1.652080379E-2,7.541291077E-2
1.786349383E1,-9.530432522E-3,6.358538568E-2,2.057067119E-2,6.750616956E-2
1.787350983E1,-1.453625131E-2,5.333184823E-2,2.374545299E-2,6.016174179E-2
1.788352583E1,-1.436634175E-2,4.360971600E-2,2.837695554E-2,5.397639031E-2
1.789354183E1,-1.545819640E-2,3.200016543E-2,3.189446777E-2,4.775168581E-2
1.790355683E1,-1.872056909E-2,2.246924490E-2,3.888526559E-2,4.865583781E-2
1.791357283E1,-1.877245866E-2,1.118406560E-2,4.081100598E-2,4.629283677E-2
1.792358883E1,-2.174934000E-2,-1.222535968E-3,4.473890364E-2,4.976040478E-2
1.793360383E1,-2.506227046E-2,-8.891141973E-3,4.638181627E-2,5.346440579E-2
1.794361983E1,-2.526067570E-2,-2.105299942E-2,4.954884574E-2,5.946779494E-2
1.795363583E1,-2.771008573E-2,-3.241551295E-2,5.288209021E-2,6.793474660E-2
1.796365183E1,-3.073064238E-2,-4.264684394E-2,5.743050575E-2,7.785492065E-2
1.797366683E1,-3.055935912E-2,-5.212480202E-2,6.059807912E-2,8.557450910E-2
1.798368283E1,-3.188481554E-2,-6.272657961E-2,6.297042221E-2,9.442742888E-2
1.799369883E1,-3.443301097E-2,-7.120947540E-2,6.474193931E-2,1.022151669E-1
1.800371483E1,-3.478961065E-2,-8.351914585E-2,6.806769222E-2,1.132209144E-1
1.801372983E1,-3.678046912E-2,-9.175810963E-2,6.813819706E-2,1.200631812E-1
1.802374583E1,-3.601374477E-2,-1.001979336E-1,7.426533103E-2,1.298150804E-1
1.803376183E1,-3.858269751E-2,-1.088380218E-1,7.189372182E-2,1.360259048E-1
1.804377783E1,-3.859441727E-2,-1.192019805E-1,7.526687533E-2,1.461634145E-1
1.805379275E1,-3.655499220E-2,-1.289547682E-1,7.760586590E-2,1.548814712E-1
1.806380875E1,-3.638188541E-2,-1.387338936E-1,7.793743163E-2,1.632328952E-1
1.807382475E1,-3.857392073E-2,-1.448207200E-1,7.867471129E-2,1.692651721E-1
1.808384075E1,-4.110978544E-2,-1.550496668E-1,7.988378406E-2,1.791977471E-1
1.809385575E1,-3.766424581E-2,-1.661512256E-1,8.161435276E-2,1.889066641E-1
1.810387175E1,-3.969756886E-2,-1.718386710E-1,8.392544836E-2,1.953148911E-1
1.811388775E1,-3.874713928E-2,-1.781435013E-1,8.174392581E-2,1.997961893E-1
1.812390375E1,-3.931758553E-2,-1.856474876E-1,8.205071837E-2,2.067442444E-1
1.813391875E1,-4.072980955E-2,-1.934899092E-1,8.467752486E-2,2.150989204E-1
1.814393475E1,-3.743441403E-2,-1.995898783E-1,8.226390183E-2,2.190999873E-1
1.815395075E1,-3.739232197E-2,-2.060699314E-1,8.300366998E-2,2.252834028E-1
1.816396675E1,-3.542025015E-2,-2.117981315E-1,8.387985080E-2,2.305403912E-1
1.817398175E1,-3.600505367E-2,-2.184216529E-1,8.200877905E-2,2.360716463E-1
1.818399775E1,-3.323989362E-2,-2.227879018E-1,8.102926612E-2,2.393847983E-1
1.819401375E1,-3.186435997E-2,-2.262424678E-1,8.098863810E-2,2.424049322E-1
1.820402975E1,-3.396532685E-2,-2.306353599E-1,7.848127186E-2,2.459789070E-1
1.821404475E1,-3.351724520E-2,-2.351815253E-1,7.653155178E-2,2.495813174E-1
1.822406075E1,-3.124476597E-2,-2.382931709E-1,7.995957136E-2,2.532852222E-1
1.823407675E1,-3.075669333E-2,-2.435704172E-1,7.658053190E-2,2.571713440E-1
1.824409275E1,-2.525486797E-2,-2.452857494E-1,7.504441589E-2,2.577490477E-1
1.825410775E1,-2.803407423E-2,-2.504640222E-1,7.562506199E-2,2.631297887E-1
1.826412375E1,-2.427102812E-2,-2.516416609E-1,7.229850441E-2,2.629442566E-1
1.827413975E1,-2.492621914E-2,-2.506400943E-1,7.048423588E-2,2.615526730E-1
1.828415575E1,-2.147449739E-2,-2.545190156E-1,6.806901097E-2,2.643378020E-1
1.829417075E1,-2.177404799E-2,-2.537820339E-1,6.658389419E-2,2.632733273E-1
1.830418675E1,-1.853298210E-2,-2.543410361E-1,6.419078261E-2,2.629701326E-1
1.831420275E1,-1.973538287E-2,-2.579947114E-1,6.298670918E-2,2.663044911E-1
1.832421875E1,-2.261559293E-2,-2.536950111E-1,5.897092819E-2,2.614387004E-1
1.833423375E1,-1.466377359E-2,-2.587375343E-1,5.722212791E-2,2.653950072E-1
1.834424975E1,-1.486004796E-2,-2.573558688E-1,5.529665947E-2,2.636486010E-1
1.835426575E1,-1.600366645E-2,-2.573134601E-1,5.374008790E-2,2.633521049E-1
1.836428175E1,-1.228323020E-2,-2.534654438E-1,5.204818025E-2,2.590455984E-1
1.837429675E1,-1.115190424E-2,-2.528114319E-1,5.136955157E-2,2.582185429E-1
1.838431275E1,-1.113219745E-2,-2.500942051E-1,4.713326320E-2,2.547402241E-1
1.839432875E1,-1.102854405E-2,-2.463329732E-1,4.484653845E-2,2.506247683E-1
1.840434475E1,-1.119898632E-2,-2.818606198E-1,3.165350482E-2,2.838534316E-1
1.841436075E1,-1.264291070E-2,-3.784170151E-1,-4.895717651E-2,3.817801535E-1
1.842437575E1,6.419197191E-3,-3.114198744E-1,-1.252402216E-1,3.357211006E-1
1.843439175E1,1.213323418E-2,-1.422278732E-1,-1.860156953E-1,2.344735000E-1
1.844440775E1,-5.259605125E-3,-8.021138608E-2,-2.463429719E-1,2.591262042E-1
1.845442375E1,-2.494805865E-2,-1.255575418E-1,-2.972231209E-1,3.236181169E-1
1.846443875E1,-4.047908261E-2,-2.171657532E-1,-3.292050064E-1,3.964535997E-1
1.847445475E1,-5.731321871E-2,-2.943167686E-1,-3.281677961E-1,4.445236414E-1
1.848447075E1,-4.314253852E-2,-2.944363356E-1,-3.162333667E-1,4.342321690E-1
1.849448675E1,-1.683586091E-2,-2.154862583E-1,-3.101484776E-1,3.780341940E-1
1.850450175E1,-1.237000525E-2,-1.187733114E-1,-2.965386510E-1,3.196799776E-1
1.851451775E1,-2.106246725E-2,-8.973166347E-2,-2.802276015E-1,2.949964536E-1
1.852453375E1,-3.080537543E-2,-1.511236578E-1,-2.632856369E-1,3.051338357E-1
1.853454975E1,-2.951916493E-2,-2.343965769E-1,-2.393451184E-1,3.363022778E-1
1.854456575E1,-3.271916357E-4,-2.153792083E-1,-2.201775461E-1,3.080039971E-1
1.855458075E1,5.735518411E-2,-1.016565189E-1,-2.087978125E-1,2.392074235E-1
1.856459675E1,1.649589837E-2,-7.972458750E-2,-1.847683787E-1,2.019095795E-1
1.857461275E1,-7.447815686E-2,-1.445293725E-1,-1.511511654E-1,2.219964192E-1
1.858462875E1,-9.121958166E-2,-1.778915972E-1,-1.272871047E-1,2.369988174E-1
1.859464375E1,-7.272127550E-3,-1.525540054E-1,-1.052337065E-1,1.854716727E-1
1.860465975E1,5.583147332E-2,-1.250885576E-1,-8.647999167E-2,1.619971901E-1
1.861467575E1,2.426783182E-2,-1.033643857E-1,-5.956299230E-2,1.217410117E-1
1.862469175E1,-5.314546824E-2,-8.430626988E-2,-2.492459118E-2,1.027288819E-1
1.863470775E1,-7.828552276E-2,-9.897675365E-2,3.234589007E-3,1.262358246E-1
1.864472275E1,-2.584921569E-2,-1.441381127E-1,2.722460963E-2,1.489468256E-1
1.865473875E1,4.667663574E-2,-1.469351649E-1,4.592032731E-2,1.608643139E-1
1.866475475E1,5.591487885E-2,-7.532037050E-2,6.924269348E-2,1.165940929E-1
1.867477075E1,1.481049880E-2,1.721219160E-3,1.026834548E-1,1.037603265E-1
1.868478575E1,-1.394285262E-2,1.724052429E-2,1.277943999E-1,1.297036910E-1
1.869480175E1,9.266220964E-3,-2.443643659E-2,1.503860950E-1,1.526400336E-1
1.870481775E1,5.531227216E-2,-5.892091244E-2,1.684838831E-1,1.868634267E-1
1.871483375E1,6.874472648E-2,-5.296182260E-2,1.880985796E-1,2.071517988E-1
1.872484975E1,4.336613417E-2,-1.162423473E-2,2.122217715E-1,2.169189358E-1
1.873486475E1,1.725828089E-2,3.824192658E-2,2.316412479E-1,2.354101971E-1
1.874488075E1,2.900921367E-2,6.430789083E-2,2.491206378E-1,2.589172290E-1
1.875489675E1,6.642147154E-2,5.150406435E-2,2.595488131E-1,2.728187437E-1
1.876491275E1,8.230962604E-2,2.251156047E-2,2.712273300E-1,2.843341510E-1
1.877492875E1,6.179218367E-2,1.219706610E-2,2.867402732E-1,2.935762706E-1
1.878494375E1,3.450942785E-2,5.015270412E-2,2.993205190E-1,3.054487967E-1
1.879495975E1,4.027765617E-2,1.012360603E-1,3.035341501E-1,3.224965268E-1
1.880497575E1,6.244527176E-2,1.218947321E-1,3.060513735E-1,3.352986443E-1
1.881499175E1,8.401504159E-2,1.058809459E-1,3.066781759E-1,3.351429628E-1
1.882500775E1,6.754259020E-2,8.352530748E-2,3.091783524E-1,3.273067858E-1
1.883502275E1,4.472003132E-2,8.975696564E-2,3.096578419E-1,3.254906652E-1
1.884503875E1,3.496620059E-2,1.076179892E-1,3.087704778E-1,3.288517519E-1
1.885505475E1,5.279009789E-2,1.325068325E-1,2.978644073E-1,3.302545385E-1
1.886507075E1,6.944710761E-2,1.566838175E-1,2.889486849E-1,3.359524698E-1
1.887508575E1,6.383403391E-2,1.654927284E-1,2.797262073E-1,3.312240602E-1
1.888510175E1,4.500575364E-2,1.515140682E-1,2.694634497E-1,3.123981137E-1
1.889511775E1,2.663590945E-2,1.401872039E-1,2.587183118E-1,2.954608073E-1
1.890513375E1,3.125569597E-2,1.453441530E-1,2.417286634E-1,2.837861661E-1
1.891514975E1,4.024909064E-2,1.664623320E-1,2.207102478E-1,2.793612549E-1
1.892516575E1,4.313835502E-2,1.886896044E-1,2.033038288E-1,2.807082672E-1
1.893518075E1,3.253385052E-2,1.956555098E-1,1.795805097E-1,2.675606275E-1
1.894519675E1,1.688245311E-2,1.887757778E-1,1.607181430E-1,2.484987585E-1
1.895521275E1,1.420225948E-2,1.826227456E-1,1.372878402E-1,2.289120409E-1
1.896522875E1,3.109495528E-2,1.683689803E-1,1.173290461E-1,2.075599066E-1
1.897524475E1,6.713736802E-2,1.569643170E-1,1.118576452E-1,2.041013370E-1
1.898525975E1,4.829550534E-2,1.813506186E-1,1.086424142E-1,2.168494336E-1
1.899527575E1,1.314563490E-2,1.945605725E-1,1.015208885E-1,2.198479358E-1
1.900529175E1,-2.873544814E-3,1.949872077E-1,9.655383229E-2,2.176026446E-1
1.901530775E1,4.412554670E-3,1.922322214E-1,9.043440223E-2,2.124878318E-1
1.902532375E1,2.198595554E-2,1.992845386E-1,8.519010246E-2,2.178418305E-1
1.903533875E1,2.729453146E-2,2.184386551E-1,8.135111630E-2,2.346879665E-1
1.904535475E1,1.329136267E-2,2.451009005E-1,7.749592513E-2,2.574038270E-1
1.905537121E1,-3.427287447E-5,2.512906790E-1,7.744120806E-2,2.629527471E-1
1.906538721E1,-6.529989187E-3,2.392025888E-1,7.476580143E-2,2.506999089E-1
1.907540321E1,-1.157615613E-2,2.221781164E-1,6.144739687E-2,2.308092403E-1
1.908541821E1,-1.291759033E-2,2.155036926E-1,4.432060570E-2,2.203928805E-1
1.909543421E1,-5.835522432E-3,2.249813825E-1,2.073582821E-2,2.260102882E-1
1.910545021E1,1.957476325E-2,2.295244783E-1,-4.568090662E-4,2.303581259E-1
1.911546621E1,5.579182878E-2,2.176000327E-1,-6.112172268E-3,2.247217413E-1
1.912548221E1,5.612791702E-2,2.095682025E-1,-9.011654183E-4,2.169561861E-1
1.913549721E1,4.384252429E-2,2.225231528E-1,1.706752926E-2,2.274423466E-1
1.914551321E1,7.474663854E-2,3.114077449E-1,7.477077097E-2,3.288654919E-1
1.915552921E1,1.124842092E-1,4.126669466E-1,1.437631696E-1,4.512366952E-1
1.916554521E1,1.340994984E-1,4.107710719E-1,2.132325321E-1,4.818543989E-1
1.917556121E1,1.400653422E-1,2.991104424E-1,2.731836736E-1,4.286195007E-1
1.918557721E1,1.101055741E-1,1.377596408E-1,2.915640175E-1,3.407499559E-1
1.919559221E1,6.597229093E-2,4.249403626E-2,2.870097756E-1,2.975444464E-1
1.920560821E1,4.014601186E-2,8.162119985E-2,2.701061666E-1,2.850106380E-1
1.921562421E1,-3.451707959E-2,2.468013912E-1,2.266867906E-1,3.368816655E-1
1.922564021E1,-8.569930494E-2,3.501001000E-1,1.940356344E-1,4.093461595E-1
1.923565621E1,-6.585553288E-2,1.133579165E-1,1.477393955E-1,1.975193596E-1
1.924567121E1,2.029453032E-2,3.720093518E-3,1.569970697E-1,1.583470459E-1
1.925568721E1,6.937006861E-2,1.049685329E-1,1.885895729E-1,2.267082405E-1
1.926570321E1,5.201078206E-2,2.494585812E-1,1.332647949E-1,2.875660111E-1
1.927571921E1,-3.189587593E-2,2.612865269E-1,1.005816758E-1,2.817883418E-1
1.928573521E1,-3.399711102E-2,1.059323698E-1,1.079956517E-1,1.550500929E-1
1.929575121E1,6.515422463E-2,-6.280969828E-2,1.125199795E-1,1.443983274E-1
1.930576621E1,1.668148041E-1,-2.251793444E-2,8.893742412E-2,1.903788372E-1
1.931578221E1,2.208086699E-1,2.910002172E-1,5.191525444E-2,3.689617714E-1
1.932579821E1,2.324647903E-1,7.517079115E-1,6.757365074E-3,7.868610582E-1
1.933581421E1,2.487522066E-1,1.075875521E0,-2.881035022E-2,1.104633800E0
1.934583021E1,2.730327547E-1,1.077157021E0,-1.761095785E-2,1.111361452E0
1.935584621E1,2.620677352E-1,8.702589273E-1,4.742024094E-2,9.100982242E-1
1.936586121E1,1.902705133E-1,6.071172953E-1,1.597302705E-1,6.559786870E-1
1.937587721E1,1.017934978E-1,3.492569327E-1,2.988595665E-1,4.708071386E-1
1.938589321E1,1.996973902E-2,1.114204228E-1,4.137004018E-1,4.289071269E-1
1.939590921E1,-1.571953297E-2,-4.282381758E-2,4.846194386E-1,4.867617316E-1
1.940592521E1,-1.336769667E-2,-4.890621081E-2,5.056142211E-1,5.081498336E-1
1.941594121E1,-1.984648034E-2,9.494759887E-2,4.955517054E-1,5.049558614E-1
1.942595621E1,-3.981219605E-2,3.055306673E-1,4.753236771E-1,5.664508784E-1
1.943597221E1,-5.931830034E-2,4.196753800E-1,4.533509910E-1,6.206232403E-1
1.944598821E1,-6.438203156E-2,3.510401249E-1,4.239028394E-1,5.541370160E-1
1.945600421E1,-6.387816370E-2,1.749673635E-1,3.818925321E-1,4.248951684E-1
1.946602021E1,-6.047171354E-2,3.954217210E-2,3.275155723E-1,3.353906105E-1
1.947603621E1,-6.122712791E-2,1.171179116E-2,2.504757643E-1,2.581163221E-1
1.948605121E1,-7.102622837E-2,7.653020322E-2,1.760971248E-1,2.047237028E-1
1.949606721E1,-6.404945254E-2,1.543399245E-1,1.277021170E-1,2.103116148E-1
1.950608321E1,-3.106860071E-2,1.664828807E-1,1.164545268E-1,2.055321491E-1
1.951609921E1,1.130175963E-2,1.600105911E-1,1.176702604E-1,1.989407179E-1
1.952611521E1,1.529996283E-2,1.531209946E-1,9.901854396E-2,1.829885239E-1
1.953613121E1,3.005562350E-3,1.165099591E-1,4.844389111E-2,1.262157461E-1
1.954614621E1,2.935254946E-3,3.126190230E-2,-2.507799864E-2,4.018492594E-2
1.955616221E1,1.499520056E-2,-7.116813958E-2,-1.142493933E-1,1.354351653E-1
1.956617821E1,2.188106999E-2,-1.715623885E-1,-1.918035746E-1,2.582654557E-1
1.957619421E1,1.816586964E-2,-2.211418152E-1,-2.525334358E-1,3.361648962E-1
1.958621021E1,1.677303575E-2,-2.039377987E-1,-2.918526232E-1,3.564406180E-1
1.959622621E1,3.213486448E-2,-1.533217132E-1,-3.182710111E-1,3.547345962E-1
1.960624221E1,4.510525987E-2,-1.288842857E-1,-3.426887393E-1,3.688918752E-1
1.961625721E1,6.840897352E-2,-1.520342678E-1,-3.795850873E-1,4.145829769E-1
1.962627321E1,8.097349852E-2,-2.025459111E-1,-4.320442975E-1,4.839874260E-1
1.963628921E1,8.873714507E-2,-2.270171642E-1,-4.890633821E-1,5.464376136E-1
1.964630521E1,1.017935574E-1,-2.045515329E-1,-5.439367294E-1,5.899749347E-1
1.965632121E1,1.099278331E-1,-1.749613732E-1,-5.851796269E-1,6.205890801E-1
1.966633721E1,1.175985411E-1,-1.642325670E-1,-6.156286001E-1,6.479199998E-1
1.967635321E1,1.199607998E-1,-1.981523931E-1,-6.360952854E-1,6.769580316E-1
1.968636821E1,1.154539287E-1,-2.545722425E-1,-6.405212283E-1,6.988591276E-1
1.969638421E1,8.514778316E-2,-2.788787484E-1,-6.638155580E-1,7.250342035E-1
1.970640021E1,6.876161695E-2,-2.501285970E-1,-7.038996220E-1,7.501780807E-1
1.971641621E1,8.795794845E-2,-2.109343112E-1,-7.467988729E-1,7.809855575E-1
1.972643221E1,1.289024502E-1,-1.693256199E-1,-7.627592087E-1,7.918892711E-1
1.973644821E1,1.502260715E-1,-1.617640257E-1,-7.572567463E-1,7.887795968E-1
1.974646421E1,1.183477640E-1,-1.812229455E-1,-7.392894626E-1,7.703225679E-1
1.975647921E1,9.131915867E-2,-1.909896433E-1,-7.331524491E-1,7.631046758E-1
1.976649521E1,1.045726463E-1,-2.137298435E-1,-7.352645993E-1,7.728065187E-1
1.977651121E1,1.445962340E-1,-2.613956332E-1,-7.430958748E-1,8.008915202E-1
1.978652721E1,1.460516453E-1,-3.035662472E-1,-7.518835068E-1,8.239006963E-1
1.979654321E1,1.057278886E-1,-3.138334155E-1,-7.634817362E-1,8.322104065E-1
1.980655921E1,6.344967335E-2,-2.900716364E-1,-7.763975263E-1,8.312403588E-1
1.981657521E1,6.290026009E-2,-2.364878505E-1,-7.889508009E-1,8.260304549E-1
1.982659021E1,9.876877815E-2,-1.721405536E-1,-7.911905050E-1,8.157021864E-1
1.983660621E1,1.206614748E-1,-1.220657900E-1,-7.887463570E-1,8.072050943E-1
1.984662221E1,8.199743927E-2,-1.099742427E-1,-7.809472680E-1,7.929038716E-1
1.985663821E1,2.164461091E-2,-1.392666548E-1,-7.676078677E-1,7.804393179E-1
1.986665421E1,-7.582515478E-3,-1.827201247E-1,-7.124442458E-1,7.355412578E-1
1.987667021E1,-5.766653339E-5,-2.639899850E-1,-6.408719420E-1,6.931143929E-1
1.988668621E1,2.188624814E-2,-3.154228032E-1,-5.666235089E-1,6.488703672E-1
1.989670221E1,2.998789400E-2,-3.103607297E-1,-5.220310092E-1,6.080620288E-1
1.990671721E1,1.391598396E-2,-2.214196771E-1,-4.996966422E-1,5.467330813E-1
1.991673321E1,-9.456716478E-3,-1.410880536E-1,-4.888591170E-1,5.088993070E-1
1.992674921E1,-4.193210229E-2,-1.104723439E-1,-4.901081324E-1,5.041511890E-1
1.993676521E1,-3.787504509E-2,-1.157821566E-1,-4.818517864E-1,4.970122442E-1
1.994678121E1,-6.301403511E-3,-1.519121975E-1,-4.532124400E-1,4.780361275E-1
1.995679721E1,1.517108735E-2,-1.848234683E-1,-4.102100432E-1,4.501801371E-1
1.996681321E1,-7.465781644E-3,-1.668625772E-1,-3.643985987E-1,4.008555803E-1
1.997682921E1,-3.726801649E-2,-1.256151348E-1,-3.190089762E-1,3.448692420E-1
1.998684421E1,-5.617353320E-2,-1.067072302E-1,-2.753938437E-1,3.006387665E-1
1.999686021E1,-5.769943446E-2,-1.094423681E-1,-2.223673463E-1,2.544682561E-1
2.000687621E1,-5.094539002E-2,-1.217432469E-1,-1.737241745E-1,2.181672288E-1
2.001689221E1,-4.937159643E-2,-1.217836067E-1,-1.321195215E-1,1.863447594E-1
2.002690821E1,-3.944066912E-2,-1.009467691E-1,-1.055893824E-1,1.513107208E-1
2.003692421E1,-3.547118232E-2,-5.722782388E-2,-9.988967329E-2,1.204623403E-1
2.004694021E1,-4.105529934E-2,-2.327385172E-2,-1.033035740E-1,1.135730522E-1
2.005695633E1,-4.827823490E-2,-1.421732083E-2,-1.030188575E-1,1.146551577E-1
2.006697133E1,-5.365995318E-2,-3.849256784E-2,-9.550315142E-2,1.161116716E-1
2.007698733E1,-6.240345910E-2,-6.541617960E-2,-8.614295721E-2,1.248762481E-1
2.008700333E1,-8.445975929E-2,-4.485710710E-2,-6.321740150E-2,1.146387842E-1
2.009701933E1,-1.191949248E-1,-1.209723763E-2,-3.983071074E-2,1.262547377E-1
2.010703533E1,-1.374724805E-1,-4.043966159E-2,-4.730087519E-2,1.509020276E-1
2.011705133E1,-1.293621510E-1,-3.183275461E-2,-6.143207848E-2,1.467030697E-1
2.012706733E1,-1.190314963E-1,1.552357525E-2,-4.873891920E-2,1.295567858E-1
2.013708333E1,-1.298425496E-1,-5.535674468E-2,-4.547963664E-2,1.482965077E-1
2.014709933E1,-1.321392506E-1,-1.997083277E-1,-4.658404738E-2,2.439554696E-1
2.015711433E1,-1.161305904E-1,-2.731581628E-1,-2.521416917E-2,2.978883185E-1
2.016713033E1,-1.099632457E-1,-2.634642422E-1,3.237056360E-2,2.873206845E-1
2.017714633E1,-1.180899590E-1,-1.799125075E-1,1.241598725E-1,2.484540656E-1
2.018716233E1,-1.077912450E-1,-7.644815743E-2,2.332706302E-1,2.681015856E-1
2.019717833E1,-6.310736388E-2,1.863868907E-3,3.422184289E-1,3.479934862E-1
2.020719433E1,-2.021396533E-2,3.615846112E-2,4.452140331E-1,4.471370864E-1
2.021721033E1,1.507309382E-3,4.225177318E-2,5.354539156E-1,5.371204521E-1
2.022722633E1,4.648241214E-3,4.307708517E-2,6.041330695E-1,6.056847423E-1
2.023724233E1,-1.097345911E-2,4.494676739E-2,6.422272921E-1,6.438917016E-1
2.024725733E1,-4.632825404E-2,-1.063633431E-2,6.546578407E-1,6.563812361E-1
2.025727333E1,-6.213105470E-2,-9.510795027E-2,6.508113742E-1,6.606521285E-1
2.026728933E1,-4.522397742E-2,-1.241451949E-1,6.361818314E-1,6.497573086E-1
2.027730533E1,-2.575018443E-2,-7.782264799E-2,6.040480137E-1,6.095846450E-1
2.028732133E1,-3.831817210E-2,-8.546369150E-3,5.478038788E-1,5.492088968E-1
2.029733733E1,-6.560749561E-2,1.993632317E-2,4.913238585E-1,4.960856120E-1
2.030735333E1,-6.700139493E-2,1.659778506E-2,4.347258508E-1,4.401718287E-1
2.031736933E1,-4.576706141E-2,-1.272292063E-2,3.999081850E-1,4.027195712E-1
2.032738533E1,-1.897246763E-2,-3.902696073E-2,3.873114288E-1,3.897347830E-1
2.033740133E1,-1.774108037E-2,-6.368196011E-2,3.740353584E-1,3.798323148E-1
2.034741633E1,-4.311514646E-2,-7.459718734E-2,3.575882018E-1,3.678219382E-1
2.035743233E1,-6.026194245E-2,-5.654435232E-2,3.402815759E-1,3.501718384E-1
2.036744833E1,-6.066194922E-2,-2.899554744E-2,3.361020088E-1,3.427611037E-1
2.037746433E1,-5.123660341E-2,-1.111332886E-2,3.508897424E-1,3.547848741E-1
2.038748033E1,-2.479061484E-2,-5.918566138E-3,3.675584793E-1,3.684410940E-1
2.039749633E1,1.898322953E-3,-1.888508163E-2,3.752565682E-1,3.757362664E-1
2.040751233E1,1.093868911E-2,-4.657050222E-2,3.603383303E-1,3.634999021E-1
2.041752833E1,8.749387925E-4,-5.452404544E-2,3.200663328E-1,3.246784478E-1
2.042754433E1,-2.119920403E-2,-2.803251892E-2,2.761100829E-1,2.783379353E-1
2.043756033E1,-4.108065367E-2,-1.051714644E-4,2.330049574E-1,2.365986926E-1
2.044757633E1,-5.040251464E-2,-2.640500665E-3,1.938202679E-1,2.002840033E-1
2.045759133E1,-4.618540034E-2,-3.086841106E-2,1.705021709E-1,1.793235631E-1
2.046760733E1,-3.726727143E-2,-6.341943145E-2,1.566028595E-1,1.730182921E-1
2.047762333E1,-3.868762031E-2,-8.637951314E-2,1.399789453E-1,1.689741323E-1
2.048763933E1,-4.837593436E-2,-7.410606742E-2,1.180033460E-1,1.475016269E-1
2.049765533E1,-4.492601007E-2,-1.632960886E-2,1.065615639E-1,1.167919921E-1
2.050767133E1,-4.175871611E-2,5.525775999E-2,1.098843887E-1,1.298914520E-1
2.051768733E1,-2.463910915E-2,9.261845052E-2,1.411018074E-1,1.705725157E-1
2.052770333E1,-7.126427256E-3,7.474464923E-2,1.846772432E-1,1.993570483E-1
2.053771933E1,6.386084016E-3,2.672021091E-2,2.365775853E-1,2.381673899E-1
2.054773533E1,1.407702733E-2,-3.537535667E-4,2.906754315E-1,2.910163128E-1
2.055775133E1,1.559260581E-2,-3.373457119E-3,3.348889053E-1,3.352686810E-1
2.056776733E1,5.931722000E-3,-6.479235366E-3,3.688407540E-1,3.689453451E-1
2.057778233E1,1.833060011E-2,-5.996936932E-3,3.867550492E-1,3.872356418E-1
2.058779833E1,4.716917500E-2,1.086406782E-2,3.852924407E-1,3.883210320E-1
2.059781433E1,7.555651665E-2,1.165458187E-2,3.686875999E-1,3.765304275E-1
2.060783033E1,8.877032250E-2,9.831648320E-3,3.319202662E-1,3.437264822E-1
2.061784633E1,8.738992363E-2,1.510986034E-2,2.896253169E-1,3.028995391E-1
2.062786233E1,7.795674354E-2,3.583537787E-2,2.432903051E-1,2.579759693E-1
2.063787833E1,6.844930351E-2,5.461115390E-2,1.972456127E-1,2.158089827E-1
2.064789433E1,5.503122881E-2,8.205503225E-2,1.659518778E-1,1.931359371E-1
2.065791033E1,2.993017435E-2,1.137181520E-1,1.511085480E-1,1.914717387E-1
2.066792633E1,-7.723729126E-3,1.290576905E-1,1.526728868E-1,2.000613752E-1
2.067794233E1,-4.135695472E-2,9.095224738E-2,1.670326293E-1,1.946345505E-1
2.068795833E1,-4.870008677E-2,1.580050960E-2,1.853104383E-1,1.922532525E-1
2.069797433E1,-3.312729672E-2,-4.296604544E-2,1.922039241E-1,1.997144143E-1
2.070798933E1,-1.725698635E-2,-6.026247889E-2,1.780763865E-1,1.887871006E-1
2.071800533E1,-1.745975949E-2,-4.058269039E-2,1.341708302E-1,1.412572464E-1
2.072802133E1,-1.298378501E-2,-7.830338553E-3,7.362971455E-2,7.517464825E-2
2.073803733E1,1.173844654E-2,5.056070536E-2,9.533175267E-3,5.277364385E-2
2.074805333E1,4.539760575E-2,9.772901982E-2,-2.529644407E-2,1.106879126E-1
2.075806933E1,1.456706375E-1,2.264822423E-1,-5.130702257E-2,2.741287130E-1
2.076808533E1,4.169767201E-1,7.749192715E-1,-2.430764586E-1,9.129379098E-1
2.077810133E1,1.967875361E-1,7.764106989E-1,-4.279085398E-1,9.080994583E-1
2.078811733E1,1.547543257E-1,6.668847203E-1,-5.941180587E-1,9.064548523E-1
2.079813333E1,2.001594007E-1,6.483153105E-1,-8.940674067E-1,1.122378303E0
2.080814933E1,1.408579946E-1,4.232060015E-1,-1.239557981E0,1.317364142E0
2.081816533E1,-1.015710533E-1,-2.546242476E-1,-1.258799314E0,1.288303497E0
2.082818133E1,-1.978144944E-1,-7.660638094E-1,-1.116042972E0,1.368041026E0
2.083819733E1,-1.622705758E-1,-9.042606354E-1,-8.579184413E-1,1.256997649E0
2.084821333E1,-8.776384592E-2,-7.908637524E-1,-5.885109305E-1,9.897035328E-1
2.085822833E1,5.296947435E-3,-5.572859645E-1,-4.512989521E-1,7.171237327E-1
2.086824433E1,1.146828234E-1,-2.751421630E-1,-4.311867654E-1,5.241921275E-1
2.087826033E1,1.868558228E-1,-6.975117326E-2,-4.173534513E-1,4.625626746E-1
2.088827633E1,1.513684094E-1,1.690995321E-2,-3.846144080E-1,4.136744913E-1
2.089829233E1,9.284877777E-2,2.992495149E-2,-3.751468062E-1,3.876229153E-1
2.090830833E1,3.117795661E-2,9.562155232E-3,-4.086326063E-1,4.099318318E-1
2.091832433E1,-3.458020464E-2,9.627053514E-3,-4.359609783E-1,4.374362185E-1
2.092834033E1,-7.027908415E-2,2.594344132E-2,-4.242222905E-1,4.307862156E-1
2.093835633E1,-8.412109315E-2,1.155168377E-2,-3.694198728E-1,3.790525585E-1
2.094837233E1,-8.585002273E-2,-3.371872008E-3,-2.844927311E-1,2.971829571E-1
2.095838833E1,-7.253227383E-2,-2.348279953E-2,-1.990763545E-1,2.131754384E-1
2.096840433E1,-4.851295054E-2,-3.739834577E-2,-1.488430202E-1,1.609546125E-1
2.097842033E1,-1.904192753E-2,-3.450823948E-2,-1.469902694E-1,1.521826301E-1
2.098843633E1,1.262012636E-3,-7.912581787E-3,-1.886498332E-1,1.888199174E-1
2.099845233E1,3.635409474E-2,-6.838375703E-4,-2.254365534E-1,2.283500108E-1
2.100846833E1,5.833262950E-2,-4.102803767E-3,-2.455210388E-1,2.523888055E-1
2.101848433E1,4.762739316E-2,7.351860404E-3,-2.437739819E-1,2.484917960E-1
2.102850033E1,2.471941337E-2,2.755539864E-2,-2.332741916E-1,2.361931368E-1
2.103851633E1,1.953330450E-2,1.108893193E-2,-2.131948024E-1,2.143747610E-1
2.104853233E1,3.175241873E-2,-2.523898147E-2,-1.566774547E-1,1.618426615E-1
2.105854846E1,2.492273413E-2,-3.603968024E-2,-6.889331341E-2,8.164735060E-2
2.106856346E1,1.543442626E-2,4.472326487E-3,5.830197129E-3,1.709428023E-2
2.107857946E1,9.582108818E-3,5.274426565E-2,3.131811693E-2,6.208541549E-2
2.108859546E1,6.636918522E-3,7.668554783E-2,2.612968907E-3,7.701655367E-2
2.109861146E1,1.431131735E-2,6.954699010E-2,-5.370881036E-2,8.902939934E-2
2.110862746E1,1.930740848E-2,4.647895694E-2,-1.084780470E-1,1.195849327E-1
2.111864346E1,3.717795247E-3,3.099241108E-2,-1.574514508E-1,1.605157653E-1
2.112865946E1,-2.247485681E-4,2.452359349E-2,-2.069686800E-1,2.084166300E-1
2.113867546E1,1.502976846E-2,2.141095325E-2,-2.583481073E-1,2.596691499E-1
2.114869146E1,4.301612824E-2,-5.200415850E-3,-2.849216759E-1,2.881974896E-1
2.115870746E1,8.053215593E-2,-3.627532348E-2,-2.834088206E-1,2.968533086E-1
2.116872346E1,1.222508401E-1,-7.926326990E-2,-2.596835196E-1,2.977641083E-1
2.117873946E1,1.590924710E-1,-1.366660893E-1,-1.968846321E-1,2.876657655E-1
2.118875546E1,1.358247101E-1,-1.562142223E-1,-1.091750190E-1,2.340308097E-1
2.119877146E1,1.010162160E-1,-9.543246776E-2,-4.103158414E-2,1.448972832E-1
2.120878746E1,7.205407321E-2,-2.283336595E-2,-5.020055454E-3,7.575191763E-2
2.121880346E1,4.305002093E-2,3.167631105E-2,3.486834932E-3,5.356165608E-2
2.122881946E1,2.140757628E-2,5.459041148E-2,1.745671220E-2,6.118115845E-2
2.123883546E1,6.724964362E-3,4.809450358E-2,2.521296963E-2,5.471745844E-2
2.124885146E1,2.505536540E-4,-1.418058574E-2,1.208145358E-2,1.863097715E-2
2.125886746E1,-2.558671124E-2,7.483505644E-3,-2.500882186E-2,3.655302750E-2
2.126888346E1,-5.876809731E-2,2.637303993E-2,-5.269584432E-2,8.322306475E-2
2.127889946E1,-1.137887463E-1,6.379892118E-3,-5.487590656E-2,1.264908966E-1
2.128891546E1,-1.523435861E-1,-1.518904977E-2,-4.370767623E-2,1.592156915E-1
2.129893146E1,-1.596345752E-1,-5.332813412E-2,-5.145351216E-2,1.759958847E-1
2.130894746E1,-1.590231210E-1,-9.945115447E-2,-7.719562203E-2,2.028251690E-1
2.131896346E1,-1.570339203E-1,-9.446045756E-2,-1.106756479E-1,2.140829960E-1
2.132897946E1,-1.315932870E-1,-6.226231158E-2,-1.532436162E-1,2.113693321E-1
2.133899546E1,-7.961548120E-2,-4.666746408E-2,-1.861705035E-1,2.077881937E-1
2.134901146E1,-1.176266558E-2,-6.802894175E-2,-1.699191034E-1,1.834088300E-1
2.135902746E1,6.223362312E-2,-1.126068905E-1,-1.079395637E-1,1.679413143E-1
2.136904346E1,8.328138292E-2,-1.110643819E-1,-4.452703893E-2,1.457866347E-1
2.137905946E1,5.884160101E-2,-5.787871033E-2,7.978549693E-4,8.254038825E-2
2.138907546E1,1.669548079E-2,5.499998108E-3,3.535822779E-2,3.948662217E-2
2.139909146E1,-2.878332138E-2,7.174453139E-2,7.988867909E-2,1.111663547E-1
2.140910746E1,-2.587488294E-2,1.145833358E-1,1.311254948E-1,1.760475669E-1
2.141912346E1,-1.142036356E-2,1.310944706E-1,1.787960678E-1,2.220004928E-1
2.142913946E1,7.172495592E-3,1.479568034E-1,2.023535967E-1,2.507780662E-1
2.143915546E1,2.918663248E-2,1.637920439E-1,1.930247545E-1,2.548298433E-1
2.144917146E1,3.608848155E-2,1.589618623E-1,1.478341073E-1,2.200594816E-1
2.145918746E1,4.578707367E-2,1.337143779E-1,9.689111263E-2,1.713589177E-1
2.146920246E1,6.538554281E-2,8.947315812E-2,4.828283191E-2,1.208798870E-1
2.147921846E1,5.354048684E-2,-9.824285284E-3,3.959833831E-2,6.731365916E-2
2.148923446E1,4.659043252E-2,-3.709771857E-2,2.829375304E-2,6.593516199E-2
2.149925046E1,1.481649233E-3,6.523703225E-3,-1.216960512E-2,1.388716231E-2
2.150926646E1,-3.586732224E-2,1.512811054E-2,-3.575376421E-2,5.285504884E-2
2.151928246E1,-5.353486538E-2,-2.022575773E-2,-5.298687518E-2,7.799148689E-2
2.152929846E1,-8.669921011E-2,-6.568644941E-2,-5.405933037E-2,1.214655254E-1
2.153931446E1,-9.265791625E-2,-9.549053013E-2,-3.643753380E-2,1.379551545E-1
2.154933046E1,-8.226626366E-2,-1.015124768E-1,-1.712908596E-2,1.317798417E-1
2.155934646E1,-6.305811554E-2,-1.100480258E-1,-8.599041030E-5,1.268341489E-1
2.156936246E1,-3.164959326E-2,-6.342458725E-2,1.051152684E-2,7.165798782E-2
2.157937846E1,-3.590371087E-2,2.601020411E-2,-5.922704469E-3,4.472902414E-2
2.158939446E1,-3.517160937E-2,4.841298610E-2,-1.484189741E-2,6.165339608E-2
2.159941046E1,-6.787492335E-2,8.884771913E-2,-5.960095301E-2,1.267012076E-1
2.160942646E1,-8.607683331E-2,1.129663736E-1,-9.908684343E-2,1.731728193E-1
2.161944246E1,-5.836479366E-2,6.140677631E-2,-7.681230456E-2,1.143563354E-1
2.162945846E1,9.544552304E-4,-3.996777907E-2,6.139040925E-3,4.044777092E-2
2.163947446E1,6.047395617E-2,-1.023432687E-1,5.596904829E-2,1.313916983E-1
2.164949046E1,1.980669051E-2,-8.861707151E-2,5.411069468E-2,1.057036311E-1
2.165950646E1,-6.705936790E-2,-1.773475669E-2,3.756053373E-2,7.888139268E-2
2.166952346E1,-9.385449439E-2,-6.751880981E-3,-4.647107329E-3,9.421172762E-2
2.167953946E1,-1.308480799E-1,-2.114611119E-2,-4.739598371E-3,1.326304710E-1
2.168955546E1,-1.535035968E-1,-1.814792491E-2,1.394753717E-2,1.552006289E-1
2.169957146E1,-1.393294036E-1,-5.565437302E-2,3.209050745E-2,1.534271574E-1
2.170958746E1,-1.203168258E-1,-8.811856806E-2,3.674012423E-2,1.535931552E-1
2.171960346E1,-1.940425634E-1,1.104952991E-1,8.798190393E-3,2.234706596E-1
2.172961946E1,-3.550485522E-2,6.625778973E-2,-1.128310990E-2,7.601314368E-2
2.173963546E1,2.832366899E-2,-4.163644835E-2,-5.360114202E-2,7.354526825E-2
2.174965146E1,1.045481339E-1,-9.299417585E-2,-5.360779911E-2,1.498399986E-1
2.175966746E1,1.607321203E-1,-7.622861862E-2,1.882398129E-2,1.788853238E-1
2.176968346E1,2.001719475E-1,-1.783188619E-2,1.054933667E-1,2.269705601E-1
2.177969946E1,2.290967107E-1,1.023234427E-2,1.207175404E-1,2.591577286E-1
2.178971546E1,1.724677831E-1,4.132794589E-2,1.034860760E-1,2.053350999E-1
2.179973146E1,8.956568688E-2,7.511999458E-2,1.040277854E-1,1.564826060E-1
2.180974746E1,8.601859212E-3,-5.127703771E-3,8.400826901E-2,8.460304126E-2